id,name,layer,framework,language
class_0,OrderManagerClass_0,Domain,,csharp
class_1,OrderManagerClass_1,Domain,,csharp
class_2,OrderManagerClass_2,Domain,,csharp
class_3,OrderManagerClass_3,Domain,,csharp
class_4,OrderManagerClass_4,Domain,,csharp
class_5,OrderManagerClass_5,Domain,,csharp
class_6,OrderManagerClass_6,Domain,,csharp
class_7,OrderManagerClass_7,Domain,,csharp
class_8,OrderManagerClass_8,Domain,,csharp
class_9,OrderManagerClass_9,Domain,,csharp
class_10,OrderManagerClass_10,Domain,,csharp
class_11,OrderManagerClass_11,Domain,,csharp
class_12,OrderManagerClass_12,Domain,,csharp
class_13,OrderManagerClass_13,Domain,,csharp
class_14,OrderManagerClass_14,Domain,,csharp
class_15,OrderManagerClass_15,Domain,,csharp
class_16,OrderManagerClass_16,Domain,,csharp
class_17,OrderManagerClass_17,Domain,,csharp
class_18,OrderManagerClass_18,Domain,,csharp
class_19,OrderManagerClass_19,Domain,,csharp
class_20,OrderManagerClass_20,Domain,,csharp
class_21,OrderManagerClass_21,Domain,,csharp
class_22,OrderManagerClass_22,Domain,,csharp
class_23,OrderManagerClass_23,Domain,,csharp
class_24,OrderManagerClass_24,Domain,,csharp
class_25,OrderManagerClass_25,Domain,,csharp
class_26,OrderManagerClass_26,Domain,,csharp
class_27,OrderManagerClass_27,Domain,,csharp
class_28,OrderManagerClass_28,Domain,,csharp
class_29,OrderManagerClass_29,Domain,,csharp
class_30,OrderManagerClass_30,Domain,,csharp
class_31,OrderManagerClass_31,Domain,,csharp
class_32,OrderManagerClass_32,Domain,,csharp
class_33,OrderManagerClass_33,Domain,,csharp
class_34,OrderManagerClass_34,Domain,,csharp
class_35,OrderManagerClass_35,Domain,,csharp
class_36,OrderManagerClass_36,Domain,,csharp
class_37,OrderManagerClass_37,Domain,,csharp
class_38,OrderManagerClass_38,Domain,,csharp
class_39,OrderManagerClass_39,Domain,,csharp
class_40,OrderManagerClass_40,Domain,,csharp
class_41,OrderManagerClass_41,Domain,,csharp
class_42,OrderManagerClass_42,Domain,,csharp
class_43,OrderManagerClass_43,Domain,,csharp
class_44,OrderManagerClass_44,Domain,,csharp
class_45,OrderManagerClass_45,Domain,,csharp
class_46,OrderManagerClass_46,Domain,,csharp
class_47,OrderManagerClass_47,Domain,,csharp
class_48,OrderManagerClass_48,Domain,,csharp
class_49,OrderManagerClass_49,Domain,,csharp
class_50,OrderManagerClass_50,Domain,,csharp
class_51,OrderManagerClass_51,Domain,,csharp
class_52,OrderManagerClass_52,Domain,,csharp
class_53,OrderManagerClass_53,Domain,,csharp
class_54,OrderManagerClass_54,Domain,,csharp
class_55,OrderManagerClass_55,Domain,,csharp
class_56,OrderManagerClass_56,Domain,,csharp
class_57,OrderManagerClass_57,Domain,,csharp
class_58,OrderManagerClass_58,Domain,,csharp
class_59,OrderManagerClass_59,Domain,,csharp
class_60,OrderManagerClass_60,Domain,,csharp
class_61,OrderManagerClass_61,Domain,,csharp
class_62,OrderManagerClass_62,Domain,,csharp
class_63,OrderManagerClass_63,Domain,,csharp
class_64,OrderManagerClass_64,Domain,,csharp
class_65,OrderManagerClass_65,Domain,,csharp
class_66,OrderManagerClass_66,Domain,,csharp
class_67,OrderManagerClass_67,Domain,,csharp
class_68,OrderManagerClass_68,Domain,,csharp
class_69,OrderManagerClass_69,Domain,,csharp
class_70,OrderManagerClass_70,Domain,,csharp
class_71,OrderManagerClass_71,Domain,,csharp
class_72,OrderManagerClass_72,Domain,,csharp
class_73,OrderManagerClass_73,Domain,,csharp
class_74,OrderManagerClass_74,Domain,,csharp
class_75,OrderManagerClass_75,Domain,,csharp
class_76,OrderManagerClass_76,Domain,,csharp
class_77,OrderManagerClass_77,Domain,,csharp
class_78,OrderManagerClass_78,Domain,,csharp
class_79,OrderManagerClass_79,Domain,,csharp
class_80,OrderManagerClass_80,Domain,,csharp
class_81,OrderManagerClass_81,Domain,,csharp
class_82,OrderManagerClass_82,Domain,,csharp
class_83,OrderManagerClass_83,Domain,,csharp
class_84,OrderManagerClass_84,Domain,,csharp
class_85,OrderManagerClass_85,Domain,,csharp
class_86,OrderManagerClass_86,Domain,,csharp
class_87,OrderManagerClass_87,Domain,,csharp
class_88,OrderManagerClass_88,Domain,,csharp
class_89,OrderManagerClass_89,Domain,,csharp
class_90,OrderManagerClass_90,Domain,,csharp
class_91,OrderManagerClass_91,Domain,,csharp
class_92,OrderManagerClass_92,Domain,,csharp
class_93,OrderManagerClass_93,Domain,,csharp
class_94,OrderManagerClass_94,Domain,,csharp
class_95,OrderManagerClass_95,Domain,,csharp
class_96,OrderManagerClass_96,Domain,,csharp
class_97,OrderManagerClass_97,Domain,,csharp
class_98,OrderManagerClass_98,Domain,,csharp
class_99,OrderManagerClass_99,Domain,,csharp
class_100,OrderManagerClass_100,Domain,,csharp
class_101,OrderManagerClass_101,Domain,,csharp
class_102,OrderManagerClass_102,Domain,,csharp
class_103,OrderManagerClass_103,Domain,,csharp
class_104,OrderManagerClass_104,Domain,,csharp
class_105,OrderManagerClass_105,Domain,,csharp
class_106,OrderManagerClass_106,Domain,,csharp
class_107,OrderManagerClass_107,Domain,,csharp
class_108,OrderManagerClass_108,Domain,,csharp
class_109,OrderManagerClass_109,Domain,,csharp
class_110,OrderManagerClass_110,Domain,,csharp
class_111,OrderManagerClass_111,Domain,,csharp
class_112,OrderManagerClass_112,Domain,,csharp
class_113,OrderManagerClass_113,Domain,,csharp
class_114,OrderManagerClass_114,Domain,,csharp
class_115,OrderManagerClass_115,Domain,,csharp
class_116,OrderManagerClass_116,Domain,,csharp
class_117,OrderManagerClass_117,Domain,,csharp
class_118,OrderManagerClass_118,Domain,,csharp
class_119,OrderManagerClass_119,Domain,,csharp
class_120,OrderManagerClass_120,Domain,,csharp
class_121,OrderManagerClass_121,Domain,,csharp
class_122,OrderManagerClass_122,Domain,,csharp
class_123,OrderManagerClass_123,Domain,,csharp
class_124,OrderManagerClass_124,Domain,,csharp
class_125,OrderManagerClass_125,Domain,,csharp
class_126,OrderManagerClass_126,Domain,,csharp
class_127,OrderManagerClass_127,Domain,,csharp
class_128,OrderManagerClass_128,Domain,,csharp
class_129,OrderManagerClass_129,Domain,,csharp
class_130,OrderManagerClass_130,Domain,,csharp
class_131,OrderManagerClass_131,Domain,,csharp
class_132,OrderManagerClass_132,Domain,,csharp
class_133,OrderManagerClass_133,Domain,,csharp
class_134,OrderManagerClass_134,Domain,,csharp
class_135,OrderManagerClass_135,Domain,,csharp
class_136,OrderManagerClass_136,Domain,,csharp
class_137,OrderManagerClass_137,Domain,,csharp
class_138,OrderManagerClass_138,Domain,,csharp
class_139,OrderManagerClass_139,Domain,,csharp
class_140,OrderManagerClass_140,Domain,,csharp
class_141,OrderManagerClass_141,Domain,,csharp
class_142,OrderManagerClass_142,Domain,,csharp
class_143,OrderManagerClass_143,Domain,,csharp
class_144,OrderManagerClass_144,Domain,,csharp
class_145,OrderManagerClass_145,Domain,,csharp
class_146,OrderManagerClass_146,Domain,,csharp
class_147,OrderManagerClass_147,Domain,,csharp
class_148,OrderManagerClass_148,Domain,,csharp
class_149,OrderManagerClass_149,Domain,,csharp
class_150,OrderManagerClass_150,Domain,,csharp
class_151,OrderManagerClass_151,Domain,,csharp
class_152,OrderManagerClass_152,Domain,,csharp
class_153,OrderManagerClass_153,Domain,,csharp
class_154,OrderManagerClass_154,Domain,,csharp
class_155,OrderManagerClass_155,Domain,,csharp
class_156,OrderManagerClass_156,Domain,,csharp
class_157,OrderManagerClass_157,Domain,,csharp
class_158,OrderManagerClass_158,Domain,,csharp
class_159,OrderManagerClass_159,Domain,,csharp
class_160,OrderManagerClass_160,Domain,,csharp
class_161,OrderManagerClass_161,Domain,,csharp
class_162,OrderManagerClass_162,Domain,,csharp
class_163,OrderManagerClass_163,Domain,,csharp
class_164,OrderManagerClass_164,Domain,,csharp
class_165,OrderManagerClass_165,Domain,,csharp
class_166,OrderManagerClass_166,Domain,,csharp
class_167,OrderManagerClass_167,Domain,,csharp
class_168,OrderManagerClass_168,Domain,,csharp
class_169,OrderManagerClass_169,Domain,,csharp
class_170,OrderManagerClass_170,Domain,,csharp
class_171,OrderManagerClass_171,Domain,,csharp
class_172,OrderManagerClass_172,Domain,,csharp
class_173,OrderManagerClass_173,Domain,,csharp
class_174,OrderManagerClass_174,Domain,,csharp
class_175,OrderManagerClass_175,Domain,,csharp
class_176,OrderManagerClass_176,Domain,,csharp
class_177,OrderManagerClass_177,Domain,,csharp
class_178,OrderManagerClass_178,Domain,,csharp
class_179,OrderManagerClass_179,Domain,,csharp
class_180,OrderManagerClass_180,Domain,,csharp
class_181,OrderManagerClass_181,Domain,,csharp
class_182,OrderManagerClass_182,Domain,,csharp
class_183,OrderManagerClass_183,Domain,,csharp
class_184,OrderManagerClass_184,Domain,,csharp
class_185,OrderManagerClass_185,Domain,,csharp
class_186,OrderManagerClass_186,Domain,,csharp
class_187,OrderManagerClass_187,Domain,,csharp
class_188,OrderManagerClass_188,Domain,,csharp
class_189,OrderManagerClass_189,Domain,,csharp
class_190,OrderManagerClass_190,Domain,,csharp
class_191,OrderManagerClass_191,Domain,,csharp
class_192,OrderManagerClass_192,Domain,,csharp
class_193,OrderManagerClass_193,Domain,,csharp
class_194,OrderManagerClass_194,Domain,,csharp
class_195,OrderManagerClass_195,Domain,,csharp
class_196,OrderManagerClass_196,Domain,,csharp
class_197,OrderManagerClass_197,Domain,,csharp
class_198,OrderManagerClass_198,Domain,,csharp
class_199,OrderManagerClass_199,Domain,,csharp
class_200,OrderManagerClass_200,Domain,,csharp
class_201,OrderManagerClass_201,Domain,,csharp
class_202,OrderManagerClass_202,Domain,,csharp
class_203,OrderManagerClass_203,Domain,,csharp
class_204,OrderManagerClass_204,Domain,,csharp
class_205,OrderManagerClass_205,Domain,,csharp
class_206,OrderManagerClass_206,Domain,,csharp
class_207,OrderManagerClass_207,Domain,,csharp
class_208,OrderManagerClass_208,Domain,,csharp
class_209,OrderManagerClass_209,Domain,,csharp
class_210,OrderManagerClass_210,Domain,,csharp
class_211,OrderManagerClass_211,Domain,,csharp
class_212,OrderManagerClass_212,Domain,,csharp
class_213,OrderManagerClass_213,Domain,,csharp
class_214,OrderManagerClass_214,Domain,,csharp
class_215,OrderManagerClass_215,Domain,,csharp
class_216,OrderManagerClass_216,Domain,,csharp
class_217,OrderManagerClass_217,Domain,,csharp
class_218,OrderManagerClass_218,Domain,,csharp
class_219,OrderManagerClass_219,Domain,,csharp
class_220,OrderManagerClass_220,Domain,,csharp
class_221,OrderManagerClass_221,Domain,,csharp
class_222,OrderManagerClass_222,Domain,,csharp
class_223,OrderManagerClass_223,Domain,,csharp
class_224,OrderManagerClass_224,Domain,,csharp
class_225,OrderManagerClass_225,Domain,,csharp
class_226,OrderManagerClass_226,Domain,,csharp
class_227,OrderManagerClass_227,Domain,,csharp
class_228,OrderManagerClass_228,Domain,,csharp
class_229,OrderManagerClass_229,Domain,,csharp
class_230,OrderManagerClass_230,Domain,,csharp
class_231,OrderManagerClass_231,Domain,,csharp
class_232,OrderManagerClass_232,Domain,,csharp
class_233,OrderManagerClass_233,Domain,,csharp
class_234,OrderManagerClass_234,Domain,,csharp
class_235,OrderManagerClass_235,Domain,,csharp
class_236,OrderManagerClass_236,Domain,,csharp
class_237,OrderManagerClass_237,Domain,,csharp
class_238,OrderManagerClass_238,Domain,,csharp
class_239,OrderManagerClass_239,Domain,,csharp
class_240,OrderManagerClass_240,Domain,,csharp
class_241,OrderManagerClass_241,Domain,,csharp
class_242,OrderManagerClass_242,Domain,,csharp
class_243,OrderManagerClass_243,Domain,,csharp
class_244,OrderManagerClass_244,Domain,,csharp
class_245,OrderManagerClass_245,Domain,,csharp
class_246,OrderManagerClass_246,Domain,,csharp
class_247,OrderManagerClass_247,Domain,,csharp
class_248,OrderManagerClass_248,Domain,,csharp
class_249,OrderManagerClass_249,Domain,,csharp
class_250,OrderManagerClass_250,Domain,,csharp
class_251,OrderManagerClass_251,Domain,,csharp
class_252,OrderManagerClass_252,Domain,,csharp
class_253,OrderManagerClass_253,Domain,,csharp
class_254,OrderManagerClass_254,Domain,,csharp
class_255,OrderManagerClass_255,Domain,,csharp
class_256,OrderManagerClass_256,Domain,,csharp
class_257,OrderManagerClass_257,Domain,,csharp
class_258,OrderManagerClass_258,Domain,,csharp
class_259,OrderManagerClass_259,Domain,,csharp
class_260,OrderManagerClass_260,Domain,,csharp
class_261,OrderManagerClass_261,Domain,,csharp
class_262,OrderManagerClass_262,Domain,,csharp
class_263,OrderManagerClass_263,Domain,,csharp
class_264,OrderManagerClass_264,Domain,,csharp
class_265,OrderManagerClass_265,Domain,,csharp
class_266,OrderManagerClass_266,Domain,,csharp
class_267,OrderManagerClass_267,Domain,,csharp
class_268,OrderManagerClass_268,Domain,,csharp
class_269,OrderManagerClass_269,Domain,,csharp
class_270,OrderManagerClass_270,Domain,,csharp
class_271,OrderManagerClass_271,Domain,,csharp
class_272,OrderManagerClass_272,Domain,,csharp
class_273,OrderManagerClass_273,Domain,,csharp
class_274,OrderManagerClass_274,Domain,,csharp
class_275,OrderManagerClass_275,Domain,,csharp
class_276,OrderManagerClass_276,Domain,,csharp
class_277,OrderManagerClass_277,Domain,,csharp
class_278,OrderManagerClass_278,Domain,,csharp
class_279,OrderManagerClass_279,Domain,,csharp
class_280,OrderManagerClass_280,Domain,,csharp
class_281,OrderManagerClass_281,Domain,,csharp
class_282,OrderManagerClass_282,Domain,,csharp
class_283,OrderManagerClass_283,Domain,,csharp
class_284,OrderManagerClass_284,Domain,,csharp
class_285,OrderManagerClass_285,Domain,,csharp
class_286,OrderManagerClass_286,Domain,,csharp
class_287,OrderManagerClass_287,Domain,,csharp
class_288,OrderManagerClass_288,Domain,,csharp
class_289,OrderManagerClass_289,Domain,,csharp
class_290,OrderManagerClass_290,Domain,,csharp
class_291,OrderManagerClass_291,Domain,,csharp
class_292,OrderManagerClass_292,Domain,,csharp
class_293,OrderManagerClass_293,Domain,,csharp
class_294,OrderManagerClass_294,Domain,,csharp
class_295,OrderManagerClass_295,Domain,,csharp
class_296,OrderManagerClass_296,Domain,,csharp
class_297,OrderManagerClass_297,Domain,,csharp
class_298,OrderManagerClass_298,Domain,,csharp
class_299,OrderManagerClass_299,Domain,,csharp
class_300,OrderManagerClass_300,Domain,,csharp
class_301,OrderManagerClass_301,Domain,,csharp
class_302,OrderManagerClass_302,Domain,,csharp
class_303,OrderManagerClass_303,Domain,,csharp
class_304,OrderManagerClass_304,Domain,,csharp
class_305,OrderManagerClass_305,Domain,,csharp
class_306,OrderManagerClass_306,Domain,,csharp
class_307,OrderManagerClass_307,Domain,,csharp
class_308,OrderManagerClass_308,Domain,,csharp
class_309,OrderManagerClass_309,Domain,,csharp
class_310,OrderManagerClass_310,Domain,,csharp
class_311,OrderManagerClass_311,Domain,,csharp
class_312,OrderManagerClass_312,Domain,,csharp
class_313,OrderManagerClass_313,Domain,,csharp
class_314,OrderManagerClass_314,Domain,,csharp
class_315,OrderManagerClass_315,Domain,,csharp
class_316,OrderManagerClass_316,Domain,,csharp
class_317,OrderManagerClass_317,Domain,,csharp
class_318,OrderManagerClass_318,Domain,,csharp
class_319,OrderManagerClass_319,Domain,,csharp
class_320,OrderManagerClass_320,Domain,,csharp
class_321,OrderManagerClass_321,Domain,,csharp
class_322,OrderManagerClass_322,Domain,,csharp
class_323,OrderManagerClass_323,Domain,,csharp
class_324,OrderManagerClass_324,Domain,,csharp
class_325,OrderManagerClass_325,Domain,,csharp
class_326,OrderManagerClass_326,Domain,,csharp
class_327,OrderManagerClass_327,Domain,,csharp
class_328,OrderManagerClass_328,Domain,,csharp
class_329,OrderManagerClass_329,Domain,,csharp
class_330,OrderManagerClass_330,Domain,,csharp
class_331,OrderManagerClass_331,Domain,,csharp
class_332,OrderManagerClass_332,Domain,,csharp
class_333,OrderManagerClass_333,Domain,,csharp
class_334,OrderManagerClass_334,Domain,,csharp
class_335,OrderManagerClass_335,Domain,,csharp
class_336,OrderManagerClass_336,Domain,,csharp
class_337,OrderManagerClass_337,Domain,,csharp
class_338,OrderManagerClass_338,Domain,,csharp
class_339,OrderManagerClass_339,Domain,,csharp
class_340,OrderManagerClass_340,Domain,,csharp
class_341,OrderManagerClass_341,Domain,,csharp
class_342,OrderManagerClass_342,Domain,,csharp
class_343,OrderManagerClass_343,Domain,,csharp
class_344,OrderManagerClass_344,Domain,,csharp
class_345,OrderManagerClass_345,Domain,,csharp
class_346,OrderManagerClass_346,Domain,,csharp
class_347,OrderManagerClass_347,Domain,,csharp
class_348,OrderManagerClass_348,Domain,,csharp
class_349,OrderManagerClass_349,Domain,,csharp
class_350,OrderManagerClass_350,Domain,,csharp
class_351,OrderManagerClass_351,Domain,,csharp
class_352,OrderManagerClass_352,Domain,,csharp
class_353,OrderManagerClass_353,Domain,,csharp
class_354,OrderManagerClass_354,Domain,,csharp
class_355,OrderManagerClass_355,Domain,,csharp
class_356,OrderManagerClass_356,Domain,,csharp
class_357,OrderManagerClass_357,Domain,,csharp
class_358,OrderManagerClass_358,Domain,,csharp
class_359,OrderManagerClass_359,Domain,,csharp
class_360,OrderManagerClass_360,Domain,,csharp
class_361,OrderManagerClass_361,Domain,,csharp
class_362,OrderManagerClass_362,Domain,,csharp
class_363,OrderManagerClass_363,Domain,,csharp
class_364,OrderManagerClass_364,Domain,,csharp
class_365,OrderManagerClass_365,Domain,,csharp
class_366,OrderManagerClass_366,Domain,,csharp
class_367,OrderManagerClass_367,Domain,,csharp
class_368,OrderManagerClass_368,Domain,,csharp
class_369,OrderManagerClass_369,Domain,,csharp
class_370,OrderManagerClass_370,Domain,,csharp
class_371,OrderManagerClass_371,Domain,,csharp
class_372,OrderManagerClass_372,Domain,,csharp
class_373,OrderManagerClass_373,Domain,,csharp
class_374,OrderManagerClass_374,Domain,,csharp
class_375,OrderManagerClass_375,Domain,,csharp
class_376,OrderManagerClass_376,Domain,,csharp
class_377,OrderManagerClass_377,Domain,,csharp
class_378,OrderManagerClass_378,Domain,,csharp
class_379,OrderManagerClass_379,Domain,,csharp
class_380,OrderManagerClass_380,Domain,,csharp
class_381,OrderManagerClass_381,Domain,,csharp
class_382,OrderManagerClass_382,Domain,,csharp
class_383,OrderManagerClass_383,Domain,,csharp
class_384,OrderManagerClass_384,Domain,,csharp
class_385,OrderManagerClass_385,Domain,,csharp
class_386,OrderManagerClass_386,Domain,,csharp
class_387,OrderManagerClass_387,Domain,,csharp
class_388,OrderManagerClass_388,Domain,,csharp
class_389,OrderManagerClass_389,Domain,,csharp
class_390,OrderManagerClass_390,Domain,,csharp
class_391,OrderManagerClass_391,Domain,,csharp
class_392,OrderManagerClass_392,Domain,,csharp
class_393,OrderManagerClass_393,Domain,,csharp
class_394,OrderManagerClass_394,Domain,,csharp
class_395,OrderManagerClass_395,Domain,,csharp
class_396,OrderManagerClass_396,Domain,,csharp
class_397,OrderManagerClass_397,Domain,,csharp
class_398,OrderManagerClass_398,Domain,,csharp
class_399,OrderManagerClass_399,Domain,,csharp
class_400,OrderManagerClass_400,Domain,,csharp
class_401,OrderManagerClass_401,Domain,,csharp
class_402,OrderManagerClass_402,Domain,,csharp
class_403,OrderManagerClass_403,Domain,,csharp
class_404,OrderManagerClass_404,Domain,,csharp
class_405,OrderManagerClass_405,Domain,,csharp
class_406,OrderManagerClass_406,Domain,,csharp
class_407,OrderManagerClass_407,Domain,,csharp
class_408,OrderManagerClass_408,Domain,,csharp
class_409,OrderManagerClass_409,Domain,,csharp
class_410,OrderManagerClass_410,Domain,,csharp
class_411,OrderManagerClass_411,Domain,,csharp
class_412,OrderManagerClass_412,Domain,,csharp
class_413,OrderManagerClass_413,Domain,,csharp
class_414,OrderManagerClass_414,Domain,,csharp
class_415,OrderManagerClass_415,Domain,,csharp
class_416,OrderManagerClass_416,Domain,,csharp
class_417,OrderManagerClass_417,Domain,,csharp
class_418,OrderManagerClass_418,Domain,,csharp
class_419,OrderManagerClass_419,Domain,,csharp
class_420,OrderManagerClass_420,Domain,,csharp
class_421,OrderManagerClass_421,Domain,,csharp
class_422,OrderManagerClass_422,Domain,,csharp
class_423,OrderManagerClass_423,Domain,,csharp
class_424,OrderManagerClass_424,Domain,,csharp
class_425,OrderManagerClass_425,Domain,,csharp
class_426,OrderManagerClass_426,Domain,,csharp
class_427,OrderManagerClass_427,Domain,,csharp
class_428,OrderManagerClass_428,Domain,,csharp
class_429,OrderManagerClass_429,Domain,,csharp
class_430,OrderManagerClass_430,Domain,,csharp
class_431,OrderManagerClass_431,Domain,,csharp
class_432,OrderManagerClass_432,Domain,,csharp
class_433,OrderManagerClass_433,Domain,,csharp
class_434,OrderManagerClass_434,Domain,,csharp
class_435,OrderManagerClass_435,Domain,,csharp
class_436,OrderManagerClass_436,Domain,,csharp
class_437,OrderManagerClass_437,Domain,,csharp
class_438,OrderManagerClass_438,Domain,,csharp
class_439,OrderManagerClass_439,Domain,,csharp
class_440,OrderManagerClass_440,Domain,,csharp
class_441,OrderManagerClass_441,Domain,,csharp
class_442,OrderManagerClass_442,Domain,,csharp
class_443,OrderManagerClass_443,Domain,,csharp
class_444,OrderManagerClass_444,Domain,,csharp
class_445,OrderManagerClass_445,Domain,,csharp
class_446,OrderManagerClass_446,Domain,,csharp
class_447,OrderManagerClass_447,Domain,,csharp
class_448,OrderManagerClass_448,Domain,,csharp
class_449,OrderManagerClass_449,Domain,,csharp
class_450,OrderManagerClass_450,Domain,,csharp
class_451,OrderManagerClass_451,Domain,,csharp
class_452,OrderManagerClass_452,Domain,,csharp
class_453,OrderManagerClass_453,Domain,,csharp
class_454,OrderManagerClass_454,Domain,,csharp
class_455,OrderManagerClass_455,Domain,,csharp
class_456,OrderManagerClass_456,Domain,,csharp
class_457,OrderManagerClass_457,Domain,,csharp
class_458,OrderManagerClass_458,Domain,,csharp
class_459,OrderManagerClass_459,Domain,,csharp
class_460,OrderManagerClass_460,Domain,,csharp
class_461,OrderManagerClass_461,Domain,,csharp
class_462,OrderManagerClass_462,Domain,,csharp
class_463,OrderManagerClass_463,Domain,,csharp
class_464,OrderManagerClass_464,Domain,,csharp
class_465,OrderManagerClass_465,Domain,,csharp
class_466,OrderManagerClass_466,Domain,,csharp
class_467,OrderManagerClass_467,Domain,,csharp
class_468,OrderManagerClass_468,Domain,,csharp
class_469,OrderManagerClass_469,Domain,,csharp
class_470,OrderManagerClass_470,Domain,,csharp
class_471,OrderManagerClass_471,Domain,,csharp
class_472,OrderManagerClass_472,Domain,,csharp
class_473,OrderManagerClass_473,Domain,,csharp
class_474,OrderManagerClass_474,Domain,,csharp
class_475,OrderManagerClass_475,Domain,,csharp
class_476,OrderManagerClass_476,Domain,,csharp
class_477,OrderManagerClass_477,Domain,,csharp
class_478,OrderManagerClass_478,Domain,,csharp
class_479,OrderManagerClass_479,Domain,,csharp
class_480,OrderManagerClass_480,Domain,,csharp
class_481,OrderManagerClass_481,Domain,,csharp
class_482,OrderManagerClass_482,Domain,,csharp
class_483,OrderManagerClass_483,Domain,,csharp
class_484,OrderManagerClass_484,Domain,,csharp
class_485,OrderManagerClass_485,Domain,,csharp
class_486,OrderManagerClass_486,Domain,,csharp
class_487,OrderManagerClass_487,Domain,,csharp
class_488,OrderManagerClass_488,Domain,,csharp
class_489,OrderManagerClass_489,Domain,,csharp
class_490,OrderManagerClass_490,Domain,,csharp
class_491,OrderManagerClass_491,Domain,,csharp
class_492,OrderManagerClass_492,Domain,,csharp
class_493,OrderManagerClass_493,Domain,,csharp
class_494,OrderManagerClass_494,Domain,,csharp
class_495,OrderManagerClass_495,Domain,,csharp
class_496,OrderManagerClass_496,Domain,,csharp
class_497,OrderManagerClass_497,Domain,,csharp
class_498,OrderManagerClass_498,Domain,,csharp
class_499,OrderManagerClass_499,Domain,,csharp
class_500,OrderManagerClass_500,Domain,,csharp
class_501,OrderManagerClass_501,Domain,,csharp
class_502,OrderManagerClass_502,Domain,,csharp
class_503,OrderManagerClass_503,Domain,,csharp
class_504,OrderManagerClass_504,Domain,,csharp
class_505,OrderManagerClass_505,Domain,,csharp
class_506,OrderManagerClass_506,Domain,,csharp
class_507,OrderManagerClass_507,Domain,,csharp
class_508,OrderManagerClass_508,Domain,,csharp
class_509,OrderManagerClass_509,Domain,,csharp
class_510,OrderManagerClass_510,Domain,,csharp
class_511,OrderManagerClass_511,Domain,,csharp
class_512,OrderManagerClass_512,Domain,,csharp
class_513,OrderManagerClass_513,Domain,,csharp
class_514,OrderManagerClass_514,Domain,,csharp
class_515,OrderManagerClass_515,Domain,,csharp
class_516,OrderManagerClass_516,Domain,,csharp
class_517,OrderManagerClass_517,Domain,,csharp
class_518,OrderManagerClass_518,Domain,,csharp
class_519,OrderManagerClass_519,Domain,,csharp
class_520,OrderManagerClass_520,Domain,,csharp
class_521,OrderManagerClass_521,Domain,,csharp
class_522,OrderManagerClass_522,Domain,,csharp
class_523,OrderManagerClass_523,Domain,,csharp
class_524,OrderManagerClass_524,Domain,,csharp
class_525,OrderManagerClass_525,Domain,,csharp
class_526,OrderManagerClass_526,Domain,,csharp
class_527,OrderManagerClass_527,Domain,,csharp
class_528,OrderManagerClass_528,Domain,,csharp
class_529,OrderManagerClass_529,Domain,,csharp
class_530,OrderManagerClass_530,Domain,,csharp
class_531,OrderManagerClass_531,Domain,,csharp
class_532,OrderManagerClass_532,Domain,,csharp
class_533,OrderManagerClass_533,Domain,,csharp
class_534,OrderManagerClass_534,Domain,,csharp
class_535,OrderManagerClass_535,Domain,,csharp
class_536,OrderManagerClass_536,Domain,,csharp
class_537,OrderManagerClass_537,Domain,,csharp
class_538,OrderManagerClass_538,Domain,,csharp
class_539,OrderManagerClass_539,Domain,,csharp
class_540,OrderManagerClass_540,Domain,,csharp
class_541,OrderManagerClass_541,Domain,,csharp
class_542,OrderManagerClass_542,Domain,,csharp
class_543,OrderManagerClass_543,Domain,,csharp
class_544,OrderManagerClass_544,Domain,,csharp
class_545,OrderManagerClass_545,Domain,,csharp
class_546,OrderManagerClass_546,Domain,,csharp
class_547,OrderManagerClass_547,Domain,,csharp
class_548,OrderManagerClass_548,Domain,,csharp
class_549,OrderManagerClass_549,Domain,,csharp
class_550,OrderManagerClass_550,Domain,,csharp
class_551,OrderManagerClass_551,Domain,,csharp
class_552,OrderManagerClass_552,Domain,,csharp
class_553,OrderManagerClass_553,Domain,,csharp
class_554,OrderManagerClass_554,Domain,,csharp
class_555,OrderManagerClass_555,Domain,,csharp
class_556,OrderManagerClass_556,Domain,,csharp
class_557,OrderManagerClass_557,Domain,,csharp
class_558,OrderManagerClass_558,Domain,,csharp
class_559,OrderManagerClass_559,Domain,,csharp
class_560,OrderManagerClass_560,Domain,,csharp
class_561,OrderManagerClass_561,Domain,,csharp
class_562,OrderManagerClass_562,Domain,,csharp
class_563,OrderManagerClass_563,Domain,,csharp
class_564,OrderManagerClass_564,Domain,,csharp
class_565,OrderManagerClass_565,Domain,,csharp
class_566,OrderManagerClass_566,Domain,,csharp
class_567,OrderManagerClass_567,Domain,,csharp
class_568,OrderManagerClass_568,Domain,,csharp
class_569,OrderManagerClass_569,Domain,,csharp
class_570,OrderManagerClass_570,Domain,,csharp
class_571,OrderManagerClass_571,Domain,,csharp
class_572,OrderManagerClass_572,Domain,,csharp
class_573,OrderManagerClass_573,Domain,,csharp
class_574,OrderManagerClass_574,Domain,,csharp
class_575,OrderManagerClass_575,Domain,,csharp
class_576,OrderManagerClass_576,Domain,,csharp
class_577,OrderManagerClass_577,Domain,,csharp
class_578,OrderManagerClass_578,Domain,,csharp
class_579,OrderManagerClass_579,Domain,,csharp
class_580,OrderManagerClass_580,Domain,,csharp
class_581,OrderManagerClass_581,Domain,,csharp
class_582,OrderManagerClass_582,Domain,,csharp
class_583,OrderManagerClass_583,Domain,,csharp
class_584,OrderManagerClass_584,Domain,,csharp
class_585,OrderManagerClass_585,Domain,,csharp
class_586,OrderManagerClass_586,Domain,,csharp
class_587,OrderManagerClass_587,Domain,,csharp
class_588,OrderManagerClass_588,Domain,,csharp
class_589,OrderManagerClass_589,Domain,,csharp
class_590,OrderManagerClass_590,Domain,,csharp
class_591,OrderManagerClass_591,Domain,,csharp
class_592,OrderManagerClass_592,Domain,,csharp
class_593,OrderManagerClass_593,Domain,,csharp
class_594,OrderManagerClass_594,Domain,,csharp
class_595,OrderManagerClass_595,Domain,,csharp
class_596,OrderManagerClass_596,Domain,,csharp
class_597,OrderManagerClass_597,Domain,,csharp
class_598,OrderManagerClass_598,Domain,,csharp
class_599,OrderManagerClass_599,Domain,,csharp
class_600,OrderManagerClass_600,Domain,,csharp
class_601,OrderManagerClass_601,Domain,,csharp
class_602,OrderManagerClass_602,Domain,,csharp
class_603,OrderManagerClass_603,Domain,,csharp
class_604,OrderManagerClass_604,Domain,,csharp
class_605,OrderManagerClass_605,Domain,,csharp
class_606,OrderManagerClass_606,Domain,,csharp
class_607,OrderManagerClass_607,Domain,,csharp
class_608,OrderManagerClass_608,Domain,,csharp
class_609,OrderManagerClass_609,Domain,,csharp
class_610,OrderManagerClass_610,Domain,,csharp
class_611,OrderManagerClass_611,Domain,,csharp
class_612,OrderManagerClass_612,Domain,,csharp
class_613,OrderManagerClass_613,Domain,,csharp
class_614,OrderManagerClass_614,Domain,,csharp
class_615,OrderManagerClass_615,Domain,,csharp
class_616,OrderManagerClass_616,Domain,,csharp
class_617,OrderManagerClass_617,Domain,,csharp
class_618,OrderManagerClass_618,Domain,,csharp
class_619,OrderManagerClass_619,Domain,,csharp
class_620,OrderManagerClass_620,Domain,,csharp
class_621,OrderManagerClass_621,Domain,,csharp
class_622,OrderManagerClass_622,Domain,,csharp
class_623,OrderManagerClass_623,Domain,,csharp
class_624,OrderManagerClass_624,Domain,,csharp
class_625,OrderManagerClass_625,Domain,,csharp
class_626,OrderManagerClass_626,Domain,,csharp
class_627,OrderManagerClass_627,Domain,,csharp
class_628,OrderManagerClass_628,Domain,,csharp
class_629,OrderManagerClass_629,Domain,,csharp
class_630,OrderManagerClass_630,Domain,,csharp
class_631,OrderManagerClass_631,Domain,,csharp
class_632,OrderManagerClass_632,Domain,,csharp
class_633,OrderManagerClass_633,Domain,,csharp
class_634,OrderManagerClass_634,Domain,,csharp
class_635,OrderManagerClass_635,Domain,,csharp
class_636,OrderManagerClass_636,Domain,,csharp
class_637,OrderManagerClass_637,Domain,,csharp
class_638,OrderManagerClass_638,Domain,,csharp
class_639,OrderManagerClass_639,Domain,,csharp
class_640,OrderManagerClass_640,Domain,,csharp
class_641,OrderManagerClass_641,Domain,,csharp
class_642,OrderManagerClass_642,Domain,,csharp
class_643,OrderManagerClass_643,Domain,,csharp
class_644,OrderManagerClass_644,Domain,,csharp
class_645,OrderManagerClass_645,Domain,,csharp
class_646,OrderManagerClass_646,Domain,,csharp
class_647,OrderManagerClass_647,Domain,,csharp
class_648,OrderManagerClass_648,Domain,,csharp
class_649,OrderManagerClass_649,Domain,,csharp
class_650,OrderManagerClass_650,Domain,,csharp
class_651,OrderManagerClass_651,Domain,,csharp
class_652,OrderManagerClass_652,Domain,,csharp
class_653,OrderManagerClass_653,Domain,,csharp
class_654,OrderManagerClass_654,Domain,,csharp
class_655,OrderManagerClass_655,Domain,,csharp
class_656,OrderManagerClass_656,Domain,,csharp
class_657,OrderManagerClass_657,Domain,,csharp
class_658,OrderManagerClass_658,Domain,,csharp
class_659,OrderManagerClass_659,Domain,,csharp
class_660,OrderManagerClass_660,Domain,,csharp
class_661,OrderManagerClass_661,Domain,,csharp
class_662,OrderManagerClass_662,Domain,,csharp
class_663,OrderManagerClass_663,Domain,,csharp
class_664,OrderManagerClass_664,Domain,,csharp
class_665,OrderManagerClass_665,Domain,,csharp
class_666,OrderManagerClass_666,Domain,,csharp
class_667,OrderManagerClass_667,Domain,,csharp
class_668,OrderManagerClass_668,Domain,,csharp
class_669,OrderManagerClass_669,Domain,,csharp
class_670,OrderManagerClass_670,Domain,,csharp
class_671,OrderManagerClass_671,Domain,,csharp
class_672,OrderManagerClass_672,Domain,,csharp
class_673,OrderManagerClass_673,Domain,,csharp
class_674,OrderManagerClass_674,Domain,,csharp
class_675,OrderManagerClass_675,Domain,,csharp
class_676,OrderManagerClass_676,Domain,,csharp
class_677,OrderManagerClass_677,Domain,,csharp
class_678,OrderManagerClass_678,Domain,,csharp
class_679,OrderManagerClass_679,Domain,,csharp
class_680,OrderManagerClass_680,Domain,,csharp
class_681,OrderManagerClass_681,Domain,,csharp
class_682,OrderManagerClass_682,Domain,,csharp
class_683,OrderManagerClass_683,Domain,,csharp
class_684,OrderManagerClass_684,Domain,,csharp
class_685,OrderManagerClass_685,Domain,,csharp
class_686,OrderManagerClass_686,Domain,,csharp
class_687,OrderManagerClass_687,Domain,,csharp
class_688,OrderManagerClass_688,Domain,,csharp
class_689,OrderManagerClass_689,Domain,,csharp
class_690,OrderManagerClass_690,Domain,,csharp
class_691,OrderManagerClass_691,Domain,,csharp
class_692,OrderManagerClass_692,Domain,,csharp
class_693,OrderManagerClass_693,Domain,,csharp
class_694,OrderManagerClass_694,Domain,,csharp
class_695,OrderManagerClass_695,Domain,,csharp
class_696,OrderManagerClass_696,Domain,,csharp
class_697,OrderManagerClass_697,Domain,,csharp
class_698,OrderManagerClass_698,Domain,,csharp
class_699,OrderManagerClass_699,Domain,,csharp
class_700,OrderManagerClass_700,Domain,,csharp
class_701,OrderManagerClass_701,Domain,,csharp
class_702,OrderManagerClass_702,Domain,,csharp
class_703,OrderManagerClass_703,Domain,,csharp
class_704,OrderManagerClass_704,Domain,,csharp
class_705,OrderManagerClass_705,Domain,,csharp
class_706,OrderManagerClass_706,Domain,,csharp
class_707,OrderManagerClass_707,Domain,,csharp
class_708,OrderManagerClass_708,Domain,,csharp
class_709,OrderManagerClass_709,Domain,,csharp
class_710,OrderManagerClass_710,Domain,,csharp
class_711,OrderManagerClass_711,Domain,,csharp
class_712,OrderManagerClass_712,Domain,,csharp
class_713,OrderManagerClass_713,Domain,,csharp
class_714,OrderManagerClass_714,Domain,,csharp
class_715,OrderManagerClass_715,Domain,,csharp
class_716,OrderManagerClass_716,Domain,,csharp
class_717,OrderManagerClass_717,Domain,,csharp
class_718,OrderManagerClass_718,Domain,,csharp
class_719,OrderManagerClass_719,Domain,,csharp
class_720,OrderManagerClass_720,Domain,,csharp
class_721,OrderManagerClass_721,Domain,,csharp
class_722,OrderManagerClass_722,Domain,,csharp
class_723,OrderManagerClass_723,Domain,,csharp
class_724,OrderManagerClass_724,Domain,,csharp
class_725,OrderManagerClass_725,Domain,,csharp
class_726,OrderManagerClass_726,Domain,,csharp
class_727,OrderManagerClass_727,Domain,,csharp
class_728,OrderManagerClass_728,Domain,,csharp
class_729,OrderManagerClass_729,Domain,,csharp
class_730,OrderManagerClass_730,Domain,,csharp
class_731,OrderManagerClass_731,Domain,,csharp
class_732,OrderManagerClass_732,Domain,,csharp
class_733,OrderManagerClass_733,Domain,,csharp
class_734,OrderManagerClass_734,Domain,,csharp
class_735,OrderManagerClass_735,Domain,,csharp
class_736,OrderManagerClass_736,Domain,,csharp
class_737,OrderManagerClass_737,Domain,,csharp
class_738,OrderManagerClass_738,Domain,,csharp
class_739,OrderManagerClass_739,Domain,,csharp
class_740,OrderManagerClass_740,Domain,,csharp
class_741,OrderManagerClass_741,Domain,,csharp
class_742,OrderManagerClass_742,Domain,,csharp
class_743,OrderManagerClass_743,Domain,,csharp
class_744,OrderManagerClass_744,Domain,,csharp
class_745,OrderManagerClass_745,Domain,,csharp
class_746,OrderManagerClass_746,Domain,,csharp
class_747,OrderManagerClass_747,Domain,,csharp
class_748,OrderManagerClass_748,Domain,,csharp
class_749,OrderManagerClass_749,Domain,,csharp
class_750,OrderManagerClass_750,Domain,,csharp
class_751,OrderManagerClass_751,Domain,,csharp
class_752,OrderManagerClass_752,Domain,,csharp
class_753,OrderManagerClass_753,Domain,,csharp
class_754,OrderManagerClass_754,Domain,,csharp
class_755,OrderManagerClass_755,Domain,,csharp
class_756,OrderManagerClass_756,Domain,,csharp
class_757,OrderManagerClass_757,Domain,,csharp
class_758,OrderManagerClass_758,Domain,,csharp
class_759,OrderManagerClass_759,Domain,,csharp
class_760,OrderManagerClass_760,Domain,,csharp
class_761,OrderManagerClass_761,Domain,,csharp
class_762,OrderManagerClass_762,Domain,,csharp
class_763,OrderManagerClass_763,Domain,,csharp
class_764,OrderManagerClass_764,Domain,,csharp
class_765,OrderManagerClass_765,Domain,,csharp
class_766,OrderManagerClass_766,Domain,,csharp
class_767,OrderManagerClass_767,Domain,,csharp
class_768,OrderManagerClass_768,Domain,,csharp
class_769,OrderManagerClass_769,Domain,,csharp
class_770,OrderManagerClass_770,Domain,,csharp
class_771,OrderManagerClass_771,Domain,,csharp
class_772,OrderManagerClass_772,Domain,,csharp
class_773,OrderManagerClass_773,Domain,,csharp
class_774,OrderManagerClass_774,Domain,,csharp
class_775,OrderManagerClass_775,Domain,,csharp
class_776,OrderManagerClass_776,Domain,,csharp
class_777,OrderManagerClass_777,Domain,,csharp
class_778,OrderManagerClass_778,Domain,,csharp
class_779,OrderManagerClass_779,Domain,,csharp
class_780,OrderManagerClass_780,Domain,,csharp
class_781,OrderManagerClass_781,Domain,,csharp
class_782,OrderManagerClass_782,Domain,,csharp
class_783,OrderManagerClass_783,Domain,,csharp
class_784,OrderManagerClass_784,Domain,,csharp
class_785,OrderManagerClass_785,Domain,,csharp
class_786,OrderManagerClass_786,Domain,,csharp
class_787,OrderManagerClass_787,Domain,,csharp
class_788,OrderManagerClass_788,Domain,,csharp
class_789,OrderManagerClass_789,Domain,,csharp
class_790,OrderManagerClass_790,Domain,,csharp
class_791,OrderManagerClass_791,Domain,,csharp
class_792,OrderManagerClass_792,Domain,,csharp
class_793,OrderManagerClass_793,Domain,,csharp
class_794,OrderManagerClass_794,Domain,,csharp
class_795,OrderManagerClass_795,Domain,,csharp
class_796,OrderManagerClass_796,Domain,,csharp
class_797,OrderManagerClass_797,Domain,,csharp
class_798,OrderManagerClass_798,Domain,,csharp
class_799,OrderManagerClass_799,Domain,,csharp
class_800,OrderManagerClass_800,Domain,,csharp
class_801,OrderManagerClass_801,Domain,,csharp
class_802,OrderManagerClass_802,Domain,,csharp
class_803,OrderManagerClass_803,Domain,,csharp
class_804,OrderManagerClass_804,Domain,,csharp
class_805,OrderManagerClass_805,Domain,,csharp
class_806,OrderManagerClass_806,Domain,,csharp
class_807,OrderManagerClass_807,Domain,,csharp
class_808,OrderManagerClass_808,Domain,,csharp
class_809,OrderManagerClass_809,Domain,,csharp
class_810,OrderManagerClass_810,Domain,,csharp
class_811,OrderManagerClass_811,Domain,,csharp
class_812,OrderManagerClass_812,Domain,,csharp
class_813,OrderManagerClass_813,Domain,,csharp
class_814,OrderManagerClass_814,Domain,,csharp
class_815,OrderManagerClass_815,Domain,,csharp
class_816,OrderManagerClass_816,Domain,,csharp
class_817,OrderManagerClass_817,Domain,,csharp
class_818,OrderManagerClass_818,Domain,,csharp
class_819,OrderManagerClass_819,Domain,,csharp
class_820,OrderManagerClass_820,Domain,,csharp
class_821,OrderManagerClass_821,Domain,,csharp
class_822,OrderManagerClass_822,Domain,,csharp
class_823,OrderManagerClass_823,Domain,,csharp
class_824,OrderManagerClass_824,Domain,,csharp
class_825,OrderManagerClass_825,Domain,,csharp
class_826,OrderManagerClass_826,Domain,,csharp
class_827,OrderManagerClass_827,Domain,,csharp
class_828,OrderManagerClass_828,Domain,,csharp
class_829,OrderManagerClass_829,Domain,,csharp
class_830,OrderManagerClass_830,Domain,,csharp
class_831,OrderManagerClass_831,Domain,,csharp
class_832,OrderManagerClass_832,Domain,,csharp
class_833,OrderManagerClass_833,Domain,,csharp
class_834,OrderManagerClass_834,Domain,,csharp
class_835,OrderManagerClass_835,Domain,,csharp
class_836,OrderManagerClass_836,Domain,,csharp
class_837,OrderManagerClass_837,Domain,,csharp
class_838,OrderManagerClass_838,Domain,,csharp
class_839,OrderManagerClass_839,Domain,,csharp
class_840,OrderManagerClass_840,Domain,,csharp
class_841,OrderManagerClass_841,Domain,,csharp
class_842,OrderManagerClass_842,Domain,,csharp
class_843,OrderManagerClass_843,Domain,,csharp
class_844,OrderManagerClass_844,Domain,,csharp
class_845,OrderManagerClass_845,Domain,,csharp
class_846,OrderManagerClass_846,Domain,,csharp
class_847,OrderManagerClass_847,Domain,,csharp
class_848,OrderManagerClass_848,Domain,,csharp
class_849,OrderManagerClass_849,Domain,,csharp
class_850,OrderManagerClass_850,Domain,,csharp
class_851,OrderManagerClass_851,Domain,,csharp
class_852,OrderManagerClass_852,Domain,,csharp
class_853,OrderManagerClass_853,Domain,,csharp
class_854,OrderManagerClass_854,Domain,,csharp
class_855,OrderManagerClass_855,Domain,,csharp
class_856,OrderManagerClass_856,Domain,,csharp
class_857,OrderManagerClass_857,Domain,,csharp
class_858,OrderManagerClass_858,Domain,,csharp
class_859,OrderManagerClass_859,Domain,,csharp
class_860,OrderManagerClass_860,Domain,,csharp
class_861,OrderManagerClass_861,Domain,,csharp
class_862,OrderManagerClass_862,Domain,,csharp
class_863,OrderManagerClass_863,Domain,,csharp
class_864,OrderManagerClass_864,Domain,,csharp
class_865,OrderManagerClass_865,Domain,,csharp
class_866,OrderManagerClass_866,Domain,,csharp
class_867,OrderManagerClass_867,Domain,,csharp
class_868,OrderManagerClass_868,Domain,,csharp
class_869,OrderManagerClass_869,Domain,,csharp
class_870,OrderManagerClass_870,Domain,,csharp
class_871,OrderManagerClass_871,Domain,,csharp
class_872,OrderManagerClass_872,Domain,,csharp
class_873,OrderManagerClass_873,Domain,,csharp
class_874,OrderManagerClass_874,Domain,,csharp
class_875,OrderManagerClass_875,Domain,,csharp
class_876,OrderManagerClass_876,Domain,,csharp
class_877,OrderManagerClass_877,Domain,,csharp
class_878,OrderManagerClass_878,Domain,,csharp
class_879,OrderManagerClass_879,Domain,,csharp
class_880,OrderManagerClass_880,Domain,,csharp
class_881,OrderManagerClass_881,Domain,,csharp
class_882,OrderManagerClass_882,Domain,,csharp
class_883,OrderManagerClass_883,Domain,,csharp
class_884,OrderManagerClass_884,Domain,,csharp
class_885,OrderManagerClass_885,Domain,,csharp
class_886,OrderManagerClass_886,Domain,,csharp
class_887,OrderManagerClass_887,Domain,,csharp
class_888,OrderManagerClass_888,Domain,,csharp
class_889,OrderManagerClass_889,Domain,,csharp
class_890,OrderManagerClass_890,Domain,,csharp
class_891,OrderManagerClass_891,Domain,,csharp
class_892,OrderManagerClass_892,Domain,,csharp
class_893,OrderManagerClass_893,Domain,,csharp
class_894,OrderManagerClass_894,Domain,,csharp
class_895,OrderManagerClass_895,Domain,,csharp
class_896,OrderManagerClass_896,Domain,,csharp
class_897,OrderManagerClass_897,Domain,,csharp
class_898,OrderManagerClass_898,Domain,,csharp
class_899,OrderManagerClass_899,Domain,,csharp
class_900,OrderManagerClass_900,Domain,,csharp
class_901,OrderManagerClass_901,Domain,,csharp
class_902,OrderManagerClass_902,Domain,,csharp
class_903,OrderManagerClass_903,Domain,,csharp
class_904,OrderManagerClass_904,Domain,,csharp
class_905,OrderManagerClass_905,Domain,,csharp
class_906,OrderManagerClass_906,Domain,,csharp
class_907,OrderManagerClass_907,Domain,,csharp
class_908,OrderManagerClass_908,Domain,,csharp
class_909,OrderManagerClass_909,Domain,,csharp
class_910,OrderManagerClass_910,Domain,,csharp
class_911,OrderManagerClass_911,Domain,,csharp
class_912,OrderManagerClass_912,Domain,,csharp
class_913,OrderManagerClass_913,Domain,,csharp
class_914,OrderManagerClass_914,Domain,,csharp
class_915,OrderManagerClass_915,Domain,,csharp
class_916,OrderManagerClass_916,Domain,,csharp
class_917,OrderManagerClass_917,Domain,,csharp
class_918,OrderManagerClass_918,Domain,,csharp
class_919,OrderManagerClass_919,Domain,,csharp
class_920,OrderManagerClass_920,Domain,,csharp
class_921,OrderManagerClass_921,Domain,,csharp
class_922,OrderManagerClass_922,Domain,,csharp
class_923,OrderManagerClass_923,Domain,,csharp
class_924,OrderManagerClass_924,Domain,,csharp
class_925,OrderManagerClass_925,Domain,,csharp
class_926,OrderManagerClass_926,Domain,,csharp
class_927,OrderManagerClass_927,Domain,,csharp
class_928,OrderManagerClass_928,Domain,,csharp
class_929,OrderManagerClass_929,Domain,,csharp
class_930,OrderManagerClass_930,Domain,,csharp
class_931,OrderManagerClass_931,Domain,,csharp
class_932,OrderManagerClass_932,Domain,,csharp
class_933,OrderManagerClass_933,Domain,,csharp
class_934,OrderManagerClass_934,Domain,,csharp
class_935,OrderManagerClass_935,Domain,,csharp
class_936,OrderManagerClass_936,Domain,,csharp
class_937,OrderManagerClass_937,Domain,,csharp
class_938,OrderManagerClass_938,Domain,,csharp
class_939,OrderManagerClass_939,Domain,,csharp
class_940,OrderManagerClass_940,Domain,,csharp
class_941,OrderManagerClass_941,Domain,,csharp
class_942,OrderManagerClass_942,Domain,,csharp
class_943,OrderManagerClass_943,Domain,,csharp
class_944,OrderManagerClass_944,Domain,,csharp
class_945,OrderManagerClass_945,Domain,,csharp
class_946,OrderManagerClass_946,Domain,,csharp
class_947,OrderManagerClass_947,Domain,,csharp
class_948,OrderManagerClass_948,Domain,,csharp
class_949,OrderManagerClass_949,Domain,,csharp
class_950,OrderManagerClass_950,Domain,,csharp
class_951,OrderManagerClass_951,Domain,,csharp
class_952,OrderManagerClass_952,Domain,,csharp
class_953,OrderManagerClass_953,Domain,,csharp
class_954,OrderManagerClass_954,Domain,,csharp
class_955,OrderManagerClass_955,Domain,,csharp
class_956,OrderManagerClass_956,Domain,,csharp
class_957,OrderManagerClass_957,Domain,,csharp
class_958,OrderManagerClass_958,Domain,,csharp
class_959,OrderManagerClass_959,Domain,,csharp
class_960,OrderManagerClass_960,Domain,,csharp
class_961,OrderManagerClass_961,Domain,,csharp
class_962,OrderManagerClass_962,Domain,,csharp
class_963,OrderManagerClass_963,Domain,,csharp
class_964,OrderManagerClass_964,Domain,,csharp
class_965,OrderManagerClass_965,Domain,,csharp
class_966,OrderManagerClass_966,Domain,,csharp
class_967,OrderManagerClass_967,Domain,,csharp
class_968,OrderManagerClass_968,Domain,,csharp
class_969,OrderManagerClass_969,Domain,,csharp
class_970,OrderManagerClass_970,Domain,,csharp
class_971,OrderManagerClass_971,Domain,,csharp
class_972,OrderManagerClass_972,Domain,,csharp
class_973,OrderManagerClass_973,Domain,,csharp
class_974,OrderManagerClass_974,Domain,,csharp
class_975,OrderManagerClass_975,Domain,,csharp
class_976,OrderManagerClass_976,Domain,,csharp
class_977,OrderManagerClass_977,Domain,,csharp
class_978,OrderManagerClass_978,Domain,,csharp
class_979,OrderManagerClass_979,Domain,,csharp
class_980,OrderManagerClass_980,Domain,,csharp
class_981,OrderManagerClass_981,Domain,,csharp
class_982,OrderManagerClass_982,Domain,,csharp
class_983,OrderManagerClass_983,Domain,,csharp
class_984,OrderManagerClass_984,Domain,,csharp
class_985,OrderManagerClass_985,Domain,,csharp
class_986,OrderManagerClass_986,Domain,,csharp
class_987,OrderManagerClass_987,Domain,,csharp
class_988,OrderManagerClass_988,Domain,,csharp
class_989,OrderManagerClass_989,Domain,,csharp
class_990,OrderManagerClass_990,Domain,,csharp
class_991,OrderManagerClass_991,Domain,,csharp
class_992,OrderManagerClass_992,Domain,,csharp
class_993,OrderManagerClass_993,Domain,,csharp
class_994,OrderManagerClass_994,Domain,,csharp
class_995,OrderManagerClass_995,Domain,,csharp
class_996,OrderManagerClass_996,Domain,,csharp
class_997,OrderManagerClass_997,Domain,,csharp
class_998,OrderManagerClass_998,Domain,,csharp
class_999,OrderManagerClass_999,Domain,,csharp
class_1000,OrderManagerClass_1000,Domain,,csharp
class_1001,OrderManagerClass_1001,Domain,,csharp
class_1002,OrderManagerClass_1002,Domain,,csharp
class_1003,OrderManagerClass_1003,Domain,,csharp
class_1004,OrderManagerClass_1004,Domain,,csharp
class_1005,OrderManagerClass_1005,Domain,,csharp
class_1006,OrderManagerClass_1006,Domain,,csharp
class_1007,OrderManagerClass_1007,Domain,,csharp
class_1008,OrderManagerClass_1008,Domain,,csharp
class_1009,OrderManagerClass_1009,Domain,,csharp
class_1010,OrderManagerClass_1010,Domain,,csharp
class_1011,OrderManagerClass_1011,Domain,,csharp
class_1012,OrderManagerClass_1012,Domain,,csharp
class_1013,OrderManagerClass_1013,Domain,,csharp
class_1014,OrderManagerClass_1014,Domain,,csharp
class_1015,OrderManagerClass_1015,Domain,,csharp
class_1016,OrderManagerClass_1016,Domain,,csharp
class_1017,OrderManagerClass_1017,Domain,,csharp
class_1018,OrderManagerClass_1018,Domain,,csharp
class_1019,OrderManagerClass_1019,Domain,,csharp
class_1020,OrderManagerClass_1020,Domain,,csharp
class_1021,OrderManagerClass_1021,Domain,,csharp
class_1022,OrderManagerClass_1022,Domain,,csharp
class_1023,OrderManagerClass_1023,Domain,,csharp
class_1024,OrderManagerClass_1024,Domain,,csharp
class_1025,OrderManagerClass_1025,Domain,,csharp
class_1026,OrderManagerClass_1026,Domain,,csharp
class_1027,OrderManagerClass_1027,Domain,,csharp
class_1028,OrderManagerClass_1028,Domain,,csharp
class_1029,OrderManagerClass_1029,Domain,,csharp
class_1030,OrderManagerClass_1030,Domain,,csharp
class_1031,OrderManagerClass_1031,Domain,,csharp
class_1032,OrderManagerClass_1032,Domain,,csharp
class_1033,OrderManagerClass_1033,Domain,,csharp
class_1034,OrderManagerClass_1034,Domain,,csharp
class_1035,OrderManagerClass_1035,Domain,,csharp
class_1036,OrderManagerClass_1036,Domain,,csharp
class_1037,OrderManagerClass_1037,Domain,,csharp
class_1038,OrderManagerClass_1038,Domain,,csharp
class_1039,OrderManagerClass_1039,Domain,,csharp
class_1040,OrderManagerClass_1040,Domain,,csharp
class_1041,OrderManagerClass_1041,Domain,,csharp
class_1042,OrderManagerClass_1042,Domain,,csharp
class_1043,OrderManagerClass_1043,Domain,,csharp
class_1044,OrderManagerClass_1044,Domain,,csharp
class_1045,OrderManagerClass_1045,Domain,,csharp
class_1046,OrderManagerClass_1046,Domain,,csharp
class_1047,OrderManagerClass_1047,Domain,,csharp
class_1048,OrderManagerClass_1048,Domain,,csharp
class_1049,OrderManagerClass_1049,Domain,,csharp
class_1050,OrderManagerClass_1050,Domain,,csharp
class_1051,OrderManagerClass_1051,Domain,,csharp
class_1052,OrderManagerClass_1052,Domain,,csharp
class_1053,OrderManagerClass_1053,Domain,,csharp
class_1054,OrderManagerClass_1054,Domain,,csharp
class_1055,OrderManagerClass_1055,Domain,,csharp
class_1056,OrderManagerClass_1056,Domain,,csharp
class_1057,OrderManagerClass_1057,Domain,,csharp
class_1058,OrderManagerClass_1058,Domain,,csharp
class_1059,OrderManagerClass_1059,Domain,,csharp
class_1060,OrderManagerClass_1060,Domain,,csharp
class_1061,OrderManagerClass_1061,Domain,,csharp
class_1062,OrderManagerClass_1062,Domain,,csharp
class_1063,OrderManagerClass_1063,Domain,,csharp
class_1064,OrderManagerClass_1064,Domain,,csharp
class_1065,OrderManagerClass_1065,Domain,,csharp
class_1066,OrderManagerClass_1066,Domain,,csharp
class_1067,OrderManagerClass_1067,Domain,,csharp
class_1068,OrderManagerClass_1068,Domain,,csharp
class_1069,OrderManagerClass_1069,Domain,,csharp
class_1070,OrderManagerClass_1070,Domain,,csharp
class_1071,OrderManagerClass_1071,Domain,,csharp
class_1072,OrderManagerClass_1072,Domain,,csharp
class_1073,OrderManagerClass_1073,Domain,,csharp
class_1074,OrderManagerClass_1074,Domain,,csharp
class_1075,OrderManagerClass_1075,Domain,,csharp
class_1076,OrderManagerClass_1076,Domain,,csharp
class_1077,OrderManagerClass_1077,Domain,,csharp
class_1078,OrderManagerClass_1078,Domain,,csharp
class_1079,OrderManagerClass_1079,Domain,,csharp
class_1080,OrderManagerClass_1080,Domain,,csharp
class_1081,OrderManagerClass_1081,Domain,,csharp
class_1082,OrderManagerClass_1082,Domain,,csharp
class_1083,OrderManagerClass_1083,Domain,,csharp
class_1084,OrderManagerClass_1084,Domain,,csharp
class_1085,OrderManagerClass_1085,Domain,,csharp
class_1086,OrderManagerClass_1086,Domain,,csharp
class_1087,OrderManagerClass_1087,Domain,,csharp
class_1088,OrderManagerClass_1088,Domain,,csharp
class_1089,OrderManagerClass_1089,Domain,,csharp
class_1090,OrderManagerClass_1090,Domain,,csharp
class_1091,OrderManagerClass_1091,Domain,,csharp
class_1092,OrderManagerClass_1092,Domain,,csharp
class_1093,OrderManagerClass_1093,Domain,,csharp
class_1094,OrderManagerClass_1094,Domain,,csharp
class_1095,OrderManagerClass_1095,Domain,,csharp
class_1096,OrderManagerClass_1096,Domain,,csharp
class_1097,OrderManagerClass_1097,Domain,,csharp
class_1098,OrderManagerClass_1098,Domain,,csharp
class_1099,OrderManagerClass_1099,Domain,,csharp
class_1100,OrderManagerClass_1100,Domain,,csharp
class_1101,OrderManagerClass_1101,Domain,,csharp
class_1102,OrderManagerClass_1102,Domain,,csharp
class_1103,OrderManagerClass_1103,Domain,,csharp
class_1104,OrderManagerClass_1104,Domain,,csharp
class_1105,OrderManagerClass_1105,Domain,,csharp
class_1106,OrderManagerClass_1106,Domain,,csharp
class_1107,OrderManagerClass_1107,Domain,,csharp
class_1108,OrderManagerClass_1108,Domain,,csharp
class_1109,OrderManagerClass_1109,Domain,,csharp
class_1110,OrderManagerClass_1110,Domain,,csharp
class_1111,OrderManagerClass_1111,Domain,,csharp
class_1112,OrderManagerClass_1112,Domain,,csharp
class_1113,OrderManagerClass_1113,Domain,,csharp
class_1114,OrderManagerClass_1114,Domain,,csharp
class_1115,OrderManagerClass_1115,Domain,,csharp
class_1116,OrderManagerClass_1116,Domain,,csharp
class_1117,OrderManagerClass_1117,Domain,,csharp
class_1118,OrderManagerClass_1118,Domain,,csharp
class_1119,OrderManagerClass_1119,Domain,,csharp
class_1120,OrderManagerClass_1120,Domain,,csharp
class_1121,OrderManagerClass_1121,Domain,,csharp
class_1122,OrderManagerClass_1122,Domain,,csharp
class_1123,OrderManagerClass_1123,Domain,,csharp
class_1124,OrderManagerClass_1124,Domain,,csharp
class_1125,OrderManagerClass_1125,Domain,,csharp
class_1126,OrderManagerClass_1126,Domain,,csharp
class_1127,OrderManagerClass_1127,Domain,,csharp
class_1128,OrderManagerClass_1128,Domain,,csharp
class_1129,OrderManagerClass_1129,Domain,,csharp
class_1130,OrderManagerClass_1130,Domain,,csharp
class_1131,OrderManagerClass_1131,Domain,,csharp
class_1132,OrderManagerClass_1132,Domain,,csharp
class_1133,OrderManagerClass_1133,Domain,,csharp
class_1134,OrderManagerClass_1134,Domain,,csharp
class_1135,OrderManagerClass_1135,Domain,,csharp
class_1136,OrderManagerClass_1136,Domain,,csharp
class_1137,OrderManagerClass_1137,Domain,,csharp
class_1138,OrderManagerClass_1138,Domain,,csharp
class_1139,OrderManagerClass_1139,Domain,,csharp
class_1140,OrderManagerClass_1140,Domain,,csharp
class_1141,OrderManagerClass_1141,Domain,,csharp
class_1142,OrderManagerClass_1142,Domain,,csharp
class_1143,OrderManagerClass_1143,Domain,,csharp
class_1144,OrderManagerClass_1144,Domain,,csharp
class_1145,OrderManagerClass_1145,Domain,,csharp
class_1146,OrderManagerClass_1146,Domain,,csharp
class_1147,OrderManagerClass_1147,Domain,,csharp
class_1148,OrderManagerClass_1148,Domain,,csharp
class_1149,OrderManagerClass_1149,Domain,,csharp
class_1150,OrderManagerClass_1150,Domain,,csharp
class_1151,OrderManagerClass_1151,Domain,,csharp
class_1152,OrderManagerClass_1152,Domain,,csharp
class_1153,OrderManagerClass_1153,Domain,,csharp
class_1154,OrderManagerClass_1154,Domain,,csharp
class_1155,OrderManagerClass_1155,Domain,,csharp
class_1156,OrderManagerClass_1156,Domain,,csharp
class_1157,OrderManagerClass_1157,Domain,,csharp
class_1158,OrderManagerClass_1158,Domain,,csharp
class_1159,OrderManagerClass_1159,Domain,,csharp
class_1160,OrderManagerClass_1160,Domain,,csharp
class_1161,OrderManagerClass_1161,Domain,,csharp
class_1162,OrderManagerClass_1162,Domain,,csharp
class_1163,OrderManagerClass_1163,Domain,,csharp
class_1164,OrderManagerClass_1164,Domain,,csharp
class_1165,OrderManagerClass_1165,Domain,,csharp
class_1166,OrderManagerClass_1166,Domain,,csharp
class_1167,OrderManagerClass_1167,Domain,,csharp
class_1168,OrderManagerClass_1168,Domain,,csharp
class_1169,OrderManagerClass_1169,Domain,,csharp
class_1170,OrderManagerClass_1170,Domain,,csharp
class_1171,OrderManagerClass_1171,Domain,,csharp
class_1172,OrderManagerClass_1172,Domain,,csharp
class_1173,OrderManagerClass_1173,Domain,,csharp
class_1174,OrderManagerClass_1174,Domain,,csharp
class_1175,OrderManagerClass_1175,Domain,,csharp
class_1176,OrderManagerClass_1176,Domain,,csharp
class_1177,OrderManagerClass_1177,Domain,,csharp
class_1178,OrderManagerClass_1178,Domain,,csharp
class_1179,OrderManagerClass_1179,Domain,,csharp
class_1180,OrderManagerClass_1180,Domain,,csharp
class_1181,OrderManagerClass_1181,Domain,,csharp
class_1182,OrderManagerClass_1182,Domain,,csharp
class_1183,OrderManagerClass_1183,Domain,,csharp
class_1184,OrderManagerClass_1184,Domain,,csharp
class_1185,OrderManagerClass_1185,Domain,,csharp
class_1186,OrderManagerClass_1186,Domain,,csharp
class_1187,OrderManagerClass_1187,Domain,,csharp
class_1188,OrderManagerClass_1188,Domain,,csharp
class_1189,OrderManagerClass_1189,Domain,,csharp
class_1190,OrderManagerClass_1190,Domain,,csharp
class_1191,OrderManagerClass_1191,Domain,,csharp
class_1192,OrderManagerClass_1192,Domain,,csharp
class_1193,OrderManagerClass_1193,Domain,,csharp
class_1194,OrderManagerClass_1194,Domain,,csharp
class_1195,OrderManagerClass_1195,Domain,,csharp
class_1196,OrderManagerClass_1196,Domain,,csharp
class_1197,OrderManagerClass_1197,Domain,,csharp
class_1198,OrderManagerClass_1198,Domain,,csharp
class_1199,OrderManagerClass_1199,Domain,,csharp
class_1200,OrderManagerClass_1200,Domain,,csharp
class_1201,OrderManagerClass_1201,Domain,,csharp
class_1202,OrderManagerClass_1202,Domain,,csharp
class_1203,OrderManagerClass_1203,Domain,,csharp
class_1204,OrderManagerClass_1204,Domain,,csharp
class_1205,OrderManagerClass_1205,Domain,,csharp
class_1206,OrderManagerClass_1206,Domain,,csharp
class_1207,OrderManagerClass_1207,Domain,,csharp
class_1208,OrderManagerClass_1208,Domain,,csharp
class_1209,OrderManagerClass_1209,Domain,,csharp
class_1210,OrderManagerClass_1210,Domain,,csharp
class_1211,OrderManagerClass_1211,Domain,,csharp
class_1212,OrderManagerClass_1212,Domain,,csharp
class_1213,OrderManagerClass_1213,Domain,,csharp
class_1214,OrderManagerClass_1214,Domain,,csharp
class_1215,OrderManagerClass_1215,Domain,,csharp
class_1216,OrderManagerClass_1216,Domain,,csharp
class_1217,OrderManagerClass_1217,Domain,,csharp
class_1218,OrderManagerClass_1218,Domain,,csharp
class_1219,OrderManagerClass_1219,Domain,,csharp
class_1220,OrderManagerClass_1220,Domain,,csharp
class_1221,OrderManagerClass_1221,Domain,,csharp
class_1222,OrderManagerClass_1222,Domain,,csharp
class_1223,OrderManagerClass_1223,Domain,,csharp
class_1224,OrderManagerClass_1224,Domain,,csharp
class_1225,OrderManagerClass_1225,Domain,,csharp
class_1226,OrderManagerClass_1226,Domain,,csharp
class_1227,OrderManagerClass_1227,Domain,,csharp
class_1228,OrderManagerClass_1228,Domain,,csharp
class_1229,OrderManagerClass_1229,Domain,,csharp
class_1230,OrderManagerClass_1230,Domain,,csharp
class_1231,OrderManagerClass_1231,Domain,,csharp
class_1232,OrderManagerClass_1232,Domain,,csharp
class_1233,OrderManagerClass_1233,Domain,,csharp
class_1234,OrderManagerClass_1234,Domain,,csharp
class_1235,OrderManagerClass_1235,Domain,,csharp
class_1236,OrderManagerClass_1236,Domain,,csharp
class_1237,OrderManagerClass_1237,Domain,,csharp
class_1238,OrderManagerClass_1238,Domain,,csharp
class_1239,OrderManagerClass_1239,Domain,,csharp
class_1240,OrderManagerClass_1240,Domain,,csharp
class_1241,OrderManagerClass_1241,Domain,,csharp
class_1242,OrderManagerClass_1242,Domain,,csharp
class_1243,OrderManagerClass_1243,Domain,,csharp
class_1244,OrderManagerClass_1244,Domain,,csharp
class_1245,OrderManagerClass_1245,Domain,,csharp
class_1246,OrderManagerClass_1246,Domain,,csharp
class_1247,OrderManagerClass_1247,Domain,,csharp
class_1248,OrderManagerClass_1248,Domain,,csharp
class_1249,OrderManagerClass_1249,Domain,,csharp
class_1250,OrderManagerClass_1250,Domain,,csharp
class_1251,OrderManagerClass_1251,Domain,,csharp
class_1252,OrderManagerClass_1252,Domain,,csharp
class_1253,OrderManagerClass_1253,Domain,,csharp
class_1254,OrderManagerClass_1254,Domain,,csharp
class_1255,OrderManagerClass_1255,Domain,,csharp
class_1256,OrderManagerClass_1256,Domain,,csharp
class_1257,OrderManagerClass_1257,Domain,,csharp
class_1258,OrderManagerClass_1258,Domain,,csharp
class_1259,OrderManagerClass_1259,Domain,,csharp
class_1260,OrderManagerClass_1260,Domain,,csharp
class_1261,OrderManagerClass_1261,Domain,,csharp
class_1262,OrderManagerClass_1262,Domain,,csharp
class_1263,OrderManagerClass_1263,Domain,,csharp
class_1264,OrderManagerClass_1264,Domain,,csharp
class_1265,OrderManagerClass_1265,Domain,,csharp
class_1266,OrderManagerClass_1266,Domain,,csharp
class_1267,OrderManagerClass_1267,Domain,,csharp
class_1268,OrderManagerClass_1268,Domain,,csharp
class_1269,OrderManagerClass_1269,Domain,,csharp
class_1270,OrderManagerClass_1270,Domain,,csharp
class_1271,OrderManagerClass_1271,Domain,,csharp
class_1272,OrderManagerClass_1272,Domain,,csharp
class_1273,OrderManagerClass_1273,Domain,,csharp
class_1274,OrderManagerClass_1274,Domain,,csharp
class_1275,OrderManagerClass_1275,Domain,,csharp
class_1276,OrderManagerClass_1276,Domain,,csharp
class_1277,OrderManagerClass_1277,Domain,,csharp
class_1278,OrderManagerClass_1278,Domain,,csharp
class_1279,OrderManagerClass_1279,Domain,,csharp
class_1280,OrderManagerClass_1280,Domain,,csharp
class_1281,OrderManagerClass_1281,Domain,,csharp
class_1282,OrderManagerClass_1282,Domain,,csharp
class_1283,OrderManagerClass_1283,Domain,,csharp
class_1284,OrderManagerClass_1284,Domain,,csharp
class_1285,OrderManagerClass_1285,Domain,,csharp
class_1286,OrderManagerClass_1286,Domain,,csharp
class_1287,OrderManagerClass_1287,Domain,,csharp
class_1288,OrderManagerClass_1288,Domain,,csharp
class_1289,OrderManagerClass_1289,Domain,,csharp
class_1290,OrderManagerClass_1290,Domain,,csharp
class_1291,OrderManagerClass_1291,Domain,,csharp
class_1292,OrderManagerClass_1292,Domain,,csharp
class_1293,OrderManagerClass_1293,Domain,,csharp
class_1294,OrderManagerClass_1294,Domain,,csharp
class_1295,OrderManagerClass_1295,Domain,,csharp
class_1296,OrderManagerClass_1296,Domain,,csharp
class_1297,OrderManagerClass_1297,Domain,,csharp
class_1298,OrderManagerClass_1298,Domain,,csharp
class_1299,OrderManagerClass_1299,Domain,,csharp
class_1300,OrderManagerClass_1300,Domain,,csharp
class_1301,OrderManagerClass_1301,Domain,,csharp
class_1302,OrderManagerClass_1302,Domain,,csharp
class_1303,OrderManagerClass_1303,Domain,,csharp
class_1304,OrderManagerClass_1304,Domain,,csharp
class_1305,OrderManagerClass_1305,Domain,,csharp
class_1306,OrderManagerClass_1306,Domain,,csharp
class_1307,OrderManagerClass_1307,Domain,,csharp
class_1308,OrderManagerClass_1308,Domain,,csharp
class_1309,OrderManagerClass_1309,Domain,,csharp
class_1310,OrderManagerClass_1310,Domain,,csharp
class_1311,OrderManagerClass_1311,Domain,,csharp
class_1312,OrderManagerClass_1312,Domain,,csharp
class_1313,OrderManagerClass_1313,Domain,,csharp
class_1314,OrderManagerClass_1314,Domain,,csharp
class_1315,OrderManagerClass_1315,Domain,,csharp
class_1316,OrderManagerClass_1316,Domain,,csharp
class_1317,OrderManagerClass_1317,Domain,,csharp
class_1318,OrderManagerClass_1318,Domain,,csharp
class_1319,OrderManagerClass_1319,Domain,,csharp
class_1320,OrderManagerClass_1320,Domain,,csharp
class_1321,OrderManagerClass_1321,Domain,,csharp
class_1322,OrderManagerClass_1322,Domain,,csharp
class_1323,OrderManagerClass_1323,Domain,,csharp
class_1324,OrderManagerClass_1324,Domain,,csharp
class_1325,OrderManagerClass_1325,Domain,,csharp
class_1326,OrderManagerClass_1326,Domain,,csharp
class_1327,OrderManagerClass_1327,Domain,,csharp
class_1328,OrderManagerClass_1328,Domain,,csharp
class_1329,OrderManagerClass_1329,Domain,,csharp
class_1330,OrderManagerClass_1330,Domain,,csharp
class_1331,OrderManagerClass_1331,Domain,,csharp
class_1332,OrderManagerClass_1332,Domain,,csharp
class_1333,OrderManagerClass_1333,Domain,,csharp
class_1334,OrderManagerClass_1334,Domain,,csharp
class_1335,OrderManagerClass_1335,Domain,,csharp
class_1336,OrderManagerClass_1336,Domain,,csharp
class_1337,OrderManagerClass_1337,Domain,,csharp
class_1338,OrderManagerClass_1338,Domain,,csharp
class_1339,OrderManagerClass_1339,Domain,,csharp
class_1340,OrderManagerClass_1340,Domain,,csharp
class_1341,OrderManagerClass_1341,Domain,,csharp
class_1342,OrderManagerClass_1342,Domain,,csharp
class_1343,OrderManagerClass_1343,Domain,,csharp
class_1344,OrderManagerClass_1344,Domain,,csharp
class_1345,OrderManagerClass_1345,Domain,,csharp
class_1346,OrderManagerClass_1346,Domain,,csharp
class_1347,OrderManagerClass_1347,Domain,,csharp
class_1348,OrderManagerClass_1348,Domain,,csharp
class_1349,OrderManagerClass_1349,Domain,,csharp
class_1350,OrderManagerClass_1350,Domain,,csharp
class_1351,OrderManagerClass_1351,Domain,,csharp
class_1352,OrderManagerClass_1352,Domain,,csharp
class_1353,OrderManagerClass_1353,Domain,,csharp
class_1354,OrderManagerClass_1354,Domain,,csharp
class_1355,OrderManagerClass_1355,Domain,,csharp
class_1356,OrderManagerClass_1356,Domain,,csharp
class_1357,OrderManagerClass_1357,Domain,,csharp
class_1358,OrderManagerClass_1358,Domain,,csharp
class_1359,OrderManagerClass_1359,Domain,,csharp
class_1360,OrderManagerClass_1360,Domain,,csharp
class_1361,OrderManagerClass_1361,Domain,,csharp
class_1362,OrderManagerClass_1362,Domain,,csharp
class_1363,OrderManagerClass_1363,Domain,,csharp
class_1364,OrderManagerClass_1364,Domain,,csharp
class_1365,OrderManagerClass_1365,Domain,,csharp
class_1366,OrderManagerClass_1366,Domain,,csharp
class_1367,OrderManagerClass_1367,Domain,,csharp
class_1368,OrderManagerClass_1368,Domain,,csharp
class_1369,OrderManagerClass_1369,Domain,,csharp
class_1370,OrderManagerClass_1370,Domain,,csharp
class_1371,OrderManagerClass_1371,Domain,,csharp
class_1372,OrderManagerClass_1372,Domain,,csharp
class_1373,OrderManagerClass_1373,Domain,,csharp
class_1374,OrderManagerClass_1374,Domain,,csharp
class_1375,OrderManagerClass_1375,Domain,,csharp
class_1376,OrderManagerClass_1376,Domain,,csharp
class_1377,OrderManagerClass_1377,Domain,,csharp
class_1378,OrderManagerClass_1378,Domain,,csharp
class_1379,OrderManagerClass_1379,Domain,,csharp
class_1380,OrderManagerClass_1380,Domain,,csharp
class_1381,OrderManagerClass_1381,Domain,,csharp
class_1382,OrderManagerClass_1382,Domain,,csharp
class_1383,OrderManagerClass_1383,Domain,,csharp
class_1384,OrderManagerClass_1384,Domain,,csharp
class_1385,OrderManagerClass_1385,Domain,,csharp
class_1386,OrderManagerClass_1386,Domain,,csharp
class_1387,OrderManagerClass_1387,Domain,,csharp
class_1388,OrderManagerClass_1388,Domain,,csharp
class_1389,OrderManagerClass_1389,Domain,,csharp
class_1390,OrderManagerClass_1390,Domain,,csharp
class_1391,OrderManagerClass_1391,Domain,,csharp
class_1392,OrderManagerClass_1392,Domain,,csharp
class_1393,OrderManagerClass_1393,Domain,,csharp
class_1394,OrderManagerClass_1394,Domain,,csharp
class_1395,OrderManagerClass_1395,Domain,,csharp
class_1396,OrderManagerClass_1396,Domain,,csharp
class_1397,OrderManagerClass_1397,Domain,,csharp
class_1398,OrderManagerClass_1398,Domain,,csharp
class_1399,OrderManagerClass_1399,Domain,,csharp
class_1400,OrderManagerClass_1400,Domain,,csharp
class_1401,OrderManagerClass_1401,Domain,,csharp
class_1402,OrderManagerClass_1402,Domain,,csharp
class_1403,OrderManagerClass_1403,Domain,,csharp
class_1404,OrderManagerClass_1404,Domain,,csharp
class_1405,OrderManagerClass_1405,Domain,,csharp
class_1406,OrderManagerClass_1406,Domain,,csharp
class_1407,OrderManagerClass_1407,Domain,,csharp
class_1408,OrderManagerClass_1408,Domain,,csharp
class_1409,OrderManagerClass_1409,Domain,,csharp
class_1410,OrderManagerClass_1410,Domain,,csharp
class_1411,OrderManagerClass_1411,Domain,,csharp
class_1412,OrderManagerClass_1412,Domain,,csharp
class_1413,OrderManagerClass_1413,Domain,,csharp
class_1414,OrderManagerClass_1414,Domain,,csharp
class_1415,OrderManagerClass_1415,Domain,,csharp
class_1416,OrderManagerClass_1416,Domain,,csharp
class_1417,OrderManagerClass_1417,Domain,,csharp
class_1418,OrderManagerClass_1418,Domain,,csharp
class_1419,OrderManagerClass_1419,Domain,,csharp
class_1420,OrderManagerClass_1420,Domain,,csharp
class_1421,OrderManagerClass_1421,Domain,,csharp
class_1422,OrderManagerClass_1422,Domain,,csharp
class_1423,OrderManagerClass_1423,Domain,,csharp
class_1424,OrderManagerClass_1424,Domain,,csharp
class_1425,OrderManagerClass_1425,Domain,,csharp
class_1426,OrderManagerClass_1426,Domain,,csharp
class_1427,OrderManagerClass_1427,Domain,,csharp
class_1428,OrderManagerClass_1428,Domain,,csharp
class_1429,OrderManagerClass_1429,Domain,,csharp
class_1430,OrderManagerClass_1430,Domain,,csharp
class_1431,OrderManagerClass_1431,Domain,,csharp
class_1432,OrderManagerClass_1432,Domain,,csharp
class_1433,OrderManagerClass_1433,Domain,,csharp
class_1434,OrderManagerClass_1434,Domain,,csharp
class_1435,OrderManagerClass_1435,Domain,,csharp
class_1436,OrderManagerClass_1436,Domain,,csharp
class_1437,OrderManagerClass_1437,Domain,,csharp
class_1438,OrderManagerClass_1438,Domain,,csharp
class_1439,OrderManagerClass_1439,Domain,,csharp
class_1440,OrderManagerClass_1440,Domain,,csharp
class_1441,OrderManagerClass_1441,Domain,,csharp
class_1442,OrderManagerClass_1442,Domain,,csharp
class_1443,OrderManagerClass_1443,Domain,,csharp
class_1444,OrderManagerClass_1444,Domain,,csharp
class_1445,OrderManagerClass_1445,Domain,,csharp
class_1446,OrderManagerClass_1446,Domain,,csharp
class_1447,OrderManagerClass_1447,Domain,,csharp
class_1448,OrderManagerClass_1448,Domain,,csharp
class_1449,OrderManagerClass_1449,Domain,,csharp
class_1450,OrderManagerClass_1450,Domain,,csharp
class_1451,OrderManagerClass_1451,Domain,,csharp
class_1452,OrderManagerClass_1452,Domain,,csharp
class_1453,OrderManagerClass_1453,Domain,,csharp
class_1454,OrderManagerClass_1454,Domain,,csharp
class_1455,OrderManagerClass_1455,Domain,,csharp
class_1456,OrderManagerClass_1456,Domain,,csharp
class_1457,OrderManagerClass_1457,Domain,,csharp
class_1458,OrderManagerClass_1458,Domain,,csharp
class_1459,OrderManagerClass_1459,Domain,,csharp
class_1460,OrderManagerClass_1460,Domain,,csharp
class_1461,OrderManagerClass_1461,Domain,,csharp
class_1462,OrderManagerClass_1462,Domain,,csharp
class_1463,OrderManagerClass_1463,Domain,,csharp
class_1464,OrderManagerClass_1464,Domain,,csharp
class_1465,OrderManagerClass_1465,Domain,,csharp
class_1466,OrderManagerClass_1466,Domain,,csharp
class_1467,OrderManagerClass_1467,Domain,,csharp
class_1468,OrderManagerClass_1468,Domain,,csharp
class_1469,OrderManagerClass_1469,Domain,,csharp
class_1470,OrderManagerClass_1470,Domain,,csharp
class_1471,OrderManagerClass_1471,Domain,,csharp
class_1472,OrderManagerClass_1472,Domain,,csharp
class_1473,OrderManagerClass_1473,Domain,,csharp
class_1474,OrderManagerClass_1474,Domain,,csharp
class_1475,OrderManagerClass_1475,Domain,,csharp
class_1476,OrderManagerClass_1476,Domain,,csharp
class_1477,OrderManagerClass_1477,Domain,,csharp
class_1478,OrderManagerClass_1478,Domain,,csharp
class_1479,OrderManagerClass_1479,Domain,,csharp
class_1480,OrderManagerClass_1480,Domain,,csharp
class_1481,OrderManagerClass_1481,Domain,,csharp
class_1482,OrderManagerClass_1482,Domain,,csharp
class_1483,OrderManagerClass_1483,Domain,,csharp
class_1484,OrderManagerClass_1484,Domain,,csharp
class_1485,OrderManagerClass_1485,Domain,,csharp
class_1486,OrderManagerClass_1486,Domain,,csharp
class_1487,OrderManagerClass_1487,Domain,,csharp
class_1488,OrderManagerClass_1488,Domain,,csharp
class_1489,OrderManagerClass_1489,Domain,,csharp
class_1490,OrderManagerClass_1490,Domain,,csharp
class_1491,OrderManagerClass_1491,Domain,,csharp
class_1492,OrderManagerClass_1492,Domain,,csharp
class_1493,OrderManagerClass_1493,Domain,,csharp
class_1494,OrderManagerClass_1494,Domain,,csharp
class_1495,OrderManagerClass_1495,Domain,,csharp
class_1496,OrderManagerClass_1496,Domain,,csharp
class_1497,OrderManagerClass_1497,Domain,,csharp
class_1498,OrderManagerClass_1498,Domain,,csharp
class_1499,OrderManagerClass_1499,Domain,,csharp
class_1500,OrderManagerClass_1500,Domain,,csharp
class_1501,OrderManagerClass_1501,Domain,,csharp
class_1502,OrderManagerClass_1502,Domain,,csharp
class_1503,OrderManagerClass_1503,Domain,,csharp
class_1504,OrderManagerClass_1504,Domain,,csharp
class_1505,OrderManagerClass_1505,Domain,,csharp
class_1506,OrderManagerClass_1506,Domain,,csharp
class_1507,OrderManagerClass_1507,Domain,,csharp
class_1508,OrderManagerClass_1508,Domain,,csharp
class_1509,OrderManagerClass_1509,Domain,,csharp
class_1510,OrderManagerClass_1510,Domain,,csharp
class_1511,OrderManagerClass_1511,Domain,,csharp
class_1512,OrderManagerClass_1512,Domain,,csharp
class_1513,OrderManagerClass_1513,Domain,,csharp
class_1514,OrderManagerClass_1514,Domain,,csharp
class_1515,OrderManagerClass_1515,Domain,,csharp
class_1516,OrderManagerClass_1516,Domain,,csharp
class_1517,OrderManagerClass_1517,Domain,,csharp
class_1518,OrderManagerClass_1518,Domain,,csharp
class_1519,OrderManagerClass_1519,Domain,,csharp
class_1520,OrderManagerClass_1520,Domain,,csharp
class_1521,OrderManagerClass_1521,Domain,,csharp
class_1522,OrderManagerClass_1522,Domain,,csharp
class_1523,OrderManagerClass_1523,Domain,,csharp
class_1524,OrderManagerClass_1524,Domain,,csharp
class_1525,OrderManagerClass_1525,Domain,,csharp
class_1526,OrderManagerClass_1526,Domain,,csharp
class_1527,OrderManagerClass_1527,Domain,,csharp
class_1528,OrderManagerClass_1528,Domain,,csharp
class_1529,OrderManagerClass_1529,Domain,,csharp
class_1530,OrderManagerClass_1530,Domain,,csharp
class_1531,OrderManagerClass_1531,Domain,,csharp
class_1532,OrderManagerClass_1532,Domain,,csharp
class_1533,OrderManagerClass_1533,Domain,,csharp
class_1534,OrderManagerClass_1534,Domain,,csharp
class_1535,OrderManagerClass_1535,Domain,,csharp
class_1536,OrderManagerClass_1536,Domain,,csharp
class_1537,OrderManagerClass_1537,Domain,,csharp
class_1538,OrderManagerClass_1538,Domain,,csharp
class_1539,OrderManagerClass_1539,Domain,,csharp
class_1540,OrderManagerClass_1540,Domain,,csharp
class_1541,OrderManagerClass_1541,Domain,,csharp
class_1542,OrderManagerClass_1542,Domain,,csharp
class_1543,OrderManagerClass_1543,Domain,,csharp
class_1544,OrderManagerClass_1544,Domain,,csharp
class_1545,OrderManagerClass_1545,Domain,,csharp
class_1546,OrderManagerClass_1546,Domain,,csharp
class_1547,OrderManagerClass_1547,Domain,,csharp
class_1548,OrderManagerClass_1548,Domain,,csharp
class_1549,OrderManagerClass_1549,Domain,,csharp
class_1550,OrderManagerClass_1550,Domain,,csharp
class_1551,OrderManagerClass_1551,Domain,,csharp
class_1552,OrderManagerClass_1552,Domain,,csharp
class_1553,OrderManagerClass_1553,Domain,,csharp
class_1554,OrderManagerClass_1554,Domain,,csharp
class_1555,OrderManagerClass_1555,Domain,,csharp
class_1556,OrderManagerClass_1556,Domain,,csharp
class_1557,OrderManagerClass_1557,Domain,,csharp
class_1558,OrderManagerClass_1558,Domain,,csharp
class_1559,OrderManagerClass_1559,Domain,,csharp
class_1560,OrderManagerClass_1560,Domain,,csharp
class_1561,OrderManagerClass_1561,Domain,,csharp
class_1562,OrderManagerClass_1562,Domain,,csharp
class_1563,OrderManagerClass_1563,Domain,,csharp
class_1564,OrderManagerClass_1564,Domain,,csharp
class_1565,OrderManagerClass_1565,Domain,,csharp
class_1566,OrderManagerClass_1566,Domain,,csharp
class_1567,OrderManagerClass_1567,Domain,,csharp
class_1568,OrderManagerClass_1568,Domain,,csharp
class_1569,OrderManagerClass_1569,Domain,,csharp
class_1570,OrderManagerClass_1570,Domain,,csharp
class_1571,OrderManagerClass_1571,Domain,,csharp
class_1572,OrderManagerClass_1572,Domain,,csharp
class_1573,OrderManagerClass_1573,Domain,,csharp
class_1574,OrderManagerClass_1574,Domain,,csharp
class_1575,OrderManagerClass_1575,Domain,,csharp
class_1576,OrderManagerClass_1576,Domain,,csharp
class_1577,OrderManagerClass_1577,Domain,,csharp
class_1578,OrderManagerClass_1578,Domain,,csharp
class_1579,OrderManagerClass_1579,Domain,,csharp
class_1580,OrderManagerClass_1580,Domain,,csharp
class_1581,OrderManagerClass_1581,Domain,,csharp
class_1582,OrderManagerClass_1582,Domain,,csharp
class_1583,OrderManagerClass_1583,Domain,,csharp
class_1584,OrderManagerClass_1584,Domain,,csharp
class_1585,OrderManagerClass_1585,Domain,,csharp
class_1586,OrderManagerClass_1586,Domain,,csharp
class_1587,OrderManagerClass_1587,Domain,,csharp
class_1588,OrderManagerClass_1588,Domain,,csharp
class_1589,OrderManagerClass_1589,Domain,,csharp
class_1590,OrderManagerClass_1590,Domain,,csharp
class_1591,OrderManagerClass_1591,Domain,,csharp
class_1592,OrderManagerClass_1592,Domain,,csharp
class_1593,OrderManagerClass_1593,Domain,,csharp
class_1594,OrderManagerClass_1594,Domain,,csharp
class_1595,OrderManagerClass_1595,Domain,,csharp
class_1596,OrderManagerClass_1596,Domain,,csharp
class_1597,OrderManagerClass_1597,Domain,,csharp
class_1598,OrderManagerClass_1598,Domain,,csharp
class_1599,OrderManagerClass_1599,Domain,,csharp
class_1600,OrderManagerClass_1600,Domain,,csharp
class_1601,OrderManagerClass_1601,Domain,,csharp
class_1602,OrderManagerClass_1602,Domain,,csharp
class_1603,OrderManagerClass_1603,Domain,,csharp
class_1604,OrderManagerClass_1604,Domain,,csharp
class_1605,OrderManagerClass_1605,Domain,,csharp
class_1606,OrderManagerClass_1606,Domain,,csharp
class_1607,OrderManagerClass_1607,Domain,,csharp
class_1608,OrderManagerClass_1608,Domain,,csharp
class_1609,OrderManagerClass_1609,Domain,,csharp
class_1610,OrderManagerClass_1610,Domain,,csharp
class_1611,OrderManagerClass_1611,Domain,,csharp
class_1612,OrderManagerClass_1612,Domain,,csharp
class_1613,OrderManagerClass_1613,Domain,,csharp
class_1614,OrderManagerClass_1614,Domain,,csharp
class_1615,OrderManagerClass_1615,Domain,,csharp
class_1616,OrderManagerClass_1616,Domain,,csharp
class_1617,OrderManagerClass_1617,Domain,,csharp
class_1618,OrderManagerClass_1618,Domain,,csharp
class_1619,OrderManagerClass_1619,Domain,,csharp
class_1620,OrderManagerClass_1620,Domain,,csharp
class_1621,OrderManagerClass_1621,Domain,,csharp
class_1622,OrderManagerClass_1622,Domain,,csharp
class_1623,OrderManagerClass_1623,Domain,,csharp
class_1624,OrderManagerClass_1624,Domain,,csharp
class_1625,OrderManagerClass_1625,Domain,,csharp
class_1626,OrderManagerClass_1626,Domain,,csharp
class_1627,OrderManagerClass_1627,Domain,,csharp
class_1628,OrderManagerClass_1628,Domain,,csharp
class_1629,OrderManagerClass_1629,Domain,,csharp
class_1630,OrderManagerClass_1630,Domain,,csharp
class_1631,OrderManagerClass_1631,Domain,,csharp
class_1632,OrderManagerClass_1632,Domain,,csharp
class_1633,OrderManagerClass_1633,Domain,,csharp
class_1634,OrderManagerClass_1634,Domain,,csharp
class_1635,OrderManagerClass_1635,Domain,,csharp
class_1636,OrderManagerClass_1636,Domain,,csharp
class_1637,OrderManagerClass_1637,Domain,,csharp
class_1638,OrderManagerClass_1638,Domain,,csharp
class_1639,OrderManagerClass_1639,Domain,,csharp
class_1640,OrderManagerClass_1640,Domain,,csharp
class_1641,OrderManagerClass_1641,Domain,,csharp
class_1642,OrderManagerClass_1642,Domain,,csharp
class_1643,OrderManagerClass_1643,Domain,,csharp
class_1644,OrderManagerClass_1644,Domain,,csharp
class_1645,OrderManagerClass_1645,Domain,,csharp
class_1646,OrderManagerClass_1646,Domain,,csharp
class_1647,OrderManagerClass_1647,Domain,,csharp
class_1648,OrderManagerClass_1648,Domain,,csharp
class_1649,OrderManagerClass_1649,Domain,,csharp
class_1650,OrderManagerClass_1650,Domain,,csharp
class_1651,OrderManagerClass_1651,Domain,,csharp
class_1652,OrderManagerClass_1652,Domain,,csharp
class_1653,OrderManagerClass_1653,Domain,,csharp
class_1654,OrderManagerClass_1654,Domain,,csharp
class_1655,OrderManagerClass_1655,Domain,,csharp
class_1656,OrderManagerClass_1656,Domain,,csharp
class_1657,OrderManagerClass_1657,Domain,,csharp
class_1658,OrderManagerClass_1658,Domain,,csharp
class_1659,OrderManagerClass_1659,Domain,,csharp
class_1660,OrderManagerClass_1660,Domain,,csharp
class_1661,OrderManagerClass_1661,Domain,,csharp
class_1662,OrderManagerClass_1662,Domain,,csharp
class_1663,OrderManagerClass_1663,Domain,,csharp
class_1664,OrderManagerClass_1664,Domain,,csharp
class_1665,OrderManagerClass_1665,Domain,,csharp
class_1666,OrderManagerClass_1666,Domain,,csharp
class_1667,OrderManagerClass_1667,Domain,,csharp
class_1668,OrderManagerClass_1668,Domain,,csharp
class_1669,OrderManagerClass_1669,Domain,,csharp
class_1670,OrderManagerClass_1670,Domain,,csharp
class_1671,OrderManagerClass_1671,Domain,,csharp
class_1672,OrderManagerClass_1672,Domain,,csharp
class_1673,OrderManagerClass_1673,Domain,,csharp
class_1674,OrderManagerClass_1674,Domain,,csharp
class_1675,OrderManagerClass_1675,Domain,,csharp
class_1676,OrderManagerClass_1676,Domain,,csharp
class_1677,OrderManagerClass_1677,Domain,,csharp
class_1678,OrderManagerClass_1678,Domain,,csharp
class_1679,OrderManagerClass_1679,Domain,,csharp
class_1680,OrderManagerClass_1680,Domain,,csharp
class_1681,OrderManagerClass_1681,Domain,,csharp
class_1682,OrderManagerClass_1682,Domain,,csharp
class_1683,OrderManagerClass_1683,Domain,,csharp
class_1684,OrderManagerClass_1684,Domain,,csharp
class_1685,OrderManagerClass_1685,Domain,,csharp
class_1686,OrderManagerClass_1686,Domain,,csharp
class_1687,OrderManagerClass_1687,Domain,,csharp
class_1688,OrderManagerClass_1688,Domain,,csharp
class_1689,OrderManagerClass_1689,Domain,,csharp
class_1690,OrderManagerClass_1690,Domain,,csharp
class_1691,OrderManagerClass_1691,Domain,,csharp
class_1692,OrderManagerClass_1692,Domain,,csharp
class_1693,OrderManagerClass_1693,Domain,,csharp
class_1694,OrderManagerClass_1694,Domain,,csharp
class_1695,OrderManagerClass_1695,Domain,,csharp
class_1696,OrderManagerClass_1696,Domain,,csharp
class_1697,OrderManagerClass_1697,Domain,,csharp
class_1698,OrderManagerClass_1698,Domain,,csharp
class_1699,OrderManagerClass_1699,Domain,,csharp
class_1700,OrderManagerClass_1700,Domain,,csharp
class_1701,OrderManagerClass_1701,Domain,,csharp
class_1702,OrderManagerClass_1702,Domain,,csharp
class_1703,OrderManagerClass_1703,Domain,,csharp
class_1704,OrderManagerClass_1704,Domain,,csharp
class_1705,OrderManagerClass_1705,Domain,,csharp
class_1706,OrderManagerClass_1706,Domain,,csharp
class_1707,OrderManagerClass_1707,Domain,,csharp
class_1708,OrderManagerClass_1708,Domain,,csharp
class_1709,OrderManagerClass_1709,Domain,,csharp
class_1710,OrderManagerClass_1710,Domain,,csharp
class_1711,OrderManagerClass_1711,Domain,,csharp
class_1712,OrderManagerClass_1712,Domain,,csharp
class_1713,OrderManagerClass_1713,Domain,,csharp
class_1714,OrderManagerClass_1714,Domain,,csharp
class_1715,OrderManagerClass_1715,Domain,,csharp
class_1716,OrderManagerClass_1716,Domain,,csharp
class_1717,OrderManagerClass_1717,Domain,,csharp
class_1718,OrderManagerClass_1718,Domain,,csharp
class_1719,OrderManagerClass_1719,Domain,,csharp
class_1720,OrderManagerClass_1720,Domain,,csharp
class_1721,OrderManagerClass_1721,Domain,,csharp
class_1722,OrderManagerClass_1722,Domain,,csharp
class_1723,OrderManagerClass_1723,Domain,,csharp
class_1724,OrderManagerClass_1724,Domain,,csharp
class_1725,OrderManagerClass_1725,Domain,,csharp
class_1726,OrderManagerClass_1726,Domain,,csharp
class_1727,OrderManagerClass_1727,Domain,,csharp
class_1728,OrderManagerClass_1728,Domain,,csharp
class_1729,OrderManagerClass_1729,Domain,,csharp
class_1730,OrderManagerClass_1730,Domain,,csharp
class_1731,OrderManagerClass_1731,Domain,,csharp
class_1732,OrderManagerClass_1732,Domain,,csharp
class_1733,OrderManagerClass_1733,Domain,,csharp
class_1734,OrderManagerClass_1734,Domain,,csharp
class_1735,OrderManagerClass_1735,Domain,,csharp
class_1736,OrderManagerClass_1736,Domain,,csharp
class_1737,OrderManagerClass_1737,Domain,,csharp
class_1738,OrderManagerClass_1738,Domain,,csharp
class_1739,OrderManagerClass_1739,Domain,,csharp
class_1740,OrderManagerClass_1740,Domain,,csharp
class_1741,OrderManagerClass_1741,Domain,,csharp
class_1742,OrderManagerClass_1742,Domain,,csharp
class_1743,OrderManagerClass_1743,Domain,,csharp
class_1744,OrderManagerClass_1744,Domain,,csharp
class_1745,OrderManagerClass_1745,Domain,,csharp
class_1746,OrderManagerClass_1746,Domain,,csharp
class_1747,OrderManagerClass_1747,Domain,,csharp
class_1748,OrderManagerClass_1748,Domain,,csharp
class_1749,OrderManagerClass_1749,Domain,,csharp
class_1750,OrderManagerClass_1750,Domain,,csharp
class_1751,OrderManagerClass_1751,Domain,,csharp
class_1752,OrderManagerClass_1752,Domain,,csharp
class_1753,OrderManagerClass_1753,Domain,,csharp
class_1754,OrderManagerClass_1754,Domain,,csharp
class_1755,OrderManagerClass_1755,Domain,,csharp
class_1756,OrderManagerClass_1756,Domain,,csharp
class_1757,OrderManagerClass_1757,Domain,,csharp
class_1758,OrderManagerClass_1758,Domain,,csharp
class_1759,OrderManagerClass_1759,Domain,,csharp
class_1760,OrderManagerClass_1760,Domain,,csharp
class_1761,OrderManagerClass_1761,Domain,,csharp
class_1762,OrderManagerClass_1762,Domain,,csharp
class_1763,OrderManagerClass_1763,Domain,,csharp
class_1764,OrderManagerClass_1764,Domain,,csharp
class_1765,OrderManagerClass_1765,Domain,,csharp
class_1766,OrderManagerClass_1766,Domain,,csharp
class_1767,OrderManagerClass_1767,Domain,,csharp
class_1768,OrderManagerClass_1768,Domain,,csharp
class_1769,OrderManagerClass_1769,Domain,,csharp
class_1770,OrderManagerClass_1770,Domain,,csharp
class_1771,OrderManagerClass_1771,Domain,,csharp
class_1772,OrderManagerClass_1772,Domain,,csharp
class_1773,OrderManagerClass_1773,Domain,,csharp
class_1774,OrderManagerClass_1774,Domain,,csharp
class_1775,OrderManagerClass_1775,Domain,,csharp
class_1776,OrderManagerClass_1776,Domain,,csharp
class_1777,OrderManagerClass_1777,Domain,,csharp
class_1778,OrderManagerClass_1778,Domain,,csharp
class_1779,OrderManagerClass_1779,Domain,,csharp
class_1780,OrderManagerClass_1780,Domain,,csharp
class_1781,OrderManagerClass_1781,Domain,,csharp
class_1782,OrderManagerClass_1782,Domain,,csharp
class_1783,OrderManagerClass_1783,Domain,,csharp
class_1784,OrderManagerClass_1784,Domain,,csharp
class_1785,OrderManagerClass_1785,Domain,,csharp
class_1786,OrderManagerClass_1786,Domain,,csharp
class_1787,OrderManagerClass_1787,Domain,,csharp
class_1788,OrderManagerClass_1788,Domain,,csharp
class_1789,OrderManagerClass_1789,Domain,,csharp
class_1790,OrderManagerClass_1790,Domain,,csharp
class_1791,OrderManagerClass_1791,Domain,,csharp
class_1792,OrderManagerClass_1792,Domain,,csharp
class_1793,OrderManagerClass_1793,Domain,,csharp
class_1794,OrderManagerClass_1794,Domain,,csharp
class_1795,OrderManagerClass_1795,Domain,,csharp
class_1796,OrderManagerClass_1796,Domain,,csharp
class_1797,OrderManagerClass_1797,Domain,,csharp
class_1798,OrderManagerClass_1798,Domain,,csharp
class_1799,OrderManagerClass_1799,Domain,,csharp
class_1800,OrderManagerClass_1800,Domain,,csharp
class_1801,OrderManagerClass_1801,Domain,,csharp
class_1802,OrderManagerClass_1802,Domain,,csharp
class_1803,OrderManagerClass_1803,Domain,,csharp
class_1804,OrderManagerClass_1804,Domain,,csharp
class_1805,OrderManagerClass_1805,Domain,,csharp
class_1806,OrderManagerClass_1806,Domain,,csharp
class_1807,OrderManagerClass_1807,Domain,,csharp
class_1808,OrderManagerClass_1808,Domain,,csharp
class_1809,OrderManagerClass_1809,Domain,,csharp
class_1810,OrderManagerClass_1810,Domain,,csharp
class_1811,OrderManagerClass_1811,Domain,,csharp
class_1812,OrderManagerClass_1812,Domain,,csharp
class_1813,OrderManagerClass_1813,Domain,,csharp
class_1814,OrderManagerClass_1814,Domain,,csharp
class_1815,OrderManagerClass_1815,Domain,,csharp
class_1816,OrderManagerClass_1816,Domain,,csharp
class_1817,OrderManagerClass_1817,Domain,,csharp
class_1818,OrderManagerClass_1818,Domain,,csharp
class_1819,OrderManagerClass_1819,Domain,,csharp
class_1820,OrderManagerClass_1820,Domain,,csharp
class_1821,OrderManagerClass_1821,Domain,,csharp
class_1822,OrderManagerClass_1822,Domain,,csharp
class_1823,OrderManagerClass_1823,Domain,,csharp
class_1824,OrderManagerClass_1824,Domain,,csharp
class_1825,OrderManagerClass_1825,Domain,,csharp
class_1826,OrderManagerClass_1826,Domain,,csharp
class_1827,OrderManagerClass_1827,Domain,,csharp
class_1828,OrderManagerClass_1828,Domain,,csharp
class_1829,OrderManagerClass_1829,Domain,,csharp
class_1830,OrderManagerClass_1830,Domain,,csharp
class_1831,OrderManagerClass_1831,Domain,,csharp
class_1832,OrderManagerClass_1832,Domain,,csharp
class_1833,OrderManagerClass_1833,Domain,,csharp
class_1834,OrderManagerClass_1834,Domain,,csharp
class_1835,OrderManagerClass_1835,Domain,,csharp
class_1836,OrderManagerClass_1836,Domain,,csharp
class_1837,OrderManagerClass_1837,Domain,,csharp
class_1838,OrderManagerClass_1838,Domain,,csharp
class_1839,OrderManagerClass_1839,Domain,,csharp
class_1840,OrderManagerClass_1840,Domain,,csharp
class_1841,OrderManagerClass_1841,Domain,,csharp
class_1842,OrderManagerClass_1842,Domain,,csharp
class_1843,OrderManagerClass_1843,Domain,,csharp
class_1844,OrderManagerClass_1844,Domain,,csharp
class_1845,OrderManagerClass_1845,Domain,,csharp
class_1846,OrderManagerClass_1846,Domain,,csharp
class_1847,OrderManagerClass_1847,Domain,,csharp
class_1848,OrderManagerClass_1848,Domain,,csharp
class_1849,OrderManagerClass_1849,Domain,,csharp
class_1850,OrderManagerClass_1850,Domain,,csharp
class_1851,OrderManagerClass_1851,Domain,,csharp
class_1852,OrderManagerClass_1852,Domain,,csharp
class_1853,OrderManagerClass_1853,Domain,,csharp
class_1854,OrderManagerClass_1854,Domain,,csharp
class_1855,OrderManagerClass_1855,Domain,,csharp
class_1856,OrderManagerClass_1856,Domain,,csharp
class_1857,OrderManagerClass_1857,Domain,,csharp
class_1858,OrderManagerClass_1858,Domain,,csharp
class_1859,OrderManagerClass_1859,Domain,,csharp
class_1860,OrderManagerClass_1860,Domain,,csharp
class_1861,OrderManagerClass_1861,Domain,,csharp
class_1862,OrderManagerClass_1862,Domain,,csharp
class_1863,OrderManagerClass_1863,Domain,,csharp
class_1864,OrderManagerClass_1864,Domain,,csharp
class_1865,OrderManagerClass_1865,Domain,,csharp
class_1866,OrderManagerClass_1866,Domain,,csharp
class_1867,OrderManagerClass_1867,Domain,,csharp
class_1868,OrderManagerClass_1868,Domain,,csharp
class_1869,OrderManagerClass_1869,Domain,,csharp
class_1870,OrderManagerClass_1870,Domain,,csharp
class_1871,OrderManagerClass_1871,Domain,,csharp
class_1872,OrderManagerClass_1872,Domain,,csharp
class_1873,OrderManagerClass_1873,Domain,,csharp
class_1874,OrderManagerClass_1874,Domain,,csharp
class_1875,OrderManagerClass_1875,Domain,,csharp
class_1876,OrderManagerClass_1876,Domain,,csharp
class_1877,OrderManagerClass_1877,Domain,,csharp
class_1878,OrderManagerClass_1878,Domain,,csharp
class_1879,OrderManagerClass_1879,Domain,,csharp
class_1880,OrderManagerClass_1880,Domain,,csharp
class_1881,OrderManagerClass_1881,Domain,,csharp
class_1882,OrderManagerClass_1882,Domain,,csharp
class_1883,OrderManagerClass_1883,Domain,,csharp
class_1884,OrderManagerClass_1884,Domain,,csharp
class_1885,OrderManagerClass_1885,Domain,,csharp
class_1886,OrderManagerClass_1886,Domain,,csharp
class_1887,OrderManagerClass_1887,Domain,,csharp
class_1888,OrderManagerClass_1888,Domain,,csharp
class_1889,OrderManagerClass_1889,Domain,,csharp
class_1890,OrderManagerClass_1890,Domain,,csharp
class_1891,OrderManagerClass_1891,Domain,,csharp
class_1892,OrderManagerClass_1892,Domain,,csharp
class_1893,OrderManagerClass_1893,Domain,,csharp
class_1894,OrderManagerClass_1894,Domain,,csharp
class_1895,OrderManagerClass_1895,Domain,,csharp
class_1896,OrderManagerClass_1896,Domain,,csharp
class_1897,OrderManagerClass_1897,Domain,,csharp
class_1898,OrderManagerClass_1898,Domain,,csharp
class_1899,OrderManagerClass_1899,Domain,,csharp
class_1900,OrderManagerClass_1900,Domain,,csharp
class_1901,OrderManagerClass_1901,Domain,,csharp
class_1902,OrderManagerClass_1902,Domain,,csharp
class_1903,OrderManagerClass_1903,Domain,,csharp
class_1904,OrderManagerClass_1904,Domain,,csharp
class_1905,OrderManagerClass_1905,Domain,,csharp
class_1906,OrderManagerClass_1906,Domain,,csharp
class_1907,OrderManagerClass_1907,Domain,,csharp
class_1908,OrderManagerClass_1908,Domain,,csharp
class_1909,OrderManagerClass_1909,Domain,,csharp
class_1910,OrderManagerClass_1910,Domain,,csharp
class_1911,OrderManagerClass_1911,Domain,,csharp
class_1912,OrderManagerClass_1912,Domain,,csharp
class_1913,OrderManagerClass_1913,Domain,,csharp
class_1914,OrderManagerClass_1914,Domain,,csharp
class_1915,OrderManagerClass_1915,Domain,,csharp
class_1916,OrderManagerClass_1916,Domain,,csharp
class_1917,OrderManagerClass_1917,Domain,,csharp
class_1918,OrderManagerClass_1918,Domain,,csharp
class_1919,OrderManagerClass_1919,Domain,,csharp
class_1920,OrderManagerClass_1920,Domain,,csharp
class_1921,OrderManagerClass_1921,Domain,,csharp
class_1922,OrderManagerClass_1922,Domain,,csharp
class_1923,OrderManagerClass_1923,Domain,,csharp
class_1924,OrderManagerClass_1924,Domain,,csharp
class_1925,OrderManagerClass_1925,Domain,,csharp
class_1926,OrderManagerClass_1926,Domain,,csharp
class_1927,OrderManagerClass_1927,Domain,,csharp
class_1928,OrderManagerClass_1928,Domain,,csharp
class_1929,OrderManagerClass_1929,Domain,,csharp
class_1930,OrderManagerClass_1930,Domain,,csharp
class_1931,OrderManagerClass_1931,Domain,,csharp
class_1932,OrderManagerClass_1932,Domain,,csharp
class_1933,OrderManagerClass_1933,Domain,,csharp
class_1934,OrderManagerClass_1934,Domain,,csharp
class_1935,OrderManagerClass_1935,Domain,,csharp
class_1936,OrderManagerClass_1936,Domain,,csharp
class_1937,OrderManagerClass_1937,Domain,,csharp
class_1938,OrderManagerClass_1938,Domain,,csharp
class_1939,OrderManagerClass_1939,Domain,,csharp
class_1940,OrderManagerClass_1940,Domain,,csharp
class_1941,OrderManagerClass_1941,Domain,,csharp
class_1942,OrderManagerClass_1942,Domain,,csharp
class_1943,OrderManagerClass_1943,Domain,,csharp
class_1944,OrderManagerClass_1944,Domain,,csharp
class_1945,OrderManagerClass_1945,Domain,,csharp
class_1946,OrderManagerClass_1946,Domain,,csharp
class_1947,OrderManagerClass_1947,Domain,,csharp
class_1948,OrderManagerClass_1948,Domain,,csharp
class_1949,OrderManagerClass_1949,Domain,,csharp
class_1950,OrderManagerClass_1950,Domain,,csharp
class_1951,OrderManagerClass_1951,Domain,,csharp
class_1952,OrderManagerClass_1952,Domain,,csharp
class_1953,OrderManagerClass_1953,Domain,,csharp
class_1954,OrderManagerClass_1954,Domain,,csharp
class_1955,OrderManagerClass_1955,Domain,,csharp
class_1956,OrderManagerClass_1956,Domain,,csharp
class_1957,OrderManagerClass_1957,Domain,,csharp
class_1958,OrderManagerClass_1958,Domain,,csharp
class_1959,OrderManagerClass_1959,Domain,,csharp
class_1960,OrderManagerClass_1960,Domain,,csharp
class_1961,OrderManagerClass_1961,Domain,,csharp
class_1962,OrderManagerClass_1962,Domain,,csharp
class_1963,OrderManagerClass_1963,Domain,,csharp
class_1964,OrderManagerClass_1964,Domain,,csharp
class_1965,OrderManagerClass_1965,Domain,,csharp
class_1966,OrderManagerClass_1966,Domain,,csharp
class_1967,OrderManagerClass_1967,Domain,,csharp
class_1968,OrderManagerClass_1968,Domain,,csharp
class_1969,OrderManagerClass_1969,Domain,,csharp
class_1970,OrderManagerClass_1970,Domain,,csharp
class_1971,OrderManagerClass_1971,Domain,,csharp
class_1972,OrderManagerClass_1972,Domain,,csharp
class_1973,OrderManagerClass_1973,Domain,,csharp
class_1974,OrderManagerClass_1974,Domain,,csharp
class_1975,OrderManagerClass_1975,Domain,,csharp
class_1976,OrderManagerClass_1976,Domain,,csharp
class_1977,OrderManagerClass_1977,Domain,,csharp
class_1978,OrderManagerClass_1978,Domain,,csharp
class_1979,OrderManagerClass_1979,Domain,,csharp
class_1980,OrderManagerClass_1980,Domain,,csharp
class_1981,OrderManagerClass_1981,Domain,,csharp
class_1982,OrderManagerClass_1982,Domain,,csharp
class_1983,OrderManagerClass_1983,Domain,,csharp
class_1984,OrderManagerClass_1984,Domain,,csharp
class_1985,OrderManagerClass_1985,Domain,,csharp
class_1986,OrderManagerClass_1986,Domain,,csharp
class_1987,OrderManagerClass_1987,Domain,,csharp
class_1988,OrderManagerClass_1988,Domain,,csharp
class_1989,OrderManagerClass_1989,Domain,,csharp
class_1990,OrderManagerClass_1990,Domain,,csharp
class_1991,OrderManagerClass_1991,Domain,,csharp
class_1992,OrderManagerClass_1992,Domain,,csharp
class_1993,OrderManagerClass_1993,Domain,,csharp
class_1994,OrderManagerClass_1994,Domain,,csharp
class_1995,OrderManagerClass_1995,Domain,,csharp
class_1996,OrderManagerClass_1996,Domain,,csharp
class_1997,OrderManagerClass_1997,Domain,,csharp
class_1998,OrderManagerClass_1998,Domain,,csharp
class_1999,OrderManagerClass_1999,Domain,,csharp
class_2000,OrderManagerClass_2000,Domain,,csharp
class_2001,OrderManagerClass_2001,Domain,,csharp
class_2002,OrderManagerClass_2002,Domain,,csharp
class_2003,OrderManagerClass_2003,Domain,,csharp
class_2004,OrderManagerClass_2004,Domain,,csharp
class_2005,OrderManagerClass_2005,Domain,,csharp
class_2006,OrderManagerClass_2006,Domain,,csharp
class_2007,OrderManagerClass_2007,Domain,,csharp
class_2008,OrderManagerClass_2008,Domain,,csharp
class_2009,OrderManagerClass_2009,Domain,,csharp
class_2010,OrderManagerClass_2010,Domain,,csharp
class_2011,OrderManagerClass_2011,Domain,,csharp
class_2012,OrderManagerClass_2012,Domain,,csharp
class_2013,OrderManagerClass_2013,Domain,,csharp
class_2014,OrderManagerClass_2014,Domain,,csharp
class_2015,OrderManagerClass_2015,Domain,,csharp
class_2016,OrderManagerClass_2016,Domain,,csharp
class_2017,OrderManagerClass_2017,Domain,,csharp
class_2018,OrderManagerClass_2018,Domain,,csharp
class_2019,OrderManagerClass_2019,Domain,,csharp
class_2020,OrderManagerClass_2020,Domain,,csharp
class_2021,OrderManagerClass_2021,Domain,,csharp
class_2022,OrderManagerClass_2022,Domain,,csharp
class_2023,OrderManagerClass_2023,Domain,,csharp
class_2024,OrderManagerClass_2024,Domain,,csharp
class_2025,OrderManagerClass_2025,Domain,,csharp
class_2026,OrderManagerClass_2026,Domain,,csharp
class_2027,OrderManagerClass_2027,Domain,,csharp
class_2028,OrderManagerClass_2028,Domain,,csharp
class_2029,OrderManagerClass_2029,Domain,,csharp
class_2030,OrderManagerClass_2030,Domain,,csharp
class_2031,OrderManagerClass_2031,Domain,,csharp
class_2032,OrderManagerClass_2032,Domain,,csharp
class_2033,OrderManagerClass_2033,Domain,,csharp
class_2034,OrderManagerClass_2034,Domain,,csharp
class_2035,OrderManagerClass_2035,Domain,,csharp
class_2036,OrderManagerClass_2036,Domain,,csharp
class_2037,OrderManagerClass_2037,Domain,,csharp
class_2038,OrderManagerClass_2038,Domain,,csharp
class_2039,OrderManagerClass_2039,Domain,,csharp
class_2040,OrderManagerClass_2040,Domain,,csharp
class_2041,OrderManagerClass_2041,Domain,,csharp
class_2042,OrderManagerClass_2042,Domain,,csharp
class_2043,OrderManagerClass_2043,Domain,,csharp
class_2044,OrderManagerClass_2044,Domain,,csharp
class_2045,OrderManagerClass_2045,Domain,,csharp
class_2046,OrderManagerClass_2046,Domain,,csharp
class_2047,OrderManagerClass_2047,Domain,,csharp
class_2048,OrderManagerClass_2048,Domain,,csharp
class_2049,OrderManagerClass_2049,Domain,,csharp
class_2050,OrderManagerClass_2050,Domain,,csharp
class_2051,OrderManagerClass_2051,Domain,,csharp
class_2052,OrderManagerClass_2052,Domain,,csharp
class_2053,OrderManagerClass_2053,Domain,,csharp
class_2054,OrderManagerClass_2054,Domain,,csharp
class_2055,OrderManagerClass_2055,Domain,,csharp
class_2056,OrderManagerClass_2056,Domain,,csharp
class_2057,OrderManagerClass_2057,Domain,,csharp
class_2058,OrderManagerClass_2058,Domain,,csharp
class_2059,OrderManagerClass_2059,Domain,,csharp
class_2060,OrderManagerClass_2060,Domain,,csharp
class_2061,OrderManagerClass_2061,Domain,,csharp
class_2062,OrderManagerClass_2062,Domain,,csharp
class_2063,OrderManagerClass_2063,Domain,,csharp
class_2064,OrderManagerClass_2064,Domain,,csharp
class_2065,OrderManagerClass_2065,Domain,,csharp
class_2066,OrderManagerClass_2066,Domain,,csharp
class_2067,OrderManagerClass_2067,Domain,,csharp
class_2068,OrderManagerClass_2068,Domain,,csharp
class_2069,OrderManagerClass_2069,Domain,,csharp
class_2070,OrderManagerClass_2070,Domain,,csharp
class_2071,OrderManagerClass_2071,Domain,,csharp
class_2072,OrderManagerClass_2072,Domain,,csharp
class_2073,OrderManagerClass_2073,Domain,,csharp
class_2074,OrderManagerClass_2074,Domain,,csharp
class_2075,OrderManagerClass_2075,Domain,,csharp
class_2076,OrderManagerClass_2076,Domain,,csharp
class_2077,OrderManagerClass_2077,Domain,,csharp
class_2078,OrderManagerClass_2078,Domain,,csharp
class_2079,OrderManagerClass_2079,Domain,,csharp
class_2080,OrderManagerClass_2080,Domain,,csharp
class_2081,OrderManagerClass_2081,Domain,,csharp
class_2082,OrderManagerClass_2082,Domain,,csharp
class_2083,OrderManagerClass_2083,Domain,,csharp
class_2084,OrderManagerClass_2084,Domain,,csharp
class_2085,OrderManagerClass_2085,Domain,,csharp
class_2086,OrderManagerClass_2086,Domain,,csharp
class_2087,OrderManagerClass_2087,Domain,,csharp
class_2088,OrderManagerClass_2088,Domain,,csharp
class_2089,OrderManagerClass_2089,Domain,,csharp
class_2090,OrderManagerClass_2090,Domain,,csharp
class_2091,OrderManagerClass_2091,Domain,,csharp
class_2092,OrderManagerClass_2092,Domain,,csharp
class_2093,OrderManagerClass_2093,Domain,,csharp
class_2094,OrderManagerClass_2094,Domain,,csharp
class_2095,OrderManagerClass_2095,Domain,,csharp
class_2096,OrderManagerClass_2096,Domain,,csharp
class_2097,OrderManagerClass_2097,Domain,,csharp
class_2098,OrderManagerClass_2098,Domain,,csharp
class_2099,OrderManagerClass_2099,Domain,,csharp
class_2100,OrderManagerClass_2100,Domain,,csharp
class_2101,OrderManagerClass_2101,Domain,,csharp
class_2102,OrderManagerClass_2102,Domain,,csharp
class_2103,OrderManagerClass_2103,Domain,,csharp
class_2104,OrderManagerClass_2104,Domain,,csharp
class_2105,OrderManagerClass_2105,Domain,,csharp
class_2106,OrderManagerClass_2106,Domain,,csharp
class_2107,OrderManagerClass_2107,Domain,,csharp
class_2108,OrderManagerClass_2108,Domain,,csharp
class_2109,OrderManagerClass_2109,Domain,,csharp
class_2110,OrderManagerClass_2110,Domain,,csharp
class_2111,OrderManagerClass_2111,Domain,,csharp
class_2112,OrderManagerClass_2112,Domain,,csharp
class_2113,OrderManagerClass_2113,Domain,,csharp
class_2114,OrderManagerClass_2114,Domain,,csharp
class_2115,OrderManagerClass_2115,Domain,,csharp
class_2116,OrderManagerClass_2116,Domain,,csharp
class_2117,OrderManagerClass_2117,Domain,,csharp
class_2118,OrderManagerClass_2118,Domain,,csharp
class_2119,OrderManagerClass_2119,Domain,,csharp
class_2120,OrderManagerClass_2120,Domain,,csharp
class_2121,OrderManagerClass_2121,Domain,,csharp
class_2122,OrderManagerClass_2122,Domain,,csharp
class_2123,OrderManagerClass_2123,Domain,,csharp
class_2124,OrderManagerClass_2124,Domain,,csharp
class_2125,OrderManagerClass_2125,Domain,,csharp
class_2126,OrderManagerClass_2126,Domain,,csharp
class_2127,OrderManagerClass_2127,Domain,,csharp
class_2128,OrderManagerClass_2128,Domain,,csharp
class_2129,OrderManagerClass_2129,Domain,,csharp
class_2130,OrderManagerClass_2130,Domain,,csharp
class_2131,OrderManagerClass_2131,Domain,,csharp
class_2132,OrderManagerClass_2132,Domain,,csharp
class_2133,OrderManagerClass_2133,Domain,,csharp
class_2134,OrderManagerClass_2134,Domain,,csharp
class_2135,OrderManagerClass_2135,Domain,,csharp
class_2136,OrderManagerClass_2136,Domain,,csharp
class_2137,OrderManagerClass_2137,Domain,,csharp
class_2138,OrderManagerClass_2138,Domain,,csharp
class_2139,OrderManagerClass_2139,Domain,,csharp
class_2140,OrderManagerClass_2140,Domain,,csharp
class_2141,OrderManagerClass_2141,Domain,,csharp
class_2142,OrderManagerClass_2142,Domain,,csharp
class_2143,OrderManagerClass_2143,Domain,,csharp
class_2144,OrderManagerClass_2144,Domain,,csharp
class_2145,OrderManagerClass_2145,Domain,,csharp
class_2146,OrderManagerClass_2146,Domain,,csharp
class_2147,OrderManagerClass_2147,Domain,,csharp
class_2148,OrderManagerClass_2148,Domain,,csharp
class_2149,OrderManagerClass_2149,Domain,,csharp
class_2150,OrderManagerClass_2150,Domain,,csharp
class_2151,OrderManagerClass_2151,Domain,,csharp
class_2152,OrderManagerClass_2152,Domain,,csharp
class_2153,OrderManagerClass_2153,Domain,,csharp
class_2154,OrderManagerClass_2154,Domain,,csharp
class_2155,OrderManagerClass_2155,Domain,,csharp
class_2156,OrderManagerClass_2156,Domain,,csharp
class_2157,OrderManagerClass_2157,Domain,,csharp
class_2158,OrderManagerClass_2158,Domain,,csharp
class_2159,OrderManagerClass_2159,Domain,,csharp
class_2160,OrderManagerClass_2160,Domain,,csharp
class_2161,OrderManagerClass_2161,Domain,,csharp
class_2162,OrderManagerClass_2162,Domain,,csharp
class_2163,OrderManagerClass_2163,Domain,,csharp
class_2164,OrderManagerClass_2164,Domain,,csharp
class_2165,OrderManagerClass_2165,Domain,,csharp
class_2166,OrderManagerClass_2166,Domain,,csharp
class_2167,OrderManagerClass_2167,Domain,,csharp
class_2168,OrderManagerClass_2168,Domain,,csharp
class_2169,OrderManagerClass_2169,Domain,,csharp
class_2170,OrderManagerClass_2170,Domain,,csharp
class_2171,OrderManagerClass_2171,Domain,,csharp
class_2172,OrderManagerClass_2172,Domain,,csharp
class_2173,OrderManagerClass_2173,Domain,,csharp
class_2174,OrderManagerClass_2174,Domain,,csharp
class_2175,OrderManagerClass_2175,Domain,,csharp
class_2176,OrderManagerClass_2176,Domain,,csharp
class_2177,OrderManagerClass_2177,Domain,,csharp
class_2178,OrderManagerClass_2178,Domain,,csharp
class_2179,OrderManagerClass_2179,Domain,,csharp
class_2180,OrderManagerClass_2180,Domain,,csharp
class_2181,OrderManagerClass_2181,Domain,,csharp
class_2182,OrderManagerClass_2182,Domain,,csharp
class_2183,OrderManagerClass_2183,Domain,,csharp
class_2184,OrderManagerClass_2184,Domain,,csharp
class_2185,OrderManagerClass_2185,Domain,,csharp
class_2186,OrderManagerClass_2186,Domain,,csharp
class_2187,OrderManagerClass_2187,Domain,,csharp
class_2188,OrderManagerClass_2188,Domain,,csharp
class_2189,OrderManagerClass_2189,Domain,,csharp
class_2190,OrderManagerClass_2190,Domain,,csharp
class_2191,OrderManagerClass_2191,Domain,,csharp
class_2192,OrderManagerClass_2192,Domain,,csharp
class_2193,OrderManagerClass_2193,Domain,,csharp
class_2194,OrderManagerClass_2194,Domain,,csharp
class_2195,OrderManagerClass_2195,Domain,,csharp
class_2196,OrderManagerClass_2196,Domain,,csharp
class_2197,OrderManagerClass_2197,Domain,,csharp
class_2198,OrderManagerClass_2198,Domain,,csharp
class_2199,OrderManagerClass_2199,Domain,,csharp
class_2200,OrderManagerClass_2200,Domain,,csharp
class_2201,OrderManagerClass_2201,Domain,,csharp
class_2202,OrderManagerClass_2202,Domain,,csharp
class_2203,OrderManagerClass_2203,Domain,,csharp
class_2204,OrderManagerClass_2204,Domain,,csharp
class_2205,OrderManagerClass_2205,Domain,,csharp
class_2206,OrderManagerClass_2206,Domain,,csharp
class_2207,OrderManagerClass_2207,Domain,,csharp
class_2208,OrderManagerClass_2208,Domain,,csharp
class_2209,OrderManagerClass_2209,Domain,,csharp
class_2210,OrderManagerClass_2210,Domain,,csharp
class_2211,OrderManagerClass_2211,Domain,,csharp
class_2212,OrderManagerClass_2212,Domain,,csharp
class_2213,OrderManagerClass_2213,Domain,,csharp
class_2214,OrderManagerClass_2214,Domain,,csharp
class_2215,OrderManagerClass_2215,Domain,,csharp
class_2216,OrderManagerClass_2216,Domain,,csharp
class_2217,OrderManagerClass_2217,Domain,,csharp
class_2218,OrderManagerClass_2218,Domain,,csharp
class_2219,OrderManagerClass_2219,Domain,,csharp
class_2220,OrderManagerClass_2220,Domain,,csharp
class_2221,OrderManagerClass_2221,Domain,,csharp
class_2222,OrderManagerClass_2222,Domain,,csharp
class_2223,OrderManagerClass_2223,Domain,,csharp
class_2224,OrderManagerClass_2224,Domain,,csharp
class_2225,OrderManagerClass_2225,Domain,,csharp
class_2226,OrderManagerClass_2226,Domain,,csharp
class_2227,OrderManagerClass_2227,Domain,,csharp
class_2228,OrderManagerClass_2228,Domain,,csharp
class_2229,OrderManagerClass_2229,Domain,,csharp
class_2230,OrderManagerClass_2230,Domain,,csharp
class_2231,OrderManagerClass_2231,Domain,,csharp
class_2232,OrderManagerClass_2232,Domain,,csharp
class_2233,OrderManagerClass_2233,Domain,,csharp
class_2234,OrderManagerClass_2234,Domain,,csharp
class_2235,OrderManagerClass_2235,Domain,,csharp
class_2236,OrderManagerClass_2236,Domain,,csharp
class_2237,OrderManagerClass_2237,Domain,,csharp
class_2238,OrderManagerClass_2238,Domain,,csharp
class_2239,OrderManagerClass_2239,Domain,,csharp
class_2240,OrderManagerClass_2240,Domain,,csharp
class_2241,OrderManagerClass_2241,Domain,,csharp
class_2242,OrderManagerClass_2242,Domain,,csharp
class_2243,OrderManagerClass_2243,Domain,,csharp
class_2244,OrderManagerClass_2244,Domain,,csharp
class_2245,OrderManagerClass_2245,Domain,,csharp
class_2246,OrderManagerClass_2246,Domain,,csharp
class_2247,OrderManagerClass_2247,Domain,,csharp
class_2248,OrderManagerClass_2248,Domain,,csharp
class_2249,OrderManagerClass_2249,Domain,,csharp
class_2250,OrderManagerClass_2250,Domain,,csharp
class_2251,OrderManagerClass_2251,Domain,,csharp
class_2252,OrderManagerClass_2252,Domain,,csharp
class_2253,OrderManagerClass_2253,Domain,,csharp
class_2254,OrderManagerClass_2254,Domain,,csharp
class_2255,OrderManagerClass_2255,Domain,,csharp
class_2256,OrderManagerClass_2256,Domain,,csharp
class_2257,OrderManagerClass_2257,Domain,,csharp
class_2258,OrderManagerClass_2258,Domain,,csharp
class_2259,OrderManagerClass_2259,Domain,,csharp
class_2260,OrderManagerClass_2260,Domain,,csharp
class_2261,OrderManagerClass_2261,Domain,,csharp
class_2262,OrderManagerClass_2262,Domain,,csharp
class_2263,OrderManagerClass_2263,Domain,,csharp
class_2264,OrderManagerClass_2264,Domain,,csharp
class_2265,OrderManagerClass_2265,Domain,,csharp
class_2266,OrderManagerClass_2266,Domain,,csharp
class_2267,OrderManagerClass_2267,Domain,,csharp
class_2268,OrderManagerClass_2268,Domain,,csharp
class_2269,OrderManagerClass_2269,Domain,,csharp
class_2270,OrderManagerClass_2270,Domain,,csharp
class_2271,OrderManagerClass_2271,Domain,,csharp
class_2272,OrderManagerClass_2272,Domain,,csharp
class_2273,OrderManagerClass_2273,Domain,,csharp
class_2274,OrderManagerClass_2274,Domain,,csharp
class_2275,OrderManagerClass_2275,Domain,,csharp
class_2276,OrderManagerClass_2276,Domain,,csharp
class_2277,OrderManagerClass_2277,Domain,,csharp
class_2278,OrderManagerClass_2278,Domain,,csharp
class_2279,OrderManagerClass_2279,Domain,,csharp
class_2280,OrderManagerClass_2280,Domain,,csharp
class_2281,OrderManagerClass_2281,Domain,,csharp
class_2282,OrderManagerClass_2282,Domain,,csharp
class_2283,OrderManagerClass_2283,Domain,,csharp
class_2284,OrderManagerClass_2284,Domain,,csharp
class_2285,OrderManagerClass_2285,Domain,,csharp
class_2286,OrderManagerClass_2286,Domain,,csharp
class_2287,OrderManagerClass_2287,Domain,,csharp
class_2288,OrderManagerClass_2288,Domain,,csharp
class_2289,OrderManagerClass_2289,Domain,,csharp
class_2290,OrderManagerClass_2290,Domain,,csharp
class_2291,OrderManagerClass_2291,Domain,,csharp
class_2292,OrderManagerClass_2292,Domain,,csharp
class_2293,OrderManagerClass_2293,Domain,,csharp
class_2294,OrderManagerClass_2294,Domain,,csharp
class_2295,OrderManagerClass_2295,Domain,,csharp
class_2296,OrderManagerClass_2296,Domain,,csharp
class_2297,OrderManagerClass_2297,Domain,,csharp
class_2298,OrderManagerClass_2298,Domain,,csharp
class_2299,OrderManagerClass_2299,Domain,,csharp
class_2300,OrderManagerClass_2300,Domain,,csharp
class_2301,OrderManagerClass_2301,Domain,,csharp
class_2302,OrderManagerClass_2302,Domain,,csharp
class_2303,OrderManagerClass_2303,Domain,,csharp
class_2304,OrderManagerClass_2304,Domain,,csharp
class_2305,OrderManagerClass_2305,Domain,,csharp
class_2306,OrderManagerClass_2306,Domain,,csharp
class_2307,OrderManagerClass_2307,Domain,,csharp
class_2308,OrderManagerClass_2308,Domain,,csharp
class_2309,OrderManagerClass_2309,Domain,,csharp
class_2310,OrderManagerClass_2310,Domain,,csharp
class_2311,OrderManagerClass_2311,Domain,,csharp
class_2312,OrderManagerClass_2312,Domain,,csharp
class_2313,OrderManagerClass_2313,Domain,,csharp
class_2314,OrderManagerClass_2314,Domain,,csharp
class_2315,OrderManagerClass_2315,Domain,,csharp
class_2316,OrderManagerClass_2316,Domain,,csharp
class_2317,OrderManagerClass_2317,Domain,,csharp
class_2318,OrderManagerClass_2318,Domain,,csharp
class_2319,OrderManagerClass_2319,Domain,,csharp
class_2320,OrderManagerClass_2320,Domain,,csharp
class_2321,OrderManagerClass_2321,Domain,,csharp
class_2322,OrderManagerClass_2322,Domain,,csharp
class_2323,OrderManagerClass_2323,Domain,,csharp
class_2324,OrderManagerClass_2324,Domain,,csharp
class_2325,OrderManagerClass_2325,Domain,,csharp
class_2326,OrderManagerClass_2326,Domain,,csharp
class_2327,OrderManagerClass_2327,Domain,,csharp
class_2328,OrderManagerClass_2328,Domain,,csharp
class_2329,OrderManagerClass_2329,Domain,,csharp
class_2330,OrderManagerClass_2330,Domain,,csharp
class_2331,OrderManagerClass_2331,Domain,,csharp
class_2332,OrderManagerClass_2332,Domain,,csharp
class_2333,OrderManagerClass_2333,Domain,,csharp
class_2334,OrderManagerClass_2334,Domain,,csharp
class_2335,OrderManagerClass_2335,Domain,,csharp
class_2336,OrderManagerClass_2336,Domain,,csharp
class_2337,OrderManagerClass_2337,Domain,,csharp
class_2338,OrderManagerClass_2338,Domain,,csharp
class_2339,OrderManagerClass_2339,Domain,,csharp
class_2340,OrderManagerClass_2340,Domain,,csharp
class_2341,OrderManagerClass_2341,Domain,,csharp
class_2342,OrderManagerClass_2342,Domain,,csharp
class_2343,OrderManagerClass_2343,Domain,,csharp
class_2344,OrderManagerClass_2344,Domain,,csharp
class_2345,OrderManagerClass_2345,Domain,,csharp
class_2346,OrderManagerClass_2346,Domain,,csharp
class_2347,OrderManagerClass_2347,Domain,,csharp
class_2348,OrderManagerClass_2348,Domain,,csharp
class_2349,OrderManagerClass_2349,Domain,,csharp
class_2350,OrderManagerClass_2350,Domain,,csharp
class_2351,OrderManagerClass_2351,Domain,,csharp
class_2352,OrderManagerClass_2352,Domain,,csharp
class_2353,OrderManagerClass_2353,Domain,,csharp
class_2354,OrderManagerClass_2354,Domain,,csharp
class_2355,OrderManagerClass_2355,Domain,,csharp
class_2356,OrderManagerClass_2356,Domain,,csharp
class_2357,OrderManagerClass_2357,Domain,,csharp
class_2358,OrderManagerClass_2358,Domain,,csharp
class_2359,OrderManagerClass_2359,Domain,,csharp
class_2360,OrderManagerClass_2360,Domain,,csharp
class_2361,OrderManagerClass_2361,Domain,,csharp
class_2362,OrderManagerClass_2362,Domain,,csharp
class_2363,OrderManagerClass_2363,Domain,,csharp
class_2364,OrderManagerClass_2364,Domain,,csharp
class_2365,OrderManagerClass_2365,Domain,,csharp
class_2366,OrderManagerClass_2366,Domain,,csharp
class_2367,OrderManagerClass_2367,Domain,,csharp
class_2368,OrderManagerClass_2368,Domain,,csharp
class_2369,OrderManagerClass_2369,Domain,,csharp
class_2370,OrderManagerClass_2370,Domain,,csharp
class_2371,OrderManagerClass_2371,Domain,,csharp
class_2372,OrderManagerClass_2372,Domain,,csharp
class_2373,OrderManagerClass_2373,Domain,,csharp
class_2374,OrderManagerClass_2374,Domain,,csharp
class_2375,OrderManagerClass_2375,Domain,,csharp
class_2376,OrderManagerClass_2376,Domain,,csharp
class_2377,OrderManagerClass_2377,Domain,,csharp
class_2378,OrderManagerClass_2378,Domain,,csharp
class_2379,OrderManagerClass_2379,Domain,,csharp
class_2380,OrderManagerClass_2380,Domain,,csharp
class_2381,OrderManagerClass_2381,Domain,,csharp
class_2382,OrderManagerClass_2382,Domain,,csharp
class_2383,OrderManagerClass_2383,Domain,,csharp
class_2384,OrderManagerClass_2384,Domain,,csharp
class_2385,OrderManagerClass_2385,Domain,,csharp
class_2386,OrderManagerClass_2386,Domain,,csharp
class_2387,OrderManagerClass_2387,Domain,,csharp
class_2388,OrderManagerClass_2388,Domain,,csharp
class_2389,OrderManagerClass_2389,Domain,,csharp
class_2390,OrderManagerClass_2390,Domain,,csharp
class_2391,OrderManagerClass_2391,Domain,,csharp
class_2392,OrderManagerClass_2392,Domain,,csharp
class_2393,OrderManagerClass_2393,Domain,,csharp
class_2394,OrderManagerClass_2394,Domain,,csharp
class_2395,OrderManagerClass_2395,Domain,,csharp
class_2396,OrderManagerClass_2396,Domain,,csharp
class_2397,OrderManagerClass_2397,Domain,,csharp
class_2398,OrderManagerClass_2398,Domain,,csharp
class_2399,OrderManagerClass_2399,Domain,,csharp
class_2400,OrderManagerClass_2400,Domain,,csharp
class_2401,OrderManagerClass_2401,Domain,,csharp
class_2402,OrderManagerClass_2402,Domain,,csharp
class_2403,OrderManagerClass_2403,Domain,,csharp
class_2404,OrderManagerClass_2404,Domain,,csharp
class_2405,OrderManagerClass_2405,Domain,,csharp
class_2406,OrderManagerClass_2406,Domain,,csharp
class_2407,OrderManagerClass_2407,Domain,,csharp
class_2408,OrderManagerClass_2408,Domain,,csharp
class_2409,OrderManagerClass_2409,Domain,,csharp
class_2410,OrderManagerClass_2410,Domain,,csharp
class_2411,OrderManagerClass_2411,Domain,,csharp
class_2412,OrderManagerClass_2412,Domain,,csharp
class_2413,OrderManagerClass_2413,Domain,,csharp
class_2414,OrderManagerClass_2414,Domain,,csharp
class_2415,OrderManagerClass_2415,Domain,,csharp
class_2416,OrderManagerClass_2416,Domain,,csharp
class_2417,OrderManagerClass_2417,Domain,,csharp
class_2418,OrderManagerClass_2418,Domain,,csharp
class_2419,OrderManagerClass_2419,Domain,,csharp
class_2420,OrderManagerClass_2420,Domain,,csharp
class_2421,OrderManagerClass_2421,Domain,,csharp
class_2422,OrderManagerClass_2422,Domain,,csharp
class_2423,OrderManagerClass_2423,Domain,,csharp
class_2424,OrderManagerClass_2424,Domain,,csharp
class_2425,OrderManagerClass_2425,Domain,,csharp
class_2426,OrderManagerClass_2426,Domain,,csharp
class_2427,OrderManagerClass_2427,Domain,,csharp
class_2428,OrderManagerClass_2428,Domain,,csharp
class_2429,OrderManagerClass_2429,Domain,,csharp
class_2430,OrderManagerClass_2430,Domain,,csharp
class_2431,OrderManagerClass_2431,Domain,,csharp
class_2432,OrderManagerClass_2432,Domain,,csharp
class_2433,OrderManagerClass_2433,Domain,,csharp
class_2434,OrderManagerClass_2434,Domain,,csharp
class_2435,OrderManagerClass_2435,Domain,,csharp
class_2436,OrderManagerClass_2436,Domain,,csharp
class_2437,OrderManagerClass_2437,Domain,,csharp
class_2438,OrderManagerClass_2438,Domain,,csharp
class_2439,OrderManagerClass_2439,Domain,,csharp
class_2440,OrderManagerClass_2440,Domain,,csharp
class_2441,OrderManagerClass_2441,Domain,,csharp
class_2442,OrderManagerClass_2442,Domain,,csharp
class_2443,OrderManagerClass_2443,Domain,,csharp
class_2444,OrderManagerClass_2444,Domain,,csharp
class_2445,OrderManagerClass_2445,Domain,,csharp
class_2446,OrderManagerClass_2446,Domain,,csharp
class_2447,OrderManagerClass_2447,Domain,,csharp
class_2448,OrderManagerClass_2448,Domain,,csharp
class_2449,OrderManagerClass_2449,Domain,,csharp
class_2450,OrderManagerClass_2450,Domain,,csharp
class_2451,OrderManagerClass_2451,Domain,,csharp
class_2452,OrderManagerClass_2452,Domain,,csharp
class_2453,OrderManagerClass_2453,Domain,,csharp
class_2454,OrderManagerClass_2454,Domain,,csharp
class_2455,OrderManagerClass_2455,Domain,,csharp
class_2456,OrderManagerClass_2456,Domain,,csharp
class_2457,OrderManagerClass_2457,Domain,,csharp
class_2458,OrderManagerClass_2458,Domain,,csharp
class_2459,OrderManagerClass_2459,Domain,,csharp
class_2460,OrderManagerClass_2460,Domain,,csharp
class_2461,OrderManagerClass_2461,Domain,,csharp
class_2462,OrderManagerClass_2462,Domain,,csharp
class_2463,OrderManagerClass_2463,Domain,,csharp
class_2464,OrderManagerClass_2464,Domain,,csharp
class_2465,OrderManagerClass_2465,Domain,,csharp
class_2466,OrderManagerClass_2466,Domain,,csharp
class_2467,OrderManagerClass_2467,Domain,,csharp
class_2468,OrderManagerClass_2468,Domain,,csharp
class_2469,OrderManagerClass_2469,Domain,,csharp
class_2470,OrderManagerClass_2470,Domain,,csharp
class_2471,OrderManagerClass_2471,Domain,,csharp
class_2472,OrderManagerClass_2472,Domain,,csharp
class_2473,OrderManagerClass_2473,Domain,,csharp
class_2474,OrderManagerClass_2474,Domain,,csharp
class_2475,OrderManagerClass_2475,Domain,,csharp
class_2476,OrderManagerClass_2476,Domain,,csharp
class_2477,OrderManagerClass_2477,Domain,,csharp
class_2478,OrderManagerClass_2478,Domain,,csharp
class_2479,OrderManagerClass_2479,Domain,,csharp
class_2480,OrderManagerClass_2480,Domain,,csharp
class_2481,OrderManagerClass_2481,Domain,,csharp
class_2482,OrderManagerClass_2482,Domain,,csharp
class_2483,OrderManagerClass_2483,Domain,,csharp
class_2484,OrderManagerClass_2484,Domain,,csharp
class_2485,OrderManagerClass_2485,Domain,,csharp
class_2486,OrderManagerClass_2486,Domain,,csharp
class_2487,OrderManagerClass_2487,Domain,,csharp
class_2488,OrderManagerClass_2488,Domain,,csharp
class_2489,OrderManagerClass_2489,Domain,,csharp
class_2490,OrderManagerClass_2490,Domain,,csharp
class_2491,OrderManagerClass_2491,Domain,,csharp
class_2492,OrderManagerClass_2492,Domain,,csharp
class_2493,OrderManagerClass_2493,Domain,,csharp
class_2494,OrderManagerClass_2494,Domain,,csharp
class_2495,OrderManagerClass_2495,Domain,,csharp
class_2496,OrderManagerClass_2496,Domain,,csharp
class_2497,OrderManagerClass_2497,Domain,,csharp
class_2498,OrderManagerClass_2498,Domain,,csharp
class_2499,OrderManagerClass_2499,Domain,,csharp
class_2500,OrderManagerClass_2500,Domain,,csharp
class_2501,OrderManagerClass_2501,Domain,,csharp
class_2502,OrderManagerClass_2502,Domain,,csharp
class_2503,OrderManagerClass_2503,Domain,,csharp
class_2504,OrderManagerClass_2504,Domain,,csharp
class_2505,OrderManagerClass_2505,Domain,,csharp
class_2506,OrderManagerClass_2506,Domain,,csharp
class_2507,OrderManagerClass_2507,Domain,,csharp
class_2508,OrderManagerClass_2508,Domain,,csharp
class_2509,OrderManagerClass_2509,Domain,,csharp
class_2510,OrderManagerClass_2510,Domain,,csharp
class_2511,OrderManagerClass_2511,Domain,,csharp
class_2512,OrderManagerClass_2512,Domain,,csharp
class_2513,OrderManagerClass_2513,Domain,,csharp
class_2514,OrderManagerClass_2514,Domain,,csharp
class_2515,OrderManagerClass_2515,Domain,,csharp
class_2516,OrderManagerClass_2516,Domain,,csharp
class_2517,OrderManagerClass_2517,Domain,,csharp
class_2518,OrderManagerClass_2518,Domain,,csharp
class_2519,OrderManagerClass_2519,Domain,,csharp
class_2520,OrderManagerClass_2520,Domain,,csharp
class_2521,OrderManagerClass_2521,Domain,,csharp
class_2522,OrderManagerClass_2522,Domain,,csharp
class_2523,OrderManagerClass_2523,Domain,,csharp
class_2524,OrderManagerClass_2524,Domain,,csharp
class_2525,OrderManagerClass_2525,Domain,,csharp
class_2526,OrderManagerClass_2526,Domain,,csharp
class_2527,OrderManagerClass_2527,Domain,,csharp
class_2528,OrderManagerClass_2528,Domain,,csharp
class_2529,OrderManagerClass_2529,Domain,,csharp
class_2530,OrderManagerClass_2530,Domain,,csharp
class_2531,OrderManagerClass_2531,Domain,,csharp
class_2532,OrderManagerClass_2532,Domain,,csharp
class_2533,OrderManagerClass_2533,Domain,,csharp
class_2534,OrderManagerClass_2534,Domain,,csharp
class_2535,OrderManagerClass_2535,Domain,,csharp
class_2536,OrderManagerClass_2536,Domain,,csharp
class_2537,OrderManagerClass_2537,Domain,,csharp
class_2538,OrderManagerClass_2538,Domain,,csharp
class_2539,OrderManagerClass_2539,Domain,,csharp
class_2540,OrderManagerClass_2540,Domain,,csharp
class_2541,OrderManagerClass_2541,Domain,,csharp
class_2542,OrderManagerClass_2542,Domain,,csharp
class_2543,OrderManagerClass_2543,Domain,,csharp
class_2544,OrderManagerClass_2544,Domain,,csharp
class_2545,OrderManagerClass_2545,Domain,,csharp
class_2546,OrderManagerClass_2546,Domain,,csharp
class_2547,OrderManagerClass_2547,Domain,,csharp
class_2548,OrderManagerClass_2548,Domain,,csharp
class_2549,OrderManagerClass_2549,Domain,,csharp
class_2550,OrderManagerClass_2550,Domain,,csharp
class_2551,OrderManagerClass_2551,Domain,,csharp
class_2552,OrderManagerClass_2552,Domain,,csharp
class_2553,OrderManagerClass_2553,Domain,,csharp
class_2554,OrderManagerClass_2554,Domain,,csharp
class_2555,OrderManagerClass_2555,Domain,,csharp
class_2556,OrderManagerClass_2556,Domain,,csharp
class_2557,OrderManagerClass_2557,Domain,,csharp
class_2558,OrderManagerClass_2558,Domain,,csharp
class_2559,OrderManagerClass_2559,Domain,,csharp
class_2560,OrderManagerClass_2560,Domain,,csharp
class_2561,OrderManagerClass_2561,Domain,,csharp
class_2562,OrderManagerClass_2562,Domain,,csharp
class_2563,OrderManagerClass_2563,Domain,,csharp
class_2564,OrderManagerClass_2564,Domain,,csharp
class_2565,OrderManagerClass_2565,Domain,,csharp
class_2566,OrderManagerClass_2566,Domain,,csharp
class_2567,OrderManagerClass_2567,Domain,,csharp
class_2568,OrderManagerClass_2568,Domain,,csharp
class_2569,OrderManagerClass_2569,Domain,,csharp
class_2570,OrderManagerClass_2570,Domain,,csharp
class_2571,OrderManagerClass_2571,Domain,,csharp
class_2572,OrderManagerClass_2572,Domain,,csharp
class_2573,OrderManagerClass_2573,Domain,,csharp
class_2574,OrderManagerClass_2574,Domain,,csharp
class_2575,OrderManagerClass_2575,Domain,,csharp
class_2576,OrderManagerClass_2576,Domain,,csharp
class_2577,OrderManagerClass_2577,Domain,,csharp
class_2578,OrderManagerClass_2578,Domain,,csharp
class_2579,OrderManagerClass_2579,Domain,,csharp
class_2580,OrderManagerClass_2580,Domain,,csharp
class_2581,OrderManagerClass_2581,Domain,,csharp
class_2582,OrderManagerClass_2582,Domain,,csharp
class_2583,OrderManagerClass_2583,Domain,,csharp
class_2584,OrderManagerClass_2584,Domain,,csharp
class_2585,OrderManagerClass_2585,Domain,,csharp
class_2586,OrderManagerClass_2586,Domain,,csharp
class_2587,OrderManagerClass_2587,Domain,,csharp
class_2588,OrderManagerClass_2588,Domain,,csharp
class_2589,OrderManagerClass_2589,Domain,,csharp
class_2590,OrderManagerClass_2590,Domain,,csharp
class_2591,OrderManagerClass_2591,Domain,,csharp
class_2592,OrderManagerClass_2592,Domain,,csharp
class_2593,OrderManagerClass_2593,Domain,,csharp
class_2594,OrderManagerClass_2594,Domain,,csharp
class_2595,OrderManagerClass_2595,Domain,,csharp
class_2596,OrderManagerClass_2596,Domain,,csharp
class_2597,OrderManagerClass_2597,Domain,,csharp
class_2598,OrderManagerClass_2598,Domain,,csharp
class_2599,OrderManagerClass_2599,Domain,,csharp
class_2600,OrderManagerClass_2600,Domain,,csharp
class_2601,OrderManagerClass_2601,Domain,,csharp
class_2602,OrderManagerClass_2602,Domain,,csharp
class_2603,OrderManagerClass_2603,Domain,,csharp
class_2604,OrderManagerClass_2604,Domain,,csharp
class_2605,OrderManagerClass_2605,Domain,,csharp
class_2606,OrderManagerClass_2606,Domain,,csharp
class_2607,OrderManagerClass_2607,Domain,,csharp
class_2608,OrderManagerClass_2608,Domain,,csharp
class_2609,OrderManagerClass_2609,Domain,,csharp
class_2610,OrderManagerClass_2610,Domain,,csharp
class_2611,OrderManagerClass_2611,Domain,,csharp
class_2612,OrderManagerClass_2612,Domain,,csharp
class_2613,OrderManagerClass_2613,Domain,,csharp
class_2614,OrderManagerClass_2614,Domain,,csharp
class_2615,OrderManagerClass_2615,Domain,,csharp
class_2616,OrderManagerClass_2616,Domain,,csharp
class_2617,OrderManagerClass_2617,Domain,,csharp
class_2618,OrderManagerClass_2618,Domain,,csharp
class_2619,OrderManagerClass_2619,Domain,,csharp
class_2620,OrderManagerClass_2620,Domain,,csharp
class_2621,OrderManagerClass_2621,Domain,,csharp
class_2622,OrderManagerClass_2622,Domain,,csharp
class_2623,OrderManagerClass_2623,Domain,,csharp
class_2624,OrderManagerClass_2624,Domain,,csharp
class_2625,OrderManagerClass_2625,Domain,,csharp
class_2626,OrderManagerClass_2626,Domain,,csharp
class_2627,OrderManagerClass_2627,Domain,,csharp
class_2628,OrderManagerClass_2628,Domain,,csharp
class_2629,OrderManagerClass_2629,Domain,,csharp
class_2630,OrderManagerClass_2630,Domain,,csharp
class_2631,OrderManagerClass_2631,Domain,,csharp
class_2632,OrderManagerClass_2632,Domain,,csharp
class_2633,OrderManagerClass_2633,Domain,,csharp
class_2634,OrderManagerClass_2634,Domain,,csharp
class_2635,OrderManagerClass_2635,Domain,,csharp
class_2636,OrderManagerClass_2636,Domain,,csharp
class_2637,OrderManagerClass_2637,Domain,,csharp
class_2638,OrderManagerClass_2638,Domain,,csharp
class_2639,OrderManagerClass_2639,Domain,,csharp
class_2640,OrderManagerClass_2640,Domain,,csharp
class_2641,OrderManagerClass_2641,Domain,,csharp
class_2642,OrderManagerClass_2642,Domain,,csharp
class_2643,OrderManagerClass_2643,Domain,,csharp
class_2644,OrderManagerClass_2644,Domain,,csharp
class_2645,OrderManagerClass_2645,Domain,,csharp
class_2646,OrderManagerClass_2646,Domain,,csharp
class_2647,OrderManagerClass_2647,Domain,,csharp
class_2648,OrderManagerClass_2648,Domain,,csharp
class_2649,OrderManagerClass_2649,Domain,,csharp
class_2650,OrderManagerClass_2650,Domain,,csharp
class_2651,OrderManagerClass_2651,Domain,,csharp
class_2652,OrderManagerClass_2652,Domain,,csharp
class_2653,OrderManagerClass_2653,Domain,,csharp
class_2654,OrderManagerClass_2654,Domain,,csharp
class_2655,OrderManagerClass_2655,Domain,,csharp
class_2656,OrderManagerClass_2656,Domain,,csharp
class_2657,OrderManagerClass_2657,Domain,,csharp
class_2658,OrderManagerClass_2658,Domain,,csharp
class_2659,OrderManagerClass_2659,Domain,,csharp
class_2660,OrderManagerClass_2660,Domain,,csharp
class_2661,OrderManagerClass_2661,Domain,,csharp
class_2662,OrderManagerClass_2662,Domain,,csharp
class_2663,OrderManagerClass_2663,Domain,,csharp
class_2664,OrderManagerClass_2664,Domain,,csharp
class_2665,OrderManagerClass_2665,Domain,,csharp
class_2666,OrderManagerClass_2666,Domain,,csharp
class_2667,OrderManagerClass_2667,Domain,,csharp
class_2668,OrderManagerClass_2668,Domain,,csharp
class_2669,OrderManagerClass_2669,Domain,,csharp
class_2670,OrderManagerClass_2670,Domain,,csharp
class_2671,OrderManagerClass_2671,Domain,,csharp
class_2672,OrderManagerClass_2672,Domain,,csharp
class_2673,OrderManagerClass_2673,Domain,,csharp
class_2674,OrderManagerClass_2674,Domain,,csharp
class_2675,OrderManagerClass_2675,Domain,,csharp
class_2676,OrderManagerClass_2676,Domain,,csharp
class_2677,OrderManagerClass_2677,Domain,,csharp
class_2678,OrderManagerClass_2678,Domain,,csharp
class_2679,OrderManagerClass_2679,Domain,,csharp
class_2680,OrderManagerClass_2680,Domain,,csharp
class_2681,OrderManagerClass_2681,Domain,,csharp
class_2682,OrderManagerClass_2682,Domain,,csharp
class_2683,OrderManagerClass_2683,Domain,,csharp
class_2684,OrderManagerClass_2684,Domain,,csharp
class_2685,OrderManagerClass_2685,Domain,,csharp
class_2686,OrderManagerClass_2686,Domain,,csharp
class_2687,OrderManagerClass_2687,Domain,,csharp
class_2688,OrderManagerClass_2688,Domain,,csharp
class_2689,OrderManagerClass_2689,Domain,,csharp
class_2690,OrderManagerClass_2690,Domain,,csharp
class_2691,OrderManagerClass_2691,Domain,,csharp
class_2692,OrderManagerClass_2692,Domain,,csharp
class_2693,OrderManagerClass_2693,Domain,,csharp
class_2694,OrderManagerClass_2694,Domain,,csharp
class_2695,OrderManagerClass_2695,Domain,,csharp
class_2696,OrderManagerClass_2696,Domain,,csharp
class_2697,OrderManagerClass_2697,Domain,,csharp
class_2698,OrderManagerClass_2698,Domain,,csharp
class_2699,OrderManagerClass_2699,Domain,,csharp
class_2700,OrderManagerClass_2700,Domain,,csharp
class_2701,OrderManagerClass_2701,Domain,,csharp
class_2702,OrderManagerClass_2702,Domain,,csharp
class_2703,OrderManagerClass_2703,Domain,,csharp
class_2704,OrderManagerClass_2704,Domain,,csharp
class_2705,OrderManagerClass_2705,Domain,,csharp
class_2706,OrderManagerClass_2706,Domain,,csharp
class_2707,OrderManagerClass_2707,Domain,,csharp
class_2708,OrderManagerClass_2708,Domain,,csharp
class_2709,OrderManagerClass_2709,Domain,,csharp
class_2710,OrderManagerClass_2710,Domain,,csharp
class_2711,OrderManagerClass_2711,Domain,,csharp
class_2712,OrderManagerClass_2712,Domain,,csharp
class_2713,OrderManagerClass_2713,Domain,,csharp
class_2714,OrderManagerClass_2714,Domain,,csharp
class_2715,OrderManagerClass_2715,Domain,,csharp
class_2716,OrderManagerClass_2716,Domain,,csharp
class_2717,OrderManagerClass_2717,Domain,,csharp
class_2718,OrderManagerClass_2718,Domain,,csharp
class_2719,OrderManagerClass_2719,Domain,,csharp
class_2720,OrderManagerClass_2720,Domain,,csharp
class_2721,OrderManagerClass_2721,Domain,,csharp
class_2722,OrderManagerClass_2722,Domain,,csharp
class_2723,OrderManagerClass_2723,Domain,,csharp
class_2724,OrderManagerClass_2724,Domain,,csharp
class_2725,OrderManagerClass_2725,Domain,,csharp
class_2726,OrderManagerClass_2726,Domain,,csharp
class_2727,OrderManagerClass_2727,Domain,,csharp
class_2728,OrderManagerClass_2728,Domain,,csharp
class_2729,OrderManagerClass_2729,Domain,,csharp
class_2730,OrderManagerClass_2730,Domain,,csharp
class_2731,OrderManagerClass_2731,Domain,,csharp
class_2732,OrderManagerClass_2732,Domain,,csharp
class_2733,OrderManagerClass_2733,Domain,,csharp
class_2734,OrderManagerClass_2734,Domain,,csharp
class_2735,OrderManagerClass_2735,Domain,,csharp
class_2736,OrderManagerClass_2736,Domain,,csharp
class_2737,OrderManagerClass_2737,Domain,,csharp
class_2738,OrderManagerClass_2738,Domain,,csharp
class_2739,OrderManagerClass_2739,Domain,,csharp
class_2740,OrderManagerClass_2740,Domain,,csharp
class_2741,OrderManagerClass_2741,Domain,,csharp
class_2742,OrderManagerClass_2742,Domain,,csharp
class_2743,OrderManagerClass_2743,Domain,,csharp
class_2744,OrderManagerClass_2744,Domain,,csharp
class_2745,OrderManagerClass_2745,Domain,,csharp
class_2746,OrderManagerClass_2746,Domain,,csharp
class_2747,OrderManagerClass_2747,Domain,,csharp
class_2748,OrderManagerClass_2748,Domain,,csharp
class_2749,OrderManagerClass_2749,Domain,,csharp
class_2750,OrderManagerClass_2750,Domain,,csharp
class_2751,OrderManagerClass_2751,Domain,,csharp
class_2752,OrderManagerClass_2752,Domain,,csharp
class_2753,OrderManagerClass_2753,Domain,,csharp
class_2754,OrderManagerClass_2754,Domain,,csharp
class_2755,OrderManagerClass_2755,Domain,,csharp
class_2756,OrderManagerClass_2756,Domain,,csharp
class_2757,OrderManagerClass_2757,Domain,,csharp
class_2758,OrderManagerClass_2758,Domain,,csharp
class_2759,OrderManagerClass_2759,Domain,,csharp
class_2760,OrderManagerClass_2760,Domain,,csharp
class_2761,OrderManagerClass_2761,Domain,,csharp
class_2762,OrderManagerClass_2762,Domain,,csharp
class_2763,OrderManagerClass_2763,Domain,,csharp
class_2764,OrderManagerClass_2764,Domain,,csharp
class_2765,OrderManagerClass_2765,Domain,,csharp
class_2766,OrderManagerClass_2766,Domain,,csharp
class_2767,OrderManagerClass_2767,Domain,,csharp
class_2768,OrderManagerClass_2768,Domain,,csharp
class_2769,OrderManagerClass_2769,Domain,,csharp
class_2770,OrderManagerClass_2770,Domain,,csharp
class_2771,OrderManagerClass_2771,Domain,,csharp
class_2772,OrderManagerClass_2772,Domain,,csharp
class_2773,OrderManagerClass_2773,Domain,,csharp
class_2774,OrderManagerClass_2774,Domain,,csharp
class_2775,OrderManagerClass_2775,Domain,,csharp
class_2776,OrderManagerClass_2776,Domain,,csharp
class_2777,OrderManagerClass_2777,Domain,,csharp
class_2778,OrderManagerClass_2778,Domain,,csharp
class_2779,OrderManagerClass_2779,Domain,,csharp
class_2780,OrderManagerClass_2780,Domain,,csharp
class_2781,OrderManagerClass_2781,Domain,,csharp
class_2782,OrderManagerClass_2782,Domain,,csharp
class_2783,OrderManagerClass_2783,Domain,,csharp
class_2784,OrderManagerClass_2784,Domain,,csharp
class_2785,OrderManagerClass_2785,Domain,,csharp
class_2786,OrderManagerClass_2786,Domain,,csharp
class_2787,OrderManagerClass_2787,Domain,,csharp
class_2788,OrderManagerClass_2788,Domain,,csharp
class_2789,OrderManagerClass_2789,Domain,,csharp
class_2790,OrderManagerClass_2790,Domain,,csharp
class_2791,OrderManagerClass_2791,Domain,,csharp
class_2792,OrderManagerClass_2792,Domain,,csharp
class_2793,OrderManagerClass_2793,Domain,,csharp
class_2794,OrderManagerClass_2794,Domain,,csharp
class_2795,OrderManagerClass_2795,Domain,,csharp
class_2796,OrderManagerClass_2796,Domain,,csharp
class_2797,OrderManagerClass_2797,Domain,,csharp
class_2798,OrderManagerClass_2798,Domain,,csharp
class_2799,OrderManagerClass_2799,Domain,,csharp
class_2800,OrderManagerClass_2800,Domain,,csharp
class_2801,OrderManagerClass_2801,Domain,,csharp
class_2802,OrderManagerClass_2802,Domain,,csharp
class_2803,OrderManagerClass_2803,Domain,,csharp
class_2804,OrderManagerClass_2804,Domain,,csharp
class_2805,OrderManagerClass_2805,Domain,,csharp
class_2806,OrderManagerClass_2806,Domain,,csharp
class_2807,OrderManagerClass_2807,Domain,,csharp
class_2808,OrderManagerClass_2808,Domain,,csharp
class_2809,OrderManagerClass_2809,Domain,,csharp
class_2810,OrderManagerClass_2810,Domain,,csharp
class_2811,OrderManagerClass_2811,Domain,,csharp
class_2812,OrderManagerClass_2812,Domain,,csharp
class_2813,OrderManagerClass_2813,Domain,,csharp
class_2814,OrderManagerClass_2814,Domain,,csharp
class_2815,OrderManagerClass_2815,Domain,,csharp
class_2816,OrderManagerClass_2816,Domain,,csharp
class_2817,OrderManagerClass_2817,Domain,,csharp
class_2818,OrderManagerClass_2818,Domain,,csharp
class_2819,OrderManagerClass_2819,Domain,,csharp
class_2820,OrderManagerClass_2820,Domain,,csharp
class_2821,OrderManagerClass_2821,Domain,,csharp
class_2822,OrderManagerClass_2822,Domain,,csharp
class_2823,OrderManagerClass_2823,Domain,,csharp
class_2824,OrderManagerClass_2824,Domain,,csharp
class_2825,OrderManagerClass_2825,Domain,,csharp
class_2826,OrderManagerClass_2826,Domain,,csharp
class_2827,OrderManagerClass_2827,Domain,,csharp
class_2828,OrderManagerClass_2828,Domain,,csharp
class_2829,OrderManagerClass_2829,Domain,,csharp
class_2830,OrderManagerClass_2830,Domain,,csharp
class_2831,OrderManagerClass_2831,Domain,,csharp
class_2832,OrderManagerClass_2832,Domain,,csharp
class_2833,OrderManagerClass_2833,Domain,,csharp
class_2834,OrderManagerClass_2834,Domain,,csharp
class_2835,OrderManagerClass_2835,Domain,,csharp
class_2836,OrderManagerClass_2836,Domain,,csharp
class_2837,OrderManagerClass_2837,Domain,,csharp
class_2838,OrderManagerClass_2838,Domain,,csharp
class_2839,OrderManagerClass_2839,Domain,,csharp
class_2840,OrderManagerClass_2840,Domain,,csharp
class_2841,OrderManagerClass_2841,Domain,,csharp
class_2842,OrderManagerClass_2842,Domain,,csharp
class_2843,OrderManagerClass_2843,Domain,,csharp
class_2844,OrderManagerClass_2844,Domain,,csharp
class_2845,OrderManagerClass_2845,Domain,,csharp
class_2846,OrderManagerClass_2846,Domain,,csharp
class_2847,OrderManagerClass_2847,Domain,,csharp
class_2848,OrderManagerClass_2848,Domain,,csharp
class_2849,OrderManagerClass_2849,Domain,,csharp
class_2850,OrderManagerClass_2850,Domain,,csharp
class_2851,OrderManagerClass_2851,Domain,,csharp
class_2852,OrderManagerClass_2852,Domain,,csharp
class_2853,OrderManagerClass_2853,Domain,,csharp
class_2854,OrderManagerClass_2854,Domain,,csharp
class_2855,OrderManagerClass_2855,Domain,,csharp
class_2856,OrderManagerClass_2856,Domain,,csharp
class_2857,OrderManagerClass_2857,Domain,,csharp
class_2858,OrderManagerClass_2858,Domain,,csharp
class_2859,OrderManagerClass_2859,Domain,,csharp
class_2860,OrderManagerClass_2860,Domain,,csharp
class_2861,OrderManagerClass_2861,Domain,,csharp
class_2862,OrderManagerClass_2862,Domain,,csharp
class_2863,OrderManagerClass_2863,Domain,,csharp
class_2864,OrderManagerClass_2864,Domain,,csharp
class_2865,OrderManagerClass_2865,Domain,,csharp
class_2866,OrderManagerClass_2866,Domain,,csharp
class_2867,OrderManagerClass_2867,Domain,,csharp
class_2868,OrderManagerClass_2868,Domain,,csharp
class_2869,OrderManagerClass_2869,Domain,,csharp
class_2870,OrderManagerClass_2870,Domain,,csharp
class_2871,OrderManagerClass_2871,Domain,,csharp
class_2872,OrderManagerClass_2872,Domain,,csharp
class_2873,OrderManagerClass_2873,Domain,,csharp
class_2874,OrderManagerClass_2874,Domain,,csharp
class_2875,OrderManagerClass_2875,Domain,,csharp
class_2876,OrderManagerClass_2876,Domain,,csharp
class_2877,OrderManagerClass_2877,Domain,,csharp
class_2878,OrderManagerClass_2878,Domain,,csharp
class_2879,OrderManagerClass_2879,Domain,,csharp
class_2880,OrderManagerClass_2880,Domain,,csharp
class_2881,OrderManagerClass_2881,Domain,,csharp
class_2882,OrderManagerClass_2882,Domain,,csharp
class_2883,OrderManagerClass_2883,Domain,,csharp
class_2884,OrderManagerClass_2884,Domain,,csharp
class_2885,OrderManagerClass_2885,Domain,,csharp
class_2886,OrderManagerClass_2886,Domain,,csharp
class_2887,OrderManagerClass_2887,Domain,,csharp
class_2888,OrderManagerClass_2888,Domain,,csharp
class_2889,OrderManagerClass_2889,Domain,,csharp
class_2890,OrderManagerClass_2890,Domain,,csharp
class_2891,OrderManagerClass_2891,Domain,,csharp
class_2892,OrderManagerClass_2892,Domain,,csharp
class_2893,OrderManagerClass_2893,Domain,,csharp
class_2894,OrderManagerClass_2894,Domain,,csharp
class_2895,OrderManagerClass_2895,Domain,,csharp
class_2896,OrderManagerClass_2896,Domain,,csharp
class_2897,OrderManagerClass_2897,Domain,,csharp
class_2898,OrderManagerClass_2898,Domain,,csharp
class_2899,OrderManagerClass_2899,Domain,,csharp
class_2900,OrderManagerClass_2900,Domain,,csharp
class_2901,OrderManagerClass_2901,Domain,,csharp
class_2902,OrderManagerClass_2902,Domain,,csharp
class_2903,OrderManagerClass_2903,Domain,,csharp
class_2904,OrderManagerClass_2904,Domain,,csharp
class_2905,OrderManagerClass_2905,Domain,,csharp
class_2906,OrderManagerClass_2906,Domain,,csharp
class_2907,OrderManagerClass_2907,Domain,,csharp
class_2908,OrderManagerClass_2908,Domain,,csharp
class_2909,OrderManagerClass_2909,Domain,,csharp
class_2910,OrderManagerClass_2910,Domain,,csharp
class_2911,OrderManagerClass_2911,Domain,,csharp
class_2912,OrderManagerClass_2912,Domain,,csharp
class_2913,OrderManagerClass_2913,Domain,,csharp
class_2914,OrderManagerClass_2914,Domain,,csharp
class_2915,OrderManagerClass_2915,Domain,,csharp
class_2916,OrderManagerClass_2916,Domain,,csharp
class_2917,OrderManagerClass_2917,Domain,,csharp
class_2918,OrderManagerClass_2918,Domain,,csharp
class_2919,OrderManagerClass_2919,Domain,,csharp
class_2920,OrderManagerClass_2920,Domain,,csharp
class_2921,OrderManagerClass_2921,Domain,,csharp
class_2922,OrderManagerClass_2922,Domain,,csharp
class_2923,OrderManagerClass_2923,Domain,,csharp
class_2924,OrderManagerClass_2924,Domain,,csharp
class_2925,OrderManagerClass_2925,Domain,,csharp
class_2926,OrderManagerClass_2926,Domain,,csharp
class_2927,OrderManagerClass_2927,Domain,,csharp
class_2928,OrderManagerClass_2928,Domain,,csharp
class_2929,OrderManagerClass_2929,Domain,,csharp
class_2930,OrderManagerClass_2930,Domain,,csharp
class_2931,OrderManagerClass_2931,Domain,,csharp
class_2932,OrderManagerClass_2932,Domain,,csharp
class_2933,OrderManagerClass_2933,Domain,,csharp
class_2934,OrderManagerClass_2934,Domain,,csharp
class_2935,OrderManagerClass_2935,Domain,,csharp
class_2936,OrderManagerClass_2936,Domain,,csharp
class_2937,OrderManagerClass_2937,Domain,,csharp
class_2938,OrderManagerClass_2938,Domain,,csharp
class_2939,OrderManagerClass_2939,Domain,,csharp
class_2940,OrderManagerClass_2940,Domain,,csharp
class_2941,OrderManagerClass_2941,Domain,,csharp
class_2942,OrderManagerClass_2942,Domain,,csharp
class_2943,OrderManagerClass_2943,Domain,,csharp
class_2944,OrderManagerClass_2944,Domain,,csharp
class_2945,OrderManagerClass_2945,Domain,,csharp
class_2946,OrderManagerClass_2946,Domain,,csharp
class_2947,OrderManagerClass_2947,Domain,,csharp
class_2948,OrderManagerClass_2948,Domain,,csharp
class_2949,OrderManagerClass_2949,Domain,,csharp
class_2950,OrderManagerClass_2950,Domain,,csharp
class_2951,OrderManagerClass_2951,Domain,,csharp
class_2952,OrderManagerClass_2952,Domain,,csharp
class_2953,OrderManagerClass_2953,Domain,,csharp
class_2954,OrderManagerClass_2954,Domain,,csharp
class_2955,OrderManagerClass_2955,Domain,,csharp
class_2956,OrderManagerClass_2956,Domain,,csharp
class_2957,OrderManagerClass_2957,Domain,,csharp
class_2958,OrderManagerClass_2958,Domain,,csharp
class_2959,OrderManagerClass_2959,Domain,,csharp
class_2960,OrderManagerClass_2960,Domain,,csharp
class_2961,OrderManagerClass_2961,Domain,,csharp
class_2962,OrderManagerClass_2962,Domain,,csharp
class_2963,OrderManagerClass_2963,Domain,,csharp
class_2964,OrderManagerClass_2964,Domain,,csharp
class_2965,OrderManagerClass_2965,Domain,,csharp
class_2966,OrderManagerClass_2966,Domain,,csharp
class_2967,OrderManagerClass_2967,Domain,,csharp
class_2968,OrderManagerClass_2968,Domain,,csharp
class_2969,OrderManagerClass_2969,Domain,,csharp
class_2970,OrderManagerClass_2970,Domain,,csharp
class_2971,OrderManagerClass_2971,Domain,,csharp
class_2972,OrderManagerClass_2972,Domain,,csharp
class_2973,OrderManagerClass_2973,Domain,,csharp
class_2974,OrderManagerClass_2974,Domain,,csharp
class_2975,OrderManagerClass_2975,Domain,,csharp
class_2976,OrderManagerClass_2976,Domain,,csharp
class_2977,OrderManagerClass_2977,Domain,,csharp
class_2978,OrderManagerClass_2978,Domain,,csharp
class_2979,OrderManagerClass_2979,Domain,,csharp
class_2980,OrderManagerClass_2980,Domain,,csharp
class_2981,OrderManagerClass_2981,Domain,,csharp
class_2982,OrderManagerClass_2982,Domain,,csharp
class_2983,OrderManagerClass_2983,Domain,,csharp
class_2984,OrderManagerClass_2984,Domain,,csharp
class_2985,OrderManagerClass_2985,Domain,,csharp
class_2986,OrderManagerClass_2986,Domain,,csharp
class_2987,OrderManagerClass_2987,Domain,,csharp
class_2988,OrderManagerClass_2988,Domain,,csharp
class_2989,OrderManagerClass_2989,Domain,,csharp
class_2990,OrderManagerClass_2990,Domain,,csharp
class_2991,OrderManagerClass_2991,Domain,,csharp
class_2992,OrderManagerClass_2992,Domain,,csharp
class_2993,OrderManagerClass_2993,Domain,,csharp
class_2994,OrderManagerClass_2994,Domain,,csharp
class_2995,OrderManagerClass_2995,Domain,,csharp
class_2996,OrderManagerClass_2996,Domain,,csharp
class_2997,OrderManagerClass_2997,Domain,,csharp
class_2998,OrderManagerClass_2998,Domain,,csharp
class_2999,OrderManagerClass_2999,Domain,,csharp
class_3000,OrderManagerClass_3000,Domain,,csharp
class_3001,OrderManagerClass_3001,Domain,,csharp
class_3002,OrderManagerClass_3002,Domain,,csharp
class_3003,OrderManagerClass_3003,Domain,,csharp
class_3004,OrderManagerClass_3004,Domain,,csharp
class_3005,OrderManagerClass_3005,Domain,,csharp
class_3006,OrderManagerClass_3006,Domain,,csharp
class_3007,OrderManagerClass_3007,Domain,,csharp
class_3008,OrderManagerClass_3008,Domain,,csharp
class_3009,OrderManagerClass_3009,Domain,,csharp
class_3010,OrderManagerClass_3010,Domain,,csharp
class_3011,OrderManagerClass_3011,Domain,,csharp
class_3012,OrderManagerClass_3012,Domain,,csharp
class_3013,OrderManagerClass_3013,Domain,,csharp
class_3014,OrderManagerClass_3014,Domain,,csharp
class_3015,OrderManagerClass_3015,Domain,,csharp
class_3016,OrderManagerClass_3016,Domain,,csharp
class_3017,OrderManagerClass_3017,Domain,,csharp
class_3018,OrderManagerClass_3018,Domain,,csharp
class_3019,OrderManagerClass_3019,Domain,,csharp
class_3020,OrderManagerClass_3020,Domain,,csharp
class_3021,OrderManagerClass_3021,Domain,,csharp
class_3022,OrderManagerClass_3022,Domain,,csharp
class_3023,OrderManagerClass_3023,Domain,,csharp
class_3024,OrderManagerClass_3024,Domain,,csharp
class_3025,OrderManagerClass_3025,Domain,,csharp
class_3026,OrderManagerClass_3026,Domain,,csharp
class_3027,OrderManagerClass_3027,Domain,,csharp
class_3028,OrderManagerClass_3028,Domain,,csharp
class_3029,OrderManagerClass_3029,Domain,,csharp
class_3030,OrderManagerClass_3030,Domain,,csharp
class_3031,OrderManagerClass_3031,Domain,,csharp
class_3032,OrderManagerClass_3032,Domain,,csharp
class_3033,OrderManagerClass_3033,Domain,,csharp
class_3034,OrderManagerClass_3034,Domain,,csharp
class_3035,OrderManagerClass_3035,Domain,,csharp
class_3036,OrderManagerClass_3036,Domain,,csharp
class_3037,OrderManagerClass_3037,Domain,,csharp
class_3038,OrderManagerClass_3038,Domain,,csharp
class_3039,OrderManagerClass_3039,Domain,,csharp
class_3040,OrderManagerClass_3040,Domain,,csharp
class_3041,OrderManagerClass_3041,Domain,,csharp
class_3042,OrderManagerClass_3042,Domain,,csharp
class_3043,OrderManagerClass_3043,Domain,,csharp
class_3044,OrderManagerClass_3044,Domain,,csharp
class_3045,OrderManagerClass_3045,Domain,,csharp
class_3046,OrderManagerClass_3046,Domain,,csharp
class_3047,OrderManagerClass_3047,Domain,,csharp
class_3048,OrderManagerClass_3048,Domain,,csharp
class_3049,OrderManagerClass_3049,Domain,,csharp
class_3050,OrderManagerClass_3050,Domain,,csharp
class_3051,OrderManagerClass_3051,Domain,,csharp
class_3052,OrderManagerClass_3052,Domain,,csharp
class_3053,OrderManagerClass_3053,Domain,,csharp
class_3054,OrderManagerClass_3054,Domain,,csharp
class_3055,OrderManagerClass_3055,Domain,,csharp
class_3056,OrderManagerClass_3056,Domain,,csharp
class_3057,OrderManagerClass_3057,Domain,,csharp
class_3058,OrderManagerClass_3058,Domain,,csharp
class_3059,OrderManagerClass_3059,Domain,,csharp
class_3060,OrderManagerClass_3060,Domain,,csharp
class_3061,OrderManagerClass_3061,Domain,,csharp
class_3062,OrderManagerClass_3062,Domain,,csharp
class_3063,OrderManagerClass_3063,Domain,,csharp
class_3064,OrderManagerClass_3064,Domain,,csharp
class_3065,OrderManagerClass_3065,Domain,,csharp
class_3066,OrderManagerClass_3066,Domain,,csharp
class_3067,OrderManagerClass_3067,Domain,,csharp
class_3068,OrderManagerClass_3068,Domain,,csharp
class_3069,OrderManagerClass_3069,Domain,,csharp
class_3070,OrderManagerClass_3070,Domain,,csharp
class_3071,OrderManagerClass_3071,Domain,,csharp
class_3072,OrderManagerClass_3072,Domain,,csharp
class_3073,OrderManagerClass_3073,Domain,,csharp
class_3074,OrderManagerClass_3074,Domain,,csharp
class_3075,OrderManagerClass_3075,Domain,,csharp
class_3076,OrderManagerClass_3076,Domain,,csharp
class_3077,OrderManagerClass_3077,Domain,,csharp
class_3078,OrderManagerClass_3078,Domain,,csharp
class_3079,OrderManagerClass_3079,Domain,,csharp
class_3080,OrderManagerClass_3080,Domain,,csharp
class_3081,OrderManagerClass_3081,Domain,,csharp
class_3082,OrderManagerClass_3082,Domain,,csharp
class_3083,OrderManagerClass_3083,Domain,,csharp
class_3084,OrderManagerClass_3084,Domain,,csharp
class_3085,OrderManagerClass_3085,Domain,,csharp
class_3086,OrderManagerClass_3086,Domain,,csharp
class_3087,OrderManagerClass_3087,Domain,,csharp
class_3088,OrderManagerClass_3088,Domain,,csharp
class_3089,OrderManagerClass_3089,Domain,,csharp
class_3090,OrderManagerClass_3090,Domain,,csharp
class_3091,OrderManagerClass_3091,Domain,,csharp
class_3092,OrderManagerClass_3092,Domain,,csharp
class_3093,OrderManagerClass_3093,Domain,,csharp
class_3094,OrderManagerClass_3094,Domain,,csharp
class_3095,OrderManagerClass_3095,Domain,,csharp
class_3096,OrderManagerClass_3096,Domain,,csharp
class_3097,OrderManagerClass_3097,Domain,,csharp
class_3098,OrderManagerClass_3098,Domain,,csharp
class_3099,OrderManagerClass_3099,Domain,,csharp
class_3100,OrderManagerClass_3100,Domain,,csharp
class_3101,OrderManagerClass_3101,Domain,,csharp
class_3102,OrderManagerClass_3102,Domain,,csharp
class_3103,OrderManagerClass_3103,Domain,,csharp
class_3104,OrderManagerClass_3104,Domain,,csharp
class_3105,OrderManagerClass_3105,Domain,,csharp
class_3106,OrderManagerClass_3106,Domain,,csharp
class_3107,OrderManagerClass_3107,Domain,,csharp
class_3108,OrderManagerClass_3108,Domain,,csharp
class_3109,OrderManagerClass_3109,Domain,,csharp
class_3110,OrderManagerClass_3110,Domain,,csharp
class_3111,OrderManagerClass_3111,Domain,,csharp
class_3112,OrderManagerClass_3112,Domain,,csharp
class_3113,OrderManagerClass_3113,Domain,,csharp
class_3114,OrderManagerClass_3114,Domain,,csharp
class_3115,OrderManagerClass_3115,Domain,,csharp
class_3116,OrderManagerClass_3116,Domain,,csharp
class_3117,OrderManagerClass_3117,Domain,,csharp
class_3118,OrderManagerClass_3118,Domain,,csharp
class_3119,OrderManagerClass_3119,Domain,,csharp
class_3120,OrderManagerClass_3120,Domain,,csharp
class_3121,OrderManagerClass_3121,Domain,,csharp
class_3122,OrderManagerClass_3122,Domain,,csharp
class_3123,OrderManagerClass_3123,Domain,,csharp
class_3124,OrderManagerClass_3124,Domain,,csharp
class_3125,OrderManagerClass_3125,Domain,,csharp
class_3126,OrderManagerClass_3126,Domain,,csharp
class_3127,OrderManagerClass_3127,Domain,,csharp
class_3128,OrderManagerClass_3128,Domain,,csharp
class_3129,OrderManagerClass_3129,Domain,,csharp
class_3130,OrderManagerClass_3130,Domain,,csharp
class_3131,OrderManagerClass_3131,Domain,,csharp
class_3132,OrderManagerClass_3132,Domain,,csharp
class_3133,OrderManagerClass_3133,Domain,,csharp
class_3134,OrderManagerClass_3134,Domain,,csharp
class_3135,OrderManagerClass_3135,Domain,,csharp
class_3136,OrderManagerClass_3136,Domain,,csharp
class_3137,OrderManagerClass_3137,Domain,,csharp
class_3138,OrderManagerClass_3138,Domain,,csharp
class_3139,OrderManagerClass_3139,Domain,,csharp
class_3140,OrderManagerClass_3140,Domain,,csharp
class_3141,OrderManagerClass_3141,Domain,,csharp
class_3142,OrderManagerClass_3142,Domain,,csharp
class_3143,OrderManagerClass_3143,Domain,,csharp
class_3144,OrderManagerClass_3144,Domain,,csharp
class_3145,OrderManagerClass_3145,Domain,,csharp
class_3146,OrderManagerClass_3146,Domain,,csharp
class_3147,OrderManagerClass_3147,Domain,,csharp
class_3148,OrderManagerClass_3148,Domain,,csharp
class_3149,OrderManagerClass_3149,Domain,,csharp
class_3150,OrderManagerClass_3150,Domain,,csharp
class_3151,OrderManagerClass_3151,Domain,,csharp
class_3152,OrderManagerClass_3152,Domain,,csharp
class_3153,OrderManagerClass_3153,Domain,,csharp
class_3154,OrderManagerClass_3154,Domain,,csharp
class_3155,OrderManagerClass_3155,Domain,,csharp
class_3156,OrderManagerClass_3156,Domain,,csharp
class_3157,OrderManagerClass_3157,Domain,,csharp
class_3158,OrderManagerClass_3158,Domain,,csharp
class_3159,OrderManagerClass_3159,Domain,,csharp
class_3160,OrderManagerClass_3160,Domain,,csharp
class_3161,OrderManagerClass_3161,Domain,,csharp
class_3162,OrderManagerClass_3162,Domain,,csharp
class_3163,OrderManagerClass_3163,Domain,,csharp
class_3164,OrderManagerClass_3164,Domain,,csharp
class_3165,OrderManagerClass_3165,Domain,,csharp
class_3166,OrderManagerClass_3166,Domain,,csharp
class_3167,OrderManagerClass_3167,Domain,,csharp
class_3168,OrderManagerClass_3168,Domain,,csharp
class_3169,OrderManagerClass_3169,Domain,,csharp
class_3170,OrderManagerClass_3170,Domain,,csharp
class_3171,OrderManagerClass_3171,Domain,,csharp
class_3172,OrderManagerClass_3172,Domain,,csharp
class_3173,OrderManagerClass_3173,Domain,,csharp
class_3174,OrderManagerClass_3174,Domain,,csharp
class_3175,OrderManagerClass_3175,Domain,,csharp
class_3176,OrderManagerClass_3176,Domain,,csharp
class_3177,OrderManagerClass_3177,Domain,,csharp
class_3178,OrderManagerClass_3178,Domain,,csharp
class_3179,OrderManagerClass_3179,Domain,,csharp
class_3180,OrderManagerClass_3180,Domain,,csharp
class_3181,OrderManagerClass_3181,Domain,,csharp
class_3182,OrderManagerClass_3182,Domain,,csharp
class_3183,OrderManagerClass_3183,Domain,,csharp
class_3184,OrderManagerClass_3184,Domain,,csharp
class_3185,OrderManagerClass_3185,Domain,,csharp
class_3186,OrderManagerClass_3186,Domain,,csharp
class_3187,OrderManagerClass_3187,Domain,,csharp
class_3188,OrderManagerClass_3188,Domain,,csharp
class_3189,OrderManagerClass_3189,Domain,,csharp
class_3190,OrderManagerClass_3190,Domain,,csharp
class_3191,OrderManagerClass_3191,Domain,,csharp
class_3192,OrderManagerClass_3192,Domain,,csharp
class_3193,OrderManagerClass_3193,Domain,,csharp
class_3194,OrderManagerClass_3194,Domain,,csharp
class_3195,OrderManagerClass_3195,Domain,,csharp
class_3196,OrderManagerClass_3196,Domain,,csharp
class_3197,OrderManagerClass_3197,Domain,,csharp
class_3198,OrderManagerClass_3198,Domain,,csharp
class_3199,OrderManagerClass_3199,Domain,,csharp
class_3200,OrderManagerClass_3200,Domain,,csharp
class_3201,OrderManagerClass_3201,Domain,,csharp
class_3202,OrderManagerClass_3202,Domain,,csharp
class_3203,OrderManagerClass_3203,Domain,,csharp
class_3204,OrderManagerClass_3204,Domain,,csharp
class_3205,OrderManagerClass_3205,Domain,,csharp
class_3206,OrderManagerClass_3206,Domain,,csharp
class_3207,OrderManagerClass_3207,Domain,,csharp
class_3208,OrderManagerClass_3208,Domain,,csharp
class_3209,OrderManagerClass_3209,Domain,,csharp
class_3210,OrderManagerClass_3210,Domain,,csharp
class_3211,OrderManagerClass_3211,Domain,,csharp
class_3212,OrderManagerClass_3212,Domain,,csharp
class_3213,OrderManagerClass_3213,Domain,,csharp
class_3214,OrderManagerClass_3214,Domain,,csharp
class_3215,OrderManagerClass_3215,Domain,,csharp
class_3216,OrderManagerClass_3216,Domain,,csharp
class_3217,OrderManagerClass_3217,Domain,,csharp
class_3218,OrderManagerClass_3218,Domain,,csharp
class_3219,OrderManagerClass_3219,Domain,,csharp
class_3220,OrderManagerClass_3220,Domain,,csharp
class_3221,OrderManagerClass_3221,Domain,,csharp
class_3222,OrderManagerClass_3222,Domain,,csharp
class_3223,OrderManagerClass_3223,Domain,,csharp
class_3224,OrderManagerClass_3224,Domain,,csharp
class_3225,OrderManagerClass_3225,Domain,,csharp
class_3226,OrderManagerClass_3226,Domain,,csharp
class_3227,OrderManagerClass_3227,Domain,,csharp
class_3228,OrderManagerClass_3228,Domain,,csharp
class_3229,OrderManagerClass_3229,Domain,,csharp
class_3230,OrderManagerClass_3230,Domain,,csharp
class_3231,OrderManagerClass_3231,Domain,,csharp
class_3232,OrderManagerClass_3232,Domain,,csharp
class_3233,OrderManagerClass_3233,Domain,,csharp
class_3234,OrderManagerClass_3234,Domain,,csharp
class_3235,OrderManagerClass_3235,Domain,,csharp
class_3236,OrderManagerClass_3236,Domain,,csharp
class_3237,OrderManagerClass_3237,Domain,,csharp
class_3238,OrderManagerClass_3238,Domain,,csharp
class_3239,OrderManagerClass_3239,Domain,,csharp
class_3240,OrderManagerClass_3240,Domain,,csharp
class_3241,OrderManagerClass_3241,Domain,,csharp
class_3242,OrderManagerClass_3242,Domain,,csharp
class_3243,OrderManagerClass_3243,Domain,,csharp
class_3244,OrderManagerClass_3244,Domain,,csharp
class_3245,OrderManagerClass_3245,Domain,,csharp
class_3246,OrderManagerClass_3246,Domain,,csharp
class_3247,OrderManagerClass_3247,Domain,,csharp
class_3248,OrderManagerClass_3248,Domain,,csharp
class_3249,OrderManagerClass_3249,Domain,,csharp
class_3250,OrderManagerClass_3250,Domain,,csharp
class_3251,OrderManagerClass_3251,Domain,,csharp
class_3252,OrderManagerClass_3252,Domain,,csharp
class_3253,OrderManagerClass_3253,Domain,,csharp
class_3254,OrderManagerClass_3254,Domain,,csharp
class_3255,OrderManagerClass_3255,Domain,,csharp
class_3256,OrderManagerClass_3256,Domain,,csharp
class_3257,OrderManagerClass_3257,Domain,,csharp
class_3258,OrderManagerClass_3258,Domain,,csharp
class_3259,OrderManagerClass_3259,Domain,,csharp
class_3260,OrderManagerClass_3260,Domain,,csharp
class_3261,OrderManagerClass_3261,Domain,,csharp
class_3262,OrderManagerClass_3262,Domain,,csharp
class_3263,OrderManagerClass_3263,Domain,,csharp
class_3264,OrderManagerClass_3264,Domain,,csharp
class_3265,OrderManagerClass_3265,Domain,,csharp
class_3266,OrderManagerClass_3266,Domain,,csharp
class_3267,OrderManagerClass_3267,Domain,,csharp
class_3268,OrderManagerClass_3268,Domain,,csharp
class_3269,OrderManagerClass_3269,Domain,,csharp
class_3270,OrderManagerClass_3270,Domain,,csharp
class_3271,OrderManagerClass_3271,Domain,,csharp
class_3272,OrderManagerClass_3272,Domain,,csharp
class_3273,OrderManagerClass_3273,Domain,,csharp
class_3274,OrderManagerClass_3274,Domain,,csharp
class_3275,OrderManagerClass_3275,Domain,,csharp
class_3276,OrderManagerClass_3276,Domain,,csharp
class_3277,OrderManagerClass_3277,Domain,,csharp
class_3278,OrderManagerClass_3278,Domain,,csharp
class_3279,OrderManagerClass_3279,Domain,,csharp
class_3280,OrderManagerClass_3280,Domain,,csharp
class_3281,OrderManagerClass_3281,Domain,,csharp
class_3282,OrderManagerClass_3282,Domain,,csharp
class_3283,OrderManagerClass_3283,Domain,,csharp
class_3284,OrderManagerClass_3284,Domain,,csharp
class_3285,OrderManagerClass_3285,Domain,,csharp
class_3286,OrderManagerClass_3286,Domain,,csharp
class_3287,OrderManagerClass_3287,Domain,,csharp
class_3288,OrderManagerClass_3288,Domain,,csharp
class_3289,OrderManagerClass_3289,Domain,,csharp
class_3290,OrderManagerClass_3290,Domain,,csharp
class_3291,OrderManagerClass_3291,Domain,,csharp
class_3292,OrderManagerClass_3292,Domain,,csharp
class_3293,OrderManagerClass_3293,Domain,,csharp
class_3294,OrderManagerClass_3294,Domain,,csharp
class_3295,OrderManagerClass_3295,Domain,,csharp
class_3296,OrderManagerClass_3296,Domain,,csharp
class_3297,OrderManagerClass_3297,Domain,,csharp
class_3298,OrderManagerClass_3298,Domain,,csharp
class_3299,OrderManagerClass_3299,Domain,,csharp
class_3300,OrderManagerClass_3300,Domain,,csharp
class_3301,OrderManagerClass_3301,Domain,,csharp
class_3302,OrderManagerClass_3302,Domain,,csharp
class_3303,OrderManagerClass_3303,Domain,,csharp
class_3304,OrderManagerClass_3304,Domain,,csharp
class_3305,OrderManagerClass_3305,Domain,,csharp
class_3306,OrderManagerClass_3306,Domain,,csharp
class_3307,OrderManagerClass_3307,Domain,,csharp
class_3308,OrderManagerClass_3308,Domain,,csharp
class_3309,OrderManagerClass_3309,Domain,,csharp
class_3310,OrderManagerClass_3310,Domain,,csharp
class_3311,OrderManagerClass_3311,Domain,,csharp
class_3312,OrderManagerClass_3312,Domain,,csharp
class_3313,OrderManagerClass_3313,Domain,,csharp
class_3314,OrderManagerClass_3314,Domain,,csharp
class_3315,OrderManagerClass_3315,Domain,,csharp
class_3316,OrderManagerClass_3316,Domain,,csharp
class_3317,OrderManagerClass_3317,Domain,,csharp
class_3318,OrderManagerClass_3318,Domain,,csharp
class_3319,OrderManagerClass_3319,Domain,,csharp
class_3320,OrderManagerClass_3320,Domain,,csharp
class_3321,OrderManagerClass_3321,Domain,,csharp
class_3322,OrderManagerClass_3322,Domain,,csharp
class_3323,OrderManagerClass_3323,Domain,,csharp
class_3324,OrderManagerClass_3324,Domain,,csharp
class_3325,OrderManagerClass_3325,Domain,,csharp
class_3326,OrderManagerClass_3326,Domain,,csharp
class_3327,OrderManagerClass_3327,Domain,,csharp
class_3328,OrderManagerClass_3328,Domain,,csharp
class_3329,OrderManagerClass_3329,Domain,,csharp
class_3330,OrderManagerClass_3330,Domain,,csharp
class_3331,OrderManagerClass_3331,Domain,,csharp
class_3332,OrderManagerClass_3332,Domain,,csharp
class_3333,OrderManagerClass_3333,Domain,,csharp
class_3334,OrderManagerClass_3334,Domain,,csharp
class_3335,OrderManagerClass_3335,Domain,,csharp
class_3336,OrderManagerClass_3336,Domain,,csharp
class_3337,OrderManagerClass_3337,Domain,,csharp
class_3338,OrderManagerClass_3338,Domain,,csharp
class_3339,OrderManagerClass_3339,Domain,,csharp
class_3340,OrderManagerClass_3340,Domain,,csharp
class_3341,OrderManagerClass_3341,Domain,,csharp
class_3342,OrderManagerClass_3342,Domain,,csharp
class_3343,OrderManagerClass_3343,Domain,,csharp
class_3344,OrderManagerClass_3344,Domain,,csharp
class_3345,OrderManagerClass_3345,Domain,,csharp
class_3346,OrderManagerClass_3346,Domain,,csharp
class_3347,OrderManagerClass_3347,Domain,,csharp
class_3348,OrderManagerClass_3348,Domain,,csharp
class_3349,OrderManagerClass_3349,Domain,,csharp
class_3350,OrderManagerClass_3350,Domain,,csharp
class_3351,OrderManagerClass_3351,Domain,,csharp
class_3352,OrderManagerClass_3352,Domain,,csharp
class_3353,OrderManagerClass_3353,Domain,,csharp
class_3354,OrderManagerClass_3354,Domain,,csharp
class_3355,OrderManagerClass_3355,Domain,,csharp
class_3356,OrderManagerClass_3356,Domain,,csharp
class_3357,OrderManagerClass_3357,Domain,,csharp
class_3358,OrderManagerClass_3358,Domain,,csharp
class_3359,OrderManagerClass_3359,Domain,,csharp
class_3360,OrderManagerClass_3360,Domain,,csharp
class_3361,OrderManagerClass_3361,Domain,,csharp
class_3362,OrderManagerClass_3362,Domain,,csharp
class_3363,OrderManagerClass_3363,Domain,,csharp
class_3364,OrderManagerClass_3364,Domain,,csharp
class_3365,OrderManagerClass_3365,Domain,,csharp
class_3366,OrderManagerClass_3366,Domain,,csharp
class_3367,OrderManagerClass_3367,Domain,,csharp
class_3368,OrderManagerClass_3368,Domain,,csharp
class_3369,OrderManagerClass_3369,Domain,,csharp
class_3370,OrderManagerClass_3370,Domain,,csharp
class_3371,OrderManagerClass_3371,Domain,,csharp
class_3372,OrderManagerClass_3372,Domain,,csharp
class_3373,OrderManagerClass_3373,Domain,,csharp
class_3374,OrderManagerClass_3374,Domain,,csharp
class_3375,OrderManagerClass_3375,Domain,,csharp
class_3376,OrderManagerClass_3376,Domain,,csharp
class_3377,OrderManagerClass_3377,Domain,,csharp
class_3378,OrderManagerClass_3378,Domain,,csharp
class_3379,OrderManagerClass_3379,Domain,,csharp
class_3380,OrderManagerClass_3380,Domain,,csharp
class_3381,OrderManagerClass_3381,Domain,,csharp
class_3382,OrderManagerClass_3382,Domain,,csharp
class_3383,OrderManagerClass_3383,Domain,,csharp
class_3384,OrderManagerClass_3384,Domain,,csharp
class_3385,OrderManagerClass_3385,Domain,,csharp
class_3386,OrderManagerClass_3386,Domain,,csharp
class_3387,OrderManagerClass_3387,Domain,,csharp
class_3388,OrderManagerClass_3388,Domain,,csharp
class_3389,OrderManagerClass_3389,Domain,,csharp
class_3390,OrderManagerClass_3390,Domain,,csharp
class_3391,OrderManagerClass_3391,Domain,,csharp
class_3392,OrderManagerClass_3392,Domain,,csharp
class_3393,OrderManagerClass_3393,Domain,,csharp
class_3394,OrderManagerClass_3394,Domain,,csharp
class_3395,OrderManagerClass_3395,Domain,,csharp
class_3396,OrderManagerClass_3396,Domain,,csharp
class_3397,OrderManagerClass_3397,Domain,,csharp
class_3398,OrderManagerClass_3398,Domain,,csharp
class_3399,OrderManagerClass_3399,Domain,,csharp
class_3400,OrderManagerClass_3400,Domain,,csharp
class_3401,OrderManagerClass_3401,Domain,,csharp
class_3402,OrderManagerClass_3402,Domain,,csharp
class_3403,OrderManagerClass_3403,Domain,,csharp
class_3404,OrderManagerClass_3404,Domain,,csharp
class_3405,OrderManagerClass_3405,Domain,,csharp
class_3406,OrderManagerClass_3406,Domain,,csharp
class_3407,OrderManagerClass_3407,Domain,,csharp
class_3408,OrderManagerClass_3408,Domain,,csharp
class_3409,OrderManagerClass_3409,Domain,,csharp
class_3410,OrderManagerClass_3410,Domain,,csharp
class_3411,OrderManagerClass_3411,Domain,,csharp
class_3412,OrderManagerClass_3412,Domain,,csharp
class_3413,OrderManagerClass_3413,Domain,,csharp
class_3414,OrderManagerClass_3414,Domain,,csharp
class_3415,OrderManagerClass_3415,Domain,,csharp
class_3416,OrderManagerClass_3416,Domain,,csharp
class_3417,OrderManagerClass_3417,Domain,,csharp
class_3418,OrderManagerClass_3418,Domain,,csharp
class_3419,OrderManagerClass_3419,Domain,,csharp
class_3420,OrderManagerClass_3420,Domain,,csharp
class_3421,OrderManagerClass_3421,Domain,,csharp
class_3422,OrderManagerClass_3422,Domain,,csharp
class_3423,OrderManagerClass_3423,Domain,,csharp
class_3424,OrderManagerClass_3424,Domain,,csharp
class_3425,OrderManagerClass_3425,Domain,,csharp
class_3426,OrderManagerClass_3426,Domain,,csharp
class_3427,OrderManagerClass_3427,Domain,,csharp
class_3428,OrderManagerClass_3428,Domain,,csharp
class_3429,OrderManagerClass_3429,Domain,,csharp
class_3430,OrderManagerClass_3430,Domain,,csharp
class_3431,OrderManagerClass_3431,Domain,,csharp
class_3432,OrderManagerClass_3432,Domain,,csharp
class_3433,OrderManagerClass_3433,Domain,,csharp
class_3434,OrderManagerClass_3434,Domain,,csharp
class_3435,OrderManagerClass_3435,Domain,,csharp
class_3436,OrderManagerClass_3436,Domain,,csharp
class_3437,OrderManagerClass_3437,Domain,,csharp
class_3438,OrderManagerClass_3438,Domain,,csharp
class_3439,OrderManagerClass_3439,Domain,,csharp
class_3440,OrderManagerClass_3440,Domain,,csharp
class_3441,OrderManagerClass_3441,Domain,,csharp
class_3442,OrderManagerClass_3442,Domain,,csharp
class_3443,OrderManagerClass_3443,Domain,,csharp
class_3444,OrderManagerClass_3444,Domain,,csharp
class_3445,OrderManagerClass_3445,Domain,,csharp
class_3446,OrderManagerClass_3446,Domain,,csharp
class_3447,OrderManagerClass_3447,Domain,,csharp
class_3448,OrderManagerClass_3448,Domain,,csharp
class_3449,OrderManagerClass_3449,Domain,,csharp
class_3450,OrderManagerClass_3450,Domain,,csharp
class_3451,OrderManagerClass_3451,Domain,,csharp
class_3452,OrderManagerClass_3452,Domain,,csharp
class_3453,OrderManagerClass_3453,Domain,,csharp
class_3454,OrderManagerClass_3454,Domain,,csharp
class_3455,OrderManagerClass_3455,Domain,,csharp
class_3456,OrderManagerClass_3456,Domain,,csharp
class_3457,OrderManagerClass_3457,Domain,,csharp
class_3458,OrderManagerClass_3458,Domain,,csharp
class_3459,OrderManagerClass_3459,Domain,,csharp
class_3460,OrderManagerClass_3460,Domain,,csharp
class_3461,OrderManagerClass_3461,Domain,,csharp
class_3462,OrderManagerClass_3462,Domain,,csharp
class_3463,OrderManagerClass_3463,Domain,,csharp
class_3464,OrderManagerClass_3464,Domain,,csharp
class_3465,OrderManagerClass_3465,Domain,,csharp
class_3466,OrderManagerClass_3466,Domain,,csharp
class_3467,OrderManagerClass_3467,Domain,,csharp
class_3468,OrderManagerClass_3468,Domain,,csharp
class_3469,OrderManagerClass_3469,Domain,,csharp
class_3470,OrderManagerClass_3470,Domain,,csharp
class_3471,OrderManagerClass_3471,Domain,,csharp
class_3472,OrderManagerClass_3472,Domain,,csharp
class_3473,OrderManagerClass_3473,Domain,,csharp
class_3474,OrderManagerClass_3474,Domain,,csharp
class_3475,OrderManagerClass_3475,Domain,,csharp
class_3476,OrderManagerClass_3476,Domain,,csharp
class_3477,OrderManagerClass_3477,Domain,,csharp
class_3478,OrderManagerClass_3478,Domain,,csharp
class_3479,OrderManagerClass_3479,Domain,,csharp
class_3480,OrderManagerClass_3480,Domain,,csharp
class_3481,OrderManagerClass_3481,Domain,,csharp
class_3482,OrderManagerClass_3482,Domain,,csharp
class_3483,OrderManagerClass_3483,Domain,,csharp
class_3484,OrderManagerClass_3484,Domain,,csharp
class_3485,OrderManagerClass_3485,Domain,,csharp
class_3486,OrderManagerClass_3486,Domain,,csharp
class_3487,OrderManagerClass_3487,Domain,,csharp
class_3488,OrderManagerClass_3488,Domain,,csharp
class_3489,OrderManagerClass_3489,Domain,,csharp
class_3490,OrderManagerClass_3490,Domain,,csharp
class_3491,OrderManagerClass_3491,Domain,,csharp
class_3492,OrderManagerClass_3492,Domain,,csharp
class_3493,OrderManagerClass_3493,Domain,,csharp
class_3494,OrderManagerClass_3494,Domain,,csharp
class_3495,OrderManagerClass_3495,Domain,,csharp
class_3496,OrderManagerClass_3496,Domain,,csharp
class_3497,OrderManagerClass_3497,Domain,,csharp
class_3498,OrderManagerClass_3498,Domain,,csharp
class_3499,OrderManagerClass_3499,Domain,,csharp
class_3500,OrderManagerClass_3500,Domain,,csharp
class_3501,OrderManagerClass_3501,Domain,,csharp
class_3502,OrderManagerClass_3502,Domain,,csharp
class_3503,OrderManagerClass_3503,Domain,,csharp
class_3504,OrderManagerClass_3504,Domain,,csharp
class_3505,OrderManagerClass_3505,Domain,,csharp
class_3506,OrderManagerClass_3506,Domain,,csharp
class_3507,OrderManagerClass_3507,Domain,,csharp
class_3508,OrderManagerClass_3508,Domain,,csharp
class_3509,OrderManagerClass_3509,Domain,,csharp
class_3510,OrderManagerClass_3510,Domain,,csharp
class_3511,OrderManagerClass_3511,Domain,,csharp
class_3512,OrderManagerClass_3512,Domain,,csharp
class_3513,OrderManagerClass_3513,Domain,,csharp
class_3514,OrderManagerClass_3514,Domain,,csharp
class_3515,OrderManagerClass_3515,Domain,,csharp
class_3516,OrderManagerClass_3516,Domain,,csharp
class_3517,OrderManagerClass_3517,Domain,,csharp
class_3518,OrderManagerClass_3518,Domain,,csharp
class_3519,OrderManagerClass_3519,Domain,,csharp
class_3520,OrderManagerClass_3520,Domain,,csharp
class_3521,OrderManagerClass_3521,Domain,,csharp
class_3522,OrderManagerClass_3522,Domain,,csharp
class_3523,OrderManagerClass_3523,Domain,,csharp
class_3524,OrderManagerClass_3524,Domain,,csharp
class_3525,OrderManagerClass_3525,Domain,,csharp
class_3526,OrderManagerClass_3526,Domain,,csharp
class_3527,OrderManagerClass_3527,Domain,,csharp
class_3528,OrderManagerClass_3528,Domain,,csharp
class_3529,OrderManagerClass_3529,Domain,,csharp
class_3530,OrderManagerClass_3530,Domain,,csharp
class_3531,OrderManagerClass_3531,Domain,,csharp
class_3532,OrderManagerClass_3532,Domain,,csharp
class_3533,OrderManagerClass_3533,Domain,,csharp
class_3534,OrderManagerClass_3534,Domain,,csharp
class_3535,OrderManagerClass_3535,Domain,,csharp
class_3536,OrderManagerClass_3536,Domain,,csharp
class_3537,OrderManagerClass_3537,Domain,,csharp
class_3538,OrderManagerClass_3538,Domain,,csharp
class_3539,OrderManagerClass_3539,Domain,,csharp
class_3540,OrderManagerClass_3540,Domain,,csharp
class_3541,OrderManagerClass_3541,Domain,,csharp
class_3542,OrderManagerClass_3542,Domain,,csharp
class_3543,OrderManagerClass_3543,Domain,,csharp
class_3544,OrderManagerClass_3544,Domain,,csharp
class_3545,OrderManagerClass_3545,Domain,,csharp
class_3546,OrderManagerClass_3546,Domain,,csharp
class_3547,OrderManagerClass_3547,Domain,,csharp
class_3548,OrderManagerClass_3548,Domain,,csharp
class_3549,OrderManagerClass_3549,Domain,,csharp
class_3550,OrderManagerClass_3550,Domain,,csharp
class_3551,OrderManagerClass_3551,Domain,,csharp
class_3552,OrderManagerClass_3552,Domain,,csharp
class_3553,OrderManagerClass_3553,Domain,,csharp
class_3554,OrderManagerClass_3554,Domain,,csharp
class_3555,OrderManagerClass_3555,Domain,,csharp
class_3556,OrderManagerClass_3556,Domain,,csharp
class_3557,OrderManagerClass_3557,Domain,,csharp
class_3558,OrderManagerClass_3558,Domain,,csharp
class_3559,OrderManagerClass_3559,Domain,,csharp
class_3560,OrderManagerClass_3560,Domain,,csharp
class_3561,OrderManagerClass_3561,Domain,,csharp
class_3562,OrderManagerClass_3562,Domain,,csharp
class_3563,OrderManagerClass_3563,Domain,,csharp
class_3564,OrderManagerClass_3564,Domain,,csharp
class_3565,OrderManagerClass_3565,Domain,,csharp
class_3566,OrderManagerClass_3566,Domain,,csharp
class_3567,OrderManagerClass_3567,Domain,,csharp
class_3568,OrderManagerClass_3568,Domain,,csharp
class_3569,OrderManagerClass_3569,Domain,,csharp
class_3570,OrderManagerClass_3570,Domain,,csharp
class_3571,OrderManagerClass_3571,Domain,,csharp
class_3572,OrderManagerClass_3572,Domain,,csharp
class_3573,OrderManagerClass_3573,Domain,,csharp
class_3574,OrderManagerClass_3574,Domain,,csharp
class_3575,OrderManagerClass_3575,Domain,,csharp
class_3576,OrderManagerClass_3576,Domain,,csharp
class_3577,OrderManagerClass_3577,Domain,,csharp
class_3578,OrderManagerClass_3578,Domain,,csharp
class_3579,OrderManagerClass_3579,Domain,,csharp
class_3580,OrderManagerClass_3580,Domain,,csharp
class_3581,OrderManagerClass_3581,Domain,,csharp
class_3582,OrderManagerClass_3582,Domain,,csharp
class_3583,OrderManagerClass_3583,Domain,,csharp
class_3584,OrderManagerClass_3584,Domain,,csharp
class_3585,OrderManagerClass_3585,Domain,,csharp
class_3586,OrderManagerClass_3586,Domain,,csharp
class_3587,OrderManagerClass_3587,Domain,,csharp
class_3588,OrderManagerClass_3588,Domain,,csharp
class_3589,OrderManagerClass_3589,Domain,,csharp
class_3590,OrderManagerClass_3590,Domain,,csharp
class_3591,OrderManagerClass_3591,Domain,,csharp
class_3592,OrderManagerClass_3592,Domain,,csharp
class_3593,OrderManagerClass_3593,Domain,,csharp
class_3594,OrderManagerClass_3594,Domain,,csharp
class_3595,OrderManagerClass_3595,Domain,,csharp
class_3596,OrderManagerClass_3596,Domain,,csharp
class_3597,OrderManagerClass_3597,Domain,,csharp
class_3598,OrderManagerClass_3598,Domain,,csharp
class_3599,OrderManagerClass_3599,Domain,,csharp
class_3600,OrderManagerClass_3600,Domain,,csharp
class_3601,OrderManagerClass_3601,Domain,,csharp
class_3602,OrderManagerClass_3602,Domain,,csharp
class_3603,OrderManagerClass_3603,Domain,,csharp
class_3604,OrderManagerClass_3604,Domain,,csharp
class_3605,OrderManagerClass_3605,Domain,,csharp
class_3606,OrderManagerClass_3606,Domain,,csharp
class_3607,OrderManagerClass_3607,Domain,,csharp
class_3608,OrderManagerClass_3608,Domain,,csharp
class_3609,OrderManagerClass_3609,Domain,,csharp
class_3610,OrderManagerClass_3610,Domain,,csharp
class_3611,OrderManagerClass_3611,Domain,,csharp
class_3612,OrderManagerClass_3612,Domain,,csharp
class_3613,OrderManagerClass_3613,Domain,,csharp
class_3614,OrderManagerClass_3614,Domain,,csharp
class_3615,OrderManagerClass_3615,Domain,,csharp
class_3616,OrderManagerClass_3616,Domain,,csharp
class_3617,OrderManagerClass_3617,Domain,,csharp
class_3618,OrderManagerClass_3618,Domain,,csharp
class_3619,OrderManagerClass_3619,Domain,,csharp
class_3620,OrderManagerClass_3620,Domain,,csharp
class_3621,OrderManagerClass_3621,Domain,,csharp
class_3622,OrderManagerClass_3622,Domain,,csharp
class_3623,OrderManagerClass_3623,Domain,,csharp
class_3624,OrderManagerClass_3624,Domain,,csharp
class_3625,OrderManagerClass_3625,Domain,,csharp
class_3626,OrderManagerClass_3626,Domain,,csharp
class_3627,OrderManagerClass_3627,Domain,,csharp
class_3628,OrderManagerClass_3628,Domain,,csharp
class_3629,OrderManagerClass_3629,Domain,,csharp
class_3630,OrderManagerClass_3630,Domain,,csharp
class_3631,OrderManagerClass_3631,Domain,,csharp
class_3632,OrderManagerClass_3632,Domain,,csharp
class_3633,OrderManagerClass_3633,Domain,,csharp
class_3634,OrderManagerClass_3634,Domain,,csharp
class_3635,OrderManagerClass_3635,Domain,,csharp
class_3636,OrderManagerClass_3636,Domain,,csharp
class_3637,OrderManagerClass_3637,Domain,,csharp
class_3638,OrderManagerClass_3638,Domain,,csharp
class_3639,OrderManagerClass_3639,Domain,,csharp
class_3640,OrderManagerClass_3640,Domain,,csharp
class_3641,OrderManagerClass_3641,Domain,,csharp
class_3642,OrderManagerClass_3642,Domain,,csharp
class_3643,OrderManagerClass_3643,Domain,,csharp
class_3644,OrderManagerClass_3644,Domain,,csharp
class_3645,OrderManagerClass_3645,Domain,,csharp
class_3646,OrderManagerClass_3646,Domain,,csharp
class_3647,OrderManagerClass_3647,Domain,,csharp
class_3648,OrderManagerClass_3648,Domain,,csharp
class_3649,OrderManagerClass_3649,Domain,,csharp
class_3650,OrderManagerClass_3650,Domain,,csharp
class_3651,OrderManagerClass_3651,Domain,,csharp
class_3652,OrderManagerClass_3652,Domain,,csharp
class_3653,OrderManagerClass_3653,Domain,,csharp
class_3654,OrderManagerClass_3654,Domain,,csharp
class_3655,OrderManagerClass_3655,Domain,,csharp
class_3656,OrderManagerClass_3656,Domain,,csharp
class_3657,OrderManagerClass_3657,Domain,,csharp
class_3658,OrderManagerClass_3658,Domain,,csharp
class_3659,OrderManagerClass_3659,Domain,,csharp
class_3660,OrderManagerClass_3660,Domain,,csharp
class_3661,OrderManagerClass_3661,Domain,,csharp
class_3662,OrderManagerClass_3662,Domain,,csharp
class_3663,OrderManagerClass_3663,Domain,,csharp
class_3664,OrderManagerClass_3664,Domain,,csharp
class_3665,OrderManagerClass_3665,Domain,,csharp
class_3666,OrderManagerClass_3666,Domain,,csharp
class_3667,OrderManagerClass_3667,Domain,,csharp
class_3668,OrderManagerClass_3668,Domain,,csharp
class_3669,OrderManagerClass_3669,Domain,,csharp
class_3670,OrderManagerClass_3670,Domain,,csharp
class_3671,OrderManagerClass_3671,Domain,,csharp
class_3672,OrderManagerClass_3672,Domain,,csharp
class_3673,OrderManagerClass_3673,Domain,,csharp
class_3674,OrderManagerClass_3674,Domain,,csharp
class_3675,OrderManagerClass_3675,Domain,,csharp
class_3676,OrderManagerClass_3676,Domain,,csharp
class_3677,OrderManagerClass_3677,Domain,,csharp
class_3678,OrderManagerClass_3678,Domain,,csharp
class_3679,OrderManagerClass_3679,Domain,,csharp
class_3680,OrderManagerClass_3680,Domain,,csharp
class_3681,OrderManagerClass_3681,Domain,,csharp
class_3682,OrderManagerClass_3682,Domain,,csharp
class_3683,OrderManagerClass_3683,Domain,,csharp
class_3684,OrderManagerClass_3684,Domain,,csharp
class_3685,OrderManagerClass_3685,Domain,,csharp
class_3686,OrderManagerClass_3686,Domain,,csharp
class_3687,OrderManagerClass_3687,Domain,,csharp
class_3688,OrderManagerClass_3688,Domain,,csharp
class_3689,OrderManagerClass_3689,Domain,,csharp
class_3690,OrderManagerClass_3690,Domain,,csharp
class_3691,OrderManagerClass_3691,Domain,,csharp
class_3692,OrderManagerClass_3692,Domain,,csharp
class_3693,OrderManagerClass_3693,Domain,,csharp
class_3694,OrderManagerClass_3694,Domain,,csharp
class_3695,OrderManagerClass_3695,Domain,,csharp
class_3696,OrderManagerClass_3696,Domain,,csharp
class_3697,OrderManagerClass_3697,Domain,,csharp
class_3698,OrderManagerClass_3698,Domain,,csharp
class_3699,OrderManagerClass_3699,Domain,,csharp
class_3700,OrderManagerClass_3700,Domain,,csharp
class_3701,OrderManagerClass_3701,Domain,,csharp
class_3702,OrderManagerClass_3702,Domain,,csharp
class_3703,OrderManagerClass_3703,Domain,,csharp
class_3704,OrderManagerClass_3704,Domain,,csharp
class_3705,OrderManagerClass_3705,Domain,,csharp
class_3706,OrderManagerClass_3706,Domain,,csharp
class_3707,OrderManagerClass_3707,Domain,,csharp
class_3708,OrderManagerClass_3708,Domain,,csharp
class_3709,OrderManagerClass_3709,Domain,,csharp
class_3710,OrderManagerClass_3710,Domain,,csharp
class_3711,OrderManagerClass_3711,Domain,,csharp
class_3712,OrderManagerClass_3712,Domain,,csharp
class_3713,OrderManagerClass_3713,Domain,,csharp
class_3714,OrderManagerClass_3714,Domain,,csharp
class_3715,OrderManagerClass_3715,Domain,,csharp
class_3716,OrderManagerClass_3716,Domain,,csharp
class_3717,OrderManagerClass_3717,Domain,,csharp
class_3718,OrderManagerClass_3718,Domain,,csharp
class_3719,OrderManagerClass_3719,Domain,,csharp
class_3720,OrderManagerClass_3720,Domain,,csharp
class_3721,OrderManagerClass_3721,Domain,,csharp
class_3722,OrderManagerClass_3722,Domain,,csharp
class_3723,OrderManagerClass_3723,Domain,,csharp
class_3724,OrderManagerClass_3724,Domain,,csharp
class_3725,OrderManagerClass_3725,Domain,,csharp
class_3726,OrderManagerClass_3726,Domain,,csharp
class_3727,OrderManagerClass_3727,Domain,,csharp
class_3728,OrderManagerClass_3728,Domain,,csharp
class_3729,OrderManagerClass_3729,Domain,,csharp
class_3730,OrderManagerClass_3730,Domain,,csharp
class_3731,OrderManagerClass_3731,Domain,,csharp
class_3732,OrderManagerClass_3732,Domain,,csharp
class_3733,OrderManagerClass_3733,Domain,,csharp
class_3734,OrderManagerClass_3734,Domain,,csharp
class_3735,OrderManagerClass_3735,Domain,,csharp
class_3736,OrderManagerClass_3736,Domain,,csharp
class_3737,OrderManagerClass_3737,Domain,,csharp
class_3738,OrderManagerClass_3738,Domain,,csharp
class_3739,OrderManagerClass_3739,Domain,,csharp
class_3740,OrderManagerClass_3740,Domain,,csharp
class_3741,OrderManagerClass_3741,Domain,,csharp
class_3742,OrderManagerClass_3742,Domain,,csharp
class_3743,OrderManagerClass_3743,Domain,,csharp
class_3744,OrderManagerClass_3744,Domain,,csharp
class_3745,OrderManagerClass_3745,Domain,,csharp
class_3746,OrderManagerClass_3746,Domain,,csharp
class_3747,OrderManagerClass_3747,Domain,,csharp
class_3748,OrderManagerClass_3748,Domain,,csharp
class_3749,OrderManagerClass_3749,Domain,,csharp
class_3750,OrderManagerClass_3750,Domain,,csharp
class_3751,OrderManagerClass_3751,Domain,,csharp
class_3752,OrderManagerClass_3752,Domain,,csharp
class_3753,OrderManagerClass_3753,Domain,,csharp
class_3754,OrderManagerClass_3754,Domain,,csharp
class_3755,OrderManagerClass_3755,Domain,,csharp
class_3756,OrderManagerClass_3756,Domain,,csharp
class_3757,OrderManagerClass_3757,Domain,,csharp
class_3758,OrderManagerClass_3758,Domain,,csharp
class_3759,OrderManagerClass_3759,Domain,,csharp
class_3760,OrderManagerClass_3760,Domain,,csharp
class_3761,OrderManagerClass_3761,Domain,,csharp
class_3762,OrderManagerClass_3762,Domain,,csharp
class_3763,OrderManagerClass_3763,Domain,,csharp
class_3764,OrderManagerClass_3764,Domain,,csharp
class_3765,OrderManagerClass_3765,Domain,,csharp
class_3766,OrderManagerClass_3766,Domain,,csharp
class_3767,OrderManagerClass_3767,Domain,,csharp
class_3768,OrderManagerClass_3768,Domain,,csharp
class_3769,OrderManagerClass_3769,Domain,,csharp
class_3770,OrderManagerClass_3770,Domain,,csharp
class_3771,OrderManagerClass_3771,Domain,,csharp
class_3772,OrderManagerClass_3772,Domain,,csharp
class_3773,OrderManagerClass_3773,Domain,,csharp
class_3774,OrderManagerClass_3774,Domain,,csharp
class_3775,OrderManagerClass_3775,Domain,,csharp
class_3776,OrderManagerClass_3776,Domain,,csharp
class_3777,OrderManagerClass_3777,Domain,,csharp
class_3778,OrderManagerClass_3778,Domain,,csharp
class_3779,OrderManagerClass_3779,Domain,,csharp
class_3780,OrderManagerClass_3780,Domain,,csharp
class_3781,OrderManagerClass_3781,Domain,,csharp
class_3782,OrderManagerClass_3782,Domain,,csharp
class_3783,OrderManagerClass_3783,Domain,,csharp
class_3784,OrderManagerClass_3784,Domain,,csharp
class_3785,OrderManagerClass_3785,Domain,,csharp
class_3786,OrderManagerClass_3786,Domain,,csharp
class_3787,OrderManagerClass_3787,Domain,,csharp
class_3788,OrderManagerClass_3788,Domain,,csharp
class_3789,OrderManagerClass_3789,Domain,,csharp
class_3790,OrderManagerClass_3790,Domain,,csharp
class_3791,OrderManagerClass_3791,Domain,,csharp
class_3792,OrderManagerClass_3792,Domain,,csharp
class_3793,OrderManagerClass_3793,Domain,,csharp
class_3794,OrderManagerClass_3794,Domain,,csharp
class_3795,OrderManagerClass_3795,Domain,,csharp
class_3796,OrderManagerClass_3796,Domain,,csharp
class_3797,OrderManagerClass_3797,Domain,,csharp
class_3798,OrderManagerClass_3798,Domain,,csharp
class_3799,OrderManagerClass_3799,Domain,,csharp
class_3800,OrderManagerClass_3800,Domain,,csharp
class_3801,OrderManagerClass_3801,Domain,,csharp
class_3802,OrderManagerClass_3802,Domain,,csharp
class_3803,OrderManagerClass_3803,Domain,,csharp
class_3804,OrderManagerClass_3804,Domain,,csharp
class_3805,OrderManagerClass_3805,Domain,,csharp
class_3806,OrderManagerClass_3806,Domain,,csharp
class_3807,OrderManagerClass_3807,Domain,,csharp
class_3808,OrderManagerClass_3808,Domain,,csharp
class_3809,OrderManagerClass_3809,Domain,,csharp
class_3810,OrderManagerClass_3810,Domain,,csharp
class_3811,OrderManagerClass_3811,Domain,,csharp
class_3812,OrderManagerClass_3812,Domain,,csharp
class_3813,OrderManagerClass_3813,Domain,,csharp
class_3814,OrderManagerClass_3814,Domain,,csharp
class_3815,OrderManagerClass_3815,Domain,,csharp
class_3816,OrderManagerClass_3816,Domain,,csharp
class_3817,OrderManagerClass_3817,Domain,,csharp
class_3818,OrderManagerClass_3818,Domain,,csharp
class_3819,OrderManagerClass_3819,Domain,,csharp
class_3820,OrderManagerClass_3820,Domain,,csharp
class_3821,OrderManagerClass_3821,Domain,,csharp
class_3822,OrderManagerClass_3822,Domain,,csharp
class_3823,OrderManagerClass_3823,Domain,,csharp
class_3824,OrderManagerClass_3824,Domain,,csharp
class_3825,OrderManagerClass_3825,Domain,,csharp
class_3826,OrderManagerClass_3826,Domain,,csharp
class_3827,OrderManagerClass_3827,Domain,,csharp
class_3828,OrderManagerClass_3828,Domain,,csharp
class_3829,OrderManagerClass_3829,Domain,,csharp
class_3830,OrderManagerClass_3830,Domain,,csharp
class_3831,OrderManagerClass_3831,Domain,,csharp
class_3832,OrderManagerClass_3832,Domain,,csharp
class_3833,OrderManagerClass_3833,Domain,,csharp
class_3834,OrderManagerClass_3834,Domain,,csharp
class_3835,OrderManagerClass_3835,Domain,,csharp
class_3836,OrderManagerClass_3836,Domain,,csharp
class_3837,OrderManagerClass_3837,Domain,,csharp
class_3838,OrderManagerClass_3838,Domain,,csharp
class_3839,OrderManagerClass_3839,Domain,,csharp
class_3840,OrderManagerClass_3840,Domain,,csharp
class_3841,OrderManagerClass_3841,Domain,,csharp
class_3842,OrderManagerClass_3842,Domain,,csharp
class_3843,OrderManagerClass_3843,Domain,,csharp
class_3844,OrderManagerClass_3844,Domain,,csharp
class_3845,OrderManagerClass_3845,Domain,,csharp
class_3846,OrderManagerClass_3846,Domain,,csharp
class_3847,OrderManagerClass_3847,Domain,,csharp
class_3848,OrderManagerClass_3848,Domain,,csharp
class_3849,OrderManagerClass_3849,Domain,,csharp
class_3850,OrderManagerClass_3850,Domain,,csharp
class_3851,OrderManagerClass_3851,Domain,,csharp
class_3852,OrderManagerClass_3852,Domain,,csharp
class_3853,OrderManagerClass_3853,Domain,,csharp
class_3854,OrderManagerClass_3854,Domain,,csharp
class_3855,OrderManagerClass_3855,Domain,,csharp
class_3856,OrderManagerClass_3856,Domain,,csharp
class_3857,OrderManagerClass_3857,Domain,,csharp
class_3858,OrderManagerClass_3858,Domain,,csharp
class_3859,OrderManagerClass_3859,Domain,,csharp
class_3860,OrderManagerClass_3860,Domain,,csharp
class_3861,OrderManagerClass_3861,Domain,,csharp
class_3862,OrderManagerClass_3862,Domain,,csharp
class_3863,OrderManagerClass_3863,Domain,,csharp
class_3864,OrderManagerClass_3864,Domain,,csharp
class_3865,OrderManagerClass_3865,Domain,,csharp
class_3866,OrderManagerClass_3866,Domain,,csharp
class_3867,OrderManagerClass_3867,Domain,,csharp
class_3868,OrderManagerClass_3868,Domain,,csharp
class_3869,OrderManagerClass_3869,Domain,,csharp
class_3870,OrderManagerClass_3870,Domain,,csharp
class_3871,OrderManagerClass_3871,Domain,,csharp
class_3872,OrderManagerClass_3872,Domain,,csharp
class_3873,OrderManagerClass_3873,Domain,,csharp
class_3874,OrderManagerClass_3874,Domain,,csharp
class_3875,OrderManagerClass_3875,Domain,,csharp
class_3876,OrderManagerClass_3876,Domain,,csharp
class_3877,OrderManagerClass_3877,Domain,,csharp
class_3878,OrderManagerClass_3878,Domain,,csharp
class_3879,OrderManagerClass_3879,Domain,,csharp
class_3880,OrderManagerClass_3880,Domain,,csharp
class_3881,OrderManagerClass_3881,Domain,,csharp
class_3882,OrderManagerClass_3882,Domain,,csharp
class_3883,OrderManagerClass_3883,Domain,,csharp
class_3884,OrderManagerClass_3884,Domain,,csharp
class_3885,OrderManagerClass_3885,Domain,,csharp
class_3886,OrderManagerClass_3886,Domain,,csharp
class_3887,OrderManagerClass_3887,Domain,,csharp
class_3888,OrderManagerClass_3888,Domain,,csharp
class_3889,OrderManagerClass_3889,Domain,,csharp
class_3890,OrderManagerClass_3890,Domain,,csharp
class_3891,OrderManagerClass_3891,Domain,,csharp
class_3892,OrderManagerClass_3892,Domain,,csharp
class_3893,OrderManagerClass_3893,Domain,,csharp
class_3894,OrderManagerClass_3894,Domain,,csharp
class_3895,OrderManagerClass_3895,Domain,,csharp
class_3896,OrderManagerClass_3896,Domain,,csharp
class_3897,OrderManagerClass_3897,Domain,,csharp
class_3898,OrderManagerClass_3898,Domain,,csharp
class_3899,OrderManagerClass_3899,Domain,,csharp
class_3900,OrderManagerClass_3900,Domain,,csharp
class_3901,OrderManagerClass_3901,Domain,,csharp
class_3902,OrderManagerClass_3902,Domain,,csharp
class_3903,OrderManagerClass_3903,Domain,,csharp
class_3904,OrderManagerClass_3904,Domain,,csharp
class_3905,OrderManagerClass_3905,Domain,,csharp
class_3906,OrderManagerClass_3906,Domain,,csharp
class_3907,OrderManagerClass_3907,Domain,,csharp
class_3908,OrderManagerClass_3908,Domain,,csharp
class_3909,OrderManagerClass_3909,Domain,,csharp
class_3910,OrderManagerClass_3910,Domain,,csharp
class_3911,OrderManagerClass_3911,Domain,,csharp
class_3912,OrderManagerClass_3912,Domain,,csharp
class_3913,OrderManagerClass_3913,Domain,,csharp
class_3914,OrderManagerClass_3914,Domain,,csharp
class_3915,OrderManagerClass_3915,Domain,,csharp
class_3916,OrderManagerClass_3916,Domain,,csharp
class_3917,OrderManagerClass_3917,Domain,,csharp
class_3918,OrderManagerClass_3918,Domain,,csharp
class_3919,OrderManagerClass_3919,Domain,,csharp
class_3920,OrderManagerClass_3920,Domain,,csharp
class_3921,OrderManagerClass_3921,Domain,,csharp
class_3922,OrderManagerClass_3922,Domain,,csharp
class_3923,OrderManagerClass_3923,Domain,,csharp
class_3924,OrderManagerClass_3924,Domain,,csharp
class_3925,OrderManagerClass_3925,Domain,,csharp
class_3926,OrderManagerClass_3926,Domain,,csharp
class_3927,OrderManagerClass_3927,Domain,,csharp
class_3928,OrderManagerClass_3928,Domain,,csharp
class_3929,OrderManagerClass_3929,Domain,,csharp
class_3930,OrderManagerClass_3930,Domain,,csharp
class_3931,OrderManagerClass_3931,Domain,,csharp
class_3932,OrderManagerClass_3932,Domain,,csharp
class_3933,OrderManagerClass_3933,Domain,,csharp
class_3934,OrderManagerClass_3934,Domain,,csharp
class_3935,OrderManagerClass_3935,Domain,,csharp
class_3936,OrderManagerClass_3936,Domain,,csharp
class_3937,OrderManagerClass_3937,Domain,,csharp
class_3938,OrderManagerClass_3938,Domain,,csharp
class_3939,OrderManagerClass_3939,Domain,,csharp
class_3940,OrderManagerClass_3940,Domain,,csharp
class_3941,OrderManagerClass_3941,Domain,,csharp
class_3942,OrderManagerClass_3942,Domain,,csharp
class_3943,OrderManagerClass_3943,Domain,,csharp
class_3944,OrderManagerClass_3944,Domain,,csharp
class_3945,OrderManagerClass_3945,Domain,,csharp
class_3946,OrderManagerClass_3946,Domain,,csharp
class_3947,OrderManagerClass_3947,Domain,,csharp
class_3948,OrderManagerClass_3948,Domain,,csharp
class_3949,OrderManagerClass_3949,Domain,,csharp
class_3950,OrderManagerClass_3950,Domain,,csharp
class_3951,OrderManagerClass_3951,Domain,,csharp
class_3952,OrderManagerClass_3952,Domain,,csharp
class_3953,OrderManagerClass_3953,Domain,,csharp
class_3954,OrderManagerClass_3954,Domain,,csharp
class_3955,OrderManagerClass_3955,Domain,,csharp
class_3956,OrderManagerClass_3956,Domain,,csharp
class_3957,OrderManagerClass_3957,Domain,,csharp
class_3958,OrderManagerClass_3958,Domain,,csharp
class_3959,OrderManagerClass_3959,Domain,,csharp
class_3960,OrderManagerClass_3960,Domain,,csharp
class_3961,OrderManagerClass_3961,Domain,,csharp
class_3962,OrderManagerClass_3962,Domain,,csharp
class_3963,OrderManagerClass_3963,Domain,,csharp
class_3964,OrderManagerClass_3964,Domain,,csharp
class_3965,OrderManagerClass_3965,Domain,,csharp
class_3966,OrderManagerClass_3966,Domain,,csharp
class_3967,OrderManagerClass_3967,Domain,,csharp
class_3968,OrderManagerClass_3968,Domain,,csharp
class_3969,OrderManagerClass_3969,Domain,,csharp
class_3970,OrderManagerClass_3970,Domain,,csharp
class_3971,OrderManagerClass_3971,Domain,,csharp
class_3972,OrderManagerClass_3972,Domain,,csharp
class_3973,OrderManagerClass_3973,Domain,,csharp
class_3974,OrderManagerClass_3974,Domain,,csharp
class_3975,OrderManagerClass_3975,Domain,,csharp
class_3976,OrderManagerClass_3976,Domain,,csharp
class_3977,OrderManagerClass_3977,Domain,,csharp
class_3978,OrderManagerClass_3978,Domain,,csharp
class_3979,OrderManagerClass_3979,Domain,,csharp
class_3980,OrderManagerClass_3980,Domain,,csharp
class_3981,OrderManagerClass_3981,Domain,,csharp
class_3982,OrderManagerClass_3982,Domain,,csharp
class_3983,OrderManagerClass_3983,Domain,,csharp
class_3984,OrderManagerClass_3984,Domain,,csharp
class_3985,OrderManagerClass_3985,Domain,,csharp
class_3986,OrderManagerClass_3986,Domain,,csharp
class_3987,OrderManagerClass_3987,Domain,,csharp
class_3988,OrderManagerClass_3988,Domain,,csharp
class_3989,OrderManagerClass_3989,Domain,,csharp
class_3990,OrderManagerClass_3990,Domain,,csharp
class_3991,OrderManagerClass_3991,Domain,,csharp
class_3992,OrderManagerClass_3992,Domain,,csharp
class_3993,OrderManagerClass_3993,Domain,,csharp
class_3994,OrderManagerClass_3994,Domain,,csharp
class_3995,OrderManagerClass_3995,Domain,,csharp
class_3996,OrderManagerClass_3996,Domain,,csharp
class_3997,OrderManagerClass_3997,Domain,,csharp
class_3998,OrderManagerClass_3998,Domain,,csharp
class_3999,OrderManagerClass_3999,Domain,,csharp
class_4000,OrderManagerClass_4000,Domain,,csharp
class_4001,OrderManagerClass_4001,Domain,,csharp
class_4002,OrderManagerClass_4002,Domain,,csharp
class_4003,OrderManagerClass_4003,Domain,,csharp
class_4004,OrderManagerClass_4004,Domain,,csharp
class_4005,OrderManagerClass_4005,Domain,,csharp
class_4006,OrderManagerClass_4006,Domain,,csharp
class_4007,OrderManagerClass_4007,Domain,,csharp
class_4008,OrderManagerClass_4008,Domain,,csharp
class_4009,OrderManagerClass_4009,Domain,,csharp
class_4010,OrderManagerClass_4010,Domain,,csharp
class_4011,OrderManagerClass_4011,Domain,,csharp
class_4012,OrderManagerClass_4012,Domain,,csharp
class_4013,OrderManagerClass_4013,Domain,,csharp
class_4014,OrderManagerClass_4014,Domain,,csharp
class_4015,OrderManagerClass_4015,Domain,,csharp
class_4016,OrderManagerClass_4016,Domain,,csharp
class_4017,OrderManagerClass_4017,Domain,,csharp
class_4018,OrderManagerClass_4018,Domain,,csharp
class_4019,OrderManagerClass_4019,Domain,,csharp
class_4020,OrderManagerClass_4020,Domain,,csharp
class_4021,OrderManagerClass_4021,Domain,,csharp
class_4022,OrderManagerClass_4022,Domain,,csharp
class_4023,OrderManagerClass_4023,Domain,,csharp
class_4024,OrderManagerClass_4024,Domain,,csharp
class_4025,OrderManagerClass_4025,Domain,,csharp
class_4026,OrderManagerClass_4026,Domain,,csharp
class_4027,OrderManagerClass_4027,Domain,,csharp
class_4028,OrderManagerClass_4028,Domain,,csharp
class_4029,OrderManagerClass_4029,Domain,,csharp
class_4030,OrderManagerClass_4030,Domain,,csharp
class_4031,OrderManagerClass_4031,Domain,,csharp
class_4032,OrderManagerClass_4032,Domain,,csharp
class_4033,OrderManagerClass_4033,Domain,,csharp
class_4034,OrderManagerClass_4034,Domain,,csharp
class_4035,OrderManagerClass_4035,Domain,,csharp
class_4036,OrderManagerClass_4036,Domain,,csharp
class_4037,OrderManagerClass_4037,Domain,,csharp
class_4038,OrderManagerClass_4038,Domain,,csharp
class_4039,OrderManagerClass_4039,Domain,,csharp
class_4040,OrderManagerClass_4040,Domain,,csharp
class_4041,OrderManagerClass_4041,Domain,,csharp
class_4042,OrderManagerClass_4042,Domain,,csharp
class_4043,OrderManagerClass_4043,Domain,,csharp
class_4044,OrderManagerClass_4044,Domain,,csharp
class_4045,OrderManagerClass_4045,Domain,,csharp
class_4046,OrderManagerClass_4046,Domain,,csharp
class_4047,OrderManagerClass_4047,Domain,,csharp
class_4048,OrderManagerClass_4048,Domain,,csharp
class_4049,OrderManagerClass_4049,Domain,,csharp
class_4050,OrderManagerClass_4050,Domain,,csharp
class_4051,OrderManagerClass_4051,Domain,,csharp
class_4052,OrderManagerClass_4052,Domain,,csharp
class_4053,OrderManagerClass_4053,Domain,,csharp
class_4054,OrderManagerClass_4054,Domain,,csharp
class_4055,OrderManagerClass_4055,Domain,,csharp
class_4056,OrderManagerClass_4056,Domain,,csharp
class_4057,OrderManagerClass_4057,Domain,,csharp
class_4058,OrderManagerClass_4058,Domain,,csharp
class_4059,OrderManagerClass_4059,Domain,,csharp
class_4060,OrderManagerClass_4060,Domain,,csharp
class_4061,OrderManagerClass_4061,Domain,,csharp
class_4062,OrderManagerClass_4062,Domain,,csharp
class_4063,OrderManagerClass_4063,Domain,,csharp
class_4064,OrderManagerClass_4064,Domain,,csharp
class_4065,OrderManagerClass_4065,Domain,,csharp
class_4066,OrderManagerClass_4066,Domain,,csharp
class_4067,OrderManagerClass_4067,Domain,,csharp
class_4068,OrderManagerClass_4068,Domain,,csharp
class_4069,OrderManagerClass_4069,Domain,,csharp
class_4070,OrderManagerClass_4070,Domain,,csharp
class_4071,OrderManagerClass_4071,Domain,,csharp
class_4072,OrderManagerClass_4072,Domain,,csharp
class_4073,OrderManagerClass_4073,Domain,,csharp
class_4074,OrderManagerClass_4074,Domain,,csharp
class_4075,OrderManagerClass_4075,Domain,,csharp
class_4076,OrderManagerClass_4076,Domain,,csharp
class_4077,OrderManagerClass_4077,Domain,,csharp
class_4078,OrderManagerClass_4078,Domain,,csharp
class_4079,OrderManagerClass_4079,Domain,,csharp
class_4080,OrderManagerClass_4080,Domain,,csharp
class_4081,OrderManagerClass_4081,Domain,,csharp
class_4082,OrderManagerClass_4082,Domain,,csharp
class_4083,OrderManagerClass_4083,Domain,,csharp
class_4084,OrderManagerClass_4084,Domain,,csharp
class_4085,OrderManagerClass_4085,Domain,,csharp
class_4086,OrderManagerClass_4086,Domain,,csharp
class_4087,OrderManagerClass_4087,Domain,,csharp
class_4088,OrderManagerClass_4088,Domain,,csharp
class_4089,OrderManagerClass_4089,Domain,,csharp
class_4090,OrderManagerClass_4090,Domain,,csharp
class_4091,OrderManagerClass_4091,Domain,,csharp
class_4092,OrderManagerClass_4092,Domain,,csharp
class_4093,OrderManagerClass_4093,Domain,,csharp
class_4094,OrderManagerClass_4094,Domain,,csharp
class_4095,OrderManagerClass_4095,Domain,,csharp
class_4096,OrderManagerClass_4096,Domain,,csharp
class_4097,OrderManagerClass_4097,Domain,,csharp
class_4098,OrderManagerClass_4098,Domain,,csharp
class_4099,OrderManagerClass_4099,Domain,,csharp
class_4100,OrderManagerClass_4100,Domain,,csharp
class_4101,OrderManagerClass_4101,Domain,,csharp
class_4102,OrderManagerClass_4102,Domain,,csharp
class_4103,OrderManagerClass_4103,Domain,,csharp
class_4104,OrderManagerClass_4104,Domain,,csharp
class_4105,OrderManagerClass_4105,Domain,,csharp
class_4106,OrderManagerClass_4106,Domain,,csharp
class_4107,OrderManagerClass_4107,Domain,,csharp
class_4108,OrderManagerClass_4108,Domain,,csharp
class_4109,OrderManagerClass_4109,Domain,,csharp
class_4110,OrderManagerClass_4110,Domain,,csharp
class_4111,OrderManagerClass_4111,Domain,,csharp
class_4112,OrderManagerClass_4112,Domain,,csharp
class_4113,OrderManagerClass_4113,Domain,,csharp
class_4114,OrderManagerClass_4114,Domain,,csharp
class_4115,OrderManagerClass_4115,Domain,,csharp
class_4116,OrderManagerClass_4116,Domain,,csharp
class_4117,OrderManagerClass_4117,Domain,,csharp
class_4118,OrderManagerClass_4118,Domain,,csharp
class_4119,OrderManagerClass_4119,Domain,,csharp
class_4120,OrderManagerClass_4120,Domain,,csharp
class_4121,OrderManagerClass_4121,Domain,,csharp
class_4122,OrderManagerClass_4122,Domain,,csharp
class_4123,OrderManagerClass_4123,Domain,,csharp
class_4124,OrderManagerClass_4124,Domain,,csharp
class_4125,OrderManagerClass_4125,Domain,,csharp
class_4126,OrderManagerClass_4126,Domain,,csharp
class_4127,OrderManagerClass_4127,Domain,,csharp
class_4128,OrderManagerClass_4128,Domain,,csharp
class_4129,OrderManagerClass_4129,Domain,,csharp
class_4130,OrderManagerClass_4130,Domain,,csharp
class_4131,OrderManagerClass_4131,Domain,,csharp
class_4132,OrderManagerClass_4132,Domain,,csharp
class_4133,OrderManagerClass_4133,Domain,,csharp
class_4134,OrderManagerClass_4134,Domain,,csharp
class_4135,OrderManagerClass_4135,Domain,,csharp
class_4136,OrderManagerClass_4136,Domain,,csharp
class_4137,OrderManagerClass_4137,Domain,,csharp
class_4138,OrderManagerClass_4138,Domain,,csharp
class_4139,OrderManagerClass_4139,Domain,,csharp
class_4140,OrderManagerClass_4140,Domain,,csharp
class_4141,OrderManagerClass_4141,Domain,,csharp
class_4142,OrderManagerClass_4142,Domain,,csharp
class_4143,OrderManagerClass_4143,Domain,,csharp
class_4144,OrderManagerClass_4144,Domain,,csharp
class_4145,OrderManagerClass_4145,Domain,,csharp
class_4146,OrderManagerClass_4146,Domain,,csharp
class_4147,OrderManagerClass_4147,Domain,,csharp
class_4148,OrderManagerClass_4148,Domain,,csharp
class_4149,OrderManagerClass_4149,Domain,,csharp
class_4150,OrderManagerClass_4150,Domain,,csharp
class_4151,OrderManagerClass_4151,Domain,,csharp
class_4152,OrderManagerClass_4152,Domain,,csharp
class_4153,OrderManagerClass_4153,Domain,,csharp
class_4154,OrderManagerClass_4154,Domain,,csharp
class_4155,OrderManagerClass_4155,Domain,,csharp
class_4156,OrderManagerClass_4156,Domain,,csharp
class_4157,OrderManagerClass_4157,Domain,,csharp
class_4158,OrderManagerClass_4158,Domain,,csharp
class_4159,OrderManagerClass_4159,Domain,,csharp
class_4160,OrderManagerClass_4160,Domain,,csharp
class_4161,OrderManagerClass_4161,Domain,,csharp
class_4162,OrderManagerClass_4162,Domain,,csharp
class_4163,OrderManagerClass_4163,Domain,,csharp
class_4164,OrderManagerClass_4164,Domain,,csharp
class_4165,OrderManagerClass_4165,Domain,,csharp
class_4166,OrderManagerClass_4166,Domain,,csharp
class_4167,OrderManagerClass_4167,Domain,,csharp
class_4168,OrderManagerClass_4168,Domain,,csharp
class_4169,OrderManagerClass_4169,Domain,,csharp
class_4170,OrderManagerClass_4170,Domain,,csharp
class_4171,OrderManagerClass_4171,Domain,,csharp
class_4172,OrderManagerClass_4172,Domain,,csharp
class_4173,OrderManagerClass_4173,Domain,,csharp
class_4174,OrderManagerClass_4174,Domain,,csharp
class_4175,OrderManagerClass_4175,Domain,,csharp
class_4176,OrderManagerClass_4176,Domain,,csharp
class_4177,OrderManagerClass_4177,Domain,,csharp
class_4178,OrderManagerClass_4178,Domain,,csharp
class_4179,OrderManagerClass_4179,Domain,,csharp
class_4180,OrderManagerClass_4180,Domain,,csharp
class_4181,OrderManagerClass_4181,Domain,,csharp
class_4182,OrderManagerClass_4182,Domain,,csharp
class_4183,OrderManagerClass_4183,Domain,,csharp
class_4184,OrderManagerClass_4184,Domain,,csharp
class_4185,OrderManagerClass_4185,Domain,,csharp
class_4186,OrderManagerClass_4186,Domain,,csharp
class_4187,OrderManagerClass_4187,Domain,,csharp
class_4188,OrderManagerClass_4188,Domain,,csharp
class_4189,OrderManagerClass_4189,Domain,,csharp
class_4190,OrderManagerClass_4190,Domain,,csharp
class_4191,OrderManagerClass_4191,Domain,,csharp
class_4192,OrderManagerClass_4192,Domain,,csharp
class_4193,OrderManagerClass_4193,Domain,,csharp
class_4194,OrderManagerClass_4194,Domain,,csharp
class_4195,OrderManagerClass_4195,Domain,,csharp
class_4196,OrderManagerClass_4196,Domain,,csharp
class_4197,OrderManagerClass_4197,Domain,,csharp
class_4198,OrderManagerClass_4198,Domain,,csharp
class_4199,OrderManagerClass_4199,Domain,,csharp
class_4200,OrderManagerClass_4200,Domain,,csharp
class_4201,OrderManagerClass_4201,Domain,,csharp
class_4202,OrderManagerClass_4202,Domain,,csharp
class_4203,OrderManagerClass_4203,Domain,,csharp
class_4204,OrderManagerClass_4204,Domain,,csharp
class_4205,OrderManagerClass_4205,Domain,,csharp
class_4206,OrderManagerClass_4206,Domain,,csharp
class_4207,OrderManagerClass_4207,Domain,,csharp
class_4208,OrderManagerClass_4208,Domain,,csharp
class_4209,OrderManagerClass_4209,Domain,,csharp
class_4210,OrderManagerClass_4210,Domain,,csharp
class_4211,OrderManagerClass_4211,Domain,,csharp
class_4212,OrderManagerClass_4212,Domain,,csharp
class_4213,OrderManagerClass_4213,Domain,,csharp
class_4214,OrderManagerClass_4214,Domain,,csharp
class_4215,OrderManagerClass_4215,Domain,,csharp
class_4216,OrderManagerClass_4216,Domain,,csharp
class_4217,OrderManagerClass_4217,Domain,,csharp
class_4218,OrderManagerClass_4218,Domain,,csharp
class_4219,OrderManagerClass_4219,Domain,,csharp
class_4220,OrderManagerClass_4220,Domain,,csharp
class_4221,OrderManagerClass_4221,Domain,,csharp
class_4222,OrderManagerClass_4222,Domain,,csharp
class_4223,OrderManagerClass_4223,Domain,,csharp
class_4224,OrderManagerClass_4224,Domain,,csharp
class_4225,OrderManagerClass_4225,Domain,,csharp
class_4226,OrderManagerClass_4226,Domain,,csharp
class_4227,OrderManagerClass_4227,Domain,,csharp
class_4228,OrderManagerClass_4228,Domain,,csharp
class_4229,OrderManagerClass_4229,Domain,,csharp
class_4230,OrderManagerClass_4230,Domain,,csharp
class_4231,OrderManagerClass_4231,Domain,,csharp
class_4232,OrderManagerClass_4232,Domain,,csharp
class_4233,OrderManagerClass_4233,Domain,,csharp
class_4234,OrderManagerClass_4234,Domain,,csharp
class_4235,OrderManagerClass_4235,Domain,,csharp
class_4236,OrderManagerClass_4236,Domain,,csharp
class_4237,OrderManagerClass_4237,Domain,,csharp
class_4238,OrderManagerClass_4238,Domain,,csharp
class_4239,OrderManagerClass_4239,Domain,,csharp
class_4240,OrderManagerClass_4240,Domain,,csharp
class_4241,OrderManagerClass_4241,Domain,,csharp
class_4242,OrderManagerClass_4242,Domain,,csharp
class_4243,OrderManagerClass_4243,Domain,,csharp
class_4244,OrderManagerClass_4244,Domain,,csharp
class_4245,OrderManagerClass_4245,Domain,,csharp
class_4246,OrderManagerClass_4246,Domain,,csharp
class_4247,OrderManagerClass_4247,Domain,,csharp
class_4248,OrderManagerClass_4248,Domain,,csharp
class_4249,OrderManagerClass_4249,Domain,,csharp
class_4250,OrderManagerClass_4250,Domain,,csharp
class_4251,OrderManagerClass_4251,Domain,,csharp
class_4252,OrderManagerClass_4252,Domain,,csharp
class_4253,OrderManagerClass_4253,Domain,,csharp
class_4254,OrderManagerClass_4254,Domain,,csharp
class_4255,OrderManagerClass_4255,Domain,,csharp
class_4256,OrderManagerClass_4256,Domain,,csharp
class_4257,OrderManagerClass_4257,Domain,,csharp
class_4258,OrderManagerClass_4258,Domain,,csharp
class_4259,OrderManagerClass_4259,Domain,,csharp
class_4260,OrderManagerClass_4260,Domain,,csharp
class_4261,OrderManagerClass_4261,Domain,,csharp
class_4262,OrderManagerClass_4262,Domain,,csharp
class_4263,OrderManagerClass_4263,Domain,,csharp
class_4264,OrderManagerClass_4264,Domain,,csharp
class_4265,OrderManagerClass_4265,Domain,,csharp
class_4266,OrderManagerClass_4266,Domain,,csharp
class_4267,OrderManagerClass_4267,Domain,,csharp
class_4268,OrderManagerClass_4268,Domain,,csharp
class_4269,OrderManagerClass_4269,Domain,,csharp
class_4270,OrderManagerClass_4270,Domain,,csharp
class_4271,OrderManagerClass_4271,Domain,,csharp
class_4272,OrderManagerClass_4272,Domain,,csharp
class_4273,OrderManagerClass_4273,Domain,,csharp
class_4274,OrderManagerClass_4274,Domain,,csharp
class_4275,OrderManagerClass_4275,Domain,,csharp
class_4276,OrderManagerClass_4276,Domain,,csharp
class_4277,OrderManagerClass_4277,Domain,,csharp
class_4278,OrderManagerClass_4278,Domain,,csharp
class_4279,OrderManagerClass_4279,Domain,,csharp
class_4280,OrderManagerClass_4280,Domain,,csharp
class_4281,OrderManagerClass_4281,Domain,,csharp
class_4282,OrderManagerClass_4282,Domain,,csharp
class_4283,OrderManagerClass_4283,Domain,,csharp
class_4284,OrderManagerClass_4284,Domain,,csharp
class_4285,OrderManagerClass_4285,Domain,,csharp
class_4286,OrderManagerClass_4286,Domain,,csharp
class_4287,OrderManagerClass_4287,Domain,,csharp
class_4288,OrderManagerClass_4288,Domain,,csharp
class_4289,OrderManagerClass_4289,Domain,,csharp
class_4290,OrderManagerClass_4290,Domain,,csharp
class_4291,OrderManagerClass_4291,Domain,,csharp
class_4292,OrderManagerClass_4292,Domain,,csharp
class_4293,OrderManagerClass_4293,Domain,,csharp
class_4294,OrderManagerClass_4294,Domain,,csharp
class_4295,OrderManagerClass_4295,Domain,,csharp
class_4296,OrderManagerClass_4296,Domain,,csharp
class_4297,OrderManagerClass_4297,Domain,,csharp
class_4298,OrderManagerClass_4298,Domain,,csharp
class_4299,OrderManagerClass_4299,Domain,,csharp
class_4300,OrderManagerClass_4300,Domain,,csharp
class_4301,OrderManagerClass_4301,Domain,,csharp
class_4302,OrderManagerClass_4302,Domain,,csharp
class_4303,OrderManagerClass_4303,Domain,,csharp
class_4304,OrderManagerClass_4304,Domain,,csharp
class_4305,OrderManagerClass_4305,Domain,,csharp
class_4306,OrderManagerClass_4306,Domain,,csharp
class_4307,OrderManagerClass_4307,Domain,,csharp
class_4308,OrderManagerClass_4308,Domain,,csharp
class_4309,OrderManagerClass_4309,Domain,,csharp
class_4310,OrderManagerClass_4310,Domain,,csharp
class_4311,OrderManagerClass_4311,Domain,,csharp
class_4312,OrderManagerClass_4312,Domain,,csharp
class_4313,OrderManagerClass_4313,Domain,,csharp
class_4314,OrderManagerClass_4314,Domain,,csharp
class_4315,OrderManagerClass_4315,Domain,,csharp
class_4316,OrderManagerClass_4316,Domain,,csharp
class_4317,OrderManagerClass_4317,Domain,,csharp
class_4318,OrderManagerClass_4318,Domain,,csharp
class_4319,OrderManagerClass_4319,Domain,,csharp
class_4320,OrderManagerClass_4320,Domain,,csharp
class_4321,OrderManagerClass_4321,Domain,,csharp
class_4322,OrderManagerClass_4322,Domain,,csharp
class_4323,OrderManagerClass_4323,Domain,,csharp
class_4324,OrderManagerClass_4324,Domain,,csharp
class_4325,OrderManagerClass_4325,Domain,,csharp
class_4326,OrderManagerClass_4326,Domain,,csharp
class_4327,OrderManagerClass_4327,Domain,,csharp
class_4328,OrderManagerClass_4328,Domain,,csharp
class_4329,OrderManagerClass_4329,Domain,,csharp
class_4330,OrderManagerClass_4330,Domain,,csharp
class_4331,OrderManagerClass_4331,Domain,,csharp
class_4332,OrderManagerClass_4332,Domain,,csharp
class_4333,OrderManagerClass_4333,Domain,,csharp
class_4334,OrderManagerClass_4334,Domain,,csharp
class_4335,OrderManagerClass_4335,Domain,,csharp
class_4336,OrderManagerClass_4336,Domain,,csharp
class_4337,OrderManagerClass_4337,Domain,,csharp
class_4338,OrderManagerClass_4338,Domain,,csharp
class_4339,OrderManagerClass_4339,Domain,,csharp
class_4340,OrderManagerClass_4340,Domain,,csharp
class_4341,OrderManagerClass_4341,Domain,,csharp
class_4342,OrderManagerClass_4342,Domain,,csharp
class_4343,OrderManagerClass_4343,Domain,,csharp
class_4344,OrderManagerClass_4344,Domain,,csharp
class_4345,OrderManagerClass_4345,Domain,,csharp
class_4346,OrderManagerClass_4346,Domain,,csharp
class_4347,OrderManagerClass_4347,Domain,,csharp
class_4348,OrderManagerClass_4348,Domain,,csharp
class_4349,OrderManagerClass_4349,Domain,,csharp
class_4350,OrderManagerClass_4350,Domain,,csharp
class_4351,OrderManagerClass_4351,Domain,,csharp
class_4352,OrderManagerClass_4352,Domain,,csharp
class_4353,OrderManagerClass_4353,Domain,,csharp
class_4354,OrderManagerClass_4354,Domain,,csharp
class_4355,OrderManagerClass_4355,Domain,,csharp
class_4356,OrderManagerClass_4356,Domain,,csharp
class_4357,OrderManagerClass_4357,Domain,,csharp
class_4358,OrderManagerClass_4358,Domain,,csharp
class_4359,OrderManagerClass_4359,Domain,,csharp
class_4360,OrderManagerClass_4360,Domain,,csharp
class_4361,OrderManagerClass_4361,Domain,,csharp
class_4362,OrderManagerClass_4362,Domain,,csharp
class_4363,OrderManagerClass_4363,Domain,,csharp
class_4364,OrderManagerClass_4364,Domain,,csharp
class_4365,OrderManagerClass_4365,Domain,,csharp
class_4366,OrderManagerClass_4366,Domain,,csharp
class_4367,OrderManagerClass_4367,Domain,,csharp
class_4368,OrderManagerClass_4368,Domain,,csharp
class_4369,OrderManagerClass_4369,Domain,,csharp
class_4370,OrderManagerClass_4370,Domain,,csharp
class_4371,OrderManagerClass_4371,Domain,,csharp
class_4372,OrderManagerClass_4372,Domain,,csharp
class_4373,OrderManagerClass_4373,Domain,,csharp
class_4374,OrderManagerClass_4374,Domain,,csharp
class_4375,OrderManagerClass_4375,Domain,,csharp
class_4376,OrderManagerClass_4376,Domain,,csharp
class_4377,OrderManagerClass_4377,Domain,,csharp
class_4378,OrderManagerClass_4378,Domain,,csharp
class_4379,OrderManagerClass_4379,Domain,,csharp
class_4380,OrderManagerClass_4380,Domain,,csharp
class_4381,OrderManagerClass_4381,Domain,,csharp
class_4382,OrderManagerClass_4382,Domain,,csharp
class_4383,OrderManagerClass_4383,Domain,,csharp
class_4384,OrderManagerClass_4384,Domain,,csharp
class_4385,OrderManagerClass_4385,Domain,,csharp
class_4386,OrderManagerClass_4386,Domain,,csharp
class_4387,OrderManagerClass_4387,Domain,,csharp
class_4388,OrderManagerClass_4388,Domain,,csharp
class_4389,OrderManagerClass_4389,Domain,,csharp
class_4390,OrderManagerClass_4390,Domain,,csharp
class_4391,OrderManagerClass_4391,Domain,,csharp
class_4392,OrderManagerClass_4392,Domain,,csharp
class_4393,OrderManagerClass_4393,Domain,,csharp
class_4394,OrderManagerClass_4394,Domain,,csharp
class_4395,OrderManagerClass_4395,Domain,,csharp
class_4396,OrderManagerClass_4396,Domain,,csharp
class_4397,OrderManagerClass_4397,Domain,,csharp
class_4398,OrderManagerClass_4398,Domain,,csharp
class_4399,OrderManagerClass_4399,Domain,,csharp
class_4400,OrderManagerClass_4400,Domain,,csharp
class_4401,OrderManagerClass_4401,Domain,,csharp
class_4402,OrderManagerClass_4402,Domain,,csharp
class_4403,OrderManagerClass_4403,Domain,,csharp
class_4404,OrderManagerClass_4404,Domain,,csharp
class_4405,OrderManagerClass_4405,Domain,,csharp
class_4406,OrderManagerClass_4406,Domain,,csharp
class_4407,OrderManagerClass_4407,Domain,,csharp
class_4408,OrderManagerClass_4408,Domain,,csharp
class_4409,OrderManagerClass_4409,Domain,,csharp
class_4410,OrderManagerClass_4410,Domain,,csharp
class_4411,OrderManagerClass_4411,Domain,,csharp
class_4412,OrderManagerClass_4412,Domain,,csharp
class_4413,OrderManagerClass_4413,Domain,,csharp
class_4414,OrderManagerClass_4414,Domain,,csharp
class_4415,OrderManagerClass_4415,Domain,,csharp
class_4416,OrderManagerClass_4416,Domain,,csharp
class_4417,OrderManagerClass_4417,Domain,,csharp
class_4418,OrderManagerClass_4418,Domain,,csharp
class_4419,OrderManagerClass_4419,Domain,,csharp
class_4420,OrderManagerClass_4420,Domain,,csharp
class_4421,OrderManagerClass_4421,Domain,,csharp
class_4422,OrderManagerClass_4422,Domain,,csharp
class_4423,OrderManagerClass_4423,Domain,,csharp
class_4424,OrderManagerClass_4424,Domain,,csharp
class_4425,OrderManagerClass_4425,Domain,,csharp
class_4426,OrderManagerClass_4426,Domain,,csharp
class_4427,OrderManagerClass_4427,Domain,,csharp
class_4428,OrderManagerClass_4428,Domain,,csharp
class_4429,OrderManagerClass_4429,Domain,,csharp
class_4430,OrderManagerClass_4430,Domain,,csharp
class_4431,OrderManagerClass_4431,Domain,,csharp
class_4432,OrderManagerClass_4432,Domain,,csharp
class_4433,OrderManagerClass_4433,Domain,,csharp
class_4434,OrderManagerClass_4434,Domain,,csharp
class_4435,OrderManagerClass_4435,Domain,,csharp
class_4436,OrderManagerClass_4436,Domain,,csharp
class_4437,OrderManagerClass_4437,Domain,,csharp
class_4438,OrderManagerClass_4438,Domain,,csharp
class_4439,OrderManagerClass_4439,Domain,,csharp
class_4440,OrderManagerClass_4440,Domain,,csharp
class_4441,OrderManagerClass_4441,Domain,,csharp
class_4442,OrderManagerClass_4442,Domain,,csharp
class_4443,OrderManagerClass_4443,Domain,,csharp
class_4444,OrderManagerClass_4444,Domain,,csharp
class_4445,OrderManagerClass_4445,Domain,,csharp
class_4446,OrderManagerClass_4446,Domain,,csharp
class_4447,OrderManagerClass_4447,Domain,,csharp
class_4448,OrderManagerClass_4448,Domain,,csharp
class_4449,OrderManagerClass_4449,Domain,,csharp
class_4450,OrderManagerClass_4450,Domain,,csharp
class_4451,OrderManagerClass_4451,Domain,,csharp
class_4452,OrderManagerClass_4452,Domain,,csharp
class_4453,OrderManagerClass_4453,Domain,,csharp
class_4454,OrderManagerClass_4454,Domain,,csharp
class_4455,OrderManagerClass_4455,Domain,,csharp
class_4456,OrderManagerClass_4456,Domain,,csharp
class_4457,OrderManagerClass_4457,Domain,,csharp
class_4458,OrderManagerClass_4458,Domain,,csharp
class_4459,OrderManagerClass_4459,Domain,,csharp
class_4460,OrderManagerClass_4460,Domain,,csharp
class_4461,OrderManagerClass_4461,Domain,,csharp
class_4462,OrderManagerClass_4462,Domain,,csharp
class_4463,OrderManagerClass_4463,Domain,,csharp
class_4464,OrderManagerClass_4464,Domain,,csharp
class_4465,OrderManagerClass_4465,Domain,,csharp
class_4466,OrderManagerClass_4466,Domain,,csharp
class_4467,OrderManagerClass_4467,Domain,,csharp
class_4468,OrderManagerClass_4468,Domain,,csharp
class_4469,OrderManagerClass_4469,Domain,,csharp
class_4470,OrderManagerClass_4470,Domain,,csharp
class_4471,OrderManagerClass_4471,Domain,,csharp
class_4472,OrderManagerClass_4472,Domain,,csharp
class_4473,OrderManagerClass_4473,Domain,,csharp
class_4474,OrderManagerClass_4474,Domain,,csharp
class_4475,OrderManagerClass_4475,Domain,,csharp
class_4476,OrderManagerClass_4476,Domain,,csharp
class_4477,OrderManagerClass_4477,Domain,,csharp
class_4478,OrderManagerClass_4478,Domain,,csharp
class_4479,OrderManagerClass_4479,Domain,,csharp
class_4480,OrderManagerClass_4480,Domain,,csharp
class_4481,OrderManagerClass_4481,Domain,,csharp
class_4482,OrderManagerClass_4482,Domain,,csharp
class_4483,OrderManagerClass_4483,Domain,,csharp
class_4484,OrderManagerClass_4484,Domain,,csharp
class_4485,OrderManagerClass_4485,Domain,,csharp
class_4486,OrderManagerClass_4486,Domain,,csharp
class_4487,OrderManagerClass_4487,Domain,,csharp
class_4488,OrderManagerClass_4488,Domain,,csharp
class_4489,OrderManagerClass_4489,Domain,,csharp
class_4490,OrderManagerClass_4490,Domain,,csharp
class_4491,OrderManagerClass_4491,Domain,,csharp
class_4492,OrderManagerClass_4492,Domain,,csharp
class_4493,OrderManagerClass_4493,Domain,,csharp
class_4494,OrderManagerClass_4494,Domain,,csharp
class_4495,OrderManagerClass_4495,Domain,,csharp
class_4496,OrderManagerClass_4496,Domain,,csharp
class_4497,OrderManagerClass_4497,Domain,,csharp
class_4498,OrderManagerClass_4498,Domain,,csharp
class_4499,OrderManagerClass_4499,Domain,,csharp
class_4500,OrderManagerClass_4500,Domain,,csharp
class_4501,OrderManagerClass_4501,Domain,,csharp
class_4502,OrderManagerClass_4502,Domain,,csharp
class_4503,OrderManagerClass_4503,Domain,,csharp
class_4504,OrderManagerClass_4504,Domain,,csharp
class_4505,OrderManagerClass_4505,Domain,,csharp
class_4506,OrderManagerClass_4506,Domain,,csharp
class_4507,OrderManagerClass_4507,Domain,,csharp
class_4508,OrderManagerClass_4508,Domain,,csharp
class_4509,OrderManagerClass_4509,Domain,,csharp
class_4510,OrderManagerClass_4510,Domain,,csharp
class_4511,OrderManagerClass_4511,Domain,,csharp
class_4512,OrderManagerClass_4512,Domain,,csharp
class_4513,OrderManagerClass_4513,Domain,,csharp
class_4514,OrderManagerClass_4514,Domain,,csharp
class_4515,OrderManagerClass_4515,Domain,,csharp
class_4516,OrderManagerClass_4516,Domain,,csharp
class_4517,OrderManagerClass_4517,Domain,,csharp
class_4518,OrderManagerClass_4518,Domain,,csharp
class_4519,OrderManagerClass_4519,Domain,,csharp
class_4520,OrderManagerClass_4520,Domain,,csharp
class_4521,OrderManagerClass_4521,Domain,,csharp
class_4522,OrderManagerClass_4522,Domain,,csharp
class_4523,OrderManagerClass_4523,Domain,,csharp
class_4524,OrderManagerClass_4524,Domain,,csharp
class_4525,OrderManagerClass_4525,Domain,,csharp
class_4526,OrderManagerClass_4526,Domain,,csharp
class_4527,OrderManagerClass_4527,Domain,,csharp
class_4528,OrderManagerClass_4528,Domain,,csharp
class_4529,OrderManagerClass_4529,Domain,,csharp
class_4530,OrderManagerClass_4530,Domain,,csharp
class_4531,OrderManagerClass_4531,Domain,,csharp
class_4532,OrderManagerClass_4532,Domain,,csharp
class_4533,OrderManagerClass_4533,Domain,,csharp
class_4534,OrderManagerClass_4534,Domain,,csharp
class_4535,OrderManagerClass_4535,Domain,,csharp
class_4536,OrderManagerClass_4536,Domain,,csharp
class_4537,OrderManagerClass_4537,Domain,,csharp
class_4538,OrderManagerClass_4538,Domain,,csharp
class_4539,OrderManagerClass_4539,Domain,,csharp
class_4540,OrderManagerClass_4540,Domain,,csharp
class_4541,OrderManagerClass_4541,Domain,,csharp
class_4542,OrderManagerClass_4542,Domain,,csharp
class_4543,OrderManagerClass_4543,Domain,,csharp
class_4544,OrderManagerClass_4544,Domain,,csharp
class_4545,OrderManagerClass_4545,Domain,,csharp
class_4546,OrderManagerClass_4546,Domain,,csharp
class_4547,OrderManagerClass_4547,Domain,,csharp
class_4548,OrderManagerClass_4548,Domain,,csharp
class_4549,OrderManagerClass_4549,Domain,,csharp
class_4550,OrderManagerClass_4550,Domain,,csharp
class_4551,OrderManagerClass_4551,Domain,,csharp
class_4552,OrderManagerClass_4552,Domain,,csharp
class_4553,OrderManagerClass_4553,Domain,,csharp
class_4554,OrderManagerClass_4554,Domain,,csharp
class_4555,OrderManagerClass_4555,Domain,,csharp
class_4556,OrderManagerClass_4556,Domain,,csharp
class_4557,OrderManagerClass_4557,Domain,,csharp
class_4558,OrderManagerClass_4558,Domain,,csharp
class_4559,OrderManagerClass_4559,Domain,,csharp
class_4560,OrderManagerClass_4560,Domain,,csharp
class_4561,OrderManagerClass_4561,Domain,,csharp
class_4562,OrderManagerClass_4562,Domain,,csharp
class_4563,OrderManagerClass_4563,Domain,,csharp
class_4564,OrderManagerClass_4564,Domain,,csharp
class_4565,OrderManagerClass_4565,Domain,,csharp
class_4566,OrderManagerClass_4566,Domain,,csharp
class_4567,OrderManagerClass_4567,Domain,,csharp
class_4568,OrderManagerClass_4568,Domain,,csharp
class_4569,OrderManagerClass_4569,Domain,,csharp
class_4570,OrderManagerClass_4570,Domain,,csharp
class_4571,OrderManagerClass_4571,Domain,,csharp
class_4572,OrderManagerClass_4572,Domain,,csharp
class_4573,OrderManagerClass_4573,Domain,,csharp
class_4574,OrderManagerClass_4574,Domain,,csharp
class_4575,OrderManagerClass_4575,Domain,,csharp
class_4576,OrderManagerClass_4576,Domain,,csharp
class_4577,OrderManagerClass_4577,Domain,,csharp
class_4578,OrderManagerClass_4578,Domain,,csharp
class_4579,OrderManagerClass_4579,Domain,,csharp
class_4580,OrderManagerClass_4580,Domain,,csharp
class_4581,OrderManagerClass_4581,Domain,,csharp
class_4582,OrderManagerClass_4582,Domain,,csharp
class_4583,OrderManagerClass_4583,Domain,,csharp
class_4584,OrderManagerClass_4584,Domain,,csharp
class_4585,OrderManagerClass_4585,Domain,,csharp
class_4586,OrderManagerClass_4586,Domain,,csharp
class_4587,OrderManagerClass_4587,Domain,,csharp
class_4588,OrderManagerClass_4588,Domain,,csharp
class_4589,OrderManagerClass_4589,Domain,,csharp
class_4590,OrderManagerClass_4590,Domain,,csharp
class_4591,OrderManagerClass_4591,Domain,,csharp
class_4592,OrderManagerClass_4592,Domain,,csharp
class_4593,OrderManagerClass_4593,Domain,,csharp
class_4594,OrderManagerClass_4594,Domain,,csharp
class_4595,OrderManagerClass_4595,Domain,,csharp
class_4596,OrderManagerClass_4596,Domain,,csharp
class_4597,OrderManagerClass_4597,Domain,,csharp
class_4598,OrderManagerClass_4598,Domain,,csharp
class_4599,OrderManagerClass_4599,Domain,,csharp
class_4600,OrderManagerClass_4600,Domain,,csharp
class_4601,OrderManagerClass_4601,Domain,,csharp
class_4602,OrderManagerClass_4602,Domain,,csharp
class_4603,OrderManagerClass_4603,Domain,,csharp
class_4604,OrderManagerClass_4604,Domain,,csharp
class_4605,OrderManagerClass_4605,Domain,,csharp
class_4606,OrderManagerClass_4606,Domain,,csharp
class_4607,OrderManagerClass_4607,Domain,,csharp
class_4608,OrderManagerClass_4608,Domain,,csharp
class_4609,OrderManagerClass_4609,Domain,,csharp
class_4610,OrderManagerClass_4610,Domain,,csharp
class_4611,OrderManagerClass_4611,Domain,,csharp
class_4612,OrderManagerClass_4612,Domain,,csharp
class_4613,OrderManagerClass_4613,Domain,,csharp
class_4614,OrderManagerClass_4614,Domain,,csharp
class_4615,OrderManagerClass_4615,Domain,,csharp
class_4616,OrderManagerClass_4616,Domain,,csharp
class_4617,OrderManagerClass_4617,Domain,,csharp
class_4618,OrderManagerClass_4618,Domain,,csharp
class_4619,OrderManagerClass_4619,Domain,,csharp
class_4620,OrderManagerClass_4620,Domain,,csharp
class_4621,OrderManagerClass_4621,Domain,,csharp
class_4622,OrderManagerClass_4622,Domain,,csharp
class_4623,OrderManagerClass_4623,Domain,,csharp
class_4624,OrderManagerClass_4624,Domain,,csharp
class_4625,OrderManagerClass_4625,Domain,,csharp
class_4626,OrderManagerClass_4626,Domain,,csharp
class_4627,OrderManagerClass_4627,Domain,,csharp
class_4628,OrderManagerClass_4628,Domain,,csharp
class_4629,OrderManagerClass_4629,Domain,,csharp
class_4630,OrderManagerClass_4630,Domain,,csharp
class_4631,OrderManagerClass_4631,Domain,,csharp
class_4632,OrderManagerClass_4632,Domain,,csharp
class_4633,OrderManagerClass_4633,Domain,,csharp
class_4634,OrderManagerClass_4634,Domain,,csharp
class_4635,OrderManagerClass_4635,Domain,,csharp
class_4636,OrderManagerClass_4636,Domain,,csharp
class_4637,OrderManagerClass_4637,Domain,,csharp
class_4638,OrderManagerClass_4638,Domain,,csharp
class_4639,OrderManagerClass_4639,Domain,,csharp
class_4640,OrderManagerClass_4640,Domain,,csharp
class_4641,OrderManagerClass_4641,Domain,,csharp
class_4642,OrderManagerClass_4642,Domain,,csharp
class_4643,OrderManagerClass_4643,Domain,,csharp
class_4644,OrderManagerClass_4644,Domain,,csharp
class_4645,OrderManagerClass_4645,Domain,,csharp
class_4646,OrderManagerClass_4646,Domain,,csharp
class_4647,OrderManagerClass_4647,Domain,,csharp
class_4648,OrderManagerClass_4648,Domain,,csharp
class_4649,OrderManagerClass_4649,Domain,,csharp
class_4650,OrderManagerClass_4650,Domain,,csharp
class_4651,OrderManagerClass_4651,Domain,,csharp
class_4652,OrderManagerClass_4652,Domain,,csharp
class_4653,OrderManagerClass_4653,Domain,,csharp
class_4654,OrderManagerClass_4654,Domain,,csharp
class_4655,OrderManagerClass_4655,Domain,,csharp
class_4656,OrderManagerClass_4656,Domain,,csharp
class_4657,OrderManagerClass_4657,Domain,,csharp
class_4658,OrderManagerClass_4658,Domain,,csharp
class_4659,OrderManagerClass_4659,Domain,,csharp
class_4660,OrderManagerClass_4660,Domain,,csharp
class_4661,OrderManagerClass_4661,Domain,,csharp
class_4662,OrderManagerClass_4662,Domain,,csharp
class_4663,OrderManagerClass_4663,Domain,,csharp
class_4664,OrderManagerClass_4664,Domain,,csharp
class_4665,OrderManagerClass_4665,Domain,,csharp
class_4666,OrderManagerClass_4666,Domain,,csharp
class_4667,OrderManagerClass_4667,Domain,,csharp
class_4668,OrderManagerClass_4668,Domain,,csharp
class_4669,OrderManagerClass_4669,Domain,,csharp
class_4670,OrderManagerClass_4670,Domain,,csharp
class_4671,OrderManagerClass_4671,Domain,,csharp
class_4672,OrderManagerClass_4672,Domain,,csharp
class_4673,OrderManagerClass_4673,Domain,,csharp
class_4674,OrderManagerClass_4674,Domain,,csharp
class_4675,OrderManagerClass_4675,Domain,,csharp
class_4676,OrderManagerClass_4676,Domain,,csharp
class_4677,OrderManagerClass_4677,Domain,,csharp
class_4678,OrderManagerClass_4678,Domain,,csharp
class_4679,OrderManagerClass_4679,Domain,,csharp
class_4680,OrderManagerClass_4680,Domain,,csharp
class_4681,OrderManagerClass_4681,Domain,,csharp
class_4682,OrderManagerClass_4682,Domain,,csharp
class_4683,OrderManagerClass_4683,Domain,,csharp
class_4684,OrderManagerClass_4684,Domain,,csharp
class_4685,OrderManagerClass_4685,Domain,,csharp
class_4686,OrderManagerClass_4686,Domain,,csharp
class_4687,OrderManagerClass_4687,Domain,,csharp
class_4688,OrderManagerClass_4688,Domain,,csharp
class_4689,OrderManagerClass_4689,Domain,,csharp
class_4690,OrderManagerClass_4690,Domain,,csharp
class_4691,OrderManagerClass_4691,Domain,,csharp
class_4692,OrderManagerClass_4692,Domain,,csharp
class_4693,OrderManagerClass_4693,Domain,,csharp
class_4694,OrderManagerClass_4694,Domain,,csharp
class_4695,OrderManagerClass_4695,Domain,,csharp
class_4696,OrderManagerClass_4696,Domain,,csharp
class_4697,OrderManagerClass_4697,Domain,,csharp
class_4698,OrderManagerClass_4698,Domain,,csharp
class_4699,OrderManagerClass_4699,Domain,,csharp
class_4700,OrderManagerClass_4700,Domain,,csharp
class_4701,OrderManagerClass_4701,Domain,,csharp
class_4702,OrderManagerClass_4702,Domain,,csharp
class_4703,OrderManagerClass_4703,Domain,,csharp
class_4704,OrderManagerClass_4704,Domain,,csharp
class_4705,OrderManagerClass_4705,Domain,,csharp
class_4706,OrderManagerClass_4706,Domain,,csharp
class_4707,OrderManagerClass_4707,Domain,,csharp
class_4708,OrderManagerClass_4708,Domain,,csharp
class_4709,OrderManagerClass_4709,Domain,,csharp
class_4710,OrderManagerClass_4710,Domain,,csharp
class_4711,OrderManagerClass_4711,Domain,,csharp
class_4712,OrderManagerClass_4712,Domain,,csharp
class_4713,OrderManagerClass_4713,Domain,,csharp
class_4714,OrderManagerClass_4714,Domain,,csharp
class_4715,OrderManagerClass_4715,Domain,,csharp
class_4716,OrderManagerClass_4716,Domain,,csharp
class_4717,OrderManagerClass_4717,Domain,,csharp
class_4718,OrderManagerClass_4718,Domain,,csharp
class_4719,OrderManagerClass_4719,Domain,,csharp
class_4720,OrderManagerClass_4720,Domain,,csharp
class_4721,OrderManagerClass_4721,Domain,,csharp
class_4722,OrderManagerClass_4722,Domain,,csharp
class_4723,OrderManagerClass_4723,Domain,,csharp
class_4724,OrderManagerClass_4724,Domain,,csharp
class_4725,OrderManagerClass_4725,Domain,,csharp
class_4726,OrderManagerClass_4726,Domain,,csharp
class_4727,OrderManagerClass_4727,Domain,,csharp
class_4728,OrderManagerClass_4728,Domain,,csharp
class_4729,OrderManagerClass_4729,Domain,,csharp
class_4730,OrderManagerClass_4730,Domain,,csharp
class_4731,OrderManagerClass_4731,Domain,,csharp
class_4732,OrderManagerClass_4732,Domain,,csharp
class_4733,OrderManagerClass_4733,Domain,,csharp
class_4734,OrderManagerClass_4734,Domain,,csharp
class_4735,OrderManagerClass_4735,Domain,,csharp
class_4736,OrderManagerClass_4736,Domain,,csharp
class_4737,OrderManagerClass_4737,Domain,,csharp
class_4738,OrderManagerClass_4738,Domain,,csharp
class_4739,OrderManagerClass_4739,Domain,,csharp
class_4740,OrderManagerClass_4740,Domain,,csharp
class_4741,OrderManagerClass_4741,Domain,,csharp
class_4742,OrderManagerClass_4742,Domain,,csharp
class_4743,OrderManagerClass_4743,Domain,,csharp
class_4744,OrderManagerClass_4744,Domain,,csharp
class_4745,OrderManagerClass_4745,Domain,,csharp
class_4746,OrderManagerClass_4746,Domain,,csharp
class_4747,OrderManagerClass_4747,Domain,,csharp
class_4748,OrderManagerClass_4748,Domain,,csharp
class_4749,OrderManagerClass_4749,Domain,,csharp
class_4750,OrderManagerClass_4750,Domain,,csharp
class_4751,OrderManagerClass_4751,Domain,,csharp
class_4752,OrderManagerClass_4752,Domain,,csharp
class_4753,OrderManagerClass_4753,Domain,,csharp
class_4754,OrderManagerClass_4754,Domain,,csharp
class_4755,OrderManagerClass_4755,Domain,,csharp
class_4756,OrderManagerClass_4756,Domain,,csharp
class_4757,OrderManagerClass_4757,Domain,,csharp
class_4758,OrderManagerClass_4758,Domain,,csharp
class_4759,OrderManagerClass_4759,Domain,,csharp
class_4760,OrderManagerClass_4760,Domain,,csharp
class_4761,OrderManagerClass_4761,Domain,,csharp
class_4762,OrderManagerClass_4762,Domain,,csharp
class_4763,OrderManagerClass_4763,Domain,,csharp
class_4764,OrderManagerClass_4764,Domain,,csharp
class_4765,OrderManagerClass_4765,Domain,,csharp
class_4766,OrderManagerClass_4766,Domain,,csharp
class_4767,OrderManagerClass_4767,Domain,,csharp
class_4768,OrderManagerClass_4768,Domain,,csharp
class_4769,OrderManagerClass_4769,Domain,,csharp
class_4770,OrderManagerClass_4770,Domain,,csharp
class_4771,OrderManagerClass_4771,Domain,,csharp
class_4772,OrderManagerClass_4772,Domain,,csharp
class_4773,OrderManagerClass_4773,Domain,,csharp
class_4774,OrderManagerClass_4774,Domain,,csharp
class_4775,OrderManagerClass_4775,Domain,,csharp
class_4776,OrderManagerClass_4776,Domain,,csharp
class_4777,OrderManagerClass_4777,Domain,,csharp
class_4778,OrderManagerClass_4778,Domain,,csharp
class_4779,OrderManagerClass_4779,Domain,,csharp
class_4780,OrderManagerClass_4780,Domain,,csharp
class_4781,OrderManagerClass_4781,Domain,,csharp
class_4782,OrderManagerClass_4782,Domain,,csharp
class_4783,OrderManagerClass_4783,Domain,,csharp
class_4784,OrderManagerClass_4784,Domain,,csharp
class_4785,OrderManagerClass_4785,Domain,,csharp
class_4786,OrderManagerClass_4786,Domain,,csharp
class_4787,OrderManagerClass_4787,Domain,,csharp
class_4788,OrderManagerClass_4788,Domain,,csharp
class_4789,OrderManagerClass_4789,Domain,,csharp
class_4790,OrderManagerClass_4790,Domain,,csharp
class_4791,OrderManagerClass_4791,Domain,,csharp
class_4792,OrderManagerClass_4792,Domain,,csharp
class_4793,OrderManagerClass_4793,Domain,,csharp
class_4794,OrderManagerClass_4794,Domain,,csharp
class_4795,OrderManagerClass_4795,Domain,,csharp
class_4796,OrderManagerClass_4796,Domain,,csharp
class_4797,OrderManagerClass_4797,Domain,,csharp
class_4798,OrderManagerClass_4798,Domain,,csharp
class_4799,OrderManagerClass_4799,Domain,,csharp
class_4800,OrderManagerClass_4800,Domain,,csharp
class_4801,OrderManagerClass_4801,Domain,,csharp
class_4802,OrderManagerClass_4802,Domain,,csharp
class_4803,OrderManagerClass_4803,Domain,,csharp
class_4804,OrderManagerClass_4804,Domain,,csharp
class_4805,OrderManagerClass_4805,Domain,,csharp
class_4806,OrderManagerClass_4806,Domain,,csharp
class_4807,OrderManagerClass_4807,Domain,,csharp
class_4808,OrderManagerClass_4808,Domain,,csharp
class_4809,OrderManagerClass_4809,Domain,,csharp
class_4810,OrderManagerClass_4810,Domain,,csharp
class_4811,OrderManagerClass_4811,Domain,,csharp
class_4812,OrderManagerClass_4812,Domain,,csharp
class_4813,OrderManagerClass_4813,Domain,,csharp
class_4814,OrderManagerClass_4814,Domain,,csharp
class_4815,OrderManagerClass_4815,Domain,,csharp
class_4816,OrderManagerClass_4816,Domain,,csharp
class_4817,OrderManagerClass_4817,Domain,,csharp
class_4818,OrderManagerClass_4818,Domain,,csharp
class_4819,OrderManagerClass_4819,Domain,,csharp
class_4820,OrderManagerClass_4820,Domain,,csharp
class_4821,OrderManagerClass_4821,Domain,,csharp
class_4822,OrderManagerClass_4822,Domain,,csharp
class_4823,OrderManagerClass_4823,Domain,,csharp
class_4824,OrderManagerClass_4824,Domain,,csharp
class_4825,OrderManagerClass_4825,Domain,,csharp
class_4826,OrderManagerClass_4826,Domain,,csharp
class_4827,OrderManagerClass_4827,Domain,,csharp
class_4828,OrderManagerClass_4828,Domain,,csharp
class_4829,OrderManagerClass_4829,Domain,,csharp
class_4830,OrderManagerClass_4830,Domain,,csharp
class_4831,OrderManagerClass_4831,Domain,,csharp
class_4832,OrderManagerClass_4832,Domain,,csharp
class_4833,OrderManagerClass_4833,Domain,,csharp
class_4834,OrderManagerClass_4834,Domain,,csharp
class_4835,OrderManagerClass_4835,Domain,,csharp
class_4836,OrderManagerClass_4836,Domain,,csharp
class_4837,OrderManagerClass_4837,Domain,,csharp
class_4838,OrderManagerClass_4838,Domain,,csharp
class_4839,OrderManagerClass_4839,Domain,,csharp
class_4840,OrderManagerClass_4840,Domain,,csharp
class_4841,OrderManagerClass_4841,Domain,,csharp
class_4842,OrderManagerClass_4842,Domain,,csharp
class_4843,OrderManagerClass_4843,Domain,,csharp
class_4844,OrderManagerClass_4844,Domain,,csharp
class_4845,OrderManagerClass_4845,Domain,,csharp
class_4846,OrderManagerClass_4846,Domain,,csharp
class_4847,OrderManagerClass_4847,Domain,,csharp
class_4848,OrderManagerClass_4848,Domain,,csharp
class_4849,OrderManagerClass_4849,Domain,,csharp
class_4850,OrderManagerClass_4850,Domain,,csharp
class_4851,OrderManagerClass_4851,Domain,,csharp
class_4852,OrderManagerClass_4852,Domain,,csharp
class_4853,OrderManagerClass_4853,Domain,,csharp
class_4854,OrderManagerClass_4854,Domain,,csharp
class_4855,OrderManagerClass_4855,Domain,,csharp
class_4856,OrderManagerClass_4856,Domain,,csharp
class_4857,OrderManagerClass_4857,Domain,,csharp
class_4858,OrderManagerClass_4858,Domain,,csharp
class_4859,OrderManagerClass_4859,Domain,,csharp
class_4860,OrderManagerClass_4860,Domain,,csharp
class_4861,OrderManagerClass_4861,Domain,,csharp
class_4862,OrderManagerClass_4862,Domain,,csharp
class_4863,OrderManagerClass_4863,Domain,,csharp
class_4864,OrderManagerClass_4864,Domain,,csharp
class_4865,OrderManagerClass_4865,Domain,,csharp
class_4866,OrderManagerClass_4866,Domain,,csharp
class_4867,OrderManagerClass_4867,Domain,,csharp
class_4868,OrderManagerClass_4868,Domain,,csharp
class_4869,OrderManagerClass_4869,Domain,,csharp
class_4870,OrderManagerClass_4870,Domain,,csharp
class_4871,OrderManagerClass_4871,Domain,,csharp
class_4872,OrderManagerClass_4872,Domain,,csharp
class_4873,OrderManagerClass_4873,Domain,,csharp
class_4874,OrderManagerClass_4874,Domain,,csharp
class_4875,OrderManagerClass_4875,Domain,,csharp
class_4876,OrderManagerClass_4876,Domain,,csharp
class_4877,OrderManagerClass_4877,Domain,,csharp
class_4878,OrderManagerClass_4878,Domain,,csharp
class_4879,OrderManagerClass_4879,Domain,,csharp
class_4880,OrderManagerClass_4880,Domain,,csharp
class_4881,OrderManagerClass_4881,Domain,,csharp
class_4882,OrderManagerClass_4882,Domain,,csharp
class_4883,OrderManagerClass_4883,Domain,,csharp
class_4884,OrderManagerClass_4884,Domain,,csharp
class_4885,OrderManagerClass_4885,Domain,,csharp
class_4886,OrderManagerClass_4886,Domain,,csharp
class_4887,OrderManagerClass_4887,Domain,,csharp
class_4888,OrderManagerClass_4888,Domain,,csharp
class_4889,OrderManagerClass_4889,Domain,,csharp
class_4890,OrderManagerClass_4890,Domain,,csharp
class_4891,OrderManagerClass_4891,Domain,,csharp
class_4892,OrderManagerClass_4892,Domain,,csharp
class_4893,OrderManagerClass_4893,Domain,,csharp
class_4894,OrderManagerClass_4894,Domain,,csharp
class_4895,OrderManagerClass_4895,Domain,,csharp
class_4896,OrderManagerClass_4896,Domain,,csharp
class_4897,OrderManagerClass_4897,Domain,,csharp
class_4898,OrderManagerClass_4898,Domain,,csharp
class_4899,OrderManagerClass_4899,Domain,,csharp
class_4900,OrderManagerClass_4900,Domain,,csharp
class_4901,OrderManagerClass_4901,Domain,,csharp
class_4902,OrderManagerClass_4902,Domain,,csharp
class_4903,OrderManagerClass_4903,Domain,,csharp
class_4904,OrderManagerClass_4904,Domain,,csharp
class_4905,OrderManagerClass_4905,Domain,,csharp
class_4906,OrderManagerClass_4906,Domain,,csharp
class_4907,OrderManagerClass_4907,Domain,,csharp
class_4908,OrderManagerClass_4908,Domain,,csharp
class_4909,OrderManagerClass_4909,Domain,,csharp
class_4910,OrderManagerClass_4910,Domain,,csharp
class_4911,OrderManagerClass_4911,Domain,,csharp
class_4912,OrderManagerClass_4912,Domain,,csharp
class_4913,OrderManagerClass_4913,Domain,,csharp
class_4914,OrderManagerClass_4914,Domain,,csharp
class_4915,OrderManagerClass_4915,Domain,,csharp
class_4916,OrderManagerClass_4916,Domain,,csharp
class_4917,OrderManagerClass_4917,Domain,,csharp
class_4918,OrderManagerClass_4918,Domain,,csharp
class_4919,OrderManagerClass_4919,Domain,,csharp
class_4920,OrderManagerClass_4920,Domain,,csharp
class_4921,OrderManagerClass_4921,Domain,,csharp
class_4922,OrderManagerClass_4922,Domain,,csharp
class_4923,OrderManagerClass_4923,Domain,,csharp
class_4924,OrderManagerClass_4924,Domain,,csharp
class_4925,OrderManagerClass_4925,Domain,,csharp
class_4926,OrderManagerClass_4926,Domain,,csharp
class_4927,OrderManagerClass_4927,Domain,,csharp
class_4928,OrderManagerClass_4928,Domain,,csharp
class_4929,OrderManagerClass_4929,Domain,,csharp
class_4930,OrderManagerClass_4930,Domain,,csharp
class_4931,OrderManagerClass_4931,Domain,,csharp
class_4932,OrderManagerClass_4932,Domain,,csharp
class_4933,OrderManagerClass_4933,Domain,,csharp
class_4934,OrderManagerClass_4934,Domain,,csharp
class_4935,OrderManagerClass_4935,Domain,,csharp
class_4936,OrderManagerClass_4936,Domain,,csharp
class_4937,OrderManagerClass_4937,Domain,,csharp
class_4938,OrderManagerClass_4938,Domain,,csharp
class_4939,OrderManagerClass_4939,Domain,,csharp
class_4940,OrderManagerClass_4940,Domain,,csharp
class_4941,OrderManagerClass_4941,Domain,,csharp
class_4942,OrderManagerClass_4942,Domain,,csharp
class_4943,OrderManagerClass_4943,Domain,,csharp
class_4944,OrderManagerClass_4944,Domain,,csharp
class_4945,OrderManagerClass_4945,Domain,,csharp
class_4946,OrderManagerClass_4946,Domain,,csharp
class_4947,OrderManagerClass_4947,Domain,,csharp
class_4948,OrderManagerClass_4948,Domain,,csharp
class_4949,OrderManagerClass_4949,Domain,,csharp
class_4950,OrderManagerClass_4950,Domain,,csharp
class_4951,OrderManagerClass_4951,Domain,,csharp
class_4952,OrderManagerClass_4952,Domain,,csharp
class_4953,OrderManagerClass_4953,Domain,,csharp
class_4954,OrderManagerClass_4954,Domain,,csharp
class_4955,OrderManagerClass_4955,Domain,,csharp
class_4956,OrderManagerClass_4956,Domain,,csharp
class_4957,OrderManagerClass_4957,Domain,,csharp
class_4958,OrderManagerClass_4958,Domain,,csharp
class_4959,OrderManagerClass_4959,Domain,,csharp
class_4960,OrderManagerClass_4960,Domain,,csharp
class_4961,OrderManagerClass_4961,Domain,,csharp
class_4962,OrderManagerClass_4962,Domain,,csharp
class_4963,OrderManagerClass_4963,Domain,,csharp
class_4964,OrderManagerClass_4964,Domain,,csharp
class_4965,OrderManagerClass_4965,Domain,,csharp
class_4966,OrderManagerClass_4966,Domain,,csharp
class_4967,OrderManagerClass_4967,Domain,,csharp
class_4968,OrderManagerClass_4968,Domain,,csharp
class_4969,OrderManagerClass_4969,Domain,,csharp
class_4970,OrderManagerClass_4970,Domain,,csharp
class_4971,OrderManagerClass_4971,Domain,,csharp
class_4972,OrderManagerClass_4972,Domain,,csharp
class_4973,OrderManagerClass_4973,Domain,,csharp
class_4974,OrderManagerClass_4974,Domain,,csharp
class_4975,OrderManagerClass_4975,Domain,,csharp
class_4976,OrderManagerClass_4976,Domain,,csharp
class_4977,OrderManagerClass_4977,Domain,,csharp
class_4978,OrderManagerClass_4978,Domain,,csharp
class_4979,OrderManagerClass_4979,Domain,,csharp
class_4980,OrderManagerClass_4980,Domain,,csharp
class_4981,OrderManagerClass_4981,Domain,,csharp
class_4982,OrderManagerClass_4982,Domain,,csharp
class_4983,OrderManagerClass_4983,Domain,,csharp
class_4984,OrderManagerClass_4984,Domain,,csharp
class_4985,OrderManagerClass_4985,Domain,,csharp
class_4986,OrderManagerClass_4986,Domain,,csharp
class_4987,OrderManagerClass_4987,Domain,,csharp
class_4988,OrderManagerClass_4988,Domain,,csharp
class_4989,OrderManagerClass_4989,Domain,,csharp
class_4990,OrderManagerClass_4990,Domain,,csharp
class_4991,OrderManagerClass_4991,Domain,,csharp
class_4992,OrderManagerClass_4992,Domain,,csharp
class_4993,OrderManagerClass_4993,Domain,,csharp
class_4994,OrderManagerClass_4994,Domain,,csharp
class_4995,OrderManagerClass_4995,Domain,,csharp
class_4996,OrderManagerClass_4996,Domain,,csharp
class_4997,OrderManagerClass_4997,Domain,,csharp
class_4998,OrderManagerClass_4998,Domain,,csharp
class_4999,OrderManagerClass_4999,Domain,,csharp
class_5000,OrderManagerClass_5000,Domain,,csharp
class_5001,OrderManagerClass_5001,Domain,,csharp
class_5002,OrderManagerClass_5002,Domain,,csharp
class_5003,OrderManagerClass_5003,Domain,,csharp
class_5004,OrderManagerClass_5004,Domain,,csharp
class_5005,OrderManagerClass_5005,Domain,,csharp
class_5006,OrderManagerClass_5006,Domain,,csharp
class_5007,OrderManagerClass_5007,Domain,,csharp
class_5008,OrderManagerClass_5008,Domain,,csharp
class_5009,OrderManagerClass_5009,Domain,,csharp
class_5010,OrderManagerClass_5010,Domain,,csharp
class_5011,OrderManagerClass_5011,Domain,,csharp
class_5012,OrderManagerClass_5012,Domain,,csharp
class_5013,OrderManagerClass_5013,Domain,,csharp
class_5014,OrderManagerClass_5014,Domain,,csharp
class_5015,OrderManagerClass_5015,Domain,,csharp
class_5016,OrderManagerClass_5016,Domain,,csharp
class_5017,OrderManagerClass_5017,Domain,,csharp
class_5018,OrderManagerClass_5018,Domain,,csharp
class_5019,OrderManagerClass_5019,Domain,,csharp
class_5020,OrderManagerClass_5020,Domain,,csharp
class_5021,OrderManagerClass_5021,Domain,,csharp
class_5022,OrderManagerClass_5022,Domain,,csharp
class_5023,OrderManagerClass_5023,Domain,,csharp
class_5024,OrderManagerClass_5024,Domain,,csharp
class_5025,OrderManagerClass_5025,Domain,,csharp
class_5026,OrderManagerClass_5026,Domain,,csharp
class_5027,OrderManagerClass_5027,Domain,,csharp
class_5028,OrderManagerClass_5028,Domain,,csharp
class_5029,OrderManagerClass_5029,Domain,,csharp
class_5030,OrderManagerClass_5030,Domain,,csharp
class_5031,OrderManagerClass_5031,Domain,,csharp
class_5032,OrderManagerClass_5032,Domain,,csharp
class_5033,OrderManagerClass_5033,Domain,,csharp
class_5034,OrderManagerClass_5034,Domain,,csharp
class_5035,OrderManagerClass_5035,Domain,,csharp
class_5036,OrderManagerClass_5036,Domain,,csharp
class_5037,OrderManagerClass_5037,Domain,,csharp
class_5038,OrderManagerClass_5038,Domain,,csharp
class_5039,OrderManagerClass_5039,Domain,,csharp
class_5040,OrderManagerClass_5040,Domain,,csharp
class_5041,OrderManagerClass_5041,Domain,,csharp
class_5042,OrderManagerClass_5042,Domain,,csharp
class_5043,OrderManagerClass_5043,Domain,,csharp
class_5044,OrderManagerClass_5044,Domain,,csharp
class_5045,OrderManagerClass_5045,Domain,,csharp
class_5046,OrderManagerClass_5046,Domain,,csharp
class_5047,OrderManagerClass_5047,Domain,,csharp
class_5048,OrderManagerClass_5048,Domain,,csharp
class_5049,OrderManagerClass_5049,Domain,,csharp
class_5050,OrderManagerClass_5050,Domain,,csharp
class_5051,OrderManagerClass_5051,Domain,,csharp
class_5052,OrderManagerClass_5052,Domain,,csharp
class_5053,OrderManagerClass_5053,Domain,,csharp
class_5054,OrderManagerClass_5054,Domain,,csharp
class_5055,OrderManagerClass_5055,Domain,,csharp
class_5056,OrderManagerClass_5056,Domain,,csharp
class_5057,OrderManagerClass_5057,Domain,,csharp
class_5058,OrderManagerClass_5058,Domain,,csharp
class_5059,OrderManagerClass_5059,Domain,,csharp
class_5060,OrderManagerClass_5060,Domain,,csharp
class_5061,OrderManagerClass_5061,Domain,,csharp
class_5062,OrderManagerClass_5062,Domain,,csharp
class_5063,OrderManagerClass_5063,Domain,,csharp
class_5064,OrderManagerClass_5064,Domain,,csharp
class_5065,OrderManagerClass_5065,Domain,,csharp
class_5066,OrderManagerClass_5066,Domain,,csharp
class_5067,OrderManagerClass_5067,Domain,,csharp
class_5068,OrderManagerClass_5068,Domain,,csharp
class_5069,OrderManagerClass_5069,Domain,,csharp
class_5070,OrderManagerClass_5070,Domain,,csharp
class_5071,OrderManagerClass_5071,Domain,,csharp
class_5072,OrderManagerClass_5072,Domain,,csharp
class_5073,OrderManagerClass_5073,Domain,,csharp
class_5074,OrderManagerClass_5074,Domain,,csharp
class_5075,OrderManagerClass_5075,Domain,,csharp
class_5076,OrderManagerClass_5076,Domain,,csharp
class_5077,OrderManagerClass_5077,Domain,,csharp
class_5078,OrderManagerClass_5078,Domain,,csharp
class_5079,OrderManagerClass_5079,Domain,,csharp
class_5080,OrderManagerClass_5080,Domain,,csharp
class_5081,OrderManagerClass_5081,Domain,,csharp
class_5082,OrderManagerClass_5082,Domain,,csharp
class_5083,OrderManagerClass_5083,Domain,,csharp
class_5084,OrderManagerClass_5084,Domain,,csharp
class_5085,OrderManagerClass_5085,Domain,,csharp
class_5086,OrderManagerClass_5086,Domain,,csharp
class_5087,OrderManagerClass_5087,Domain,,csharp
class_5088,OrderManagerClass_5088,Domain,,csharp
class_5089,OrderManagerClass_5089,Domain,,csharp
class_5090,OrderManagerClass_5090,Domain,,csharp
class_5091,OrderManagerClass_5091,Domain,,csharp
class_5092,OrderManagerClass_5092,Domain,,csharp
class_5093,OrderManagerClass_5093,Domain,,csharp
class_5094,OrderManagerClass_5094,Domain,,csharp
class_5095,OrderManagerClass_5095,Domain,,csharp
class_5096,OrderManagerClass_5096,Domain,,csharp
class_5097,OrderManagerClass_5097,Domain,,csharp
class_5098,OrderManagerClass_5098,Domain,,csharp
class_5099,OrderManagerClass_5099,Domain,,csharp
class_5100,OrderManagerClass_5100,Domain,,csharp
class_5101,OrderManagerClass_5101,Domain,,csharp
class_5102,OrderManagerClass_5102,Domain,,csharp
class_5103,OrderManagerClass_5103,Domain,,csharp
class_5104,OrderManagerClass_5104,Domain,,csharp
class_5105,OrderManagerClass_5105,Domain,,csharp
class_5106,OrderManagerClass_5106,Domain,,csharp
class_5107,OrderManagerClass_5107,Domain,,csharp
class_5108,OrderManagerClass_5108,Domain,,csharp
class_5109,OrderManagerClass_5109,Domain,,csharp
class_5110,OrderManagerClass_5110,Domain,,csharp
class_5111,OrderManagerClass_5111,Domain,,csharp
class_5112,OrderManagerClass_5112,Domain,,csharp
class_5113,OrderManagerClass_5113,Domain,,csharp
class_5114,OrderManagerClass_5114,Domain,,csharp
class_5115,OrderManagerClass_5115,Domain,,csharp
class_5116,OrderManagerClass_5116,Domain,,csharp
class_5117,OrderManagerClass_5117,Domain,,csharp
class_5118,OrderManagerClass_5118,Domain,,csharp
class_5119,OrderManagerClass_5119,Domain,,csharp
class_5120,OrderManagerClass_5120,Domain,,csharp
class_5121,OrderManagerClass_5121,Domain,,csharp
class_5122,OrderManagerClass_5122,Domain,,csharp
class_5123,OrderManagerClass_5123,Domain,,csharp
class_5124,OrderManagerClass_5124,Domain,,csharp
class_5125,OrderManagerClass_5125,Domain,,csharp
class_5126,OrderManagerClass_5126,Domain,,csharp
class_5127,OrderManagerClass_5127,Domain,,csharp
class_5128,OrderManagerClass_5128,Domain,,csharp
class_5129,OrderManagerClass_5129,Domain,,csharp
class_5130,OrderManagerClass_5130,Domain,,csharp
class_5131,OrderManagerClass_5131,Domain,,csharp
class_5132,OrderManagerClass_5132,Domain,,csharp
class_5133,OrderManagerClass_5133,Domain,,csharp
class_5134,OrderManagerClass_5134,Domain,,csharp
class_5135,OrderManagerClass_5135,Domain,,csharp
class_5136,OrderManagerClass_5136,Domain,,csharp
class_5137,OrderManagerClass_5137,Domain,,csharp
class_5138,OrderManagerClass_5138,Domain,,csharp
class_5139,OrderManagerClass_5139,Domain,,csharp
class_5140,OrderManagerClass_5140,Domain,,csharp
class_5141,OrderManagerClass_5141,Domain,,csharp
class_5142,OrderManagerClass_5142,Domain,,csharp
class_5143,OrderManagerClass_5143,Domain,,csharp
class_5144,OrderManagerClass_5144,Domain,,csharp
class_5145,OrderManagerClass_5145,Domain,,csharp
class_5146,OrderManagerClass_5146,Domain,,csharp
class_5147,OrderManagerClass_5147,Domain,,csharp
class_5148,OrderManagerClass_5148,Domain,,csharp
class_5149,OrderManagerClass_5149,Domain,,csharp
class_5150,OrderManagerClass_5150,Domain,,csharp
class_5151,OrderManagerClass_5151,Domain,,csharp
class_5152,OrderManagerClass_5152,Domain,,csharp
class_5153,OrderManagerClass_5153,Domain,,csharp
class_5154,OrderManagerClass_5154,Domain,,csharp
class_5155,OrderManagerClass_5155,Domain,,csharp
class_5156,OrderManagerClass_5156,Domain,,csharp
class_5157,OrderManagerClass_5157,Domain,,csharp
class_5158,OrderManagerClass_5158,Domain,,csharp
class_5159,OrderManagerClass_5159,Domain,,csharp
class_5160,OrderManagerClass_5160,Domain,,csharp
class_5161,OrderManagerClass_5161,Domain,,csharp
class_5162,OrderManagerClass_5162,Domain,,csharp
class_5163,OrderManagerClass_5163,Domain,,csharp
class_5164,OrderManagerClass_5164,Domain,,csharp
class_5165,OrderManagerClass_5165,Domain,,csharp
class_5166,OrderManagerClass_5166,Domain,,csharp
class_5167,OrderManagerClass_5167,Domain,,csharp
class_5168,OrderManagerClass_5168,Domain,,csharp
class_5169,OrderManagerClass_5169,Domain,,csharp
class_5170,OrderManagerClass_5170,Domain,,csharp
class_5171,OrderManagerClass_5171,Domain,,csharp
class_5172,OrderManagerClass_5172,Domain,,csharp
class_5173,OrderManagerClass_5173,Domain,,csharp
class_5174,OrderManagerClass_5174,Domain,,csharp
class_5175,OrderManagerClass_5175,Domain,,csharp
class_5176,OrderManagerClass_5176,Domain,,csharp
class_5177,OrderManagerClass_5177,Domain,,csharp
class_5178,OrderManagerClass_5178,Domain,,csharp
class_5179,OrderManagerClass_5179,Domain,,csharp
class_5180,OrderManagerClass_5180,Domain,,csharp
class_5181,OrderManagerClass_5181,Domain,,csharp
class_5182,OrderManagerClass_5182,Domain,,csharp
class_5183,OrderManagerClass_5183,Domain,,csharp
class_5184,OrderManagerClass_5184,Domain,,csharp
class_5185,OrderManagerClass_5185,Domain,,csharp
class_5186,OrderManagerClass_5186,Domain,,csharp
class_5187,OrderManagerClass_5187,Domain,,csharp
class_5188,OrderManagerClass_5188,Domain,,csharp
class_5189,OrderManagerClass_5189,Domain,,csharp
class_5190,OrderManagerClass_5190,Domain,,csharp
class_5191,OrderManagerClass_5191,Domain,,csharp
class_5192,OrderManagerClass_5192,Domain,,csharp
class_5193,OrderManagerClass_5193,Domain,,csharp
class_5194,OrderManagerClass_5194,Domain,,csharp
class_5195,OrderManagerClass_5195,Domain,,csharp
class_5196,OrderManagerClass_5196,Domain,,csharp
class_5197,OrderManagerClass_5197,Domain,,csharp
class_5198,OrderManagerClass_5198,Domain,,csharp
class_5199,OrderManagerClass_5199,Domain,,csharp
class_5200,OrderManagerClass_5200,Domain,,csharp
class_5201,OrderManagerClass_5201,Domain,,csharp
class_5202,OrderManagerClass_5202,Domain,,csharp
class_5203,OrderManagerClass_5203,Domain,,csharp
class_5204,OrderManagerClass_5204,Domain,,csharp
class_5205,OrderManagerClass_5205,Domain,,csharp
class_5206,OrderManagerClass_5206,Domain,,csharp
class_5207,OrderManagerClass_5207,Domain,,csharp
class_5208,OrderManagerClass_5208,Domain,,csharp
class_5209,OrderManagerClass_5209,Domain,,csharp
class_5210,OrderManagerClass_5210,Domain,,csharp
class_5211,OrderManagerClass_5211,Domain,,csharp
class_5212,OrderManagerClass_5212,Domain,,csharp
class_5213,OrderManagerClass_5213,Domain,,csharp
class_5214,OrderManagerClass_5214,Domain,,csharp
class_5215,OrderManagerClass_5215,Domain,,csharp
class_5216,OrderManagerClass_5216,Domain,,csharp
class_5217,OrderManagerClass_5217,Domain,,csharp
class_5218,OrderManagerClass_5218,Domain,,csharp
class_5219,OrderManagerClass_5219,Domain,,csharp
class_5220,OrderManagerClass_5220,Domain,,csharp
class_5221,OrderManagerClass_5221,Domain,,csharp
class_5222,OrderManagerClass_5222,Domain,,csharp
class_5223,OrderManagerClass_5223,Domain,,csharp
class_5224,OrderManagerClass_5224,Domain,,csharp
class_5225,OrderManagerClass_5225,Domain,,csharp
class_5226,OrderManagerClass_5226,Domain,,csharp
class_5227,OrderManagerClass_5227,Domain,,csharp
class_5228,OrderManagerClass_5228,Domain,,csharp
class_5229,OrderManagerClass_5229,Domain,,csharp
class_5230,OrderManagerClass_5230,Domain,,csharp
class_5231,OrderManagerClass_5231,Domain,,csharp
class_5232,OrderManagerClass_5232,Domain,,csharp
class_5233,OrderManagerClass_5233,Domain,,csharp
class_5234,OrderManagerClass_5234,Domain,,csharp
class_5235,OrderManagerClass_5235,Domain,,csharp
class_5236,OrderManagerClass_5236,Domain,,csharp
class_5237,OrderManagerClass_5237,Domain,,csharp
class_5238,OrderManagerClass_5238,Domain,,csharp
class_5239,OrderManagerClass_5239,Domain,,csharp
class_5240,OrderManagerClass_5240,Domain,,csharp
class_5241,OrderManagerClass_5241,Domain,,csharp
class_5242,OrderManagerClass_5242,Domain,,csharp
class_5243,OrderManagerClass_5243,Domain,,csharp
class_5244,OrderManagerClass_5244,Domain,,csharp
class_5245,OrderManagerClass_5245,Domain,,csharp
class_5246,OrderManagerClass_5246,Domain,,csharp
class_5247,OrderManagerClass_5247,Domain,,csharp
class_5248,OrderManagerClass_5248,Domain,,csharp
class_5249,OrderManagerClass_5249,Domain,,csharp
class_5250,OrderManagerClass_5250,Domain,,csharp
class_5251,OrderManagerClass_5251,Domain,,csharp
class_5252,OrderManagerClass_5252,Domain,,csharp
class_5253,OrderManagerClass_5253,Domain,,csharp
class_5254,OrderManagerClass_5254,Domain,,csharp
class_5255,OrderManagerClass_5255,Domain,,csharp
class_5256,OrderManagerClass_5256,Domain,,csharp
class_5257,OrderManagerClass_5257,Domain,,csharp
class_5258,OrderManagerClass_5258,Domain,,csharp
class_5259,OrderManagerClass_5259,Domain,,csharp
class_5260,OrderManagerClass_5260,Domain,,csharp
class_5261,OrderManagerClass_5261,Domain,,csharp
class_5262,OrderManagerClass_5262,Domain,,csharp
class_5263,OrderManagerClass_5263,Domain,,csharp
class_5264,OrderManagerClass_5264,Domain,,csharp
class_5265,OrderManagerClass_5265,Domain,,csharp
class_5266,OrderManagerClass_5266,Domain,,csharp
class_5267,OrderManagerClass_5267,Domain,,csharp
class_5268,OrderManagerClass_5268,Domain,,csharp
class_5269,OrderManagerClass_5269,Domain,,csharp
class_5270,OrderManagerClass_5270,Domain,,csharp
class_5271,OrderManagerClass_5271,Domain,,csharp
class_5272,OrderManagerClass_5272,Domain,,csharp
class_5273,OrderManagerClass_5273,Domain,,csharp
class_5274,OrderManagerClass_5274,Domain,,csharp
class_5275,OrderManagerClass_5275,Domain,,csharp
class_5276,OrderManagerClass_5276,Domain,,csharp
class_5277,OrderManagerClass_5277,Domain,,csharp
class_5278,OrderManagerClass_5278,Domain,,csharp
class_5279,OrderManagerClass_5279,Domain,,csharp
class_5280,OrderManagerClass_5280,Domain,,csharp
class_5281,OrderManagerClass_5281,Domain,,csharp
class_5282,OrderManagerClass_5282,Domain,,csharp
class_5283,OrderManagerClass_5283,Domain,,csharp
class_5284,OrderManagerClass_5284,Domain,,csharp
class_5285,OrderManagerClass_5285,Domain,,csharp
class_5286,OrderManagerClass_5286,Domain,,csharp
class_5287,OrderManagerClass_5287,Domain,,csharp
class_5288,OrderManagerClass_5288,Domain,,csharp
class_5289,OrderManagerClass_5289,Domain,,csharp
class_5290,OrderManagerClass_5290,Domain,,csharp
class_5291,OrderManagerClass_5291,Domain,,csharp
class_5292,OrderManagerClass_5292,Domain,,csharp
class_5293,OrderManagerClass_5293,Domain,,csharp
class_5294,OrderManagerClass_5294,Domain,,csharp
class_5295,OrderManagerClass_5295,Domain,,csharp
class_5296,OrderManagerClass_5296,Domain,,csharp
class_5297,OrderManagerClass_5297,Domain,,csharp
class_5298,OrderManagerClass_5298,Domain,,csharp
class_5299,OrderManagerClass_5299,Domain,,csharp
class_5300,OrderManagerClass_5300,Domain,,csharp
class_5301,OrderManagerClass_5301,Domain,,csharp
class_5302,OrderManagerClass_5302,Domain,,csharp
class_5303,OrderManagerClass_5303,Domain,,csharp
class_5304,OrderManagerClass_5304,Domain,,csharp
class_5305,OrderManagerClass_5305,Domain,,csharp
class_5306,OrderManagerClass_5306,Domain,,csharp
class_5307,OrderManagerClass_5307,Domain,,csharp
class_5308,OrderManagerClass_5308,Domain,,csharp
class_5309,OrderManagerClass_5309,Domain,,csharp
class_5310,OrderManagerClass_5310,Domain,,csharp
class_5311,OrderManagerClass_5311,Domain,,csharp
class_5312,OrderManagerClass_5312,Domain,,csharp
class_5313,OrderManagerClass_5313,Domain,,csharp
class_5314,OrderManagerClass_5314,Domain,,csharp
class_5315,OrderManagerClass_5315,Domain,,csharp
class_5316,OrderManagerClass_5316,Domain,,csharp
class_5317,OrderManagerClass_5317,Domain,,csharp
class_5318,OrderManagerClass_5318,Domain,,csharp
class_5319,OrderManagerClass_5319,Domain,,csharp
class_5320,OrderManagerClass_5320,Domain,,csharp
class_5321,OrderManagerClass_5321,Domain,,csharp
class_5322,OrderManagerClass_5322,Domain,,csharp
class_5323,OrderManagerClass_5323,Domain,,csharp
class_5324,OrderManagerClass_5324,Domain,,csharp
class_5325,OrderManagerClass_5325,Domain,,csharp
class_5326,OrderManagerClass_5326,Domain,,csharp
class_5327,OrderManagerClass_5327,Domain,,csharp
class_5328,OrderManagerClass_5328,Domain,,csharp
class_5329,OrderManagerClass_5329,Domain,,csharp
class_5330,OrderManagerClass_5330,Domain,,csharp
class_5331,OrderManagerClass_5331,Domain,,csharp
class_5332,OrderManagerClass_5332,Domain,,csharp
class_5333,OrderManagerClass_5333,Domain,,csharp
class_5334,OrderManagerClass_5334,Domain,,csharp
class_5335,OrderManagerClass_5335,Domain,,csharp
class_5336,OrderManagerClass_5336,Domain,,csharp
class_5337,OrderManagerClass_5337,Domain,,csharp
class_5338,OrderManagerClass_5338,Domain,,csharp
class_5339,OrderManagerClass_5339,Domain,,csharp
class_5340,OrderManagerClass_5340,Domain,,csharp
class_5341,OrderManagerClass_5341,Domain,,csharp
class_5342,OrderManagerClass_5342,Domain,,csharp
class_5343,OrderManagerClass_5343,Domain,,csharp
class_5344,OrderManagerClass_5344,Domain,,csharp
class_5345,OrderManagerClass_5345,Domain,,csharp
class_5346,OrderManagerClass_5346,Domain,,csharp
class_5347,OrderManagerClass_5347,Domain,,csharp
class_5348,OrderManagerClass_5348,Domain,,csharp
class_5349,OrderManagerClass_5349,Domain,,csharp
class_5350,OrderManagerClass_5350,Domain,,csharp
class_5351,OrderManagerClass_5351,Domain,,csharp
class_5352,OrderManagerClass_5352,Domain,,csharp
class_5353,OrderManagerClass_5353,Domain,,csharp
class_5354,OrderManagerClass_5354,Domain,,csharp
class_5355,OrderManagerClass_5355,Domain,,csharp
class_5356,OrderManagerClass_5356,Domain,,csharp
class_5357,OrderManagerClass_5357,Domain,,csharp
class_5358,OrderManagerClass_5358,Domain,,csharp
class_5359,OrderManagerClass_5359,Domain,,csharp
class_5360,OrderManagerClass_5360,Domain,,csharp
class_5361,OrderManagerClass_5361,Domain,,csharp
class_5362,OrderManagerClass_5362,Domain,,csharp
class_5363,OrderManagerClass_5363,Domain,,csharp
class_5364,OrderManagerClass_5364,Domain,,csharp
class_5365,OrderManagerClass_5365,Domain,,csharp
class_5366,OrderManagerClass_5366,Domain,,csharp
class_5367,OrderManagerClass_5367,Domain,,csharp
class_5368,OrderManagerClass_5368,Domain,,csharp
class_5369,OrderManagerClass_5369,Domain,,csharp
class_5370,OrderManagerClass_5370,Domain,,csharp
class_5371,OrderManagerClass_5371,Domain,,csharp
class_5372,OrderManagerClass_5372,Domain,,csharp
class_5373,OrderManagerClass_5373,Domain,,csharp
class_5374,OrderManagerClass_5374,Domain,,csharp
class_5375,OrderManagerClass_5375,Domain,,csharp
class_5376,OrderManagerClass_5376,Domain,,csharp
class_5377,OrderManagerClass_5377,Domain,,csharp
class_5378,OrderManagerClass_5378,Domain,,csharp
class_5379,OrderManagerClass_5379,Domain,,csharp
class_5380,OrderManagerClass_5380,Domain,,csharp
class_5381,OrderManagerClass_5381,Domain,,csharp
class_5382,OrderManagerClass_5382,Domain,,csharp
class_5383,OrderManagerClass_5383,Domain,,csharp
class_5384,OrderManagerClass_5384,Domain,,csharp
class_5385,OrderManagerClass_5385,Domain,,csharp
class_5386,OrderManagerClass_5386,Domain,,csharp
class_5387,OrderManagerClass_5387,Domain,,csharp
class_5388,OrderManagerClass_5388,Domain,,csharp
class_5389,OrderManagerClass_5389,Domain,,csharp
class_5390,OrderManagerClass_5390,Domain,,csharp
class_5391,OrderManagerClass_5391,Domain,,csharp
class_5392,OrderManagerClass_5392,Domain,,csharp
class_5393,OrderManagerClass_5393,Domain,,csharp
class_5394,OrderManagerClass_5394,Domain,,csharp
class_5395,OrderManagerClass_5395,Domain,,csharp
class_5396,OrderManagerClass_5396,Domain,,csharp
class_5397,OrderManagerClass_5397,Domain,,csharp
class_5398,OrderManagerClass_5398,Domain,,csharp
class_5399,OrderManagerClass_5399,Domain,,csharp
class_5400,OrderManagerClass_5400,Domain,,csharp
class_5401,OrderManagerClass_5401,Domain,,csharp
class_5402,OrderManagerClass_5402,Domain,,csharp
class_5403,OrderManagerClass_5403,Domain,,csharp
class_5404,OrderManagerClass_5404,Domain,,csharp
class_5405,OrderManagerClass_5405,Domain,,csharp
class_5406,OrderManagerClass_5406,Domain,,csharp
class_5407,OrderManagerClass_5407,Domain,,csharp
class_5408,OrderManagerClass_5408,Domain,,csharp
class_5409,OrderManagerClass_5409,Domain,,csharp
class_5410,OrderManagerClass_5410,Domain,,csharp
class_5411,OrderManagerClass_5411,Domain,,csharp
class_5412,OrderManagerClass_5412,Domain,,csharp
class_5413,OrderManagerClass_5413,Domain,,csharp
class_5414,OrderManagerClass_5414,Domain,,csharp
class_5415,OrderManagerClass_5415,Domain,,csharp
class_5416,OrderManagerClass_5416,Domain,,csharp
class_5417,OrderManagerClass_5417,Domain,,csharp
class_5418,OrderManagerClass_5418,Domain,,csharp
class_5419,OrderManagerClass_5419,Domain,,csharp
class_5420,OrderManagerClass_5420,Domain,,csharp
class_5421,OrderManagerClass_5421,Domain,,csharp
class_5422,OrderManagerClass_5422,Domain,,csharp
class_5423,OrderManagerClass_5423,Domain,,csharp
class_5424,OrderManagerClass_5424,Domain,,csharp
class_5425,OrderManagerClass_5425,Domain,,csharp
class_5426,OrderManagerClass_5426,Domain,,csharp
class_5427,OrderManagerClass_5427,Domain,,csharp
class_5428,OrderManagerClass_5428,Domain,,csharp
class_5429,OrderManagerClass_5429,Domain,,csharp
class_5430,OrderManagerClass_5430,Domain,,csharp
class_5431,OrderManagerClass_5431,Domain,,csharp
class_5432,OrderManagerClass_5432,Domain,,csharp
class_5433,OrderManagerClass_5433,Domain,,csharp
class_5434,OrderManagerClass_5434,Domain,,csharp
class_5435,OrderManagerClass_5435,Domain,,csharp
class_5436,OrderManagerClass_5436,Domain,,csharp
class_5437,OrderManagerClass_5437,Domain,,csharp
class_5438,OrderManagerClass_5438,Domain,,csharp
class_5439,OrderManagerClass_5439,Domain,,csharp
class_5440,OrderManagerClass_5440,Domain,,csharp
class_5441,OrderManagerClass_5441,Domain,,csharp
class_5442,OrderManagerClass_5442,Domain,,csharp
class_5443,OrderManagerClass_5443,Domain,,csharp
class_5444,OrderManagerClass_5444,Domain,,csharp
class_5445,OrderManagerClass_5445,Domain,,csharp
class_5446,OrderManagerClass_5446,Domain,,csharp
class_5447,OrderManagerClass_5447,Domain,,csharp
class_5448,OrderManagerClass_5448,Domain,,csharp
class_5449,OrderManagerClass_5449,Domain,,csharp
class_5450,OrderManagerClass_5450,Domain,,csharp
class_5451,OrderManagerClass_5451,Domain,,csharp
class_5452,OrderManagerClass_5452,Domain,,csharp
class_5453,OrderManagerClass_5453,Domain,,csharp
class_5454,OrderManagerClass_5454,Domain,,csharp
class_5455,OrderManagerClass_5455,Domain,,csharp
class_5456,OrderManagerClass_5456,Domain,,csharp
class_5457,OrderManagerClass_5457,Domain,,csharp
class_5458,OrderManagerClass_5458,Domain,,csharp
class_5459,OrderManagerClass_5459,Domain,,csharp
class_5460,OrderManagerClass_5460,Domain,,csharp
class_5461,OrderManagerClass_5461,Domain,,csharp
class_5462,OrderManagerClass_5462,Domain,,csharp
class_5463,OrderManagerClass_5463,Domain,,csharp
class_5464,OrderManagerClass_5464,Domain,,csharp
class_5465,OrderManagerClass_5465,Domain,,csharp
class_5466,OrderManagerClass_5466,Domain,,csharp
class_5467,OrderManagerClass_5467,Domain,,csharp
class_5468,OrderManagerClass_5468,Domain,,csharp
class_5469,OrderManagerClass_5469,Domain,,csharp
class_5470,OrderManagerClass_5470,Domain,,csharp
class_5471,OrderManagerClass_5471,Domain,,csharp
class_5472,OrderManagerClass_5472,Domain,,csharp
class_5473,OrderManagerClass_5473,Domain,,csharp
class_5474,OrderManagerClass_5474,Domain,,csharp
class_5475,OrderManagerClass_5475,Domain,,csharp
class_5476,OrderManagerClass_5476,Domain,,csharp
class_5477,OrderManagerClass_5477,Domain,,csharp
class_5478,OrderManagerClass_5478,Domain,,csharp
class_5479,OrderManagerClass_5479,Domain,,csharp
class_5480,OrderManagerClass_5480,Domain,,csharp
class_5481,OrderManagerClass_5481,Domain,,csharp
class_5482,OrderManagerClass_5482,Domain,,csharp
class_5483,OrderManagerClass_5483,Domain,,csharp
class_5484,OrderManagerClass_5484,Domain,,csharp
class_5485,OrderManagerClass_5485,Domain,,csharp
class_5486,OrderManagerClass_5486,Domain,,csharp
class_5487,OrderManagerClass_5487,Domain,,csharp
class_5488,OrderManagerClass_5488,Domain,,csharp
class_5489,OrderManagerClass_5489,Domain,,csharp
class_5490,OrderManagerClass_5490,Domain,,csharp
class_5491,OrderManagerClass_5491,Domain,,csharp
class_5492,OrderManagerClass_5492,Domain,,csharp
class_5493,OrderManagerClass_5493,Domain,,csharp
class_5494,OrderManagerClass_5494,Domain,,csharp
class_5495,OrderManagerClass_5495,Domain,,csharp
class_5496,OrderManagerClass_5496,Domain,,csharp
class_5497,OrderManagerClass_5497,Domain,,csharp
class_5498,OrderManagerClass_5498,Domain,,csharp
class_5499,OrderManagerClass_5499,Domain,,csharp
class_5500,OrderManagerClass_5500,Domain,,csharp
class_5501,OrderManagerClass_5501,Domain,,csharp
class_5502,OrderManagerClass_5502,Domain,,csharp
class_5503,OrderManagerClass_5503,Domain,,csharp
class_5504,OrderManagerClass_5504,Domain,,csharp
class_5505,OrderManagerClass_5505,Domain,,csharp
class_5506,OrderManagerClass_5506,Domain,,csharp
class_5507,OrderManagerClass_5507,Domain,,csharp
class_5508,OrderManagerClass_5508,Domain,,csharp
class_5509,OrderManagerClass_5509,Domain,,csharp
class_5510,OrderManagerClass_5510,Domain,,csharp
class_5511,OrderManagerClass_5511,Domain,,csharp
class_5512,OrderManagerClass_5512,Domain,,csharp
class_5513,OrderManagerClass_5513,Domain,,csharp
class_5514,OrderManagerClass_5514,Domain,,csharp
class_5515,OrderManagerClass_5515,Domain,,csharp
class_5516,OrderManagerClass_5516,Domain,,csharp
class_5517,OrderManagerClass_5517,Domain,,csharp
class_5518,OrderManagerClass_5518,Domain,,csharp
class_5519,OrderManagerClass_5519,Domain,,csharp
class_5520,OrderManagerClass_5520,Domain,,csharp
class_5521,OrderManagerClass_5521,Domain,,csharp
class_5522,OrderManagerClass_5522,Domain,,csharp
class_5523,OrderManagerClass_5523,Domain,,csharp
class_5524,OrderManagerClass_5524,Domain,,csharp
class_5525,OrderManagerClass_5525,Domain,,csharp
class_5526,OrderManagerClass_5526,Domain,,csharp
class_5527,OrderManagerClass_5527,Domain,,csharp
class_5528,OrderManagerClass_5528,Domain,,csharp
class_5529,OrderManagerClass_5529,Domain,,csharp
class_5530,OrderManagerClass_5530,Domain,,csharp
class_5531,OrderManagerClass_5531,Domain,,csharp
class_5532,OrderManagerClass_5532,Domain,,csharp
class_5533,OrderManagerClass_5533,Domain,,csharp
class_5534,OrderManagerClass_5534,Domain,,csharp
class_5535,OrderManagerClass_5535,Domain,,csharp
class_5536,OrderManagerClass_5536,Domain,,csharp
class_5537,OrderManagerClass_5537,Domain,,csharp
class_5538,OrderManagerClass_5538,Domain,,csharp
class_5539,OrderManagerClass_5539,Domain,,csharp
class_5540,OrderManagerClass_5540,Domain,,csharp
class_5541,OrderManagerClass_5541,Domain,,csharp
class_5542,OrderManagerClass_5542,Domain,,csharp
class_5543,OrderManagerClass_5543,Domain,,csharp
class_5544,OrderManagerClass_5544,Domain,,csharp
class_5545,OrderManagerClass_5545,Domain,,csharp
class_5546,OrderManagerClass_5546,Domain,,csharp
class_5547,OrderManagerClass_5547,Domain,,csharp
class_5548,OrderManagerClass_5548,Domain,,csharp
class_5549,OrderManagerClass_5549,Domain,,csharp
class_5550,OrderManagerClass_5550,Domain,,csharp
class_5551,OrderManagerClass_5551,Domain,,csharp
class_5552,OrderManagerClass_5552,Domain,,csharp
class_5553,OrderManagerClass_5553,Domain,,csharp
class_5554,OrderManagerClass_5554,Domain,,csharp
class_5555,OrderManagerClass_5555,Domain,,csharp
class_5556,OrderManagerClass_5556,Domain,,csharp
class_5557,OrderManagerClass_5557,Domain,,csharp
class_5558,OrderManagerClass_5558,Domain,,csharp
class_5559,OrderManagerClass_5559,Domain,,csharp
class_5560,OrderManagerClass_5560,Domain,,csharp
class_5561,OrderManagerClass_5561,Domain,,csharp
class_5562,OrderManagerClass_5562,Domain,,csharp
class_5563,OrderManagerClass_5563,Domain,,csharp
class_5564,OrderManagerClass_5564,Domain,,csharp
class_5565,OrderManagerClass_5565,Domain,,csharp
class_5566,OrderManagerClass_5566,Domain,,csharp
class_5567,OrderManagerClass_5567,Domain,,csharp
class_5568,OrderManagerClass_5568,Domain,,csharp
class_5569,OrderManagerClass_5569,Domain,,csharp
class_5570,OrderManagerClass_5570,Domain,,csharp
class_5571,OrderManagerClass_5571,Domain,,csharp
class_5572,OrderManagerClass_5572,Domain,,csharp
class_5573,OrderManagerClass_5573,Domain,,csharp
class_5574,OrderManagerClass_5574,Domain,,csharp
class_5575,OrderManagerClass_5575,Domain,,csharp
class_5576,OrderManagerClass_5576,Domain,,csharp
class_5577,OrderManagerClass_5577,Domain,,csharp
class_5578,OrderManagerClass_5578,Domain,,csharp
class_5579,OrderManagerClass_5579,Domain,,csharp
class_5580,OrderManagerClass_5580,Domain,,csharp
class_5581,OrderManagerClass_5581,Domain,,csharp
class_5582,OrderManagerClass_5582,Domain,,csharp
class_5583,OrderManagerClass_5583,Domain,,csharp
class_5584,OrderManagerClass_5584,Domain,,csharp
class_5585,OrderManagerClass_5585,Domain,,csharp
class_5586,OrderManagerClass_5586,Domain,,csharp
class_5587,OrderManagerClass_5587,Domain,,csharp
class_5588,OrderManagerClass_5588,Domain,,csharp
class_5589,OrderManagerClass_5589,Domain,,csharp
class_5590,OrderManagerClass_5590,Domain,,csharp
class_5591,OrderManagerClass_5591,Domain,,csharp
class_5592,OrderManagerClass_5592,Domain,,csharp
class_5593,OrderManagerClass_5593,Domain,,csharp
class_5594,OrderManagerClass_5594,Domain,,csharp
class_5595,OrderManagerClass_5595,Domain,,csharp
class_5596,OrderManagerClass_5596,Domain,,csharp
class_5597,OrderManagerClass_5597,Domain,,csharp
class_5598,OrderManagerClass_5598,Domain,,csharp
class_5599,OrderManagerClass_5599,Domain,,csharp
class_5600,OrderManagerClass_5600,Domain,,csharp
class_5601,OrderManagerClass_5601,Domain,,csharp
class_5602,OrderManagerClass_5602,Domain,,csharp
class_5603,OrderManagerClass_5603,Domain,,csharp
class_5604,OrderManagerClass_5604,Domain,,csharp
class_5605,OrderManagerClass_5605,Domain,,csharp
class_5606,OrderManagerClass_5606,Domain,,csharp
class_5607,OrderManagerClass_5607,Domain,,csharp
class_5608,OrderManagerClass_5608,Domain,,csharp
class_5609,OrderManagerClass_5609,Domain,,csharp
class_5610,OrderManagerClass_5610,Domain,,csharp
class_5611,OrderManagerClass_5611,Domain,,csharp
class_5612,OrderManagerClass_5612,Domain,,csharp
class_5613,OrderManagerClass_5613,Domain,,csharp
class_5614,OrderManagerClass_5614,Domain,,csharp
class_5615,OrderManagerClass_5615,Domain,,csharp
class_5616,OrderManagerClass_5616,Domain,,csharp
class_5617,OrderManagerClass_5617,Domain,,csharp
class_5618,OrderManagerClass_5618,Domain,,csharp
class_5619,OrderManagerClass_5619,Domain,,csharp
class_5620,OrderManagerClass_5620,Domain,,csharp
class_5621,OrderManagerClass_5621,Domain,,csharp
class_5622,OrderManagerClass_5622,Domain,,csharp
class_5623,OrderManagerClass_5623,Domain,,csharp
class_5624,OrderManagerClass_5624,Domain,,csharp
class_5625,OrderManagerClass_5625,Domain,,csharp
class_5626,OrderManagerClass_5626,Domain,,csharp
class_5627,OrderManagerClass_5627,Domain,,csharp
class_5628,OrderManagerClass_5628,Domain,,csharp
class_5629,OrderManagerClass_5629,Domain,,csharp
class_5630,OrderManagerClass_5630,Domain,,csharp
class_5631,OrderManagerClass_5631,Domain,,csharp
class_5632,OrderManagerClass_5632,Domain,,csharp
class_5633,OrderManagerClass_5633,Domain,,csharp
class_5634,OrderManagerClass_5634,Domain,,csharp
class_5635,OrderManagerClass_5635,Domain,,csharp
class_5636,OrderManagerClass_5636,Domain,,csharp
class_5637,OrderManagerClass_5637,Domain,,csharp
class_5638,OrderManagerClass_5638,Domain,,csharp
class_5639,OrderManagerClass_5639,Domain,,csharp
class_5640,OrderManagerClass_5640,Domain,,csharp
class_5641,OrderManagerClass_5641,Domain,,csharp
class_5642,OrderManagerClass_5642,Domain,,csharp
class_5643,OrderManagerClass_5643,Domain,,csharp
class_5644,OrderManagerClass_5644,Domain,,csharp
class_5645,OrderManagerClass_5645,Domain,,csharp
class_5646,OrderManagerClass_5646,Domain,,csharp
class_5647,OrderManagerClass_5647,Domain,,csharp
class_5648,OrderManagerClass_5648,Domain,,csharp
class_5649,OrderManagerClass_5649,Domain,,csharp
class_5650,OrderManagerClass_5650,Domain,,csharp
class_5651,OrderManagerClass_5651,Domain,,csharp
class_5652,OrderManagerClass_5652,Domain,,csharp
class_5653,OrderManagerClass_5653,Domain,,csharp
class_5654,OrderManagerClass_5654,Domain,,csharp
class_5655,OrderManagerClass_5655,Domain,,csharp
class_5656,OrderManagerClass_5656,Domain,,csharp
class_5657,OrderManagerClass_5657,Domain,,csharp
class_5658,OrderManagerClass_5658,Domain,,csharp
class_5659,OrderManagerClass_5659,Domain,,csharp
class_5660,OrderManagerClass_5660,Domain,,csharp
class_5661,OrderManagerClass_5661,Domain,,csharp
class_5662,OrderManagerClass_5662,Domain,,csharp
class_5663,OrderManagerClass_5663,Domain,,csharp
class_5664,OrderManagerClass_5664,Domain,,csharp
class_5665,OrderManagerClass_5665,Domain,,csharp
class_5666,OrderManagerClass_5666,Domain,,csharp
class_5667,OrderManagerClass_5667,Domain,,csharp
class_5668,OrderManagerClass_5668,Domain,,csharp
class_5669,OrderManagerClass_5669,Domain,,csharp
class_5670,OrderManagerClass_5670,Domain,,csharp
class_5671,OrderManagerClass_5671,Domain,,csharp
class_5672,OrderManagerClass_5672,Domain,,csharp
class_5673,OrderManagerClass_5673,Domain,,csharp
class_5674,OrderManagerClass_5674,Domain,,csharp
class_5675,OrderManagerClass_5675,Domain,,csharp
class_5676,OrderManagerClass_5676,Domain,,csharp
class_5677,OrderManagerClass_5677,Domain,,csharp
class_5678,OrderManagerClass_5678,Domain,,csharp
class_5679,OrderManagerClass_5679,Domain,,csharp
class_5680,OrderManagerClass_5680,Domain,,csharp
class_5681,OrderManagerClass_5681,Domain,,csharp
class_5682,OrderManagerClass_5682,Domain,,csharp
class_5683,OrderManagerClass_5683,Domain,,csharp
class_5684,OrderManagerClass_5684,Domain,,csharp
class_5685,OrderManagerClass_5685,Domain,,csharp
class_5686,OrderManagerClass_5686,Domain,,csharp
class_5687,OrderManagerClass_5687,Domain,,csharp
class_5688,OrderManagerClass_5688,Domain,,csharp
class_5689,OrderManagerClass_5689,Domain,,csharp
class_5690,OrderManagerClass_5690,Domain,,csharp
class_5691,OrderManagerClass_5691,Domain,,csharp
class_5692,OrderManagerClass_5692,Domain,,csharp
class_5693,OrderManagerClass_5693,Domain,,csharp
class_5694,OrderManagerClass_5694,Domain,,csharp
class_5695,OrderManagerClass_5695,Domain,,csharp
class_5696,OrderManagerClass_5696,Domain,,csharp
class_5697,OrderManagerClass_5697,Domain,,csharp
class_5698,OrderManagerClass_5698,Domain,,csharp
class_5699,OrderManagerClass_5699,Domain,,csharp
class_5700,OrderManagerClass_5700,Domain,,csharp
class_5701,OrderManagerClass_5701,Domain,,csharp
class_5702,OrderManagerClass_5702,Domain,,csharp
class_5703,OrderManagerClass_5703,Domain,,csharp
class_5704,OrderManagerClass_5704,Domain,,csharp
class_5705,OrderManagerClass_5705,Domain,,csharp
class_5706,OrderManagerClass_5706,Domain,,csharp
class_5707,OrderManagerClass_5707,Domain,,csharp
class_5708,OrderManagerClass_5708,Domain,,csharp
class_5709,OrderManagerClass_5709,Domain,,csharp
class_5710,OrderManagerClass_5710,Domain,,csharp
class_5711,OrderManagerClass_5711,Domain,,csharp
class_5712,OrderManagerClass_5712,Domain,,csharp
class_5713,OrderManagerClass_5713,Domain,,csharp
class_5714,OrderManagerClass_5714,Domain,,csharp
class_5715,OrderManagerClass_5715,Domain,,csharp
class_5716,OrderManagerClass_5716,Domain,,csharp
class_5717,OrderManagerClass_5717,Domain,,csharp
class_5718,OrderManagerClass_5718,Domain,,csharp
class_5719,OrderManagerClass_5719,Domain,,csharp
class_5720,OrderManagerClass_5720,Domain,,csharp
class_5721,OrderManagerClass_5721,Domain,,csharp
class_5722,OrderManagerClass_5722,Domain,,csharp
class_5723,OrderManagerClass_5723,Domain,,csharp
class_5724,OrderManagerClass_5724,Domain,,csharp
class_5725,OrderManagerClass_5725,Domain,,csharp
class_5726,OrderManagerClass_5726,Domain,,csharp
class_5727,OrderManagerClass_5727,Domain,,csharp
class_5728,OrderManagerClass_5728,Domain,,csharp
class_5729,OrderManagerClass_5729,Domain,,csharp
class_5730,OrderManagerClass_5730,Domain,,csharp
class_5731,OrderManagerClass_5731,Domain,,csharp
class_5732,OrderManagerClass_5732,Domain,,csharp
class_5733,OrderManagerClass_5733,Domain,,csharp
class_5734,OrderManagerClass_5734,Domain,,csharp
class_5735,OrderManagerClass_5735,Domain,,csharp
class_5736,OrderManagerClass_5736,Domain,,csharp
class_5737,OrderManagerClass_5737,Domain,,csharp
class_5738,OrderManagerClass_5738,Domain,,csharp
class_5739,OrderManagerClass_5739,Domain,,csharp
class_5740,OrderManagerClass_5740,Domain,,csharp
class_5741,OrderManagerClass_5741,Domain,,csharp
class_5742,OrderManagerClass_5742,Domain,,csharp
class_5743,OrderManagerClass_5743,Domain,,csharp
class_5744,OrderManagerClass_5744,Domain,,csharp
class_5745,OrderManagerClass_5745,Domain,,csharp
class_5746,OrderManagerClass_5746,Domain,,csharp
class_5747,OrderManagerClass_5747,Domain,,csharp
class_5748,OrderManagerClass_5748,Domain,,csharp
class_5749,OrderManagerClass_5749,Domain,,csharp
class_5750,OrderManagerClass_5750,Domain,,csharp
class_5751,OrderManagerClass_5751,Domain,,csharp
class_5752,OrderManagerClass_5752,Domain,,csharp
class_5753,OrderManagerClass_5753,Domain,,csharp
class_5754,OrderManagerClass_5754,Domain,,csharp
class_5755,OrderManagerClass_5755,Domain,,csharp
class_5756,OrderManagerClass_5756,Domain,,csharp
class_5757,OrderManagerClass_5757,Domain,,csharp
class_5758,OrderManagerClass_5758,Domain,,csharp
class_5759,OrderManagerClass_5759,Domain,,csharp
class_5760,OrderManagerClass_5760,Domain,,csharp
class_5761,OrderManagerClass_5761,Domain,,csharp
class_5762,OrderManagerClass_5762,Domain,,csharp
class_5763,OrderManagerClass_5763,Domain,,csharp
class_5764,OrderManagerClass_5764,Domain,,csharp
class_5765,OrderManagerClass_5765,Domain,,csharp
class_5766,OrderManagerClass_5766,Domain,,csharp
class_5767,OrderManagerClass_5767,Domain,,csharp
class_5768,OrderManagerClass_5768,Domain,,csharp
class_5769,OrderManagerClass_5769,Domain,,csharp
class_5770,OrderManagerClass_5770,Domain,,csharp
class_5771,OrderManagerClass_5771,Domain,,csharp
class_5772,OrderManagerClass_5772,Domain,,csharp
class_5773,OrderManagerClass_5773,Domain,,csharp
class_5774,OrderManagerClass_5774,Domain,,csharp
class_5775,OrderManagerClass_5775,Domain,,csharp
class_5776,OrderManagerClass_5776,Domain,,csharp
class_5777,OrderManagerClass_5777,Domain,,csharp
class_5778,OrderManagerClass_5778,Domain,,csharp
class_5779,OrderManagerClass_5779,Domain,,csharp
class_5780,OrderManagerClass_5780,Domain,,csharp
class_5781,OrderManagerClass_5781,Domain,,csharp
class_5782,OrderManagerClass_5782,Domain,,csharp
class_5783,OrderManagerClass_5783,Domain,,csharp
class_5784,OrderManagerClass_5784,Domain,,csharp
class_5785,OrderManagerClass_5785,Domain,,csharp
class_5786,OrderManagerClass_5786,Domain,,csharp
class_5787,OrderManagerClass_5787,Domain,,csharp
class_5788,OrderManagerClass_5788,Domain,,csharp
class_5789,OrderManagerClass_5789,Domain,,csharp
class_5790,OrderManagerClass_5790,Domain,,csharp
class_5791,OrderManagerClass_5791,Domain,,csharp
class_5792,OrderManagerClass_5792,Domain,,csharp
class_5793,OrderManagerClass_5793,Domain,,csharp
class_5794,OrderManagerClass_5794,Domain,,csharp
class_5795,OrderManagerClass_5795,Domain,,csharp
class_5796,OrderManagerClass_5796,Domain,,csharp
class_5797,OrderManagerClass_5797,Domain,,csharp
class_5798,OrderManagerClass_5798,Domain,,csharp
class_5799,OrderManagerClass_5799,Domain,,csharp
class_5800,OrderManagerClass_5800,Domain,,csharp
class_5801,OrderManagerClass_5801,Domain,,csharp
class_5802,OrderManagerClass_5802,Domain,,csharp
class_5803,OrderManagerClass_5803,Domain,,csharp
class_5804,OrderManagerClass_5804,Domain,,csharp
class_5805,OrderManagerClass_5805,Domain,,csharp
class_5806,OrderManagerClass_5806,Domain,,csharp
class_5807,OrderManagerClass_5807,Domain,,csharp
class_5808,OrderManagerClass_5808,Domain,,csharp
class_5809,OrderManagerClass_5809,Domain,,csharp
class_5810,OrderManagerClass_5810,Domain,,csharp
class_5811,OrderManagerClass_5811,Domain,,csharp
class_5812,OrderManagerClass_5812,Domain,,csharp
class_5813,OrderManagerClass_5813,Domain,,csharp
class_5814,OrderManagerClass_5814,Domain,,csharp
class_5815,OrderManagerClass_5815,Domain,,csharp
class_5816,OrderManagerClass_5816,Domain,,csharp
class_5817,OrderManagerClass_5817,Domain,,csharp
class_5818,OrderManagerClass_5818,Domain,,csharp
class_5819,OrderManagerClass_5819,Domain,,csharp
class_5820,OrderManagerClass_5820,Domain,,csharp
class_5821,OrderManagerClass_5821,Domain,,csharp
class_5822,OrderManagerClass_5822,Domain,,csharp
class_5823,OrderManagerClass_5823,Domain,,csharp
class_5824,OrderManagerClass_5824,Domain,,csharp
class_5825,OrderManagerClass_5825,Domain,,csharp
class_5826,OrderManagerClass_5826,Domain,,csharp
class_5827,OrderManagerClass_5827,Domain,,csharp
class_5828,OrderManagerClass_5828,Domain,,csharp
class_5829,OrderManagerClass_5829,Domain,,csharp
class_5830,OrderManagerClass_5830,Domain,,csharp
class_5831,OrderManagerClass_5831,Domain,,csharp
class_5832,OrderManagerClass_5832,Domain,,csharp
class_5833,OrderManagerClass_5833,Domain,,csharp
class_5834,OrderManagerClass_5834,Domain,,csharp
class_5835,OrderManagerClass_5835,Domain,,csharp
class_5836,OrderManagerClass_5836,Domain,,csharp
class_5837,OrderManagerClass_5837,Domain,,csharp
class_5838,OrderManagerClass_5838,Domain,,csharp
class_5839,OrderManagerClass_5839,Domain,,csharp
class_5840,OrderManagerClass_5840,Domain,,csharp
class_5841,OrderManagerClass_5841,Domain,,csharp
class_5842,OrderManagerClass_5842,Domain,,csharp
class_5843,OrderManagerClass_5843,Domain,,csharp
class_5844,OrderManagerClass_5844,Domain,,csharp
class_5845,OrderManagerClass_5845,Domain,,csharp
class_5846,OrderManagerClass_5846,Domain,,csharp
class_5847,OrderManagerClass_5847,Domain,,csharp
class_5848,OrderManagerClass_5848,Domain,,csharp
class_5849,OrderManagerClass_5849,Domain,,csharp
class_5850,OrderManagerClass_5850,Domain,,csharp
class_5851,OrderManagerClass_5851,Domain,,csharp
class_5852,OrderManagerClass_5852,Domain,,csharp
class_5853,OrderManagerClass_5853,Domain,,csharp
class_5854,OrderManagerClass_5854,Domain,,csharp
class_5855,OrderManagerClass_5855,Domain,,csharp
class_5856,OrderManagerClass_5856,Domain,,csharp
class_5857,OrderManagerClass_5857,Domain,,csharp
class_5858,OrderManagerClass_5858,Domain,,csharp
class_5859,OrderManagerClass_5859,Domain,,csharp
class_5860,OrderManagerClass_5860,Domain,,csharp
class_5861,OrderManagerClass_5861,Domain,,csharp
class_5862,OrderManagerClass_5862,Domain,,csharp
class_5863,OrderManagerClass_5863,Domain,,csharp
class_5864,OrderManagerClass_5864,Domain,,csharp
class_5865,OrderManagerClass_5865,Domain,,csharp
class_5866,OrderManagerClass_5866,Domain,,csharp
class_5867,OrderManagerClass_5867,Domain,,csharp
class_5868,OrderManagerClass_5868,Domain,,csharp
class_5869,OrderManagerClass_5869,Domain,,csharp
class_5870,OrderManagerClass_5870,Domain,,csharp
class_5871,OrderManagerClass_5871,Domain,,csharp
class_5872,OrderManagerClass_5872,Domain,,csharp
class_5873,OrderManagerClass_5873,Domain,,csharp
class_5874,OrderManagerClass_5874,Domain,,csharp
class_5875,OrderManagerClass_5875,Domain,,csharp
class_5876,OrderManagerClass_5876,Domain,,csharp
class_5877,OrderManagerClass_5877,Domain,,csharp
class_5878,OrderManagerClass_5878,Domain,,csharp
class_5879,OrderManagerClass_5879,Domain,,csharp
class_5880,OrderManagerClass_5880,Domain,,csharp
class_5881,OrderManagerClass_5881,Domain,,csharp
class_5882,OrderManagerClass_5882,Domain,,csharp
class_5883,OrderManagerClass_5883,Domain,,csharp
class_5884,OrderManagerClass_5884,Domain,,csharp
class_5885,OrderManagerClass_5885,Domain,,csharp
class_5886,OrderManagerClass_5886,Domain,,csharp
class_5887,OrderManagerClass_5887,Domain,,csharp
class_5888,OrderManagerClass_5888,Domain,,csharp
class_5889,OrderManagerClass_5889,Domain,,csharp
class_5890,OrderManagerClass_5890,Domain,,csharp
class_5891,OrderManagerClass_5891,Domain,,csharp
class_5892,OrderManagerClass_5892,Domain,,csharp
class_5893,OrderManagerClass_5893,Domain,,csharp
class_5894,OrderManagerClass_5894,Domain,,csharp
class_5895,OrderManagerClass_5895,Domain,,csharp
class_5896,OrderManagerClass_5896,Domain,,csharp
class_5897,OrderManagerClass_5897,Domain,,csharp
class_5898,OrderManagerClass_5898,Domain,,csharp
class_5899,OrderManagerClass_5899,Domain,,csharp
class_5900,OrderManagerClass_5900,Domain,,csharp
class_5901,OrderManagerClass_5901,Domain,,csharp
class_5902,OrderManagerClass_5902,Domain,,csharp
class_5903,OrderManagerClass_5903,Domain,,csharp
class_5904,OrderManagerClass_5904,Domain,,csharp
class_5905,OrderManagerClass_5905,Domain,,csharp
class_5906,OrderManagerClass_5906,Domain,,csharp
class_5907,OrderManagerClass_5907,Domain,,csharp
class_5908,OrderManagerClass_5908,Domain,,csharp
class_5909,OrderManagerClass_5909,Domain,,csharp
class_5910,OrderManagerClass_5910,Domain,,csharp
class_5911,OrderManagerClass_5911,Domain,,csharp
class_5912,OrderManagerClass_5912,Domain,,csharp
class_5913,OrderManagerClass_5913,Domain,,csharp
class_5914,OrderManagerClass_5914,Domain,,csharp
class_5915,OrderManagerClass_5915,Domain,,csharp
class_5916,OrderManagerClass_5916,Domain,,csharp
class_5917,OrderManagerClass_5917,Domain,,csharp
class_5918,OrderManagerClass_5918,Domain,,csharp
class_5919,OrderManagerClass_5919,Domain,,csharp
class_5920,OrderManagerClass_5920,Domain,,csharp
class_5921,OrderManagerClass_5921,Domain,,csharp
class_5922,OrderManagerClass_5922,Domain,,csharp
class_5923,OrderManagerClass_5923,Domain,,csharp
class_5924,OrderManagerClass_5924,Domain,,csharp
class_5925,OrderManagerClass_5925,Domain,,csharp
class_5926,OrderManagerClass_5926,Domain,,csharp
class_5927,OrderManagerClass_5927,Domain,,csharp
class_5928,OrderManagerClass_5928,Domain,,csharp
class_5929,OrderManagerClass_5929,Domain,,csharp
class_5930,OrderManagerClass_5930,Domain,,csharp
class_5931,OrderManagerClass_5931,Domain,,csharp
class_5932,OrderManagerClass_5932,Domain,,csharp
class_5933,OrderManagerClass_5933,Domain,,csharp
class_5934,OrderManagerClass_5934,Domain,,csharp
class_5935,OrderManagerClass_5935,Domain,,csharp
class_5936,OrderManagerClass_5936,Domain,,csharp
class_5937,OrderManagerClass_5937,Domain,,csharp
class_5938,OrderManagerClass_5938,Domain,,csharp
class_5939,OrderManagerClass_5939,Domain,,csharp
class_5940,OrderManagerClass_5940,Domain,,csharp
class_5941,OrderManagerClass_5941,Domain,,csharp
class_5942,OrderManagerClass_5942,Domain,,csharp
class_5943,OrderManagerClass_5943,Domain,,csharp
class_5944,OrderManagerClass_5944,Domain,,csharp
class_5945,OrderManagerClass_5945,Domain,,csharp
class_5946,OrderManagerClass_5946,Domain,,csharp
class_5947,OrderManagerClass_5947,Domain,,csharp
class_5948,OrderManagerClass_5948,Domain,,csharp
class_5949,OrderManagerClass_5949,Domain,,csharp
class_5950,OrderManagerClass_5950,Domain,,csharp
class_5951,OrderManagerClass_5951,Domain,,csharp
class_5952,OrderManagerClass_5952,Domain,,csharp
class_5953,OrderManagerClass_5953,Domain,,csharp
class_5954,OrderManagerClass_5954,Domain,,csharp
class_5955,OrderManagerClass_5955,Domain,,csharp
class_5956,OrderManagerClass_5956,Domain,,csharp
class_5957,OrderManagerClass_5957,Domain,,csharp
class_5958,OrderManagerClass_5958,Domain,,csharp
class_5959,OrderManagerClass_5959,Domain,,csharp
class_5960,OrderManagerClass_5960,Domain,,csharp
class_5961,OrderManagerClass_5961,Domain,,csharp
class_5962,OrderManagerClass_5962,Domain,,csharp
class_5963,OrderManagerClass_5963,Domain,,csharp
class_5964,OrderManagerClass_5964,Domain,,csharp
class_5965,OrderManagerClass_5965,Domain,,csharp
class_5966,OrderManagerClass_5966,Domain,,csharp
class_5967,OrderManagerClass_5967,Domain,,csharp
class_5968,OrderManagerClass_5968,Domain,,csharp
class_5969,OrderManagerClass_5969,Domain,,csharp
class_5970,OrderManagerClass_5970,Domain,,csharp
class_5971,OrderManagerClass_5971,Domain,,csharp
class_5972,OrderManagerClass_5972,Domain,,csharp
class_5973,OrderManagerClass_5973,Domain,,csharp
class_5974,OrderManagerClass_5974,Domain,,csharp
class_5975,OrderManagerClass_5975,Domain,,csharp
class_5976,OrderManagerClass_5976,Domain,,csharp
class_5977,OrderManagerClass_5977,Domain,,csharp
class_5978,OrderManagerClass_5978,Domain,,csharp
class_5979,OrderManagerClass_5979,Domain,,csharp
class_5980,OrderManagerClass_5980,Domain,,csharp
class_5981,OrderManagerClass_5981,Domain,,csharp
class_5982,OrderManagerClass_5982,Domain,,csharp
class_5983,OrderManagerClass_5983,Domain,,csharp
class_5984,OrderManagerClass_5984,Domain,,csharp
class_5985,OrderManagerClass_5985,Domain,,csharp
class_5986,OrderManagerClass_5986,Domain,,csharp
class_5987,OrderManagerClass_5987,Domain,,csharp
class_5988,OrderManagerClass_5988,Domain,,csharp
class_5989,OrderManagerClass_5989,Domain,,csharp
class_5990,OrderManagerClass_5990,Domain,,csharp
class_5991,OrderManagerClass_5991,Domain,,csharp
class_5992,OrderManagerClass_5992,Domain,,csharp
class_5993,OrderManagerClass_5993,Domain,,csharp
class_5994,OrderManagerClass_5994,Domain,,csharp
class_5995,OrderManagerClass_5995,Domain,,csharp
class_5996,OrderManagerClass_5996,Domain,,csharp
class_5997,OrderManagerClass_5997,Domain,,csharp
class_5998,OrderManagerClass_5998,Domain,,csharp
class_5999,OrderManagerClass_5999,Domain,,csharp
class_6000,OrderManagerClass_6000,Domain,,csharp
class_6001,OrderManagerClass_6001,Domain,,csharp
class_6002,OrderManagerClass_6002,Domain,,csharp
class_6003,OrderManagerClass_6003,Domain,,csharp
class_6004,OrderManagerClass_6004,Domain,,csharp
class_6005,OrderManagerClass_6005,Domain,,csharp
class_6006,OrderManagerClass_6006,Domain,,csharp
class_6007,OrderManagerClass_6007,Domain,,csharp
class_6008,OrderManagerClass_6008,Domain,,csharp
class_6009,OrderManagerClass_6009,Domain,,csharp
class_6010,OrderManagerClass_6010,Domain,,csharp
class_6011,OrderManagerClass_6011,Domain,,csharp
class_6012,OrderManagerClass_6012,Domain,,csharp
class_6013,OrderManagerClass_6013,Domain,,csharp
class_6014,OrderManagerClass_6014,Domain,,csharp
class_6015,OrderManagerClass_6015,Domain,,csharp
class_6016,OrderManagerClass_6016,Domain,,csharp
class_6017,OrderManagerClass_6017,Domain,,csharp
class_6018,OrderManagerClass_6018,Domain,,csharp
class_6019,OrderManagerClass_6019,Domain,,csharp
class_6020,OrderManagerClass_6020,Domain,,csharp
class_6021,OrderManagerClass_6021,Domain,,csharp
class_6022,OrderManagerClass_6022,Domain,,csharp
class_6023,OrderManagerClass_6023,Domain,,csharp
class_6024,OrderManagerClass_6024,Domain,,csharp
class_6025,OrderManagerClass_6025,Domain,,csharp
class_6026,OrderManagerClass_6026,Domain,,csharp
class_6027,OrderManagerClass_6027,Domain,,csharp
class_6028,OrderManagerClass_6028,Domain,,csharp
class_6029,OrderManagerClass_6029,Domain,,csharp
class_6030,OrderManagerClass_6030,Domain,,csharp
class_6031,OrderManagerClass_6031,Domain,,csharp
class_6032,OrderManagerClass_6032,Domain,,csharp
class_6033,OrderManagerClass_6033,Domain,,csharp
class_6034,OrderManagerClass_6034,Domain,,csharp
class_6035,OrderManagerClass_6035,Domain,,csharp
class_6036,OrderManagerClass_6036,Domain,,csharp
class_6037,OrderManagerClass_6037,Domain,,csharp
class_6038,OrderManagerClass_6038,Domain,,csharp
class_6039,OrderManagerClass_6039,Domain,,csharp
class_6040,OrderManagerClass_6040,Domain,,csharp
class_6041,OrderManagerClass_6041,Domain,,csharp
class_6042,OrderManagerClass_6042,Domain,,csharp
class_6043,OrderManagerClass_6043,Domain,,csharp
class_6044,OrderManagerClass_6044,Domain,,csharp
class_6045,OrderManagerClass_6045,Domain,,csharp
class_6046,OrderManagerClass_6046,Domain,,csharp
class_6047,OrderManagerClass_6047,Domain,,csharp
class_6048,OrderManagerClass_6048,Domain,,csharp
class_6049,OrderManagerClass_6049,Domain,,csharp
class_6050,OrderManagerClass_6050,Domain,,csharp
class_6051,OrderManagerClass_6051,Domain,,csharp
class_6052,OrderManagerClass_6052,Domain,,csharp
class_6053,OrderManagerClass_6053,Domain,,csharp
class_6054,OrderManagerClass_6054,Domain,,csharp
class_6055,OrderManagerClass_6055,Domain,,csharp
class_6056,OrderManagerClass_6056,Domain,,csharp
class_6057,OrderManagerClass_6057,Domain,,csharp
class_6058,OrderManagerClass_6058,Domain,,csharp
class_6059,OrderManagerClass_6059,Domain,,csharp
class_6060,OrderManagerClass_6060,Domain,,csharp
class_6061,OrderManagerClass_6061,Domain,,csharp
class_6062,OrderManagerClass_6062,Domain,,csharp
class_6063,OrderManagerClass_6063,Domain,,csharp
class_6064,OrderManagerClass_6064,Domain,,csharp
class_6065,OrderManagerClass_6065,Domain,,csharp
class_6066,OrderManagerClass_6066,Domain,,csharp
class_6067,OrderManagerClass_6067,Domain,,csharp
class_6068,OrderManagerClass_6068,Domain,,csharp
class_6069,OrderManagerClass_6069,Domain,,csharp
class_6070,OrderManagerClass_6070,Domain,,csharp
class_6071,OrderManagerClass_6071,Domain,,csharp
class_6072,OrderManagerClass_6072,Domain,,csharp
class_6073,OrderManagerClass_6073,Domain,,csharp
class_6074,OrderManagerClass_6074,Domain,,csharp
class_6075,OrderManagerClass_6075,Domain,,csharp
class_6076,OrderManagerClass_6076,Domain,,csharp
class_6077,OrderManagerClass_6077,Domain,,csharp
class_6078,OrderManagerClass_6078,Domain,,csharp
class_6079,OrderManagerClass_6079,Domain,,csharp
class_6080,OrderManagerClass_6080,Domain,,csharp
class_6081,OrderManagerClass_6081,Domain,,csharp
class_6082,OrderManagerClass_6082,Domain,,csharp
class_6083,OrderManagerClass_6083,Domain,,csharp
class_6084,OrderManagerClass_6084,Domain,,csharp
class_6085,OrderManagerClass_6085,Domain,,csharp
class_6086,OrderManagerClass_6086,Domain,,csharp
class_6087,OrderManagerClass_6087,Domain,,csharp
class_6088,OrderManagerClass_6088,Domain,,csharp
class_6089,OrderManagerClass_6089,Domain,,csharp
class_6090,OrderManagerClass_6090,Domain,,csharp
class_6091,OrderManagerClass_6091,Domain,,csharp
class_6092,OrderManagerClass_6092,Domain,,csharp
class_6093,OrderManagerClass_6093,Domain,,csharp
class_6094,OrderManagerClass_6094,Domain,,csharp
class_6095,OrderManagerClass_6095,Domain,,csharp
class_6096,OrderManagerClass_6096,Domain,,csharp
class_6097,OrderManagerClass_6097,Domain,,csharp
class_6098,OrderManagerClass_6098,Domain,,csharp
class_6099,OrderManagerClass_6099,Domain,,csharp
class_6100,OrderManagerClass_6100,Domain,,csharp
class_6101,OrderManagerClass_6101,Domain,,csharp
class_6102,OrderManagerClass_6102,Domain,,csharp
class_6103,OrderManagerClass_6103,Domain,,csharp
class_6104,OrderManagerClass_6104,Domain,,csharp
class_6105,OrderManagerClass_6105,Domain,,csharp
class_6106,OrderManagerClass_6106,Domain,,csharp
class_6107,OrderManagerClass_6107,Domain,,csharp
class_6108,OrderManagerClass_6108,Domain,,csharp
class_6109,OrderManagerClass_6109,Domain,,csharp
class_6110,OrderManagerClass_6110,Domain,,csharp
class_6111,OrderManagerClass_6111,Domain,,csharp
class_6112,OrderManagerClass_6112,Domain,,csharp
class_6113,OrderManagerClass_6113,Domain,,csharp
class_6114,OrderManagerClass_6114,Domain,,csharp
class_6115,OrderManagerClass_6115,Domain,,csharp
class_6116,OrderManagerClass_6116,Domain,,csharp
class_6117,OrderManagerClass_6117,Domain,,csharp
class_6118,OrderManagerClass_6118,Domain,,csharp
class_6119,OrderManagerClass_6119,Domain,,csharp
class_6120,OrderManagerClass_6120,Domain,,csharp
class_6121,OrderManagerClass_6121,Domain,,csharp
class_6122,OrderManagerClass_6122,Domain,,csharp
class_6123,OrderManagerClass_6123,Domain,,csharp
class_6124,OrderManagerClass_6124,Domain,,csharp
class_6125,OrderManagerClass_6125,Domain,,csharp
class_6126,OrderManagerClass_6126,Domain,,csharp
class_6127,OrderManagerClass_6127,Domain,,csharp
class_6128,OrderManagerClass_6128,Domain,,csharp
class_6129,OrderManagerClass_6129,Domain,,csharp
class_6130,OrderManagerClass_6130,Domain,,csharp
class_6131,OrderManagerClass_6131,Domain,,csharp
class_6132,OrderManagerClass_6132,Domain,,csharp
class_6133,OrderManagerClass_6133,Domain,,csharp
class_6134,OrderManagerClass_6134,Domain,,csharp
class_6135,OrderManagerClass_6135,Domain,,csharp
class_6136,OrderManagerClass_6136,Domain,,csharp
class_6137,OrderManagerClass_6137,Domain,,csharp
class_6138,OrderManagerClass_6138,Domain,,csharp
class_6139,OrderManagerClass_6139,Domain,,csharp
class_6140,OrderManagerClass_6140,Domain,,csharp
class_6141,OrderManagerClass_6141,Domain,,csharp
class_6142,OrderManagerClass_6142,Domain,,csharp
class_6143,OrderManagerClass_6143,Domain,,csharp
class_6144,OrderManagerClass_6144,Domain,,csharp
class_6145,OrderManagerClass_6145,Domain,,csharp
class_6146,OrderManagerClass_6146,Domain,,csharp
class_6147,OrderManagerClass_6147,Domain,,csharp
class_6148,OrderManagerClass_6148,Domain,,csharp
class_6149,OrderManagerClass_6149,Domain,,csharp
class_6150,OrderManagerClass_6150,Domain,,csharp
class_6151,OrderManagerClass_6151,Domain,,csharp
class_6152,OrderManagerClass_6152,Domain,,csharp
class_6153,OrderManagerClass_6153,Domain,,csharp
class_6154,OrderManagerClass_6154,Domain,,csharp
class_6155,OrderManagerClass_6155,Domain,,csharp
class_6156,OrderManagerClass_6156,Domain,,csharp
class_6157,OrderManagerClass_6157,Domain,,csharp
class_6158,OrderManagerClass_6158,Domain,,csharp
class_6159,OrderManagerClass_6159,Domain,,csharp
class_6160,OrderManagerClass_6160,Domain,,csharp
class_6161,OrderManagerClass_6161,Domain,,csharp
class_6162,OrderManagerClass_6162,Domain,,csharp
class_6163,OrderManagerClass_6163,Domain,,csharp
class_6164,OrderManagerClass_6164,Domain,,csharp
class_6165,OrderManagerClass_6165,Domain,,csharp
class_6166,OrderManagerClass_6166,Domain,,csharp
class_6167,OrderManagerClass_6167,Domain,,csharp
class_6168,OrderManagerClass_6168,Domain,,csharp
class_6169,OrderManagerClass_6169,Domain,,csharp
class_6170,OrderManagerClass_6170,Domain,,csharp
class_6171,OrderManagerClass_6171,Domain,,csharp
class_6172,OrderManagerClass_6172,Domain,,csharp
class_6173,OrderManagerClass_6173,Domain,,csharp
class_6174,OrderManagerClass_6174,Domain,,csharp
class_6175,OrderManagerClass_6175,Domain,,csharp
class_6176,OrderManagerClass_6176,Domain,,csharp
class_6177,OrderManagerClass_6177,Domain,,csharp
class_6178,OrderManagerClass_6178,Domain,,csharp
class_6179,OrderManagerClass_6179,Domain,,csharp
class_6180,OrderManagerClass_6180,Domain,,csharp
class_6181,OrderManagerClass_6181,Domain,,csharp
class_6182,OrderManagerClass_6182,Domain,,csharp
class_6183,OrderManagerClass_6183,Domain,,csharp
class_6184,OrderManagerClass_6184,Domain,,csharp
class_6185,OrderManagerClass_6185,Domain,,csharp
class_6186,OrderManagerClass_6186,Domain,,csharp
class_6187,OrderManagerClass_6187,Domain,,csharp
class_6188,OrderManagerClass_6188,Domain,,csharp
class_6189,OrderManagerClass_6189,Domain,,csharp
class_6190,OrderManagerClass_6190,Domain,,csharp
class_6191,OrderManagerClass_6191,Domain,,csharp
class_6192,OrderManagerClass_6192,Domain,,csharp
class_6193,OrderManagerClass_6193,Domain,,csharp
class_6194,OrderManagerClass_6194,Domain,,csharp
class_6195,OrderManagerClass_6195,Domain,,csharp
class_6196,OrderManagerClass_6196,Domain,,csharp
class_6197,OrderManagerClass_6197,Domain,,csharp
class_6198,OrderManagerClass_6198,Domain,,csharp
class_6199,OrderManagerClass_6199,Domain,,csharp
class_6200,OrderManagerClass_6200,Domain,,csharp
class_6201,OrderManagerClass_6201,Domain,,csharp
class_6202,OrderManagerClass_6202,Domain,,csharp
class_6203,OrderManagerClass_6203,Domain,,csharp
class_6204,OrderManagerClass_6204,Domain,,csharp
class_6205,OrderManagerClass_6205,Domain,,csharp
class_6206,OrderManagerClass_6206,Domain,,csharp
class_6207,OrderManagerClass_6207,Domain,,csharp
class_6208,OrderManagerClass_6208,Domain,,csharp
class_6209,OrderManagerClass_6209,Domain,,csharp
class_6210,OrderManagerClass_6210,Domain,,csharp
class_6211,OrderManagerClass_6211,Domain,,csharp
class_6212,OrderManagerClass_6212,Domain,,csharp
class_6213,OrderManagerClass_6213,Domain,,csharp
class_6214,OrderManagerClass_6214,Domain,,csharp
class_6215,OrderManagerClass_6215,Domain,,csharp
class_6216,OrderManagerClass_6216,Domain,,csharp
class_6217,OrderManagerClass_6217,Domain,,csharp
class_6218,OrderManagerClass_6218,Domain,,csharp
class_6219,OrderManagerClass_6219,Domain,,csharp
class_6220,OrderManagerClass_6220,Domain,,csharp
class_6221,OrderManagerClass_6221,Domain,,csharp
class_6222,OrderManagerClass_6222,Domain,,csharp
class_6223,OrderManagerClass_6223,Domain,,csharp
class_6224,OrderManagerClass_6224,Domain,,csharp
class_6225,OrderManagerClass_6225,Domain,,csharp
class_6226,OrderManagerClass_6226,Domain,,csharp
class_6227,OrderManagerClass_6227,Domain,,csharp
class_6228,OrderManagerClass_6228,Domain,,csharp
class_6229,OrderManagerClass_6229,Domain,,csharp
class_6230,OrderManagerClass_6230,Domain,,csharp
class_6231,OrderManagerClass_6231,Domain,,csharp
class_6232,OrderManagerClass_6232,Domain,,csharp
class_6233,OrderManagerClass_6233,Domain,,csharp
class_6234,OrderManagerClass_6234,Domain,,csharp
class_6235,OrderManagerClass_6235,Domain,,csharp
class_6236,OrderManagerClass_6236,Domain,,csharp
class_6237,OrderManagerClass_6237,Domain,,csharp
class_6238,OrderManagerClass_6238,Domain,,csharp
class_6239,OrderManagerClass_6239,Domain,,csharp
class_6240,OrderManagerClass_6240,Domain,,csharp
class_6241,OrderManagerClass_6241,Domain,,csharp
class_6242,OrderManagerClass_6242,Domain,,csharp
class_6243,OrderManagerClass_6243,Domain,,csharp
class_6244,OrderManagerClass_6244,Domain,,csharp
class_6245,OrderManagerClass_6245,Domain,,csharp
class_6246,OrderManagerClass_6246,Domain,,csharp
class_6247,OrderManagerClass_6247,Domain,,csharp
class_6248,OrderManagerClass_6248,Domain,,csharp
class_6249,OrderManagerClass_6249,Domain,,csharp
class_6250,OrderManagerClass_6250,Domain,,csharp
class_6251,OrderManagerClass_6251,Domain,,csharp
class_6252,OrderManagerClass_6252,Domain,,csharp
class_6253,OrderManagerClass_6253,Domain,,csharp
class_6254,OrderManagerClass_6254,Domain,,csharp
class_6255,OrderManagerClass_6255,Domain,,csharp
class_6256,OrderManagerClass_6256,Domain,,csharp
class_6257,OrderManagerClass_6257,Domain,,csharp
class_6258,OrderManagerClass_6258,Domain,,csharp
class_6259,OrderManagerClass_6259,Domain,,csharp
class_6260,OrderManagerClass_6260,Domain,,csharp
class_6261,OrderManagerClass_6261,Domain,,csharp
class_6262,OrderManagerClass_6262,Domain,,csharp
class_6263,OrderManagerClass_6263,Domain,,csharp
class_6264,OrderManagerClass_6264,Domain,,csharp
class_6265,OrderManagerClass_6265,Domain,,csharp
class_6266,OrderManagerClass_6266,Domain,,csharp
class_6267,OrderManagerClass_6267,Domain,,csharp
class_6268,OrderManagerClass_6268,Domain,,csharp
class_6269,OrderManagerClass_6269,Domain,,csharp
class_6270,OrderManagerClass_6270,Domain,,csharp
class_6271,OrderManagerClass_6271,Domain,,csharp
class_6272,OrderManagerClass_6272,Domain,,csharp
class_6273,OrderManagerClass_6273,Domain,,csharp
class_6274,OrderManagerClass_6274,Domain,,csharp
class_6275,OrderManagerClass_6275,Domain,,csharp
class_6276,OrderManagerClass_6276,Domain,,csharp
class_6277,OrderManagerClass_6277,Domain,,csharp
class_6278,OrderManagerClass_6278,Domain,,csharp
class_6279,OrderManagerClass_6279,Domain,,csharp
class_6280,OrderManagerClass_6280,Domain,,csharp
class_6281,OrderManagerClass_6281,Domain,,csharp
class_6282,OrderManagerClass_6282,Domain,,csharp
class_6283,OrderManagerClass_6283,Domain,,csharp
class_6284,OrderManagerClass_6284,Domain,,csharp
class_6285,OrderManagerClass_6285,Domain,,csharp
class_6286,OrderManagerClass_6286,Domain,,csharp
class_6287,OrderManagerClass_6287,Domain,,csharp
class_6288,OrderManagerClass_6288,Domain,,csharp
class_6289,OrderManagerClass_6289,Domain,,csharp
class_6290,OrderManagerClass_6290,Domain,,csharp
class_6291,OrderManagerClass_6291,Domain,,csharp
class_6292,OrderManagerClass_6292,Domain,,csharp
class_6293,OrderManagerClass_6293,Domain,,csharp
class_6294,OrderManagerClass_6294,Domain,,csharp
class_6295,OrderManagerClass_6295,Domain,,csharp
class_6296,OrderManagerClass_6296,Domain,,csharp
class_6297,OrderManagerClass_6297,Domain,,csharp
class_6298,OrderManagerClass_6298,Domain,,csharp
class_6299,OrderManagerClass_6299,Domain,,csharp
class_6300,OrderManagerClass_6300,Domain,,csharp
class_6301,OrderManagerClass_6301,Domain,,csharp
class_6302,OrderManagerClass_6302,Domain,,csharp
class_6303,OrderManagerClass_6303,Domain,,csharp
class_6304,OrderManagerClass_6304,Domain,,csharp
class_6305,OrderManagerClass_6305,Domain,,csharp
class_6306,OrderManagerClass_6306,Domain,,csharp
class_6307,OrderManagerClass_6307,Domain,,csharp
class_6308,OrderManagerClass_6308,Domain,,csharp
class_6309,OrderManagerClass_6309,Domain,,csharp
class_6310,OrderManagerClass_6310,Domain,,csharp
class_6311,OrderManagerClass_6311,Domain,,csharp
class_6312,OrderManagerClass_6312,Domain,,csharp
class_6313,OrderManagerClass_6313,Domain,,csharp
class_6314,OrderManagerClass_6314,Domain,,csharp
class_6315,OrderManagerClass_6315,Domain,,csharp
class_6316,OrderManagerClass_6316,Domain,,csharp
class_6317,OrderManagerClass_6317,Domain,,csharp
class_6318,OrderManagerClass_6318,Domain,,csharp
class_6319,OrderManagerClass_6319,Domain,,csharp
class_6320,OrderManagerClass_6320,Domain,,csharp
class_6321,OrderManagerClass_6321,Domain,,csharp
class_6322,OrderManagerClass_6322,Domain,,csharp
class_6323,OrderManagerClass_6323,Domain,,csharp
class_6324,OrderManagerClass_6324,Domain,,csharp
class_6325,OrderManagerClass_6325,Domain,,csharp
class_6326,OrderManagerClass_6326,Domain,,csharp
class_6327,OrderManagerClass_6327,Domain,,csharp
class_6328,OrderManagerClass_6328,Domain,,csharp
class_6329,OrderManagerClass_6329,Domain,,csharp
class_6330,OrderManagerClass_6330,Domain,,csharp
class_6331,OrderManagerClass_6331,Domain,,csharp
class_6332,OrderManagerClass_6332,Domain,,csharp
class_6333,OrderManagerClass_6333,Domain,,csharp
class_6334,OrderManagerClass_6334,Domain,,csharp
class_6335,OrderManagerClass_6335,Domain,,csharp
class_6336,OrderManagerClass_6336,Domain,,csharp
class_6337,OrderManagerClass_6337,Domain,,csharp
class_6338,OrderManagerClass_6338,Domain,,csharp
class_6339,OrderManagerClass_6339,Domain,,csharp
class_6340,OrderManagerClass_6340,Domain,,csharp
class_6341,OrderManagerClass_6341,Domain,,csharp
class_6342,OrderManagerClass_6342,Domain,,csharp
class_6343,OrderManagerClass_6343,Domain,,csharp
class_6344,OrderManagerClass_6344,Domain,,csharp
class_6345,OrderManagerClass_6345,Domain,,csharp
class_6346,OrderManagerClass_6346,Domain,,csharp
class_6347,OrderManagerClass_6347,Domain,,csharp
class_6348,OrderManagerClass_6348,Domain,,csharp
class_6349,OrderManagerClass_6349,Domain,,csharp
class_6350,OrderManagerClass_6350,Domain,,csharp
class_6351,OrderManagerClass_6351,Domain,,csharp
class_6352,OrderManagerClass_6352,Domain,,csharp
class_6353,OrderManagerClass_6353,Domain,,csharp
class_6354,OrderManagerClass_6354,Domain,,csharp
class_6355,OrderManagerClass_6355,Domain,,csharp
class_6356,OrderManagerClass_6356,Domain,,csharp
class_6357,OrderManagerClass_6357,Domain,,csharp
class_6358,OrderManagerClass_6358,Domain,,csharp
class_6359,OrderManagerClass_6359,Domain,,csharp
class_6360,OrderManagerClass_6360,Domain,,csharp
class_6361,OrderManagerClass_6361,Domain,,csharp
class_6362,OrderManagerClass_6362,Domain,,csharp
class_6363,OrderManagerClass_6363,Domain,,csharp
class_6364,OrderManagerClass_6364,Domain,,csharp
class_6365,OrderManagerClass_6365,Domain,,csharp
class_6366,OrderManagerClass_6366,Domain,,csharp
class_6367,OrderManagerClass_6367,Domain,,csharp
class_6368,OrderManagerClass_6368,Domain,,csharp
class_6369,OrderManagerClass_6369,Domain,,csharp
class_6370,OrderManagerClass_6370,Domain,,csharp
class_6371,OrderManagerClass_6371,Domain,,csharp
class_6372,OrderManagerClass_6372,Domain,,csharp
class_6373,OrderManagerClass_6373,Domain,,csharp
class_6374,OrderManagerClass_6374,Domain,,csharp
class_6375,OrderManagerClass_6375,Domain,,csharp
class_6376,OrderManagerClass_6376,Domain,,csharp
class_6377,OrderManagerClass_6377,Domain,,csharp
class_6378,OrderManagerClass_6378,Domain,,csharp
class_6379,OrderManagerClass_6379,Domain,,csharp
class_6380,OrderManagerClass_6380,Domain,,csharp
class_6381,OrderManagerClass_6381,Domain,,csharp
class_6382,OrderManagerClass_6382,Domain,,csharp
class_6383,OrderManagerClass_6383,Domain,,csharp
class_6384,OrderManagerClass_6384,Domain,,csharp
class_6385,OrderManagerClass_6385,Domain,,csharp
class_6386,OrderManagerClass_6386,Domain,,csharp
class_6387,OrderManagerClass_6387,Domain,,csharp
class_6388,OrderManagerClass_6388,Domain,,csharp
class_6389,OrderManagerClass_6389,Domain,,csharp
class_6390,OrderManagerClass_6390,Domain,,csharp
class_6391,OrderManagerClass_6391,Domain,,csharp
class_6392,OrderManagerClass_6392,Domain,,csharp
class_6393,OrderManagerClass_6393,Domain,,csharp
class_6394,OrderManagerClass_6394,Domain,,csharp
class_6395,OrderManagerClass_6395,Domain,,csharp
class_6396,OrderManagerClass_6396,Domain,,csharp
class_6397,OrderManagerClass_6397,Domain,,csharp
class_6398,OrderManagerClass_6398,Domain,,csharp
class_6399,OrderManagerClass_6399,Domain,,csharp
class_6400,OrderManagerClass_6400,Domain,,csharp
class_6401,OrderManagerClass_6401,Domain,,csharp
class_6402,OrderManagerClass_6402,Domain,,csharp
class_6403,OrderManagerClass_6403,Domain,,csharp
class_6404,OrderManagerClass_6404,Domain,,csharp
class_6405,OrderManagerClass_6405,Domain,,csharp
class_6406,OrderManagerClass_6406,Domain,,csharp
class_6407,OrderManagerClass_6407,Domain,,csharp
class_6408,OrderManagerClass_6408,Domain,,csharp
class_6409,OrderManagerClass_6409,Domain,,csharp
class_6410,OrderManagerClass_6410,Domain,,csharp
class_6411,OrderManagerClass_6411,Domain,,csharp
class_6412,OrderManagerClass_6412,Domain,,csharp
class_6413,OrderManagerClass_6413,Domain,,csharp
class_6414,OrderManagerClass_6414,Domain,,csharp
class_6415,OrderManagerClass_6415,Domain,,csharp
class_6416,OrderManagerClass_6416,Domain,,csharp
class_6417,OrderManagerClass_6417,Domain,,csharp
class_6418,OrderManagerClass_6418,Domain,,csharp
class_6419,OrderManagerClass_6419,Domain,,csharp
class_6420,OrderManagerClass_6420,Domain,,csharp
class_6421,OrderManagerClass_6421,Domain,,csharp
class_6422,OrderManagerClass_6422,Domain,,csharp
class_6423,OrderManagerClass_6423,Domain,,csharp
class_6424,OrderManagerClass_6424,Domain,,csharp
class_6425,OrderManagerClass_6425,Domain,,csharp
class_6426,OrderManagerClass_6426,Domain,,csharp
class_6427,OrderManagerClass_6427,Domain,,csharp
class_6428,OrderManagerClass_6428,Domain,,csharp
class_6429,OrderManagerClass_6429,Domain,,csharp
class_6430,OrderManagerClass_6430,Domain,,csharp
class_6431,OrderManagerClass_6431,Domain,,csharp
class_6432,OrderManagerClass_6432,Domain,,csharp
class_6433,OrderManagerClass_6433,Domain,,csharp
class_6434,OrderManagerClass_6434,Domain,,csharp
class_6435,OrderManagerClass_6435,Domain,,csharp
class_6436,OrderManagerClass_6436,Domain,,csharp
class_6437,OrderManagerClass_6437,Domain,,csharp
class_6438,OrderManagerClass_6438,Domain,,csharp
class_6439,OrderManagerClass_6439,Domain,,csharp
class_6440,OrderManagerClass_6440,Domain,,csharp
class_6441,OrderManagerClass_6441,Domain,,csharp
class_6442,OrderManagerClass_6442,Domain,,csharp
class_6443,OrderManagerClass_6443,Domain,,csharp
class_6444,OrderManagerClass_6444,Domain,,csharp
class_6445,OrderManagerClass_6445,Domain,,csharp
class_6446,OrderManagerClass_6446,Domain,,csharp
class_6447,OrderManagerClass_6447,Domain,,csharp
class_6448,OrderManagerClass_6448,Domain,,csharp
class_6449,OrderManagerClass_6449,Domain,,csharp
class_6450,OrderManagerClass_6450,Domain,,csharp
class_6451,OrderManagerClass_6451,Domain,,csharp
class_6452,OrderManagerClass_6452,Domain,,csharp
class_6453,OrderManagerClass_6453,Domain,,csharp
class_6454,OrderManagerClass_6454,Domain,,csharp
class_6455,OrderManagerClass_6455,Domain,,csharp
class_6456,OrderManagerClass_6456,Domain,,csharp
class_6457,OrderManagerClass_6457,Domain,,csharp
class_6458,OrderManagerClass_6458,Domain,,csharp
class_6459,OrderManagerClass_6459,Domain,,csharp
class_6460,OrderManagerClass_6460,Domain,,csharp
class_6461,OrderManagerClass_6461,Domain,,csharp
class_6462,OrderManagerClass_6462,Domain,,csharp
class_6463,OrderManagerClass_6463,Domain,,csharp
class_6464,OrderManagerClass_6464,Domain,,csharp
class_6465,OrderManagerClass_6465,Domain,,csharp
class_6466,OrderManagerClass_6466,Domain,,csharp
class_6467,OrderManagerClass_6467,Domain,,csharp
class_6468,OrderManagerClass_6468,Domain,,csharp
class_6469,OrderManagerClass_6469,Domain,,csharp
class_6470,OrderManagerClass_6470,Domain,,csharp
class_6471,OrderManagerClass_6471,Domain,,csharp
class_6472,OrderManagerClass_6472,Domain,,csharp
class_6473,OrderManagerClass_6473,Domain,,csharp
class_6474,OrderManagerClass_6474,Domain,,csharp
class_6475,OrderManagerClass_6475,Domain,,csharp
class_6476,OrderManagerClass_6476,Domain,,csharp
class_6477,OrderManagerClass_6477,Domain,,csharp
class_6478,OrderManagerClass_6478,Domain,,csharp
class_6479,OrderManagerClass_6479,Domain,,csharp
class_6480,OrderManagerClass_6480,Domain,,csharp
class_6481,OrderManagerClass_6481,Domain,,csharp
class_6482,OrderManagerClass_6482,Domain,,csharp
class_6483,OrderManagerClass_6483,Domain,,csharp
class_6484,OrderManagerClass_6484,Domain,,csharp
class_6485,OrderManagerClass_6485,Domain,,csharp
class_6486,OrderManagerClass_6486,Domain,,csharp
class_6487,OrderManagerClass_6487,Domain,,csharp
class_6488,OrderManagerClass_6488,Domain,,csharp
class_6489,OrderManagerClass_6489,Domain,,csharp
class_6490,OrderManagerClass_6490,Domain,,csharp
class_6491,OrderManagerClass_6491,Domain,,csharp
class_6492,OrderManagerClass_6492,Domain,,csharp
class_6493,OrderManagerClass_6493,Domain,,csharp
class_6494,OrderManagerClass_6494,Domain,,csharp
class_6495,OrderManagerClass_6495,Domain,,csharp
class_6496,OrderManagerClass_6496,Domain,,csharp
class_6497,OrderManagerClass_6497,Domain,,csharp
class_6498,OrderManagerClass_6498,Domain,,csharp
class_6499,OrderManagerClass_6499,Domain,,csharp
class_6500,OrderManagerClass_6500,Domain,,csharp
class_6501,OrderManagerClass_6501,Domain,,csharp
class_6502,OrderManagerClass_6502,Domain,,csharp
class_6503,OrderManagerClass_6503,Domain,,csharp
class_6504,OrderManagerClass_6504,Domain,,csharp
class_6505,OrderManagerClass_6505,Domain,,csharp
class_6506,OrderManagerClass_6506,Domain,,csharp
class_6507,OrderManagerClass_6507,Domain,,csharp
class_6508,OrderManagerClass_6508,Domain,,csharp
class_6509,OrderManagerClass_6509,Domain,,csharp
class_6510,OrderManagerClass_6510,Domain,,csharp
class_6511,OrderManagerClass_6511,Domain,,csharp
class_6512,OrderManagerClass_6512,Domain,,csharp
class_6513,OrderManagerClass_6513,Domain,,csharp
class_6514,OrderManagerClass_6514,Domain,,csharp
class_6515,OrderManagerClass_6515,Domain,,csharp
class_6516,OrderManagerClass_6516,Domain,,csharp
class_6517,OrderManagerClass_6517,Domain,,csharp
class_6518,OrderManagerClass_6518,Domain,,csharp
class_6519,OrderManagerClass_6519,Domain,,csharp
class_6520,OrderManagerClass_6520,Domain,,csharp
class_6521,OrderManagerClass_6521,Domain,,csharp
class_6522,OrderManagerClass_6522,Domain,,csharp
class_6523,OrderManagerClass_6523,Domain,,csharp
class_6524,OrderManagerClass_6524,Domain,,csharp
class_6525,OrderManagerClass_6525,Domain,,csharp
class_6526,OrderManagerClass_6526,Domain,,csharp
class_6527,OrderManagerClass_6527,Domain,,csharp
class_6528,OrderManagerClass_6528,Domain,,csharp
class_6529,OrderManagerClass_6529,Domain,,csharp
class_6530,OrderManagerClass_6530,Domain,,csharp
class_6531,OrderManagerClass_6531,Domain,,csharp
class_6532,OrderManagerClass_6532,Domain,,csharp
class_6533,OrderManagerClass_6533,Domain,,csharp
class_6534,OrderManagerClass_6534,Domain,,csharp
class_6535,OrderManagerClass_6535,Domain,,csharp
class_6536,OrderManagerClass_6536,Domain,,csharp
class_6537,OrderManagerClass_6537,Domain,,csharp
class_6538,OrderManagerClass_6538,Domain,,csharp
class_6539,OrderManagerClass_6539,Domain,,csharp
class_6540,OrderManagerClass_6540,Domain,,csharp
class_6541,OrderManagerClass_6541,Domain,,csharp
class_6542,OrderManagerClass_6542,Domain,,csharp
class_6543,OrderManagerClass_6543,Domain,,csharp
class_6544,OrderManagerClass_6544,Domain,,csharp
class_6545,OrderManagerClass_6545,Domain,,csharp
class_6546,OrderManagerClass_6546,Domain,,csharp
class_6547,OrderManagerClass_6547,Domain,,csharp
class_6548,OrderManagerClass_6548,Domain,,csharp
class_6549,OrderManagerClass_6549,Domain,,csharp
class_6550,OrderManagerClass_6550,Domain,,csharp
class_6551,OrderManagerClass_6551,Domain,,csharp
class_6552,OrderManagerClass_6552,Domain,,csharp
class_6553,OrderManagerClass_6553,Domain,,csharp
class_6554,OrderManagerClass_6554,Domain,,csharp
class_6555,OrderManagerClass_6555,Domain,,csharp
class_6556,OrderManagerClass_6556,Domain,,csharp
class_6557,OrderManagerClass_6557,Domain,,csharp
class_6558,OrderManagerClass_6558,Domain,,csharp
class_6559,OrderManagerClass_6559,Domain,,csharp
class_6560,OrderManagerClass_6560,Domain,,csharp
class_6561,OrderManagerClass_6561,Domain,,csharp
class_6562,OrderManagerClass_6562,Domain,,csharp
class_6563,OrderManagerClass_6563,Domain,,csharp
class_6564,OrderManagerClass_6564,Domain,,csharp
class_6565,OrderManagerClass_6565,Domain,,csharp
class_6566,OrderManagerClass_6566,Domain,,csharp
class_6567,OrderManagerClass_6567,Domain,,csharp
class_6568,OrderManagerClass_6568,Domain,,csharp
class_6569,OrderManagerClass_6569,Domain,,csharp
class_6570,OrderManagerClass_6570,Domain,,csharp
class_6571,OrderManagerClass_6571,Domain,,csharp
class_6572,OrderManagerClass_6572,Domain,,csharp
class_6573,OrderManagerClass_6573,Domain,,csharp
class_6574,OrderManagerClass_6574,Domain,,csharp
class_6575,OrderManagerClass_6575,Domain,,csharp
class_6576,OrderManagerClass_6576,Domain,,csharp
class_6577,OrderManagerClass_6577,Domain,,csharp
class_6578,OrderManagerClass_6578,Domain,,csharp
class_6579,OrderManagerClass_6579,Domain,,csharp
class_6580,OrderManagerClass_6580,Domain,,csharp
class_6581,OrderManagerClass_6581,Domain,,csharp
class_6582,OrderManagerClass_6582,Domain,,csharp
class_6583,OrderManagerClass_6583,Domain,,csharp
class_6584,OrderManagerClass_6584,Domain,,csharp
class_6585,OrderManagerClass_6585,Domain,,csharp
class_6586,OrderManagerClass_6586,Domain,,csharp
class_6587,OrderManagerClass_6587,Domain,,csharp
class_6588,OrderManagerClass_6588,Domain,,csharp
class_6589,OrderManagerClass_6589,Domain,,csharp
class_6590,OrderManagerClass_6590,Domain,,csharp
class_6591,OrderManagerClass_6591,Domain,,csharp
class_6592,OrderManagerClass_6592,Domain,,csharp
class_6593,OrderManagerClass_6593,Domain,,csharp
class_6594,OrderManagerClass_6594,Domain,,csharp
class_6595,OrderManagerClass_6595,Domain,,csharp
class_6596,OrderManagerClass_6596,Domain,,csharp
class_6597,OrderManagerClass_6597,Domain,,csharp
class_6598,OrderManagerClass_6598,Domain,,csharp
class_6599,OrderManagerClass_6599,Domain,,csharp
class_6600,OrderManagerClass_6600,Domain,,csharp
class_6601,OrderManagerClass_6601,Domain,,csharp
class_6602,OrderManagerClass_6602,Domain,,csharp
class_6603,OrderManagerClass_6603,Domain,,csharp
class_6604,OrderManagerClass_6604,Domain,,csharp
class_6605,OrderManagerClass_6605,Domain,,csharp
class_6606,OrderManagerClass_6606,Domain,,csharp
class_6607,OrderManagerClass_6607,Domain,,csharp
class_6608,OrderManagerClass_6608,Domain,,csharp
class_6609,OrderManagerClass_6609,Domain,,csharp
class_6610,OrderManagerClass_6610,Domain,,csharp
class_6611,OrderManagerClass_6611,Domain,,csharp
class_6612,OrderManagerClass_6612,Domain,,csharp
class_6613,OrderManagerClass_6613,Domain,,csharp
class_6614,OrderManagerClass_6614,Domain,,csharp
class_6615,OrderManagerClass_6615,Domain,,csharp
class_6616,OrderManagerClass_6616,Domain,,csharp
class_6617,OrderManagerClass_6617,Domain,,csharp
class_6618,OrderManagerClass_6618,Domain,,csharp
class_6619,OrderManagerClass_6619,Domain,,csharp
class_6620,OrderManagerClass_6620,Domain,,csharp
class_6621,OrderManagerClass_6621,Domain,,csharp
class_6622,OrderManagerClass_6622,Domain,,csharp
class_6623,OrderManagerClass_6623,Domain,,csharp
class_6624,OrderManagerClass_6624,Domain,,csharp
class_6625,OrderManagerClass_6625,Domain,,csharp
class_6626,OrderManagerClass_6626,Domain,,csharp
class_6627,OrderManagerClass_6627,Domain,,csharp
class_6628,OrderManagerClass_6628,Domain,,csharp
class_6629,OrderManagerClass_6629,Domain,,csharp
class_6630,OrderManagerClass_6630,Domain,,csharp
class_6631,OrderManagerClass_6631,Domain,,csharp
class_6632,OrderManagerClass_6632,Domain,,csharp
class_6633,OrderManagerClass_6633,Domain,,csharp
class_6634,OrderManagerClass_6634,Domain,,csharp
class_6635,OrderManagerClass_6635,Domain,,csharp
class_6636,OrderManagerClass_6636,Domain,,csharp
class_6637,OrderManagerClass_6637,Domain,,csharp
class_6638,OrderManagerClass_6638,Domain,,csharp
class_6639,OrderManagerClass_6639,Domain,,csharp
class_6640,OrderManagerClass_6640,Domain,,csharp
class_6641,OrderManagerClass_6641,Domain,,csharp
class_6642,OrderManagerClass_6642,Domain,,csharp
class_6643,OrderManagerClass_6643,Domain,,csharp
class_6644,OrderManagerClass_6644,Domain,,csharp
class_6645,OrderManagerClass_6645,Domain,,csharp
class_6646,OrderManagerClass_6646,Domain,,csharp
class_6647,OrderManagerClass_6647,Domain,,csharp
class_6648,OrderManagerClass_6648,Domain,,csharp
class_6649,OrderManagerClass_6649,Domain,,csharp
class_6650,OrderManagerClass_6650,Domain,,csharp
class_6651,OrderManagerClass_6651,Domain,,csharp
class_6652,OrderManagerClass_6652,Domain,,csharp
class_6653,OrderManagerClass_6653,Domain,,csharp
class_6654,OrderManagerClass_6654,Domain,,csharp
class_6655,OrderManagerClass_6655,Domain,,csharp
class_6656,OrderManagerClass_6656,Domain,,csharp
class_6657,OrderManagerClass_6657,Domain,,csharp
class_6658,OrderManagerClass_6658,Domain,,csharp
class_6659,OrderManagerClass_6659,Domain,,csharp
class_6660,OrderManagerClass_6660,Domain,,csharp
class_6661,OrderManagerClass_6661,Domain,,csharp
class_6662,OrderManagerClass_6662,Domain,,csharp
class_6663,OrderManagerClass_6663,Domain,,csharp
class_6664,OrderManagerClass_6664,Domain,,csharp
class_6665,OrderManagerClass_6665,Domain,,csharp
class_6666,OrderManagerClass_6666,Domain,,csharp
class_6667,OrderManagerClass_6667,Domain,,csharp
class_6668,OrderManagerClass_6668,Domain,,csharp
class_6669,OrderManagerClass_6669,Domain,,csharp
class_6670,OrderManagerClass_6670,Domain,,csharp
class_6671,OrderManagerClass_6671,Domain,,csharp
class_6672,OrderManagerClass_6672,Domain,,csharp
class_6673,OrderManagerClass_6673,Domain,,csharp
class_6674,OrderManagerClass_6674,Domain,,csharp
class_6675,OrderManagerClass_6675,Domain,,csharp
class_6676,OrderManagerClass_6676,Domain,,csharp
class_6677,OrderManagerClass_6677,Domain,,csharp
class_6678,OrderManagerClass_6678,Domain,,csharp
class_6679,OrderManagerClass_6679,Domain,,csharp
class_6680,OrderManagerClass_6680,Domain,,csharp
class_6681,OrderManagerClass_6681,Domain,,csharp
class_6682,OrderManagerClass_6682,Domain,,csharp
class_6683,OrderManagerClass_6683,Domain,,csharp
class_6684,OrderManagerClass_6684,Domain,,csharp
class_6685,OrderManagerClass_6685,Domain,,csharp
class_6686,OrderManagerClass_6686,Domain,,csharp
class_6687,OrderManagerClass_6687,Domain,,csharp
class_6688,OrderManagerClass_6688,Domain,,csharp
class_6689,OrderManagerClass_6689,Domain,,csharp
class_6690,OrderManagerClass_6690,Domain,,csharp
class_6691,OrderManagerClass_6691,Domain,,csharp
class_6692,OrderManagerClass_6692,Domain,,csharp
class_6693,OrderManagerClass_6693,Domain,,csharp
class_6694,OrderManagerClass_6694,Domain,,csharp
class_6695,OrderManagerClass_6695,Domain,,csharp
class_6696,OrderManagerClass_6696,Domain,,csharp
class_6697,OrderManagerClass_6697,Domain,,csharp
class_6698,OrderManagerClass_6698,Domain,,csharp
class_6699,OrderManagerClass_6699,Domain,,csharp
class_6700,OrderManagerClass_6700,Domain,,csharp
class_6701,OrderManagerClass_6701,Domain,,csharp
class_6702,OrderManagerClass_6702,Domain,,csharp
class_6703,OrderManagerClass_6703,Domain,,csharp
class_6704,OrderManagerClass_6704,Domain,,csharp
class_6705,OrderManagerClass_6705,Domain,,csharp
class_6706,OrderManagerClass_6706,Domain,,csharp
class_6707,OrderManagerClass_6707,Domain,,csharp
class_6708,OrderManagerClass_6708,Domain,,csharp
class_6709,OrderManagerClass_6709,Domain,,csharp
class_6710,OrderManagerClass_6710,Domain,,csharp
class_6711,OrderManagerClass_6711,Domain,,csharp
class_6712,OrderManagerClass_6712,Domain,,csharp
class_6713,OrderManagerClass_6713,Domain,,csharp
class_6714,OrderManagerClass_6714,Domain,,csharp
class_6715,OrderManagerClass_6715,Domain,,csharp
class_6716,OrderManagerClass_6716,Domain,,csharp
class_6717,OrderManagerClass_6717,Domain,,csharp
class_6718,OrderManagerClass_6718,Domain,,csharp
class_6719,OrderManagerClass_6719,Domain,,csharp
class_6720,OrderManagerClass_6720,Domain,,csharp
class_6721,OrderManagerClass_6721,Domain,,csharp
class_6722,OrderManagerClass_6722,Domain,,csharp
class_6723,OrderManagerClass_6723,Domain,,csharp
class_6724,OrderManagerClass_6724,Domain,,csharp
class_6725,OrderManagerClass_6725,Domain,,csharp
class_6726,OrderManagerClass_6726,Domain,,csharp
class_6727,OrderManagerClass_6727,Domain,,csharp
class_6728,OrderManagerClass_6728,Domain,,csharp
class_6729,OrderManagerClass_6729,Domain,,csharp
class_6730,OrderManagerClass_6730,Domain,,csharp
class_6731,OrderManagerClass_6731,Domain,,csharp
class_6732,OrderManagerClass_6732,Domain,,csharp
class_6733,OrderManagerClass_6733,Domain,,csharp
class_6734,OrderManagerClass_6734,Domain,,csharp
class_6735,OrderManagerClass_6735,Domain,,csharp
class_6736,OrderManagerClass_6736,Domain,,csharp
class_6737,OrderManagerClass_6737,Domain,,csharp
class_6738,OrderManagerClass_6738,Domain,,csharp
class_6739,OrderManagerClass_6739,Domain,,csharp
class_6740,OrderManagerClass_6740,Domain,,csharp
class_6741,OrderManagerClass_6741,Domain,,csharp
class_6742,OrderManagerClass_6742,Domain,,csharp
class_6743,OrderManagerClass_6743,Domain,,csharp
class_6744,OrderManagerClass_6744,Domain,,csharp
class_6745,OrderManagerClass_6745,Domain,,csharp
class_6746,OrderManagerClass_6746,Domain,,csharp
class_6747,OrderManagerClass_6747,Domain,,csharp
class_6748,OrderManagerClass_6748,Domain,,csharp
class_6749,OrderManagerClass_6749,Domain,,csharp
class_6750,OrderManagerClass_6750,Domain,,csharp
class_6751,OrderManagerClass_6751,Domain,,csharp
class_6752,OrderManagerClass_6752,Domain,,csharp
class_6753,OrderManagerClass_6753,Domain,,csharp
class_6754,OrderManagerClass_6754,Domain,,csharp
class_6755,OrderManagerClass_6755,Domain,,csharp
class_6756,OrderManagerClass_6756,Domain,,csharp
class_6757,OrderManagerClass_6757,Domain,,csharp
class_6758,OrderManagerClass_6758,Domain,,csharp
class_6759,OrderManagerClass_6759,Domain,,csharp
class_6760,OrderManagerClass_6760,Domain,,csharp
class_6761,OrderManagerClass_6761,Domain,,csharp
class_6762,OrderManagerClass_6762,Domain,,csharp
class_6763,OrderManagerClass_6763,Domain,,csharp
class_6764,OrderManagerClass_6764,Domain,,csharp
class_6765,OrderManagerClass_6765,Domain,,csharp
class_6766,OrderManagerClass_6766,Domain,,csharp
class_6767,OrderManagerClass_6767,Domain,,csharp
class_6768,OrderManagerClass_6768,Domain,,csharp
class_6769,OrderManagerClass_6769,Domain,,csharp
class_6770,OrderManagerClass_6770,Domain,,csharp
class_6771,OrderManagerClass_6771,Domain,,csharp
class_6772,OrderManagerClass_6772,Domain,,csharp
class_6773,OrderManagerClass_6773,Domain,,csharp
class_6774,OrderManagerClass_6774,Domain,,csharp
class_6775,OrderManagerClass_6775,Domain,,csharp
class_6776,OrderManagerClass_6776,Domain,,csharp
class_6777,OrderManagerClass_6777,Domain,,csharp
class_6778,OrderManagerClass_6778,Domain,,csharp
class_6779,OrderManagerClass_6779,Domain,,csharp
class_6780,OrderManagerClass_6780,Domain,,csharp
class_6781,OrderManagerClass_6781,Domain,,csharp
class_6782,OrderManagerClass_6782,Domain,,csharp
class_6783,OrderManagerClass_6783,Domain,,csharp
class_6784,OrderManagerClass_6784,Domain,,csharp
class_6785,OrderManagerClass_6785,Domain,,csharp
class_6786,OrderManagerClass_6786,Domain,,csharp
class_6787,OrderManagerClass_6787,Domain,,csharp
class_6788,OrderManagerClass_6788,Domain,,csharp
class_6789,OrderManagerClass_6789,Domain,,csharp
class_6790,OrderManagerClass_6790,Domain,,csharp
class_6791,OrderManagerClass_6791,Domain,,csharp
class_6792,OrderManagerClass_6792,Domain,,csharp
class_6793,OrderManagerClass_6793,Domain,,csharp
class_6794,OrderManagerClass_6794,Domain,,csharp
class_6795,OrderManagerClass_6795,Domain,,csharp
class_6796,OrderManagerClass_6796,Domain,,csharp
class_6797,OrderManagerClass_6797,Domain,,csharp
class_6798,OrderManagerClass_6798,Domain,,csharp
class_6799,OrderManagerClass_6799,Domain,,csharp
class_6800,OrderManagerClass_6800,Domain,,csharp
class_6801,OrderManagerClass_6801,Domain,,csharp
class_6802,OrderManagerClass_6802,Domain,,csharp
class_6803,OrderManagerClass_6803,Domain,,csharp
class_6804,OrderManagerClass_6804,Domain,,csharp
class_6805,OrderManagerClass_6805,Domain,,csharp
class_6806,OrderManagerClass_6806,Domain,,csharp
class_6807,OrderManagerClass_6807,Domain,,csharp
class_6808,OrderManagerClass_6808,Domain,,csharp
class_6809,OrderManagerClass_6809,Domain,,csharp
class_6810,OrderManagerClass_6810,Domain,,csharp
class_6811,OrderManagerClass_6811,Domain,,csharp
class_6812,OrderManagerClass_6812,Domain,,csharp
class_6813,OrderManagerClass_6813,Domain,,csharp
class_6814,OrderManagerClass_6814,Domain,,csharp
class_6815,OrderManagerClass_6815,Domain,,csharp
class_6816,OrderManagerClass_6816,Domain,,csharp
class_6817,OrderManagerClass_6817,Domain,,csharp
class_6818,OrderManagerClass_6818,Domain,,csharp
class_6819,OrderManagerClass_6819,Domain,,csharp
class_6820,OrderManagerClass_6820,Domain,,csharp
class_6821,OrderManagerClass_6821,Domain,,csharp
class_6822,OrderManagerClass_6822,Domain,,csharp
class_6823,OrderManagerClass_6823,Domain,,csharp
class_6824,OrderManagerClass_6824,Domain,,csharp
class_6825,OrderManagerClass_6825,Domain,,csharp
class_6826,OrderManagerClass_6826,Domain,,csharp
class_6827,OrderManagerClass_6827,Domain,,csharp
class_6828,OrderManagerClass_6828,Domain,,csharp
class_6829,OrderManagerClass_6829,Domain,,csharp
class_6830,OrderManagerClass_6830,Domain,,csharp
class_6831,OrderManagerClass_6831,Domain,,csharp
class_6832,OrderManagerClass_6832,Domain,,csharp
class_6833,OrderManagerClass_6833,Domain,,csharp
class_6834,OrderManagerClass_6834,Domain,,csharp
class_6835,OrderManagerClass_6835,Domain,,csharp
class_6836,OrderManagerClass_6836,Domain,,csharp
class_6837,OrderManagerClass_6837,Domain,,csharp
class_6838,OrderManagerClass_6838,Domain,,csharp
class_6839,OrderManagerClass_6839,Domain,,csharp
class_6840,OrderManagerClass_6840,Domain,,csharp
class_6841,OrderManagerClass_6841,Domain,,csharp
class_6842,OrderManagerClass_6842,Domain,,csharp
class_6843,OrderManagerClass_6843,Domain,,csharp
class_6844,OrderManagerClass_6844,Domain,,csharp
class_6845,OrderManagerClass_6845,Domain,,csharp
class_6846,OrderManagerClass_6846,Domain,,csharp
class_6847,OrderManagerClass_6847,Domain,,csharp
class_6848,OrderManagerClass_6848,Domain,,csharp
class_6849,OrderManagerClass_6849,Domain,,csharp
class_6850,OrderManagerClass_6850,Domain,,csharp
class_6851,OrderManagerClass_6851,Domain,,csharp
class_6852,OrderManagerClass_6852,Domain,,csharp
class_6853,OrderManagerClass_6853,Domain,,csharp
class_6854,OrderManagerClass_6854,Domain,,csharp
class_6855,OrderManagerClass_6855,Domain,,csharp
class_6856,OrderManagerClass_6856,Domain,,csharp
class_6857,OrderManagerClass_6857,Domain,,csharp
class_6858,OrderManagerClass_6858,Domain,,csharp
class_6859,OrderManagerClass_6859,Domain,,csharp
class_6860,OrderManagerClass_6860,Domain,,csharp
class_6861,OrderManagerClass_6861,Domain,,csharp
class_6862,OrderManagerClass_6862,Domain,,csharp
class_6863,OrderManagerClass_6863,Domain,,csharp
class_6864,OrderManagerClass_6864,Domain,,csharp
class_6865,OrderManagerClass_6865,Domain,,csharp
class_6866,OrderManagerClass_6866,Domain,,csharp
class_6867,OrderManagerClass_6867,Domain,,csharp
class_6868,OrderManagerClass_6868,Domain,,csharp
class_6869,OrderManagerClass_6869,Domain,,csharp
class_6870,OrderManagerClass_6870,Domain,,csharp
class_6871,OrderManagerClass_6871,Domain,,csharp
class_6872,OrderManagerClass_6872,Domain,,csharp
class_6873,OrderManagerClass_6873,Domain,,csharp
class_6874,OrderManagerClass_6874,Domain,,csharp
class_6875,OrderManagerClass_6875,Domain,,csharp
class_6876,OrderManagerClass_6876,Domain,,csharp
class_6877,OrderManagerClass_6877,Domain,,csharp
class_6878,OrderManagerClass_6878,Domain,,csharp
class_6879,OrderManagerClass_6879,Domain,,csharp
class_6880,OrderManagerClass_6880,Domain,,csharp
class_6881,OrderManagerClass_6881,Domain,,csharp
class_6882,OrderManagerClass_6882,Domain,,csharp
class_6883,OrderManagerClass_6883,Domain,,csharp
class_6884,OrderManagerClass_6884,Domain,,csharp
class_6885,OrderManagerClass_6885,Domain,,csharp
class_6886,OrderManagerClass_6886,Domain,,csharp
class_6887,OrderManagerClass_6887,Domain,,csharp
class_6888,OrderManagerClass_6888,Domain,,csharp
class_6889,OrderManagerClass_6889,Domain,,csharp
class_6890,OrderManagerClass_6890,Domain,,csharp
class_6891,OrderManagerClass_6891,Domain,,csharp
class_6892,OrderManagerClass_6892,Domain,,csharp
class_6893,OrderManagerClass_6893,Domain,,csharp
class_6894,OrderManagerClass_6894,Domain,,csharp
class_6895,OrderManagerClass_6895,Domain,,csharp
class_6896,OrderManagerClass_6896,Domain,,csharp
class_6897,OrderManagerClass_6897,Domain,,csharp
class_6898,OrderManagerClass_6898,Domain,,csharp
class_6899,OrderManagerClass_6899,Domain,,csharp
class_6900,OrderManagerClass_6900,Domain,,csharp
class_6901,OrderManagerClass_6901,Domain,,csharp
class_6902,OrderManagerClass_6902,Domain,,csharp
class_6903,OrderManagerClass_6903,Domain,,csharp
class_6904,OrderManagerClass_6904,Domain,,csharp
class_6905,OrderManagerClass_6905,Domain,,csharp
class_6906,OrderManagerClass_6906,Domain,,csharp
class_6907,OrderManagerClass_6907,Domain,,csharp
class_6908,OrderManagerClass_6908,Domain,,csharp
class_6909,OrderManagerClass_6909,Domain,,csharp
class_6910,OrderManagerClass_6910,Domain,,csharp
class_6911,OrderManagerClass_6911,Domain,,csharp
class_6912,OrderManagerClass_6912,Domain,,csharp
class_6913,OrderManagerClass_6913,Domain,,csharp
class_6914,OrderManagerClass_6914,Domain,,csharp
class_6915,OrderManagerClass_6915,Domain,,csharp
class_6916,OrderManagerClass_6916,Domain,,csharp
class_6917,OrderManagerClass_6917,Domain,,csharp
class_6918,OrderManagerClass_6918,Domain,,csharp
class_6919,OrderManagerClass_6919,Domain,,csharp
class_6920,OrderManagerClass_6920,Domain,,csharp
class_6921,OrderManagerClass_6921,Domain,,csharp
class_6922,OrderManagerClass_6922,Domain,,csharp
class_6923,OrderManagerClass_6923,Domain,,csharp
class_6924,OrderManagerClass_6924,Domain,,csharp
class_6925,OrderManagerClass_6925,Domain,,csharp
class_6926,OrderManagerClass_6926,Domain,,csharp
class_6927,OrderManagerClass_6927,Domain,,csharp
class_6928,OrderManagerClass_6928,Domain,,csharp
class_6929,OrderManagerClass_6929,Domain,,csharp
class_6930,OrderManagerClass_6930,Domain,,csharp
class_6931,OrderManagerClass_6931,Domain,,csharp
class_6932,OrderManagerClass_6932,Domain,,csharp
class_6933,OrderManagerClass_6933,Domain,,csharp
class_6934,OrderManagerClass_6934,Domain,,csharp
class_6935,OrderManagerClass_6935,Domain,,csharp
class_6936,OrderManagerClass_6936,Domain,,csharp
class_6937,OrderManagerClass_6937,Domain,,csharp
class_6938,OrderManagerClass_6938,Domain,,csharp
class_6939,OrderManagerClass_6939,Domain,,csharp
class_6940,OrderManagerClass_6940,Domain,,csharp
class_6941,OrderManagerClass_6941,Domain,,csharp
class_6942,OrderManagerClass_6942,Domain,,csharp
class_6943,OrderManagerClass_6943,Domain,,csharp
class_6944,OrderManagerClass_6944,Domain,,csharp
class_6945,OrderManagerClass_6945,Domain,,csharp
class_6946,OrderManagerClass_6946,Domain,,csharp
class_6947,OrderManagerClass_6947,Domain,,csharp
class_6948,OrderManagerClass_6948,Domain,,csharp
class_6949,OrderManagerClass_6949,Domain,,csharp
class_6950,OrderManagerClass_6950,Domain,,csharp
class_6951,OrderManagerClass_6951,Domain,,csharp
class_6952,OrderManagerClass_6952,Domain,,csharp
class_6953,OrderManagerClass_6953,Domain,,csharp
class_6954,OrderManagerClass_6954,Domain,,csharp
class_6955,OrderManagerClass_6955,Domain,,csharp
class_6956,OrderManagerClass_6956,Domain,,csharp
class_6957,OrderManagerClass_6957,Domain,,csharp
class_6958,OrderManagerClass_6958,Domain,,csharp
class_6959,OrderManagerClass_6959,Domain,,csharp
class_6960,OrderManagerClass_6960,Domain,,csharp
class_6961,OrderManagerClass_6961,Domain,,csharp
class_6962,OrderManagerClass_6962,Domain,,csharp
class_6963,OrderManagerClass_6963,Domain,,csharp
class_6964,OrderManagerClass_6964,Domain,,csharp
class_6965,OrderManagerClass_6965,Domain,,csharp
class_6966,OrderManagerClass_6966,Domain,,csharp
class_6967,OrderManagerClass_6967,Domain,,csharp
class_6968,OrderManagerClass_6968,Domain,,csharp
class_6969,OrderManagerClass_6969,Domain,,csharp
class_6970,OrderManagerClass_6970,Domain,,csharp
class_6971,OrderManagerClass_6971,Domain,,csharp
class_6972,OrderManagerClass_6972,Domain,,csharp
class_6973,OrderManagerClass_6973,Domain,,csharp
class_6974,OrderManagerClass_6974,Domain,,csharp
class_6975,OrderManagerClass_6975,Domain,,csharp
class_6976,OrderManagerClass_6976,Domain,,csharp
class_6977,OrderManagerClass_6977,Domain,,csharp
class_6978,OrderManagerClass_6978,Domain,,csharp
class_6979,OrderManagerClass_6979,Domain,,csharp
class_6980,OrderManagerClass_6980,Domain,,csharp
class_6981,OrderManagerClass_6981,Domain,,csharp
class_6982,OrderManagerClass_6982,Domain,,csharp
class_6983,OrderManagerClass_6983,Domain,,csharp
class_6984,OrderManagerClass_6984,Domain,,csharp
class_6985,OrderManagerClass_6985,Domain,,csharp
class_6986,OrderManagerClass_6986,Domain,,csharp
class_6987,OrderManagerClass_6987,Domain,,csharp
class_6988,OrderManagerClass_6988,Domain,,csharp
class_6989,OrderManagerClass_6989,Domain,,csharp
class_6990,OrderManagerClass_6990,Domain,,csharp
class_6991,OrderManagerClass_6991,Domain,,csharp
class_6992,OrderManagerClass_6992,Domain,,csharp
class_6993,OrderManagerClass_6993,Domain,,csharp
class_6994,OrderManagerClass_6994,Domain,,csharp
class_6995,OrderManagerClass_6995,Domain,,csharp
class_6996,OrderManagerClass_6996,Domain,,csharp
class_6997,OrderManagerClass_6997,Domain,,csharp
class_6998,OrderManagerClass_6998,Domain,,csharp
class_6999,OrderManagerClass_6999,Domain,,csharp
class_7000,OrderManagerClass_7000,Domain,,csharp
class_7001,OrderManagerClass_7001,Domain,,csharp
class_7002,OrderManagerClass_7002,Domain,,csharp
class_7003,OrderManagerClass_7003,Domain,,csharp
class_7004,OrderManagerClass_7004,Domain,,csharp
class_7005,OrderManagerClass_7005,Domain,,csharp
class_7006,OrderManagerClass_7006,Domain,,csharp
class_7007,OrderManagerClass_7007,Domain,,csharp
class_7008,OrderManagerClass_7008,Domain,,csharp
class_7009,OrderManagerClass_7009,Domain,,csharp
class_7010,OrderManagerClass_7010,Domain,,csharp
class_7011,OrderManagerClass_7011,Domain,,csharp
class_7012,OrderManagerClass_7012,Domain,,csharp
class_7013,OrderManagerClass_7013,Domain,,csharp
class_7014,OrderManagerClass_7014,Domain,,csharp
class_7015,OrderManagerClass_7015,Domain,,csharp
class_7016,OrderManagerClass_7016,Domain,,csharp
class_7017,OrderManagerClass_7017,Domain,,csharp
class_7018,OrderManagerClass_7018,Domain,,csharp
class_7019,OrderManagerClass_7019,Domain,,csharp
class_7020,OrderManagerClass_7020,Domain,,csharp
class_7021,OrderManagerClass_7021,Domain,,csharp
class_7022,OrderManagerClass_7022,Domain,,csharp
class_7023,OrderManagerClass_7023,Domain,,csharp
class_7024,OrderManagerClass_7024,Domain,,csharp
class_7025,OrderManagerClass_7025,Domain,,csharp
class_7026,OrderManagerClass_7026,Domain,,csharp
class_7027,OrderManagerClass_7027,Domain,,csharp
class_7028,OrderManagerClass_7028,Domain,,csharp
class_7029,OrderManagerClass_7029,Domain,,csharp
class_7030,OrderManagerClass_7030,Domain,,csharp
class_7031,OrderManagerClass_7031,Domain,,csharp
class_7032,OrderManagerClass_7032,Domain,,csharp
class_7033,OrderManagerClass_7033,Domain,,csharp
class_7034,OrderManagerClass_7034,Domain,,csharp
class_7035,OrderManagerClass_7035,Domain,,csharp
class_7036,OrderManagerClass_7036,Domain,,csharp
class_7037,OrderManagerClass_7037,Domain,,csharp
class_7038,OrderManagerClass_7038,Domain,,csharp
class_7039,OrderManagerClass_7039,Domain,,csharp
class_7040,OrderManagerClass_7040,Domain,,csharp
class_7041,OrderManagerClass_7041,Domain,,csharp
class_7042,OrderManagerClass_7042,Domain,,csharp
class_7043,OrderManagerClass_7043,Domain,,csharp
class_7044,OrderManagerClass_7044,Domain,,csharp
class_7045,OrderManagerClass_7045,Domain,,csharp
class_7046,OrderManagerClass_7046,Domain,,csharp
class_7047,OrderManagerClass_7047,Domain,,csharp
class_7048,OrderManagerClass_7048,Domain,,csharp
class_7049,OrderManagerClass_7049,Domain,,csharp
class_7050,OrderManagerClass_7050,Domain,,csharp
class_7051,OrderManagerClass_7051,Domain,,csharp
class_7052,OrderManagerClass_7052,Domain,,csharp
class_7053,OrderManagerClass_7053,Domain,,csharp
class_7054,OrderManagerClass_7054,Domain,,csharp
class_7055,OrderManagerClass_7055,Domain,,csharp
class_7056,OrderManagerClass_7056,Domain,,csharp
class_7057,OrderManagerClass_7057,Domain,,csharp
class_7058,OrderManagerClass_7058,Domain,,csharp
class_7059,OrderManagerClass_7059,Domain,,csharp
class_7060,OrderManagerClass_7060,Domain,,csharp
class_7061,OrderManagerClass_7061,Domain,,csharp
class_7062,OrderManagerClass_7062,Domain,,csharp
class_7063,OrderManagerClass_7063,Domain,,csharp
class_7064,OrderManagerClass_7064,Domain,,csharp
class_7065,OrderManagerClass_7065,Domain,,csharp
class_7066,OrderManagerClass_7066,Domain,,csharp
class_7067,OrderManagerClass_7067,Domain,,csharp
class_7068,OrderManagerClass_7068,Domain,,csharp
class_7069,OrderManagerClass_7069,Domain,,csharp
class_7070,OrderManagerClass_7070,Domain,,csharp
class_7071,OrderManagerClass_7071,Domain,,csharp
class_7072,OrderManagerClass_7072,Domain,,csharp
class_7073,OrderManagerClass_7073,Domain,,csharp
class_7074,OrderManagerClass_7074,Domain,,csharp
class_7075,OrderManagerClass_7075,Domain,,csharp
class_7076,OrderManagerClass_7076,Domain,,csharp
class_7077,OrderManagerClass_7077,Domain,,csharp
class_7078,OrderManagerClass_7078,Domain,,csharp
class_7079,OrderManagerClass_7079,Domain,,csharp
class_7080,OrderManagerClass_7080,Domain,,csharp
class_7081,OrderManagerClass_7081,Domain,,csharp
class_7082,OrderManagerClass_7082,Domain,,csharp
class_7083,OrderManagerClass_7083,Domain,,csharp
class_7084,OrderManagerClass_7084,Domain,,csharp
class_7085,OrderManagerClass_7085,Domain,,csharp
class_7086,OrderManagerClass_7086,Domain,,csharp
class_7087,OrderManagerClass_7087,Domain,,csharp
class_7088,OrderManagerClass_7088,Domain,,csharp
class_7089,OrderManagerClass_7089,Domain,,csharp
class_7090,OrderManagerClass_7090,Domain,,csharp
class_7091,OrderManagerClass_7091,Domain,,csharp
class_7092,OrderManagerClass_7092,Domain,,csharp
class_7093,OrderManagerClass_7093,Domain,,csharp
class_7094,OrderManagerClass_7094,Domain,,csharp
class_7095,OrderManagerClass_7095,Domain,,csharp
class_7096,OrderManagerClass_7096,Domain,,csharp
class_7097,OrderManagerClass_7097,Domain,,csharp
class_7098,OrderManagerClass_7098,Domain,,csharp
class_7099,OrderManagerClass_7099,Domain,,csharp
class_7100,OrderManagerClass_7100,Domain,,csharp
class_7101,OrderManagerClass_7101,Domain,,csharp
class_7102,OrderManagerClass_7102,Domain,,csharp
class_7103,OrderManagerClass_7103,Domain,,csharp
class_7104,OrderManagerClass_7104,Domain,,csharp
class_7105,OrderManagerClass_7105,Domain,,csharp
class_7106,OrderManagerClass_7106,Domain,,csharp
class_7107,OrderManagerClass_7107,Domain,,csharp
class_7108,OrderManagerClass_7108,Domain,,csharp
class_7109,OrderManagerClass_7109,Domain,,csharp
class_7110,OrderManagerClass_7110,Domain,,csharp
class_7111,OrderManagerClass_7111,Domain,,csharp
class_7112,OrderManagerClass_7112,Domain,,csharp
class_7113,OrderManagerClass_7113,Domain,,csharp
class_7114,OrderManagerClass_7114,Domain,,csharp
class_7115,OrderManagerClass_7115,Domain,,csharp
class_7116,OrderManagerClass_7116,Domain,,csharp
class_7117,OrderManagerClass_7117,Domain,,csharp
class_7118,OrderManagerClass_7118,Domain,,csharp
class_7119,OrderManagerClass_7119,Domain,,csharp
class_7120,OrderManagerClass_7120,Domain,,csharp
class_7121,OrderManagerClass_7121,Domain,,csharp
class_7122,OrderManagerClass_7122,Domain,,csharp
class_7123,OrderManagerClass_7123,Domain,,csharp
class_7124,OrderManagerClass_7124,Domain,,csharp
class_7125,OrderManagerClass_7125,Domain,,csharp
class_7126,OrderManagerClass_7126,Domain,,csharp
class_7127,OrderManagerClass_7127,Domain,,csharp
class_7128,OrderManagerClass_7128,Domain,,csharp
class_7129,OrderManagerClass_7129,Domain,,csharp
class_7130,OrderManagerClass_7130,Domain,,csharp
class_7131,OrderManagerClass_7131,Domain,,csharp
class_7132,OrderManagerClass_7132,Domain,,csharp
class_7133,OrderManagerClass_7133,Domain,,csharp
class_7134,OrderManagerClass_7134,Domain,,csharp
class_7135,OrderManagerClass_7135,Domain,,csharp
class_7136,OrderManagerClass_7136,Domain,,csharp
class_7137,OrderManagerClass_7137,Domain,,csharp
class_7138,OrderManagerClass_7138,Domain,,csharp
class_7139,OrderManagerClass_7139,Domain,,csharp
class_7140,OrderManagerClass_7140,Domain,,csharp
class_7141,OrderManagerClass_7141,Domain,,csharp
class_7142,OrderManagerClass_7142,Domain,,csharp
class_7143,OrderManagerClass_7143,Domain,,csharp
class_7144,OrderManagerClass_7144,Domain,,csharp
class_7145,OrderManagerClass_7145,Domain,,csharp
class_7146,OrderManagerClass_7146,Domain,,csharp
class_7147,OrderManagerClass_7147,Domain,,csharp
class_7148,OrderManagerClass_7148,Domain,,csharp
class_7149,OrderManagerClass_7149,Domain,,csharp
class_7150,OrderManagerClass_7150,Domain,,csharp
class_7151,OrderManagerClass_7151,Domain,,csharp
class_7152,OrderManagerClass_7152,Domain,,csharp
class_7153,OrderManagerClass_7153,Domain,,csharp
class_7154,OrderManagerClass_7154,Domain,,csharp
class_7155,OrderManagerClass_7155,Domain,,csharp
class_7156,OrderManagerClass_7156,Domain,,csharp
class_7157,OrderManagerClass_7157,Domain,,csharp
class_7158,OrderManagerClass_7158,Domain,,csharp
class_7159,OrderManagerClass_7159,Domain,,csharp
class_7160,OrderManagerClass_7160,Domain,,csharp
class_7161,OrderManagerClass_7161,Domain,,csharp
class_7162,OrderManagerClass_7162,Domain,,csharp
class_7163,OrderManagerClass_7163,Domain,,csharp
class_7164,OrderManagerClass_7164,Domain,,csharp
class_7165,OrderManagerClass_7165,Domain,,csharp
class_7166,OrderManagerClass_7166,Domain,,csharp
class_7167,OrderManagerClass_7167,Domain,,csharp
class_7168,OrderManagerClass_7168,Domain,,csharp
class_7169,OrderManagerClass_7169,Domain,,csharp
class_7170,OrderManagerClass_7170,Domain,,csharp
class_7171,OrderManagerClass_7171,Domain,,csharp
class_7172,OrderManagerClass_7172,Domain,,csharp
class_7173,OrderManagerClass_7173,Domain,,csharp
class_7174,OrderManagerClass_7174,Domain,,csharp
class_7175,OrderManagerClass_7175,Domain,,csharp
class_7176,OrderManagerClass_7176,Domain,,csharp
class_7177,OrderManagerClass_7177,Domain,,csharp
class_7178,OrderManagerClass_7178,Domain,,csharp
class_7179,OrderManagerClass_7179,Domain,,csharp
class_7180,OrderManagerClass_7180,Domain,,csharp
class_7181,OrderManagerClass_7181,Domain,,csharp
class_7182,OrderManagerClass_7182,Domain,,csharp
class_7183,OrderManagerClass_7183,Domain,,csharp
class_7184,OrderManagerClass_7184,Domain,,csharp
class_7185,OrderManagerClass_7185,Domain,,csharp
class_7186,OrderManagerClass_7186,Domain,,csharp
class_7187,OrderManagerClass_7187,Domain,,csharp
class_7188,OrderManagerClass_7188,Domain,,csharp
class_7189,OrderManagerClass_7189,Domain,,csharp
class_7190,OrderManagerClass_7190,Domain,,csharp
class_7191,OrderManagerClass_7191,Domain,,csharp
class_7192,OrderManagerClass_7192,Domain,,csharp
class_7193,OrderManagerClass_7193,Domain,,csharp
class_7194,OrderManagerClass_7194,Domain,,csharp
class_7195,OrderManagerClass_7195,Domain,,csharp
class_7196,OrderManagerClass_7196,Domain,,csharp
class_7197,OrderManagerClass_7197,Domain,,csharp
class_7198,OrderManagerClass_7198,Domain,,csharp
class_7199,OrderManagerClass_7199,Domain,,csharp
class_7200,OrderManagerClass_7200,Domain,,csharp
class_7201,OrderManagerClass_7201,Domain,,csharp
class_7202,OrderManagerClass_7202,Domain,,csharp
class_7203,OrderManagerClass_7203,Domain,,csharp
class_7204,OrderManagerClass_7204,Domain,,csharp
class_7205,OrderManagerClass_7205,Domain,,csharp
class_7206,OrderManagerClass_7206,Domain,,csharp
class_7207,OrderManagerClass_7207,Domain,,csharp
class_7208,OrderManagerClass_7208,Domain,,csharp
class_7209,OrderManagerClass_7209,Domain,,csharp
class_7210,OrderManagerClass_7210,Domain,,csharp
class_7211,OrderManagerClass_7211,Domain,,csharp
class_7212,OrderManagerClass_7212,Domain,,csharp
class_7213,OrderManagerClass_7213,Domain,,csharp
class_7214,OrderManagerClass_7214,Domain,,csharp
class_7215,OrderManagerClass_7215,Domain,,csharp
class_7216,OrderManagerClass_7216,Domain,,csharp
class_7217,OrderManagerClass_7217,Domain,,csharp
class_7218,OrderManagerClass_7218,Domain,,csharp
class_7219,OrderManagerClass_7219,Domain,,csharp
class_7220,OrderManagerClass_7220,Domain,,csharp
class_7221,OrderManagerClass_7221,Domain,,csharp
class_7222,OrderManagerClass_7222,Domain,,csharp
class_7223,OrderManagerClass_7223,Domain,,csharp
class_7224,OrderManagerClass_7224,Domain,,csharp
class_7225,OrderManagerClass_7225,Domain,,csharp
class_7226,OrderManagerClass_7226,Domain,,csharp
class_7227,OrderManagerClass_7227,Domain,,csharp
class_7228,OrderManagerClass_7228,Domain,,csharp
class_7229,OrderManagerClass_7229,Domain,,csharp
class_7230,OrderManagerClass_7230,Domain,,csharp
class_7231,OrderManagerClass_7231,Domain,,csharp
class_7232,OrderManagerClass_7232,Domain,,csharp
class_7233,OrderManagerClass_7233,Domain,,csharp
class_7234,OrderManagerClass_7234,Domain,,csharp
class_7235,OrderManagerClass_7235,Domain,,csharp
class_7236,OrderManagerClass_7236,Domain,,csharp
class_7237,OrderManagerClass_7237,Domain,,csharp
class_7238,OrderManagerClass_7238,Domain,,csharp
class_7239,OrderManagerClass_7239,Domain,,csharp
class_7240,OrderManagerClass_7240,Domain,,csharp
class_7241,OrderManagerClass_7241,Domain,,csharp
class_7242,OrderManagerClass_7242,Domain,,csharp
class_7243,OrderManagerClass_7243,Domain,,csharp
class_7244,OrderManagerClass_7244,Domain,,csharp
class_7245,OrderManagerClass_7245,Domain,,csharp
class_7246,OrderManagerClass_7246,Domain,,csharp
class_7247,OrderManagerClass_7247,Domain,,csharp
class_7248,OrderManagerClass_7248,Domain,,csharp
class_7249,OrderManagerClass_7249,Domain,,csharp
class_7250,OrderManagerClass_7250,Domain,,csharp
class_7251,OrderManagerClass_7251,Domain,,csharp
class_7252,OrderManagerClass_7252,Domain,,csharp
class_7253,OrderManagerClass_7253,Domain,,csharp
class_7254,OrderManagerClass_7254,Domain,,csharp
class_7255,OrderManagerClass_7255,Domain,,csharp
class_7256,OrderManagerClass_7256,Domain,,csharp
class_7257,OrderManagerClass_7257,Domain,,csharp
class_7258,OrderManagerClass_7258,Domain,,csharp
class_7259,OrderManagerClass_7259,Domain,,csharp
class_7260,OrderManagerClass_7260,Domain,,csharp
class_7261,OrderManagerClass_7261,Domain,,csharp
class_7262,OrderManagerClass_7262,Domain,,csharp
class_7263,OrderManagerClass_7263,Domain,,csharp
class_7264,OrderManagerClass_7264,Domain,,csharp
class_7265,OrderManagerClass_7265,Domain,,csharp
class_7266,OrderManagerClass_7266,Domain,,csharp
class_7267,OrderManagerClass_7267,Domain,,csharp
class_7268,OrderManagerClass_7268,Domain,,csharp
class_7269,OrderManagerClass_7269,Domain,,csharp
class_7270,OrderManagerClass_7270,Domain,,csharp
class_7271,OrderManagerClass_7271,Domain,,csharp
class_7272,OrderManagerClass_7272,Domain,,csharp
class_7273,OrderManagerClass_7273,Domain,,csharp
class_7274,OrderManagerClass_7274,Domain,,csharp
class_7275,OrderManagerClass_7275,Domain,,csharp
class_7276,OrderManagerClass_7276,Domain,,csharp
class_7277,OrderManagerClass_7277,Domain,,csharp
class_7278,OrderManagerClass_7278,Domain,,csharp
class_7279,OrderManagerClass_7279,Domain,,csharp
class_7280,OrderManagerClass_7280,Domain,,csharp
class_7281,OrderManagerClass_7281,Domain,,csharp
class_7282,OrderManagerClass_7282,Domain,,csharp
class_7283,OrderManagerClass_7283,Domain,,csharp
class_7284,OrderManagerClass_7284,Domain,,csharp
class_7285,OrderManagerClass_7285,Domain,,csharp
class_7286,OrderManagerClass_7286,Domain,,csharp
class_7287,OrderManagerClass_7287,Domain,,csharp
class_7288,OrderManagerClass_7288,Domain,,csharp
class_7289,OrderManagerClass_7289,Domain,,csharp
class_7290,OrderManagerClass_7290,Domain,,csharp
class_7291,OrderManagerClass_7291,Domain,,csharp
class_7292,OrderManagerClass_7292,Domain,,csharp
class_7293,OrderManagerClass_7293,Domain,,csharp
class_7294,OrderManagerClass_7294,Domain,,csharp
class_7295,OrderManagerClass_7295,Domain,,csharp
class_7296,OrderManagerClass_7296,Domain,,csharp
class_7297,OrderManagerClass_7297,Domain,,csharp
class_7298,OrderManagerClass_7298,Domain,,csharp
class_7299,OrderManagerClass_7299,Domain,,csharp
class_7300,OrderManagerClass_7300,Domain,,csharp
class_7301,OrderManagerClass_7301,Domain,,csharp
class_7302,OrderManagerClass_7302,Domain,,csharp
class_7303,OrderManagerClass_7303,Domain,,csharp
class_7304,OrderManagerClass_7304,Domain,,csharp
class_7305,OrderManagerClass_7305,Domain,,csharp
class_7306,OrderManagerClass_7306,Domain,,csharp
class_7307,OrderManagerClass_7307,Domain,,csharp
class_7308,OrderManagerClass_7308,Domain,,csharp
class_7309,OrderManagerClass_7309,Domain,,csharp
class_7310,OrderManagerClass_7310,Domain,,csharp
class_7311,OrderManagerClass_7311,Domain,,csharp
class_7312,OrderManagerClass_7312,Domain,,csharp
class_7313,OrderManagerClass_7313,Domain,,csharp
class_7314,OrderManagerClass_7314,Domain,,csharp
class_7315,OrderManagerClass_7315,Domain,,csharp
class_7316,OrderManagerClass_7316,Domain,,csharp
class_7317,OrderManagerClass_7317,Domain,,csharp
class_7318,OrderManagerClass_7318,Domain,,csharp
class_7319,OrderManagerClass_7319,Domain,,csharp
class_7320,OrderManagerClass_7320,Domain,,csharp
class_7321,OrderManagerClass_7321,Domain,,csharp
class_7322,OrderManagerClass_7322,Domain,,csharp
class_7323,OrderManagerClass_7323,Domain,,csharp
class_7324,OrderManagerClass_7324,Domain,,csharp
class_7325,OrderManagerClass_7325,Domain,,csharp
class_7326,OrderManagerClass_7326,Domain,,csharp
class_7327,OrderManagerClass_7327,Domain,,csharp
class_7328,OrderManagerClass_7328,Domain,,csharp
class_7329,OrderManagerClass_7329,Domain,,csharp
class_7330,OrderManagerClass_7330,Domain,,csharp
class_7331,OrderManagerClass_7331,Domain,,csharp
class_7332,OrderManagerClass_7332,Domain,,csharp
class_7333,OrderManagerClass_7333,Domain,,csharp
class_7334,OrderManagerClass_7334,Domain,,csharp
class_7335,OrderManagerClass_7335,Domain,,csharp
class_7336,OrderManagerClass_7336,Domain,,csharp
class_7337,OrderManagerClass_7337,Domain,,csharp
class_7338,OrderManagerClass_7338,Domain,,csharp
class_7339,OrderManagerClass_7339,Domain,,csharp
class_7340,OrderManagerClass_7340,Domain,,csharp
class_7341,OrderManagerClass_7341,Domain,,csharp
class_7342,OrderManagerClass_7342,Domain,,csharp
class_7343,OrderManagerClass_7343,Domain,,csharp
class_7344,OrderManagerClass_7344,Domain,,csharp
class_7345,OrderManagerClass_7345,Domain,,csharp
class_7346,OrderManagerClass_7346,Domain,,csharp
class_7347,OrderManagerClass_7347,Domain,,csharp
class_7348,OrderManagerClass_7348,Domain,,csharp
class_7349,OrderManagerClass_7349,Domain,,csharp
class_7350,OrderManagerClass_7350,Domain,,csharp
class_7351,OrderManagerClass_7351,Domain,,csharp
class_7352,OrderManagerClass_7352,Domain,,csharp
class_7353,OrderManagerClass_7353,Domain,,csharp
class_7354,OrderManagerClass_7354,Domain,,csharp
class_7355,OrderManagerClass_7355,Domain,,csharp
class_7356,OrderManagerClass_7356,Domain,,csharp
class_7357,OrderManagerClass_7357,Domain,,csharp
class_7358,OrderManagerClass_7358,Domain,,csharp
class_7359,OrderManagerClass_7359,Domain,,csharp
class_7360,OrderManagerClass_7360,Domain,,csharp
class_7361,OrderManagerClass_7361,Domain,,csharp
class_7362,OrderManagerClass_7362,Domain,,csharp
class_7363,OrderManagerClass_7363,Domain,,csharp
class_7364,OrderManagerClass_7364,Domain,,csharp
class_7365,OrderManagerClass_7365,Domain,,csharp
class_7366,OrderManagerClass_7366,Domain,,csharp
class_7367,OrderManagerClass_7367,Domain,,csharp
class_7368,OrderManagerClass_7368,Domain,,csharp
class_7369,OrderManagerClass_7369,Domain,,csharp
class_7370,OrderManagerClass_7370,Domain,,csharp
class_7371,OrderManagerClass_7371,Domain,,csharp
class_7372,OrderManagerClass_7372,Domain,,csharp
class_7373,OrderManagerClass_7373,Domain,,csharp
class_7374,OrderManagerClass_7374,Domain,,csharp
class_7375,OrderManagerClass_7375,Domain,,csharp
class_7376,OrderManagerClass_7376,Domain,,csharp
class_7377,OrderManagerClass_7377,Domain,,csharp
class_7378,OrderManagerClass_7378,Domain,,csharp
class_7379,OrderManagerClass_7379,Domain,,csharp
class_7380,OrderManagerClass_7380,Domain,,csharp
class_7381,OrderManagerClass_7381,Domain,,csharp
class_7382,OrderManagerClass_7382,Domain,,csharp
class_7383,OrderManagerClass_7383,Domain,,csharp
class_7384,OrderManagerClass_7384,Domain,,csharp
class_7385,OrderManagerClass_7385,Domain,,csharp
class_7386,OrderManagerClass_7386,Domain,,csharp
class_7387,OrderManagerClass_7387,Domain,,csharp
class_7388,OrderManagerClass_7388,Domain,,csharp
class_7389,OrderManagerClass_7389,Domain,,csharp
class_7390,OrderManagerClass_7390,Domain,,csharp
class_7391,OrderManagerClass_7391,Domain,,csharp
class_7392,OrderManagerClass_7392,Domain,,csharp
class_7393,OrderManagerClass_7393,Domain,,csharp
class_7394,OrderManagerClass_7394,Domain,,csharp
class_7395,OrderManagerClass_7395,Domain,,csharp
class_7396,OrderManagerClass_7396,Domain,,csharp
class_7397,OrderManagerClass_7397,Domain,,csharp
class_7398,OrderManagerClass_7398,Domain,,csharp
class_7399,OrderManagerClass_7399,Domain,,csharp
class_7400,OrderManagerClass_7400,Domain,,csharp
class_7401,OrderManagerClass_7401,Domain,,csharp
class_7402,OrderManagerClass_7402,Domain,,csharp
class_7403,OrderManagerClass_7403,Domain,,csharp
class_7404,OrderManagerClass_7404,Domain,,csharp
class_7405,OrderManagerClass_7405,Domain,,csharp
class_7406,OrderManagerClass_7406,Domain,,csharp
class_7407,OrderManagerClass_7407,Domain,,csharp
class_7408,OrderManagerClass_7408,Domain,,csharp
class_7409,OrderManagerClass_7409,Domain,,csharp
class_7410,OrderManagerClass_7410,Domain,,csharp
class_7411,OrderManagerClass_7411,Domain,,csharp
class_7412,OrderManagerClass_7412,Domain,,csharp
class_7413,OrderManagerClass_7413,Domain,,csharp
class_7414,OrderManagerClass_7414,Domain,,csharp
class_7415,OrderManagerClass_7415,Domain,,csharp
class_7416,OrderManagerClass_7416,Domain,,csharp
class_7417,OrderManagerClass_7417,Domain,,csharp
class_7418,OrderManagerClass_7418,Domain,,csharp
class_7419,OrderManagerClass_7419,Domain,,csharp
class_7420,OrderManagerClass_7420,Domain,,csharp
class_7421,OrderManagerClass_7421,Domain,,csharp
class_7422,OrderManagerClass_7422,Domain,,csharp
class_7423,OrderManagerClass_7423,Domain,,csharp
class_7424,OrderManagerClass_7424,Domain,,csharp
class_7425,OrderManagerClass_7425,Domain,,csharp
class_7426,OrderManagerClass_7426,Domain,,csharp
class_7427,OrderManagerClass_7427,Domain,,csharp
class_7428,OrderManagerClass_7428,Domain,,csharp
class_7429,OrderManagerClass_7429,Domain,,csharp
class_7430,OrderManagerClass_7430,Domain,,csharp
class_7431,OrderManagerClass_7431,Domain,,csharp
class_7432,OrderManagerClass_7432,Domain,,csharp
class_7433,OrderManagerClass_7433,Domain,,csharp
class_7434,OrderManagerClass_7434,Domain,,csharp
class_7435,OrderManagerClass_7435,Domain,,csharp
class_7436,OrderManagerClass_7436,Domain,,csharp
class_7437,OrderManagerClass_7437,Domain,,csharp
class_7438,OrderManagerClass_7438,Domain,,csharp
class_7439,OrderManagerClass_7439,Domain,,csharp
class_7440,OrderManagerClass_7440,Domain,,csharp
class_7441,OrderManagerClass_7441,Domain,,csharp
class_7442,OrderManagerClass_7442,Domain,,csharp
class_7443,OrderManagerClass_7443,Domain,,csharp
class_7444,OrderManagerClass_7444,Domain,,csharp
class_7445,OrderManagerClass_7445,Domain,,csharp
class_7446,OrderManagerClass_7446,Domain,,csharp
class_7447,OrderManagerClass_7447,Domain,,csharp
class_7448,OrderManagerClass_7448,Domain,,csharp
class_7449,OrderManagerClass_7449,Domain,,csharp
class_7450,OrderManagerClass_7450,Domain,,csharp
class_7451,OrderManagerClass_7451,Domain,,csharp
class_7452,OrderManagerClass_7452,Domain,,csharp
class_7453,OrderManagerClass_7453,Domain,,csharp
class_7454,OrderManagerClass_7454,Domain,,csharp
class_7455,OrderManagerClass_7455,Domain,,csharp
class_7456,OrderManagerClass_7456,Domain,,csharp
class_7457,OrderManagerClass_7457,Domain,,csharp
class_7458,OrderManagerClass_7458,Domain,,csharp
class_7459,OrderManagerClass_7459,Domain,,csharp
class_7460,OrderManagerClass_7460,Domain,,csharp
class_7461,OrderManagerClass_7461,Domain,,csharp
class_7462,OrderManagerClass_7462,Domain,,csharp
class_7463,OrderManagerClass_7463,Domain,,csharp
class_7464,OrderManagerClass_7464,Domain,,csharp
class_7465,OrderManagerClass_7465,Domain,,csharp
class_7466,OrderManagerClass_7466,Domain,,csharp
class_7467,OrderManagerClass_7467,Domain,,csharp
class_7468,OrderManagerClass_7468,Domain,,csharp
class_7469,OrderManagerClass_7469,Domain,,csharp
class_7470,OrderManagerClass_7470,Domain,,csharp
class_7471,OrderManagerClass_7471,Domain,,csharp
class_7472,OrderManagerClass_7472,Domain,,csharp
class_7473,OrderManagerClass_7473,Domain,,csharp
class_7474,OrderManagerClass_7474,Domain,,csharp
class_7475,OrderManagerClass_7475,Domain,,csharp
class_7476,OrderManagerClass_7476,Domain,,csharp
class_7477,OrderManagerClass_7477,Domain,,csharp
class_7478,OrderManagerClass_7478,Domain,,csharp
class_7479,OrderManagerClass_7479,Domain,,csharp
class_7480,OrderManagerClass_7480,Domain,,csharp
class_7481,OrderManagerClass_7481,Domain,,csharp
class_7482,OrderManagerClass_7482,Domain,,csharp
class_7483,OrderManagerClass_7483,Domain,,csharp
class_7484,OrderManagerClass_7484,Domain,,csharp
class_7485,OrderManagerClass_7485,Domain,,csharp
class_7486,OrderManagerClass_7486,Domain,,csharp
class_7487,OrderManagerClass_7487,Domain,,csharp
class_7488,OrderManagerClass_7488,Domain,,csharp
class_7489,OrderManagerClass_7489,Domain,,csharp
class_7490,OrderManagerClass_7490,Domain,,csharp
class_7491,OrderManagerClass_7491,Domain,,csharp
class_7492,OrderManagerClass_7492,Domain,,csharp
class_7493,OrderManagerClass_7493,Domain,,csharp
class_7494,OrderManagerClass_7494,Domain,,csharp
class_7495,OrderManagerClass_7495,Domain,,csharp
class_7496,OrderManagerClass_7496,Domain,,csharp
class_7497,OrderManagerClass_7497,Domain,,csharp
class_7498,OrderManagerClass_7498,Domain,,csharp
class_7499,OrderManagerClass_7499,Domain,,csharp
class_7500,OrderManagerClass_7500,Domain,,csharp
class_7501,OrderManagerClass_7501,Domain,,csharp
class_7502,OrderManagerClass_7502,Domain,,csharp
class_7503,OrderManagerClass_7503,Domain,,csharp
class_7504,OrderManagerClass_7504,Domain,,csharp
class_7505,OrderManagerClass_7505,Domain,,csharp
class_7506,OrderManagerClass_7506,Domain,,csharp
class_7507,OrderManagerClass_7507,Domain,,csharp
class_7508,OrderManagerClass_7508,Domain,,csharp
class_7509,OrderManagerClass_7509,Domain,,csharp
class_7510,OrderManagerClass_7510,Domain,,csharp
class_7511,OrderManagerClass_7511,Domain,,csharp
class_7512,OrderManagerClass_7512,Domain,,csharp
class_7513,OrderManagerClass_7513,Domain,,csharp
class_7514,OrderManagerClass_7514,Domain,,csharp
class_7515,OrderManagerClass_7515,Domain,,csharp
class_7516,OrderManagerClass_7516,Domain,,csharp
class_7517,OrderManagerClass_7517,Domain,,csharp
class_7518,OrderManagerClass_7518,Domain,,csharp
class_7519,OrderManagerClass_7519,Domain,,csharp
class_7520,OrderManagerClass_7520,Domain,,csharp
class_7521,OrderManagerClass_7521,Domain,,csharp
class_7522,OrderManagerClass_7522,Domain,,csharp
class_7523,OrderManagerClass_7523,Domain,,csharp
class_7524,OrderManagerClass_7524,Domain,,csharp
class_7525,OrderManagerClass_7525,Domain,,csharp
class_7526,OrderManagerClass_7526,Domain,,csharp
class_7527,OrderManagerClass_7527,Domain,,csharp
class_7528,OrderManagerClass_7528,Domain,,csharp
class_7529,OrderManagerClass_7529,Domain,,csharp
class_7530,OrderManagerClass_7530,Domain,,csharp
class_7531,OrderManagerClass_7531,Domain,,csharp
class_7532,OrderManagerClass_7532,Domain,,csharp
class_7533,OrderManagerClass_7533,Domain,,csharp
class_7534,OrderManagerClass_7534,Domain,,csharp
class_7535,OrderManagerClass_7535,Domain,,csharp
class_7536,OrderManagerClass_7536,Domain,,csharp
class_7537,OrderManagerClass_7537,Domain,,csharp
class_7538,OrderManagerClass_7538,Domain,,csharp
class_7539,OrderManagerClass_7539,Domain,,csharp
class_7540,OrderManagerClass_7540,Domain,,csharp
class_7541,OrderManagerClass_7541,Domain,,csharp
class_7542,OrderManagerClass_7542,Domain,,csharp
class_7543,OrderManagerClass_7543,Domain,,csharp
class_7544,OrderManagerClass_7544,Domain,,csharp
class_7545,OrderManagerClass_7545,Domain,,csharp
class_7546,OrderManagerClass_7546,Domain,,csharp
class_7547,OrderManagerClass_7547,Domain,,csharp
class_7548,OrderManagerClass_7548,Domain,,csharp
class_7549,OrderManagerClass_7549,Domain,,csharp
class_7550,OrderManagerClass_7550,Domain,,csharp
class_7551,OrderManagerClass_7551,Domain,,csharp
class_7552,OrderManagerClass_7552,Domain,,csharp
class_7553,OrderManagerClass_7553,Domain,,csharp
class_7554,OrderManagerClass_7554,Domain,,csharp
class_7555,OrderManagerClass_7555,Domain,,csharp
class_7556,OrderManagerClass_7556,Domain,,csharp
class_7557,OrderManagerClass_7557,Domain,,csharp
class_7558,OrderManagerClass_7558,Domain,,csharp
class_7559,OrderManagerClass_7559,Domain,,csharp
class_7560,OrderManagerClass_7560,Domain,,csharp
class_7561,OrderManagerClass_7561,Domain,,csharp
class_7562,OrderManagerClass_7562,Domain,,csharp
class_7563,OrderManagerClass_7563,Domain,,csharp
class_7564,OrderManagerClass_7564,Domain,,csharp
class_7565,OrderManagerClass_7565,Domain,,csharp
class_7566,OrderManagerClass_7566,Domain,,csharp
class_7567,OrderManagerClass_7567,Domain,,csharp
class_7568,OrderManagerClass_7568,Domain,,csharp
class_7569,OrderManagerClass_7569,Domain,,csharp
class_7570,OrderManagerClass_7570,Domain,,csharp
class_7571,OrderManagerClass_7571,Domain,,csharp
class_7572,OrderManagerClass_7572,Domain,,csharp
class_7573,OrderManagerClass_7573,Domain,,csharp
class_7574,OrderManagerClass_7574,Domain,,csharp
class_7575,OrderManagerClass_7575,Domain,,csharp
class_7576,OrderManagerClass_7576,Domain,,csharp
class_7577,OrderManagerClass_7577,Domain,,csharp
class_7578,OrderManagerClass_7578,Domain,,csharp
class_7579,OrderManagerClass_7579,Domain,,csharp
class_7580,OrderManagerClass_7580,Domain,,csharp
class_7581,OrderManagerClass_7581,Domain,,csharp
class_7582,OrderManagerClass_7582,Domain,,csharp
class_7583,OrderManagerClass_7583,Domain,,csharp
class_7584,OrderManagerClass_7584,Domain,,csharp
class_7585,OrderManagerClass_7585,Domain,,csharp
class_7586,OrderManagerClass_7586,Domain,,csharp
class_7587,OrderManagerClass_7587,Domain,,csharp
class_7588,OrderManagerClass_7588,Domain,,csharp
class_7589,OrderManagerClass_7589,Domain,,csharp
class_7590,OrderManagerClass_7590,Domain,,csharp
class_7591,OrderManagerClass_7591,Domain,,csharp
class_7592,OrderManagerClass_7592,Domain,,csharp
class_7593,OrderManagerClass_7593,Domain,,csharp
class_7594,OrderManagerClass_7594,Domain,,csharp
class_7595,OrderManagerClass_7595,Domain,,csharp
class_7596,OrderManagerClass_7596,Domain,,csharp
class_7597,OrderManagerClass_7597,Domain,,csharp
class_7598,OrderManagerClass_7598,Domain,,csharp
class_7599,OrderManagerClass_7599,Domain,,csharp
class_7600,OrderManagerClass_7600,Domain,,csharp
class_7601,OrderManagerClass_7601,Domain,,csharp
class_7602,OrderManagerClass_7602,Domain,,csharp
class_7603,OrderManagerClass_7603,Domain,,csharp
class_7604,OrderManagerClass_7604,Domain,,csharp
class_7605,OrderManagerClass_7605,Domain,,csharp
class_7606,OrderManagerClass_7606,Domain,,csharp
class_7607,OrderManagerClass_7607,Domain,,csharp
class_7608,OrderManagerClass_7608,Domain,,csharp
class_7609,OrderManagerClass_7609,Domain,,csharp
class_7610,OrderManagerClass_7610,Domain,,csharp
class_7611,OrderManagerClass_7611,Domain,,csharp
class_7612,OrderManagerClass_7612,Domain,,csharp
class_7613,OrderManagerClass_7613,Domain,,csharp
class_7614,OrderManagerClass_7614,Domain,,csharp
class_7615,OrderManagerClass_7615,Domain,,csharp
class_7616,OrderManagerClass_7616,Domain,,csharp
class_7617,OrderManagerClass_7617,Domain,,csharp
class_7618,OrderManagerClass_7618,Domain,,csharp
class_7619,OrderManagerClass_7619,Domain,,csharp
class_7620,OrderManagerClass_7620,Domain,,csharp
class_7621,OrderManagerClass_7621,Domain,,csharp
class_7622,OrderManagerClass_7622,Domain,,csharp
class_7623,OrderManagerClass_7623,Domain,,csharp
class_7624,OrderManagerClass_7624,Domain,,csharp
class_7625,OrderManagerClass_7625,Domain,,csharp
class_7626,OrderManagerClass_7626,Domain,,csharp
class_7627,OrderManagerClass_7627,Domain,,csharp
class_7628,OrderManagerClass_7628,Domain,,csharp
class_7629,OrderManagerClass_7629,Domain,,csharp
class_7630,OrderManagerClass_7630,Domain,,csharp
class_7631,OrderManagerClass_7631,Domain,,csharp
class_7632,OrderManagerClass_7632,Domain,,csharp
class_7633,OrderManagerClass_7633,Domain,,csharp
class_7634,OrderManagerClass_7634,Domain,,csharp
class_7635,OrderManagerClass_7635,Domain,,csharp
class_7636,OrderManagerClass_7636,Domain,,csharp
class_7637,OrderManagerClass_7637,Domain,,csharp
class_7638,OrderManagerClass_7638,Domain,,csharp
class_7639,OrderManagerClass_7639,Domain,,csharp
class_7640,OrderManagerClass_7640,Domain,,csharp
class_7641,OrderManagerClass_7641,Domain,,csharp
class_7642,OrderManagerClass_7642,Domain,,csharp
class_7643,OrderManagerClass_7643,Domain,,csharp
class_7644,OrderManagerClass_7644,Domain,,csharp
class_7645,OrderManagerClass_7645,Domain,,csharp
class_7646,OrderManagerClass_7646,Domain,,csharp
class_7647,OrderManagerClass_7647,Domain,,csharp
class_7648,OrderManagerClass_7648,Domain,,csharp
class_7649,OrderManagerClass_7649,Domain,,csharp
class_7650,OrderManagerClass_7650,Domain,,csharp
class_7651,OrderManagerClass_7651,Domain,,csharp
class_7652,OrderManagerClass_7652,Domain,,csharp
class_7653,OrderManagerClass_7653,Domain,,csharp
class_7654,OrderManagerClass_7654,Domain,,csharp
class_7655,OrderManagerClass_7655,Domain,,csharp
class_7656,OrderManagerClass_7656,Domain,,csharp
class_7657,OrderManagerClass_7657,Domain,,csharp
class_7658,OrderManagerClass_7658,Domain,,csharp
class_7659,OrderManagerClass_7659,Domain,,csharp
class_7660,OrderManagerClass_7660,Domain,,csharp
class_7661,OrderManagerClass_7661,Domain,,csharp
class_7662,OrderManagerClass_7662,Domain,,csharp
class_7663,OrderManagerClass_7663,Domain,,csharp
class_7664,OrderManagerClass_7664,Domain,,csharp
class_7665,OrderManagerClass_7665,Domain,,csharp
class_7666,OrderManagerClass_7666,Domain,,csharp
class_7667,OrderManagerClass_7667,Domain,,csharp
class_7668,OrderManagerClass_7668,Domain,,csharp
class_7669,OrderManagerClass_7669,Domain,,csharp
class_7670,OrderManagerClass_7670,Domain,,csharp
class_7671,OrderManagerClass_7671,Domain,,csharp
class_7672,OrderManagerClass_7672,Domain,,csharp
class_7673,OrderManagerClass_7673,Domain,,csharp
class_7674,OrderManagerClass_7674,Domain,,csharp
class_7675,OrderManagerClass_7675,Domain,,csharp
class_7676,OrderManagerClass_7676,Domain,,csharp
class_7677,OrderManagerClass_7677,Domain,,csharp
class_7678,OrderManagerClass_7678,Domain,,csharp
class_7679,OrderManagerClass_7679,Domain,,csharp
class_7680,OrderManagerClass_7680,Domain,,csharp
class_7681,OrderManagerClass_7681,Domain,,csharp
class_7682,OrderManagerClass_7682,Domain,,csharp
class_7683,OrderManagerClass_7683,Domain,,csharp
class_7684,OrderManagerClass_7684,Domain,,csharp
class_7685,OrderManagerClass_7685,Domain,,csharp
class_7686,OrderManagerClass_7686,Domain,,csharp
class_7687,OrderManagerClass_7687,Domain,,csharp
class_7688,OrderManagerClass_7688,Domain,,csharp
class_7689,OrderManagerClass_7689,Domain,,csharp
class_7690,OrderManagerClass_7690,Domain,,csharp
class_7691,OrderManagerClass_7691,Domain,,csharp
class_7692,OrderManagerClass_7692,Domain,,csharp
class_7693,OrderManagerClass_7693,Domain,,csharp
class_7694,OrderManagerClass_7694,Domain,,csharp
class_7695,OrderManagerClass_7695,Domain,,csharp
class_7696,OrderManagerClass_7696,Domain,,csharp
class_7697,OrderManagerClass_7697,Domain,,csharp
class_7698,OrderManagerClass_7698,Domain,,csharp
class_7699,OrderManagerClass_7699,Domain,,csharp
class_7700,OrderManagerClass_7700,Domain,,csharp
class_7701,OrderManagerClass_7701,Domain,,csharp
class_7702,OrderManagerClass_7702,Domain,,csharp
class_7703,OrderManagerClass_7703,Domain,,csharp
class_7704,OrderManagerClass_7704,Domain,,csharp
class_7705,OrderManagerClass_7705,Domain,,csharp
class_7706,OrderManagerClass_7706,Domain,,csharp
class_7707,OrderManagerClass_7707,Domain,,csharp
class_7708,OrderManagerClass_7708,Domain,,csharp
class_7709,OrderManagerClass_7709,Domain,,csharp
class_7710,OrderManagerClass_7710,Domain,,csharp
class_7711,OrderManagerClass_7711,Domain,,csharp
class_7712,OrderManagerClass_7712,Domain,,csharp
class_7713,OrderManagerClass_7713,Domain,,csharp
class_7714,OrderManagerClass_7714,Domain,,csharp
class_7715,OrderManagerClass_7715,Domain,,csharp
class_7716,OrderManagerClass_7716,Domain,,csharp
class_7717,OrderManagerClass_7717,Domain,,csharp
class_7718,OrderManagerClass_7718,Domain,,csharp
class_7719,OrderManagerClass_7719,Domain,,csharp
class_7720,OrderManagerClass_7720,Domain,,csharp
class_7721,OrderManagerClass_7721,Domain,,csharp
class_7722,OrderManagerClass_7722,Domain,,csharp
class_7723,OrderManagerClass_7723,Domain,,csharp
class_7724,OrderManagerClass_7724,Domain,,csharp
class_7725,OrderManagerClass_7725,Domain,,csharp
class_7726,OrderManagerClass_7726,Domain,,csharp
class_7727,OrderManagerClass_7727,Domain,,csharp
class_7728,OrderManagerClass_7728,Domain,,csharp
class_7729,OrderManagerClass_7729,Domain,,csharp
class_7730,OrderManagerClass_7730,Domain,,csharp
class_7731,OrderManagerClass_7731,Domain,,csharp
class_7732,OrderManagerClass_7732,Domain,,csharp
class_7733,OrderManagerClass_7733,Domain,,csharp
class_7734,OrderManagerClass_7734,Domain,,csharp
class_7735,OrderManagerClass_7735,Domain,,csharp
class_7736,OrderManagerClass_7736,Domain,,csharp
class_7737,OrderManagerClass_7737,Domain,,csharp
class_7738,OrderManagerClass_7738,Domain,,csharp
class_7739,OrderManagerClass_7739,Domain,,csharp
class_7740,OrderManagerClass_7740,Domain,,csharp
class_7741,OrderManagerClass_7741,Domain,,csharp
class_7742,OrderManagerClass_7742,Domain,,csharp
class_7743,OrderManagerClass_7743,Domain,,csharp
class_7744,OrderManagerClass_7744,Domain,,csharp
class_7745,OrderManagerClass_7745,Domain,,csharp
class_7746,OrderManagerClass_7746,Domain,,csharp
class_7747,OrderManagerClass_7747,Domain,,csharp
class_7748,OrderManagerClass_7748,Domain,,csharp
class_7749,OrderManagerClass_7749,Domain,,csharp
class_7750,OrderManagerClass_7750,Domain,,csharp
class_7751,OrderManagerClass_7751,Domain,,csharp
class_7752,OrderManagerClass_7752,Domain,,csharp
class_7753,OrderManagerClass_7753,Domain,,csharp
class_7754,OrderManagerClass_7754,Domain,,csharp
class_7755,OrderManagerClass_7755,Domain,,csharp
class_7756,OrderManagerClass_7756,Domain,,csharp
class_7757,OrderManagerClass_7757,Domain,,csharp
class_7758,OrderManagerClass_7758,Domain,,csharp
class_7759,OrderManagerClass_7759,Domain,,csharp
class_7760,OrderManagerClass_7760,Domain,,csharp
class_7761,OrderManagerClass_7761,Domain,,csharp
class_7762,OrderManagerClass_7762,Domain,,csharp
class_7763,OrderManagerClass_7763,Domain,,csharp
class_7764,OrderManagerClass_7764,Domain,,csharp
class_7765,OrderManagerClass_7765,Domain,,csharp
class_7766,OrderManagerClass_7766,Domain,,csharp
class_7767,OrderManagerClass_7767,Domain,,csharp
class_7768,OrderManagerClass_7768,Domain,,csharp
class_7769,OrderManagerClass_7769,Domain,,csharp
class_7770,OrderManagerClass_7770,Domain,,csharp
class_7771,OrderManagerClass_7771,Domain,,csharp
class_7772,OrderManagerClass_7772,Domain,,csharp
class_7773,OrderManagerClass_7773,Domain,,csharp
class_7774,OrderManagerClass_7774,Domain,,csharp
class_7775,OrderManagerClass_7775,Domain,,csharp
class_7776,OrderManagerClass_7776,Domain,,csharp
class_7777,OrderManagerClass_7777,Domain,,csharp
class_7778,OrderManagerClass_7778,Domain,,csharp
class_7779,OrderManagerClass_7779,Domain,,csharp
class_7780,OrderManagerClass_7780,Domain,,csharp
class_7781,OrderManagerClass_7781,Domain,,csharp
class_7782,OrderManagerClass_7782,Domain,,csharp
class_7783,OrderManagerClass_7783,Domain,,csharp
class_7784,OrderManagerClass_7784,Domain,,csharp
class_7785,OrderManagerClass_7785,Domain,,csharp
class_7786,OrderManagerClass_7786,Domain,,csharp
class_7787,OrderManagerClass_7787,Domain,,csharp
class_7788,OrderManagerClass_7788,Domain,,csharp
class_7789,OrderManagerClass_7789,Domain,,csharp
class_7790,OrderManagerClass_7790,Domain,,csharp
class_7791,OrderManagerClass_7791,Domain,,csharp
class_7792,OrderManagerClass_7792,Domain,,csharp
class_7793,OrderManagerClass_7793,Domain,,csharp
class_7794,OrderManagerClass_7794,Domain,,csharp
class_7795,OrderManagerClass_7795,Domain,,csharp
class_7796,OrderManagerClass_7796,Domain,,csharp
class_7797,OrderManagerClass_7797,Domain,,csharp
class_7798,OrderManagerClass_7798,Domain,,csharp
class_7799,OrderManagerClass_7799,Domain,,csharp
class_7800,OrderManagerClass_7800,Domain,,csharp
class_7801,OrderManagerClass_7801,Domain,,csharp
class_7802,OrderManagerClass_7802,Domain,,csharp
class_7803,OrderManagerClass_7803,Domain,,csharp
class_7804,OrderManagerClass_7804,Domain,,csharp
class_7805,OrderManagerClass_7805,Domain,,csharp
class_7806,OrderManagerClass_7806,Domain,,csharp
class_7807,OrderManagerClass_7807,Domain,,csharp
class_7808,OrderManagerClass_7808,Domain,,csharp
class_7809,OrderManagerClass_7809,Domain,,csharp
class_7810,OrderManagerClass_7810,Domain,,csharp
class_7811,OrderManagerClass_7811,Domain,,csharp
class_7812,OrderManagerClass_7812,Domain,,csharp
class_7813,OrderManagerClass_7813,Domain,,csharp
class_7814,OrderManagerClass_7814,Domain,,csharp
class_7815,OrderManagerClass_7815,Domain,,csharp
class_7816,OrderManagerClass_7816,Domain,,csharp
class_7817,OrderManagerClass_7817,Domain,,csharp
class_7818,OrderManagerClass_7818,Domain,,csharp
class_7819,OrderManagerClass_7819,Domain,,csharp
class_7820,OrderManagerClass_7820,Domain,,csharp
class_7821,OrderManagerClass_7821,Domain,,csharp
class_7822,OrderManagerClass_7822,Domain,,csharp
class_7823,OrderManagerClass_7823,Domain,,csharp
class_7824,OrderManagerClass_7824,Domain,,csharp
class_7825,OrderManagerClass_7825,Domain,,csharp
class_7826,OrderManagerClass_7826,Domain,,csharp
class_7827,OrderManagerClass_7827,Domain,,csharp
class_7828,OrderManagerClass_7828,Domain,,csharp
class_7829,OrderManagerClass_7829,Domain,,csharp
class_7830,OrderManagerClass_7830,Domain,,csharp
class_7831,OrderManagerClass_7831,Domain,,csharp
class_7832,OrderManagerClass_7832,Domain,,csharp
class_7833,OrderManagerClass_7833,Domain,,csharp
class_7834,OrderManagerClass_7834,Domain,,csharp
class_7835,OrderManagerClass_7835,Domain,,csharp
class_7836,OrderManagerClass_7836,Domain,,csharp
class_7837,OrderManagerClass_7837,Domain,,csharp
class_7838,OrderManagerClass_7838,Domain,,csharp
class_7839,OrderManagerClass_7839,Domain,,csharp
class_7840,OrderManagerClass_7840,Domain,,csharp
class_7841,OrderManagerClass_7841,Domain,,csharp
class_7842,OrderManagerClass_7842,Domain,,csharp
class_7843,OrderManagerClass_7843,Domain,,csharp
class_7844,OrderManagerClass_7844,Domain,,csharp
class_7845,OrderManagerClass_7845,Domain,,csharp
class_7846,OrderManagerClass_7846,Domain,,csharp
class_7847,OrderManagerClass_7847,Domain,,csharp
class_7848,OrderManagerClass_7848,Domain,,csharp
class_7849,OrderManagerClass_7849,Domain,,csharp
class_7850,OrderManagerClass_7850,Domain,,csharp
class_7851,OrderManagerClass_7851,Domain,,csharp
class_7852,OrderManagerClass_7852,Domain,,csharp
class_7853,OrderManagerClass_7853,Domain,,csharp
class_7854,OrderManagerClass_7854,Domain,,csharp
class_7855,OrderManagerClass_7855,Domain,,csharp
class_7856,OrderManagerClass_7856,Domain,,csharp
class_7857,OrderManagerClass_7857,Domain,,csharp
class_7858,OrderManagerClass_7858,Domain,,csharp
class_7859,OrderManagerClass_7859,Domain,,csharp
class_7860,OrderManagerClass_7860,Domain,,csharp
class_7861,OrderManagerClass_7861,Domain,,csharp
class_7862,OrderManagerClass_7862,Domain,,csharp
class_7863,OrderManagerClass_7863,Domain,,csharp
class_7864,OrderManagerClass_7864,Domain,,csharp
class_7865,OrderManagerClass_7865,Domain,,csharp
class_7866,OrderManagerClass_7866,Domain,,csharp
class_7867,OrderManagerClass_7867,Domain,,csharp
class_7868,OrderManagerClass_7868,Domain,,csharp
class_7869,OrderManagerClass_7869,Domain,,csharp
class_7870,OrderManagerClass_7870,Domain,,csharp
class_7871,OrderManagerClass_7871,Domain,,csharp
class_7872,OrderManagerClass_7872,Domain,,csharp
class_7873,OrderManagerClass_7873,Domain,,csharp
class_7874,OrderManagerClass_7874,Domain,,csharp
class_7875,OrderManagerClass_7875,Domain,,csharp
class_7876,OrderManagerClass_7876,Domain,,csharp
class_7877,OrderManagerClass_7877,Domain,,csharp
class_7878,OrderManagerClass_7878,Domain,,csharp
class_7879,OrderManagerClass_7879,Domain,,csharp
class_7880,OrderManagerClass_7880,Domain,,csharp
class_7881,OrderManagerClass_7881,Domain,,csharp
class_7882,OrderManagerClass_7882,Domain,,csharp
class_7883,OrderManagerClass_7883,Domain,,csharp
class_7884,OrderManagerClass_7884,Domain,,csharp
class_7885,OrderManagerClass_7885,Domain,,csharp
class_7886,OrderManagerClass_7886,Domain,,csharp
class_7887,OrderManagerClass_7887,Domain,,csharp
class_7888,OrderManagerClass_7888,Domain,,csharp
class_7889,OrderManagerClass_7889,Domain,,csharp
class_7890,OrderManagerClass_7890,Domain,,csharp
class_7891,OrderManagerClass_7891,Domain,,csharp
class_7892,OrderManagerClass_7892,Domain,,csharp
class_7893,OrderManagerClass_7893,Domain,,csharp
class_7894,OrderManagerClass_7894,Domain,,csharp
class_7895,OrderManagerClass_7895,Domain,,csharp
class_7896,OrderManagerClass_7896,Domain,,csharp
class_7897,OrderManagerClass_7897,Domain,,csharp
class_7898,OrderManagerClass_7898,Domain,,csharp
class_7899,OrderManagerClass_7899,Domain,,csharp
class_7900,OrderManagerClass_7900,Domain,,csharp
class_7901,OrderManagerClass_7901,Domain,,csharp
class_7902,OrderManagerClass_7902,Domain,,csharp
class_7903,OrderManagerClass_7903,Domain,,csharp
class_7904,OrderManagerClass_7904,Domain,,csharp
class_7905,OrderManagerClass_7905,Domain,,csharp
class_7906,OrderManagerClass_7906,Domain,,csharp
class_7907,OrderManagerClass_7907,Domain,,csharp
class_7908,OrderManagerClass_7908,Domain,,csharp
class_7909,OrderManagerClass_7909,Domain,,csharp
class_7910,OrderManagerClass_7910,Domain,,csharp
class_7911,OrderManagerClass_7911,Domain,,csharp
class_7912,OrderManagerClass_7912,Domain,,csharp
class_7913,OrderManagerClass_7913,Domain,,csharp
class_7914,OrderManagerClass_7914,Domain,,csharp
class_7915,OrderManagerClass_7915,Domain,,csharp
class_7916,OrderManagerClass_7916,Domain,,csharp
class_7917,OrderManagerClass_7917,Domain,,csharp
class_7918,OrderManagerClass_7918,Domain,,csharp
class_7919,OrderManagerClass_7919,Domain,,csharp
class_7920,OrderManagerClass_7920,Domain,,csharp
class_7921,OrderManagerClass_7921,Domain,,csharp
class_7922,OrderManagerClass_7922,Domain,,csharp
class_7923,OrderManagerClass_7923,Domain,,csharp
class_7924,OrderManagerClass_7924,Domain,,csharp
class_7925,OrderManagerClass_7925,Domain,,csharp
class_7926,OrderManagerClass_7926,Domain,,csharp
class_7927,OrderManagerClass_7927,Domain,,csharp
class_7928,OrderManagerClass_7928,Domain,,csharp
class_7929,OrderManagerClass_7929,Domain,,csharp
class_7930,OrderManagerClass_7930,Domain,,csharp
class_7931,OrderManagerClass_7931,Domain,,csharp
class_7932,OrderManagerClass_7932,Domain,,csharp
class_7933,OrderManagerClass_7933,Domain,,csharp
class_7934,OrderManagerClass_7934,Domain,,csharp
class_7935,OrderManagerClass_7935,Domain,,csharp
class_7936,OrderManagerClass_7936,Domain,,csharp
class_7937,OrderManagerClass_7937,Domain,,csharp
class_7938,OrderManagerClass_7938,Domain,,csharp
class_7939,OrderManagerClass_7939,Domain,,csharp
class_7940,OrderManagerClass_7940,Domain,,csharp
class_7941,OrderManagerClass_7941,Domain,,csharp
class_7942,OrderManagerClass_7942,Domain,,csharp
class_7943,OrderManagerClass_7943,Domain,,csharp
class_7944,OrderManagerClass_7944,Domain,,csharp
class_7945,OrderManagerClass_7945,Domain,,csharp
class_7946,OrderManagerClass_7946,Domain,,csharp
class_7947,OrderManagerClass_7947,Domain,,csharp
class_7948,OrderManagerClass_7948,Domain,,csharp
class_7949,OrderManagerClass_7949,Domain,,csharp
class_7950,OrderManagerClass_7950,Domain,,csharp
class_7951,OrderManagerClass_7951,Domain,,csharp
class_7952,OrderManagerClass_7952,Domain,,csharp
class_7953,OrderManagerClass_7953,Domain,,csharp
class_7954,OrderManagerClass_7954,Domain,,csharp
class_7955,OrderManagerClass_7955,Domain,,csharp
class_7956,OrderManagerClass_7956,Domain,,csharp
class_7957,OrderManagerClass_7957,Domain,,csharp
class_7958,OrderManagerClass_7958,Domain,,csharp
class_7959,OrderManagerClass_7959,Domain,,csharp
class_7960,OrderManagerClass_7960,Domain,,csharp
class_7961,OrderManagerClass_7961,Domain,,csharp
class_7962,OrderManagerClass_7962,Domain,,csharp
class_7963,OrderManagerClass_7963,Domain,,csharp
class_7964,OrderManagerClass_7964,Domain,,csharp
class_7965,OrderManagerClass_7965,Domain,,csharp
class_7966,OrderManagerClass_7966,Domain,,csharp
class_7967,OrderManagerClass_7967,Domain,,csharp
class_7968,OrderManagerClass_7968,Domain,,csharp
class_7969,OrderManagerClass_7969,Domain,,csharp
class_7970,OrderManagerClass_7970,Domain,,csharp
class_7971,OrderManagerClass_7971,Domain,,csharp
class_7972,OrderManagerClass_7972,Domain,,csharp
class_7973,OrderManagerClass_7973,Domain,,csharp
class_7974,OrderManagerClass_7974,Domain,,csharp
class_7975,OrderManagerClass_7975,Domain,,csharp
class_7976,OrderManagerClass_7976,Domain,,csharp
class_7977,OrderManagerClass_7977,Domain,,csharp
class_7978,OrderManagerClass_7978,Domain,,csharp
class_7979,OrderManagerClass_7979,Domain,,csharp
class_7980,OrderManagerClass_7980,Domain,,csharp
class_7981,OrderManagerClass_7981,Domain,,csharp
class_7982,OrderManagerClass_7982,Domain,,csharp
class_7983,OrderManagerClass_7983,Domain,,csharp
class_7984,OrderManagerClass_7984,Domain,,csharp
class_7985,OrderManagerClass_7985,Domain,,csharp
class_7986,OrderManagerClass_7986,Domain,,csharp
class_7987,OrderManagerClass_7987,Domain,,csharp
class_7988,OrderManagerClass_7988,Domain,,csharp
class_7989,OrderManagerClass_7989,Domain,,csharp
class_7990,OrderManagerClass_7990,Domain,,csharp
class_7991,OrderManagerClass_7991,Domain,,csharp
class_7992,OrderManagerClass_7992,Domain,,csharp
class_7993,OrderManagerClass_7993,Domain,,csharp
class_7994,OrderManagerClass_7994,Domain,,csharp
class_7995,OrderManagerClass_7995,Domain,,csharp
class_7996,OrderManagerClass_7996,Domain,,csharp
class_7997,OrderManagerClass_7997,Domain,,csharp
class_7998,OrderManagerClass_7998,Domain,,csharp
class_7999,OrderManagerClass_7999,Domain,,csharp
class_8000,OrderManagerClass_8000,Domain,,csharp
class_8001,OrderManagerClass_8001,Domain,,csharp
class_8002,OrderManagerClass_8002,Domain,,csharp
class_8003,OrderManagerClass_8003,Domain,,csharp
class_8004,OrderManagerClass_8004,Domain,,csharp
class_8005,OrderManagerClass_8005,Domain,,csharp
class_8006,OrderManagerClass_8006,Domain,,csharp
class_8007,OrderManagerClass_8007,Domain,,csharp
class_8008,OrderManagerClass_8008,Domain,,csharp
class_8009,OrderManagerClass_8009,Domain,,csharp
class_8010,OrderManagerClass_8010,Domain,,csharp
class_8011,OrderManagerClass_8011,Domain,,csharp
class_8012,OrderManagerClass_8012,Domain,,csharp
class_8013,OrderManagerClass_8013,Domain,,csharp
class_8014,OrderManagerClass_8014,Domain,,csharp
class_8015,OrderManagerClass_8015,Domain,,csharp
class_8016,OrderManagerClass_8016,Domain,,csharp
class_8017,OrderManagerClass_8017,Domain,,csharp
class_8018,OrderManagerClass_8018,Domain,,csharp
class_8019,OrderManagerClass_8019,Domain,,csharp
class_8020,OrderManagerClass_8020,Domain,,csharp
class_8021,OrderManagerClass_8021,Domain,,csharp
class_8022,OrderManagerClass_8022,Domain,,csharp
class_8023,OrderManagerClass_8023,Domain,,csharp
class_8024,OrderManagerClass_8024,Domain,,csharp
class_8025,OrderManagerClass_8025,Domain,,csharp
class_8026,OrderManagerClass_8026,Domain,,csharp
class_8027,OrderManagerClass_8027,Domain,,csharp
class_8028,OrderManagerClass_8028,Domain,,csharp
class_8029,OrderManagerClass_8029,Domain,,csharp
class_8030,OrderManagerClass_8030,Domain,,csharp
class_8031,OrderManagerClass_8031,Domain,,csharp
class_8032,OrderManagerClass_8032,Domain,,csharp
class_8033,OrderManagerClass_8033,Domain,,csharp
class_8034,OrderManagerClass_8034,Domain,,csharp
class_8035,OrderManagerClass_8035,Domain,,csharp
class_8036,OrderManagerClass_8036,Domain,,csharp
class_8037,OrderManagerClass_8037,Domain,,csharp
class_8038,OrderManagerClass_8038,Domain,,csharp
class_8039,OrderManagerClass_8039,Domain,,csharp
class_8040,OrderManagerClass_8040,Domain,,csharp
class_8041,OrderManagerClass_8041,Domain,,csharp
class_8042,OrderManagerClass_8042,Domain,,csharp
class_8043,OrderManagerClass_8043,Domain,,csharp
class_8044,OrderManagerClass_8044,Domain,,csharp
class_8045,OrderManagerClass_8045,Domain,,csharp
class_8046,OrderManagerClass_8046,Domain,,csharp
class_8047,OrderManagerClass_8047,Domain,,csharp
class_8048,OrderManagerClass_8048,Domain,,csharp
class_8049,OrderManagerClass_8049,Domain,,csharp
class_8050,OrderManagerClass_8050,Domain,,csharp
class_8051,OrderManagerClass_8051,Domain,,csharp
class_8052,OrderManagerClass_8052,Domain,,csharp
class_8053,OrderManagerClass_8053,Domain,,csharp
class_8054,OrderManagerClass_8054,Domain,,csharp
class_8055,OrderManagerClass_8055,Domain,,csharp
class_8056,OrderManagerClass_8056,Domain,,csharp
class_8057,OrderManagerClass_8057,Domain,,csharp
class_8058,OrderManagerClass_8058,Domain,,csharp
class_8059,OrderManagerClass_8059,Domain,,csharp
class_8060,OrderManagerClass_8060,Domain,,csharp
class_8061,OrderManagerClass_8061,Domain,,csharp
class_8062,OrderManagerClass_8062,Domain,,csharp
class_8063,OrderManagerClass_8063,Domain,,csharp
class_8064,OrderManagerClass_8064,Domain,,csharp
class_8065,OrderManagerClass_8065,Domain,,csharp
class_8066,OrderManagerClass_8066,Domain,,csharp
class_8067,OrderManagerClass_8067,Domain,,csharp
class_8068,OrderManagerClass_8068,Domain,,csharp
class_8069,OrderManagerClass_8069,Domain,,csharp
class_8070,OrderManagerClass_8070,Domain,,csharp
class_8071,OrderManagerClass_8071,Domain,,csharp
class_8072,OrderManagerClass_8072,Domain,,csharp
class_8073,OrderManagerClass_8073,Domain,,csharp
class_8074,OrderManagerClass_8074,Domain,,csharp
class_8075,OrderManagerClass_8075,Domain,,csharp
class_8076,OrderManagerClass_8076,Domain,,csharp
class_8077,OrderManagerClass_8077,Domain,,csharp
class_8078,OrderManagerClass_8078,Domain,,csharp
class_8079,OrderManagerClass_8079,Domain,,csharp
class_8080,OrderManagerClass_8080,Domain,,csharp
class_8081,OrderManagerClass_8081,Domain,,csharp
class_8082,OrderManagerClass_8082,Domain,,csharp
class_8083,OrderManagerClass_8083,Domain,,csharp
class_8084,OrderManagerClass_8084,Domain,,csharp
class_8085,OrderManagerClass_8085,Domain,,csharp
class_8086,OrderManagerClass_8086,Domain,,csharp
class_8087,OrderManagerClass_8087,Domain,,csharp
class_8088,OrderManagerClass_8088,Domain,,csharp
class_8089,OrderManagerClass_8089,Domain,,csharp
class_8090,OrderManagerClass_8090,Domain,,csharp
class_8091,OrderManagerClass_8091,Domain,,csharp
class_8092,OrderManagerClass_8092,Domain,,csharp
class_8093,OrderManagerClass_8093,Domain,,csharp
class_8094,OrderManagerClass_8094,Domain,,csharp
class_8095,OrderManagerClass_8095,Domain,,csharp
class_8096,OrderManagerClass_8096,Domain,,csharp
class_8097,OrderManagerClass_8097,Domain,,csharp
class_8098,OrderManagerClass_8098,Domain,,csharp
class_8099,OrderManagerClass_8099,Domain,,csharp
class_8100,OrderManagerClass_8100,Domain,,csharp
class_8101,OrderManagerClass_8101,Domain,,csharp
class_8102,OrderManagerClass_8102,Domain,,csharp
class_8103,OrderManagerClass_8103,Domain,,csharp
class_8104,OrderManagerClass_8104,Domain,,csharp
class_8105,OrderManagerClass_8105,Domain,,csharp
class_8106,OrderManagerClass_8106,Domain,,csharp
class_8107,OrderManagerClass_8107,Domain,,csharp
class_8108,OrderManagerClass_8108,Domain,,csharp
class_8109,OrderManagerClass_8109,Domain,,csharp
class_8110,OrderManagerClass_8110,Domain,,csharp
class_8111,OrderManagerClass_8111,Domain,,csharp
class_8112,OrderManagerClass_8112,Domain,,csharp
class_8113,OrderManagerClass_8113,Domain,,csharp
class_8114,OrderManagerClass_8114,Domain,,csharp
class_8115,OrderManagerClass_8115,Domain,,csharp
class_8116,OrderManagerClass_8116,Domain,,csharp
class_8117,OrderManagerClass_8117,Domain,,csharp
class_8118,OrderManagerClass_8118,Domain,,csharp
class_8119,OrderManagerClass_8119,Domain,,csharp
class_8120,OrderManagerClass_8120,Domain,,csharp
class_8121,OrderManagerClass_8121,Domain,,csharp
class_8122,OrderManagerClass_8122,Domain,,csharp
class_8123,OrderManagerClass_8123,Domain,,csharp
class_8124,OrderManagerClass_8124,Domain,,csharp
class_8125,OrderManagerClass_8125,Domain,,csharp
class_8126,OrderManagerClass_8126,Domain,,csharp
class_8127,OrderManagerClass_8127,Domain,,csharp
class_8128,OrderManagerClass_8128,Domain,,csharp
class_8129,OrderManagerClass_8129,Domain,,csharp
class_8130,OrderManagerClass_8130,Domain,,csharp
class_8131,OrderManagerClass_8131,Domain,,csharp
class_8132,OrderManagerClass_8132,Domain,,csharp
class_8133,OrderManagerClass_8133,Domain,,csharp
class_8134,OrderManagerClass_8134,Domain,,csharp
class_8135,OrderManagerClass_8135,Domain,,csharp
class_8136,OrderManagerClass_8136,Domain,,csharp
class_8137,OrderManagerClass_8137,Domain,,csharp
class_8138,OrderManagerClass_8138,Domain,,csharp
class_8139,OrderManagerClass_8139,Domain,,csharp
class_8140,OrderManagerClass_8140,Domain,,csharp
class_8141,OrderManagerClass_8141,Domain,,csharp
class_8142,OrderManagerClass_8142,Domain,,csharp
class_8143,OrderManagerClass_8143,Domain,,csharp
class_8144,OrderManagerClass_8144,Domain,,csharp
class_8145,OrderManagerClass_8145,Domain,,csharp
class_8146,OrderManagerClass_8146,Domain,,csharp
class_8147,OrderManagerClass_8147,Domain,,csharp
class_8148,OrderManagerClass_8148,Domain,,csharp
class_8149,OrderManagerClass_8149,Domain,,csharp
class_8150,OrderManagerClass_8150,Domain,,csharp
class_8151,OrderManagerClass_8151,Domain,,csharp
class_8152,OrderManagerClass_8152,Domain,,csharp
class_8153,OrderManagerClass_8153,Domain,,csharp
class_8154,OrderManagerClass_8154,Domain,,csharp
class_8155,OrderManagerClass_8155,Domain,,csharp
class_8156,OrderManagerClass_8156,Domain,,csharp
class_8157,OrderManagerClass_8157,Domain,,csharp
class_8158,OrderManagerClass_8158,Domain,,csharp
class_8159,OrderManagerClass_8159,Domain,,csharp
class_8160,OrderManagerClass_8160,Domain,,csharp
class_8161,OrderManagerClass_8161,Domain,,csharp
class_8162,OrderManagerClass_8162,Domain,,csharp
class_8163,OrderManagerClass_8163,Domain,,csharp
class_8164,OrderManagerClass_8164,Domain,,csharp
class_8165,OrderManagerClass_8165,Domain,,csharp
class_8166,OrderManagerClass_8166,Domain,,csharp
class_8167,OrderManagerClass_8167,Domain,,csharp
class_8168,OrderManagerClass_8168,Domain,,csharp
class_8169,OrderManagerClass_8169,Domain,,csharp
class_8170,OrderManagerClass_8170,Domain,,csharp
class_8171,OrderManagerClass_8171,Domain,,csharp
class_8172,OrderManagerClass_8172,Domain,,csharp
class_8173,OrderManagerClass_8173,Domain,,csharp
class_8174,OrderManagerClass_8174,Domain,,csharp
class_8175,OrderManagerClass_8175,Domain,,csharp
class_8176,OrderManagerClass_8176,Domain,,csharp
class_8177,OrderManagerClass_8177,Domain,,csharp
class_8178,OrderManagerClass_8178,Domain,,csharp
class_8179,OrderManagerClass_8179,Domain,,csharp
class_8180,OrderManagerClass_8180,Domain,,csharp
class_8181,OrderManagerClass_8181,Domain,,csharp
class_8182,OrderManagerClass_8182,Domain,,csharp
class_8183,OrderManagerClass_8183,Domain,,csharp
class_8184,OrderManagerClass_8184,Domain,,csharp
class_8185,OrderManagerClass_8185,Domain,,csharp
class_8186,OrderManagerClass_8186,Domain,,csharp
class_8187,OrderManagerClass_8187,Domain,,csharp
class_8188,OrderManagerClass_8188,Domain,,csharp
class_8189,OrderManagerClass_8189,Domain,,csharp
class_8190,OrderManagerClass_8190,Domain,,csharp
class_8191,OrderManagerClass_8191,Domain,,csharp
class_8192,OrderManagerClass_8192,Domain,,csharp
class_8193,OrderManagerClass_8193,Domain,,csharp
class_8194,OrderManagerClass_8194,Domain,,csharp
class_8195,OrderManagerClass_8195,Domain,,csharp
class_8196,OrderManagerClass_8196,Domain,,csharp
class_8197,OrderManagerClass_8197,Domain,,csharp
class_8198,OrderManagerClass_8198,Domain,,csharp
class_8199,OrderManagerClass_8199,Domain,,csharp
class_8200,OrderManagerClass_8200,Domain,,csharp
class_8201,OrderManagerClass_8201,Domain,,csharp
class_8202,OrderManagerClass_8202,Domain,,csharp
class_8203,OrderManagerClass_8203,Domain,,csharp
class_8204,OrderManagerClass_8204,Domain,,csharp
class_8205,OrderManagerClass_8205,Domain,,csharp
class_8206,OrderManagerClass_8206,Domain,,csharp
class_8207,OrderManagerClass_8207,Domain,,csharp
class_8208,OrderManagerClass_8208,Domain,,csharp
class_8209,OrderManagerClass_8209,Domain,,csharp
class_8210,OrderManagerClass_8210,Domain,,csharp
class_8211,OrderManagerClass_8211,Domain,,csharp
class_8212,OrderManagerClass_8212,Domain,,csharp
class_8213,OrderManagerClass_8213,Domain,,csharp
class_8214,OrderManagerClass_8214,Domain,,csharp
class_8215,OrderManagerClass_8215,Domain,,csharp
class_8216,OrderManagerClass_8216,Domain,,csharp
class_8217,OrderManagerClass_8217,Domain,,csharp
class_8218,OrderManagerClass_8218,Domain,,csharp
class_8219,OrderManagerClass_8219,Domain,,csharp
class_8220,OrderManagerClass_8220,Domain,,csharp
class_8221,OrderManagerClass_8221,Domain,,csharp
class_8222,OrderManagerClass_8222,Domain,,csharp
class_8223,OrderManagerClass_8223,Domain,,csharp
class_8224,OrderManagerClass_8224,Domain,,csharp
class_8225,OrderManagerClass_8225,Domain,,csharp
class_8226,OrderManagerClass_8226,Domain,,csharp
class_8227,OrderManagerClass_8227,Domain,,csharp
class_8228,OrderManagerClass_8228,Domain,,csharp
class_8229,OrderManagerClass_8229,Domain,,csharp
class_8230,OrderManagerClass_8230,Domain,,csharp
class_8231,OrderManagerClass_8231,Domain,,csharp
class_8232,OrderManagerClass_8232,Domain,,csharp
class_8233,OrderManagerClass_8233,Domain,,csharp
class_8234,OrderManagerClass_8234,Domain,,csharp
class_8235,OrderManagerClass_8235,Domain,,csharp
class_8236,OrderManagerClass_8236,Domain,,csharp
class_8237,OrderManagerClass_8237,Domain,,csharp
class_8238,OrderManagerClass_8238,Domain,,csharp
class_8239,OrderManagerClass_8239,Domain,,csharp
class_8240,OrderManagerClass_8240,Domain,,csharp
class_8241,OrderManagerClass_8241,Domain,,csharp
class_8242,OrderManagerClass_8242,Domain,,csharp
class_8243,OrderManagerClass_8243,Domain,,csharp
class_8244,OrderManagerClass_8244,Domain,,csharp
class_8245,OrderManagerClass_8245,Domain,,csharp
class_8246,OrderManagerClass_8246,Domain,,csharp
class_8247,OrderManagerClass_8247,Domain,,csharp
class_8248,OrderManagerClass_8248,Domain,,csharp
class_8249,OrderManagerClass_8249,Domain,,csharp
class_8250,OrderManagerClass_8250,Domain,,csharp
class_8251,OrderManagerClass_8251,Domain,,csharp
class_8252,OrderManagerClass_8252,Domain,,csharp
class_8253,OrderManagerClass_8253,Domain,,csharp
class_8254,OrderManagerClass_8254,Domain,,csharp
class_8255,OrderManagerClass_8255,Domain,,csharp
class_8256,OrderManagerClass_8256,Domain,,csharp
class_8257,OrderManagerClass_8257,Domain,,csharp
class_8258,OrderManagerClass_8258,Domain,,csharp
class_8259,OrderManagerClass_8259,Domain,,csharp
class_8260,OrderManagerClass_8260,Domain,,csharp
class_8261,OrderManagerClass_8261,Domain,,csharp
class_8262,OrderManagerClass_8262,Domain,,csharp
class_8263,OrderManagerClass_8263,Domain,,csharp
class_8264,OrderManagerClass_8264,Domain,,csharp
class_8265,OrderManagerClass_8265,Domain,,csharp
class_8266,OrderManagerClass_8266,Domain,,csharp
class_8267,OrderManagerClass_8267,Domain,,csharp
class_8268,OrderManagerClass_8268,Domain,,csharp
class_8269,OrderManagerClass_8269,Domain,,csharp
class_8270,OrderManagerClass_8270,Domain,,csharp
class_8271,OrderManagerClass_8271,Domain,,csharp
class_8272,OrderManagerClass_8272,Domain,,csharp
class_8273,OrderManagerClass_8273,Domain,,csharp
class_8274,OrderManagerClass_8274,Domain,,csharp
class_8275,OrderManagerClass_8275,Domain,,csharp
class_8276,OrderManagerClass_8276,Domain,,csharp
class_8277,OrderManagerClass_8277,Domain,,csharp
class_8278,OrderManagerClass_8278,Domain,,csharp
class_8279,OrderManagerClass_8279,Domain,,csharp
class_8280,OrderManagerClass_8280,Domain,,csharp
class_8281,OrderManagerClass_8281,Domain,,csharp
class_8282,OrderManagerClass_8282,Domain,,csharp
class_8283,OrderManagerClass_8283,Domain,,csharp
class_8284,OrderManagerClass_8284,Domain,,csharp
class_8285,OrderManagerClass_8285,Domain,,csharp
class_8286,OrderManagerClass_8286,Domain,,csharp
class_8287,OrderManagerClass_8287,Domain,,csharp
class_8288,OrderManagerClass_8288,Domain,,csharp
class_8289,OrderManagerClass_8289,Domain,,csharp
class_8290,OrderManagerClass_8290,Domain,,csharp
class_8291,OrderManagerClass_8291,Domain,,csharp
class_8292,OrderManagerClass_8292,Domain,,csharp
class_8293,OrderManagerClass_8293,Domain,,csharp
class_8294,OrderManagerClass_8294,Domain,,csharp
class_8295,OrderManagerClass_8295,Domain,,csharp
class_8296,OrderManagerClass_8296,Domain,,csharp
class_8297,OrderManagerClass_8297,Domain,,csharp
class_8298,OrderManagerClass_8298,Domain,,csharp
class_8299,OrderManagerClass_8299,Domain,,csharp
class_8300,OrderManagerClass_8300,Domain,,csharp
class_8301,OrderManagerClass_8301,Domain,,csharp
class_8302,OrderManagerClass_8302,Domain,,csharp
class_8303,OrderManagerClass_8303,Domain,,csharp
class_8304,OrderManagerClass_8304,Domain,,csharp
class_8305,OrderManagerClass_8305,Domain,,csharp
class_8306,OrderManagerClass_8306,Domain,,csharp
class_8307,OrderManagerClass_8307,Domain,,csharp
class_8308,OrderManagerClass_8308,Domain,,csharp
class_8309,OrderManagerClass_8309,Domain,,csharp
class_8310,OrderManagerClass_8310,Domain,,csharp
class_8311,OrderManagerClass_8311,Domain,,csharp
class_8312,OrderManagerClass_8312,Domain,,csharp
class_8313,OrderManagerClass_8313,Domain,,csharp
class_8314,OrderManagerClass_8314,Domain,,csharp
class_8315,OrderManagerClass_8315,Domain,,csharp
class_8316,OrderManagerClass_8316,Domain,,csharp
class_8317,OrderManagerClass_8317,Domain,,csharp
class_8318,OrderManagerClass_8318,Domain,,csharp
class_8319,OrderManagerClass_8319,Domain,,csharp
class_8320,OrderManagerClass_8320,Domain,,csharp
class_8321,OrderManagerClass_8321,Domain,,csharp
class_8322,OrderManagerClass_8322,Domain,,csharp
class_8323,OrderManagerClass_8323,Domain,,csharp
class_8324,OrderManagerClass_8324,Domain,,csharp
class_8325,OrderManagerClass_8325,Domain,,csharp
class_8326,OrderManagerClass_8326,Domain,,csharp
class_8327,OrderManagerClass_8327,Domain,,csharp
class_8328,OrderManagerClass_8328,Domain,,csharp
class_8329,OrderManagerClass_8329,Domain,,csharp
class_8330,OrderManagerClass_8330,Domain,,csharp
class_8331,OrderManagerClass_8331,Domain,,csharp
class_8332,OrderManagerClass_8332,Domain,,csharp
class_8333,OrderManagerClass_8333,Domain,,csharp
class_8334,OrderManagerClass_8334,Domain,,csharp
class_8335,OrderManagerClass_8335,Domain,,csharp
class_8336,OrderManagerClass_8336,Domain,,csharp
class_8337,OrderManagerClass_8337,Domain,,csharp
class_8338,OrderManagerClass_8338,Domain,,csharp
class_8339,OrderManagerClass_8339,Domain,,csharp
class_8340,OrderManagerClass_8340,Domain,,csharp
class_8341,OrderManagerClass_8341,Domain,,csharp
class_8342,OrderManagerClass_8342,Domain,,csharp
class_8343,OrderManagerClass_8343,Domain,,csharp
class_8344,OrderManagerClass_8344,Domain,,csharp
class_8345,OrderManagerClass_8345,Domain,,csharp
class_8346,OrderManagerClass_8346,Domain,,csharp
class_8347,OrderManagerClass_8347,Domain,,csharp
class_8348,OrderManagerClass_8348,Domain,,csharp
class_8349,OrderManagerClass_8349,Domain,,csharp
class_8350,OrderManagerClass_8350,Domain,,csharp
class_8351,OrderManagerClass_8351,Domain,,csharp
class_8352,OrderManagerClass_8352,Domain,,csharp
class_8353,OrderManagerClass_8353,Domain,,csharp
class_8354,OrderManagerClass_8354,Domain,,csharp
class_8355,OrderManagerClass_8355,Domain,,csharp
class_8356,OrderManagerClass_8356,Domain,,csharp
class_8357,OrderManagerClass_8357,Domain,,csharp
class_8358,OrderManagerClass_8358,Domain,,csharp
class_8359,OrderManagerClass_8359,Domain,,csharp
class_8360,OrderManagerClass_8360,Domain,,csharp
class_8361,OrderManagerClass_8361,Domain,,csharp
class_8362,OrderManagerClass_8362,Domain,,csharp
class_8363,OrderManagerClass_8363,Domain,,csharp
class_8364,OrderManagerClass_8364,Domain,,csharp
class_8365,OrderManagerClass_8365,Domain,,csharp
class_8366,OrderManagerClass_8366,Domain,,csharp
class_8367,OrderManagerClass_8367,Domain,,csharp
class_8368,OrderManagerClass_8368,Domain,,csharp
class_8369,OrderManagerClass_8369,Domain,,csharp
class_8370,OrderManagerClass_8370,Domain,,csharp
class_8371,OrderManagerClass_8371,Domain,,csharp
class_8372,OrderManagerClass_8372,Domain,,csharp
class_8373,OrderManagerClass_8373,Domain,,csharp
class_8374,OrderManagerClass_8374,Domain,,csharp
class_8375,OrderManagerClass_8375,Domain,,csharp
class_8376,OrderManagerClass_8376,Domain,,csharp
class_8377,OrderManagerClass_8377,Domain,,csharp
class_8378,OrderManagerClass_8378,Domain,,csharp
class_8379,OrderManagerClass_8379,Domain,,csharp
class_8380,OrderManagerClass_8380,Domain,,csharp
class_8381,OrderManagerClass_8381,Domain,,csharp
class_8382,OrderManagerClass_8382,Domain,,csharp
class_8383,OrderManagerClass_8383,Domain,,csharp
class_8384,OrderManagerClass_8384,Domain,,csharp
class_8385,OrderManagerClass_8385,Domain,,csharp
class_8386,OrderManagerClass_8386,Domain,,csharp
class_8387,OrderManagerClass_8387,Domain,,csharp
class_8388,OrderManagerClass_8388,Domain,,csharp
class_8389,OrderManagerClass_8389,Domain,,csharp
class_8390,OrderManagerClass_8390,Domain,,csharp
class_8391,OrderManagerClass_8391,Domain,,csharp
class_8392,OrderManagerClass_8392,Domain,,csharp
class_8393,OrderManagerClass_8393,Domain,,csharp
class_8394,OrderManagerClass_8394,Domain,,csharp
class_8395,OrderManagerClass_8395,Domain,,csharp
class_8396,OrderManagerClass_8396,Domain,,csharp
class_8397,OrderManagerClass_8397,Domain,,csharp
class_8398,OrderManagerClass_8398,Domain,,csharp
class_8399,OrderManagerClass_8399,Domain,,csharp
class_8400,OrderManagerClass_8400,Domain,,csharp
class_8401,OrderManagerClass_8401,Domain,,csharp
class_8402,OrderManagerClass_8402,Domain,,csharp
class_8403,OrderManagerClass_8403,Domain,,csharp
class_8404,OrderManagerClass_8404,Domain,,csharp
class_8405,OrderManagerClass_8405,Domain,,csharp
class_8406,OrderManagerClass_8406,Domain,,csharp
class_8407,OrderManagerClass_8407,Domain,,csharp
class_8408,OrderManagerClass_8408,Domain,,csharp
class_8409,OrderManagerClass_8409,Domain,,csharp
class_8410,OrderManagerClass_8410,Domain,,csharp
class_8411,OrderManagerClass_8411,Domain,,csharp
class_8412,OrderManagerClass_8412,Domain,,csharp
class_8413,OrderManagerClass_8413,Domain,,csharp
class_8414,OrderManagerClass_8414,Domain,,csharp
class_8415,OrderManagerClass_8415,Domain,,csharp
class_8416,OrderManagerClass_8416,Domain,,csharp
class_8417,OrderManagerClass_8417,Domain,,csharp
class_8418,OrderManagerClass_8418,Domain,,csharp
class_8419,OrderManagerClass_8419,Domain,,csharp
class_8420,OrderManagerClass_8420,Domain,,csharp
class_8421,OrderManagerClass_8421,Domain,,csharp
class_8422,OrderManagerClass_8422,Domain,,csharp
class_8423,OrderManagerClass_8423,Domain,,csharp
class_8424,OrderManagerClass_8424,Domain,,csharp
class_8425,OrderManagerClass_8425,Domain,,csharp
class_8426,OrderManagerClass_8426,Domain,,csharp
class_8427,OrderManagerClass_8427,Domain,,csharp
class_8428,OrderManagerClass_8428,Domain,,csharp
class_8429,OrderManagerClass_8429,Domain,,csharp
class_8430,OrderManagerClass_8430,Domain,,csharp
class_8431,OrderManagerClass_8431,Domain,,csharp
class_8432,OrderManagerClass_8432,Domain,,csharp
class_8433,OrderManagerClass_8433,Domain,,csharp
class_8434,OrderManagerClass_8434,Domain,,csharp
class_8435,OrderManagerClass_8435,Domain,,csharp
class_8436,OrderManagerClass_8436,Domain,,csharp
class_8437,OrderManagerClass_8437,Domain,,csharp
class_8438,OrderManagerClass_8438,Domain,,csharp
class_8439,OrderManagerClass_8439,Domain,,csharp
class_8440,OrderManagerClass_8440,Domain,,csharp
class_8441,OrderManagerClass_8441,Domain,,csharp
class_8442,OrderManagerClass_8442,Domain,,csharp
class_8443,OrderManagerClass_8443,Domain,,csharp
class_8444,OrderManagerClass_8444,Domain,,csharp
class_8445,OrderManagerClass_8445,Domain,,csharp
class_8446,OrderManagerClass_8446,Domain,,csharp
class_8447,OrderManagerClass_8447,Domain,,csharp
class_8448,OrderManagerClass_8448,Domain,,csharp
class_8449,OrderManagerClass_8449,Domain,,csharp
class_8450,OrderManagerClass_8450,Domain,,csharp
class_8451,OrderManagerClass_8451,Domain,,csharp
class_8452,OrderManagerClass_8452,Domain,,csharp
class_8453,OrderManagerClass_8453,Domain,,csharp
class_8454,OrderManagerClass_8454,Domain,,csharp
class_8455,OrderManagerClass_8455,Domain,,csharp
class_8456,OrderManagerClass_8456,Domain,,csharp
class_8457,OrderManagerClass_8457,Domain,,csharp
class_8458,OrderManagerClass_8458,Domain,,csharp
class_8459,OrderManagerClass_8459,Domain,,csharp
class_8460,OrderManagerClass_8460,Domain,,csharp
class_8461,OrderManagerClass_8461,Domain,,csharp
class_8462,OrderManagerClass_8462,Domain,,csharp
class_8463,OrderManagerClass_8463,Domain,,csharp
class_8464,OrderManagerClass_8464,Domain,,csharp
class_8465,OrderManagerClass_8465,Domain,,csharp
class_8466,OrderManagerClass_8466,Domain,,csharp
class_8467,OrderManagerClass_8467,Domain,,csharp
class_8468,OrderManagerClass_8468,Domain,,csharp
class_8469,OrderManagerClass_8469,Domain,,csharp
class_8470,OrderManagerClass_8470,Domain,,csharp
class_8471,OrderManagerClass_8471,Domain,,csharp
class_8472,OrderManagerClass_8472,Domain,,csharp
class_8473,OrderManagerClass_8473,Domain,,csharp
class_8474,OrderManagerClass_8474,Domain,,csharp
class_8475,OrderManagerClass_8475,Domain,,csharp
class_8476,OrderManagerClass_8476,Domain,,csharp
class_8477,OrderManagerClass_8477,Domain,,csharp
class_8478,OrderManagerClass_8478,Domain,,csharp
class_8479,OrderManagerClass_8479,Domain,,csharp
class_8480,OrderManagerClass_8480,Domain,,csharp
class_8481,OrderManagerClass_8481,Domain,,csharp
class_8482,OrderManagerClass_8482,Domain,,csharp
class_8483,OrderManagerClass_8483,Domain,,csharp
class_8484,OrderManagerClass_8484,Domain,,csharp
class_8485,OrderManagerClass_8485,Domain,,csharp
class_8486,OrderManagerClass_8486,Domain,,csharp
class_8487,OrderManagerClass_8487,Domain,,csharp
class_8488,OrderManagerClass_8488,Domain,,csharp
class_8489,OrderManagerClass_8489,Domain,,csharp
class_8490,OrderManagerClass_8490,Domain,,csharp
class_8491,OrderManagerClass_8491,Domain,,csharp
class_8492,OrderManagerClass_8492,Domain,,csharp
class_8493,OrderManagerClass_8493,Domain,,csharp
class_8494,OrderManagerClass_8494,Domain,,csharp
class_8495,OrderManagerClass_8495,Domain,,csharp
class_8496,OrderManagerClass_8496,Domain,,csharp
class_8497,OrderManagerClass_8497,Domain,,csharp
class_8498,OrderManagerClass_8498,Domain,,csharp
class_8499,OrderManagerClass_8499,Domain,,csharp
class_8500,OrderManagerClass_8500,Domain,,csharp
class_8501,OrderManagerClass_8501,Domain,,csharp
class_8502,OrderManagerClass_8502,Domain,,csharp
class_8503,OrderManagerClass_8503,Domain,,csharp
class_8504,OrderManagerClass_8504,Domain,,csharp
class_8505,OrderManagerClass_8505,Domain,,csharp
class_8506,OrderManagerClass_8506,Domain,,csharp
class_8507,OrderManagerClass_8507,Domain,,csharp
class_8508,OrderManagerClass_8508,Domain,,csharp
class_8509,OrderManagerClass_8509,Domain,,csharp
class_8510,OrderManagerClass_8510,Domain,,csharp
class_8511,OrderManagerClass_8511,Domain,,csharp
class_8512,OrderManagerClass_8512,Domain,,csharp
class_8513,OrderManagerClass_8513,Domain,,csharp
class_8514,OrderManagerClass_8514,Domain,,csharp
class_8515,OrderManagerClass_8515,Domain,,csharp
class_8516,OrderManagerClass_8516,Domain,,csharp
class_8517,OrderManagerClass_8517,Domain,,csharp
class_8518,OrderManagerClass_8518,Domain,,csharp
class_8519,OrderManagerClass_8519,Domain,,csharp
class_8520,OrderManagerClass_8520,Domain,,csharp
class_8521,OrderManagerClass_8521,Domain,,csharp
class_8522,OrderManagerClass_8522,Domain,,csharp
class_8523,OrderManagerClass_8523,Domain,,csharp
class_8524,OrderManagerClass_8524,Domain,,csharp
class_8525,OrderManagerClass_8525,Domain,,csharp
class_8526,OrderManagerClass_8526,Domain,,csharp
class_8527,OrderManagerClass_8527,Domain,,csharp
class_8528,OrderManagerClass_8528,Domain,,csharp
class_8529,OrderManagerClass_8529,Domain,,csharp
class_8530,OrderManagerClass_8530,Domain,,csharp
class_8531,OrderManagerClass_8531,Domain,,csharp
class_8532,OrderManagerClass_8532,Domain,,csharp
class_8533,OrderManagerClass_8533,Domain,,csharp
class_8534,OrderManagerClass_8534,Domain,,csharp
class_8535,OrderManagerClass_8535,Domain,,csharp
class_8536,OrderManagerClass_8536,Domain,,csharp
class_8537,OrderManagerClass_8537,Domain,,csharp
class_8538,OrderManagerClass_8538,Domain,,csharp
class_8539,OrderManagerClass_8539,Domain,,csharp
class_8540,OrderManagerClass_8540,Domain,,csharp
class_8541,OrderManagerClass_8541,Domain,,csharp
class_8542,OrderManagerClass_8542,Domain,,csharp
class_8543,OrderManagerClass_8543,Domain,,csharp
class_8544,OrderManagerClass_8544,Domain,,csharp
class_8545,OrderManagerClass_8545,Domain,,csharp
class_8546,OrderManagerClass_8546,Domain,,csharp
class_8547,OrderManagerClass_8547,Domain,,csharp
class_8548,OrderManagerClass_8548,Domain,,csharp
class_8549,OrderManagerClass_8549,Domain,,csharp
class_8550,OrderManagerClass_8550,Domain,,csharp
class_8551,OrderManagerClass_8551,Domain,,csharp
class_8552,OrderManagerClass_8552,Domain,,csharp
class_8553,OrderManagerClass_8553,Domain,,csharp
class_8554,OrderManagerClass_8554,Domain,,csharp
class_8555,OrderManagerClass_8555,Domain,,csharp
class_8556,OrderManagerClass_8556,Domain,,csharp
class_8557,OrderManagerClass_8557,Domain,,csharp
class_8558,OrderManagerClass_8558,Domain,,csharp
class_8559,OrderManagerClass_8559,Domain,,csharp
class_8560,OrderManagerClass_8560,Domain,,csharp
class_8561,OrderManagerClass_8561,Domain,,csharp
class_8562,OrderManagerClass_8562,Domain,,csharp
class_8563,OrderManagerClass_8563,Domain,,csharp
class_8564,OrderManagerClass_8564,Domain,,csharp
class_8565,OrderManagerClass_8565,Domain,,csharp
class_8566,OrderManagerClass_8566,Domain,,csharp
class_8567,OrderManagerClass_8567,Domain,,csharp
class_8568,OrderManagerClass_8568,Domain,,csharp
class_8569,OrderManagerClass_8569,Domain,,csharp
class_8570,OrderManagerClass_8570,Domain,,csharp
class_8571,OrderManagerClass_8571,Domain,,csharp
class_8572,OrderManagerClass_8572,Domain,,csharp
class_8573,OrderManagerClass_8573,Domain,,csharp
class_8574,OrderManagerClass_8574,Domain,,csharp
class_8575,OrderManagerClass_8575,Domain,,csharp
class_8576,OrderManagerClass_8576,Domain,,csharp
class_8577,OrderManagerClass_8577,Domain,,csharp
class_8578,OrderManagerClass_8578,Domain,,csharp
class_8579,OrderManagerClass_8579,Domain,,csharp
class_8580,OrderManagerClass_8580,Domain,,csharp
class_8581,OrderManagerClass_8581,Domain,,csharp
class_8582,OrderManagerClass_8582,Domain,,csharp
class_8583,OrderManagerClass_8583,Domain,,csharp
class_8584,OrderManagerClass_8584,Domain,,csharp
class_8585,OrderManagerClass_8585,Domain,,csharp
class_8586,OrderManagerClass_8586,Domain,,csharp
class_8587,OrderManagerClass_8587,Domain,,csharp
class_8588,OrderManagerClass_8588,Domain,,csharp
class_8589,OrderManagerClass_8589,Domain,,csharp
class_8590,OrderManagerClass_8590,Domain,,csharp
class_8591,OrderManagerClass_8591,Domain,,csharp
class_8592,OrderManagerClass_8592,Domain,,csharp
class_8593,OrderManagerClass_8593,Domain,,csharp
class_8594,OrderManagerClass_8594,Domain,,csharp
class_8595,OrderManagerClass_8595,Domain,,csharp
class_8596,OrderManagerClass_8596,Domain,,csharp
class_8597,OrderManagerClass_8597,Domain,,csharp
class_8598,OrderManagerClass_8598,Domain,,csharp
class_8599,OrderManagerClass_8599,Domain,,csharp
class_8600,OrderManagerClass_8600,Domain,,csharp
class_8601,OrderManagerClass_8601,Domain,,csharp
class_8602,OrderManagerClass_8602,Domain,,csharp
class_8603,OrderManagerClass_8603,Domain,,csharp
class_8604,OrderManagerClass_8604,Domain,,csharp
class_8605,OrderManagerClass_8605,Domain,,csharp
class_8606,OrderManagerClass_8606,Domain,,csharp
class_8607,OrderManagerClass_8607,Domain,,csharp
class_8608,OrderManagerClass_8608,Domain,,csharp
class_8609,OrderManagerClass_8609,Domain,,csharp
class_8610,OrderManagerClass_8610,Domain,,csharp
class_8611,OrderManagerClass_8611,Domain,,csharp
class_8612,OrderManagerClass_8612,Domain,,csharp
class_8613,OrderManagerClass_8613,Domain,,csharp
class_8614,OrderManagerClass_8614,Domain,,csharp
class_8615,OrderManagerClass_8615,Domain,,csharp
class_8616,OrderManagerClass_8616,Domain,,csharp
class_8617,OrderManagerClass_8617,Domain,,csharp
class_8618,OrderManagerClass_8618,Domain,,csharp
class_8619,OrderManagerClass_8619,Domain,,csharp
class_8620,OrderManagerClass_8620,Domain,,csharp
class_8621,OrderManagerClass_8621,Domain,,csharp
class_8622,OrderManagerClass_8622,Domain,,csharp
class_8623,OrderManagerClass_8623,Domain,,csharp
class_8624,OrderManagerClass_8624,Domain,,csharp
class_8625,OrderManagerClass_8625,Domain,,csharp
class_8626,OrderManagerClass_8626,Domain,,csharp
class_8627,OrderManagerClass_8627,Domain,,csharp
class_8628,OrderManagerClass_8628,Domain,,csharp
class_8629,OrderManagerClass_8629,Domain,,csharp
class_8630,OrderManagerClass_8630,Domain,,csharp
class_8631,OrderManagerClass_8631,Domain,,csharp
class_8632,OrderManagerClass_8632,Domain,,csharp
class_8633,OrderManagerClass_8633,Domain,,csharp
class_8634,OrderManagerClass_8634,Domain,,csharp
class_8635,OrderManagerClass_8635,Domain,,csharp
class_8636,OrderManagerClass_8636,Domain,,csharp
class_8637,OrderManagerClass_8637,Domain,,csharp
class_8638,OrderManagerClass_8638,Domain,,csharp
class_8639,OrderManagerClass_8639,Domain,,csharp
class_8640,OrderManagerClass_8640,Domain,,csharp
class_8641,OrderManagerClass_8641,Domain,,csharp
class_8642,OrderManagerClass_8642,Domain,,csharp
class_8643,OrderManagerClass_8643,Domain,,csharp
class_8644,OrderManagerClass_8644,Domain,,csharp
class_8645,OrderManagerClass_8645,Domain,,csharp
class_8646,OrderManagerClass_8646,Domain,,csharp
class_8647,OrderManagerClass_8647,Domain,,csharp
class_8648,OrderManagerClass_8648,Domain,,csharp
class_8649,OrderManagerClass_8649,Domain,,csharp
class_8650,OrderManagerClass_8650,Domain,,csharp
class_8651,OrderManagerClass_8651,Domain,,csharp
class_8652,OrderManagerClass_8652,Domain,,csharp
class_8653,OrderManagerClass_8653,Domain,,csharp
class_8654,OrderManagerClass_8654,Domain,,csharp
class_8655,OrderManagerClass_8655,Domain,,csharp
class_8656,OrderManagerClass_8656,Domain,,csharp
class_8657,OrderManagerClass_8657,Domain,,csharp
class_8658,OrderManagerClass_8658,Domain,,csharp
class_8659,OrderManagerClass_8659,Domain,,csharp
class_8660,OrderManagerClass_8660,Domain,,csharp
class_8661,OrderManagerClass_8661,Domain,,csharp
class_8662,OrderManagerClass_8662,Domain,,csharp
class_8663,OrderManagerClass_8663,Domain,,csharp
class_8664,OrderManagerClass_8664,Domain,,csharp
class_8665,OrderManagerClass_8665,Domain,,csharp
class_8666,OrderManagerClass_8666,Domain,,csharp
class_8667,OrderManagerClass_8667,Domain,,csharp
class_8668,OrderManagerClass_8668,Domain,,csharp
class_8669,OrderManagerClass_8669,Domain,,csharp
class_8670,OrderManagerClass_8670,Domain,,csharp
class_8671,OrderManagerClass_8671,Domain,,csharp
class_8672,OrderManagerClass_8672,Domain,,csharp
class_8673,OrderManagerClass_8673,Domain,,csharp
class_8674,OrderManagerClass_8674,Domain,,csharp
class_8675,OrderManagerClass_8675,Domain,,csharp
class_8676,OrderManagerClass_8676,Domain,,csharp
class_8677,OrderManagerClass_8677,Domain,,csharp
class_8678,OrderManagerClass_8678,Domain,,csharp
class_8679,OrderManagerClass_8679,Domain,,csharp
class_8680,OrderManagerClass_8680,Domain,,csharp
class_8681,OrderManagerClass_8681,Domain,,csharp
class_8682,OrderManagerClass_8682,Domain,,csharp
class_8683,OrderManagerClass_8683,Domain,,csharp
class_8684,OrderManagerClass_8684,Domain,,csharp
class_8685,OrderManagerClass_8685,Domain,,csharp
class_8686,OrderManagerClass_8686,Domain,,csharp
class_8687,OrderManagerClass_8687,Domain,,csharp
class_8688,OrderManagerClass_8688,Domain,,csharp
class_8689,OrderManagerClass_8689,Domain,,csharp
class_8690,OrderManagerClass_8690,Domain,,csharp
class_8691,OrderManagerClass_8691,Domain,,csharp
class_8692,OrderManagerClass_8692,Domain,,csharp
class_8693,OrderManagerClass_8693,Domain,,csharp
class_8694,OrderManagerClass_8694,Domain,,csharp
class_8695,OrderManagerClass_8695,Domain,,csharp
class_8696,OrderManagerClass_8696,Domain,,csharp
class_8697,OrderManagerClass_8697,Domain,,csharp
class_8698,OrderManagerClass_8698,Domain,,csharp
class_8699,OrderManagerClass_8699,Domain,,csharp
class_8700,OrderManagerClass_8700,Domain,,csharp
class_8701,OrderManagerClass_8701,Domain,,csharp
class_8702,OrderManagerClass_8702,Domain,,csharp
class_8703,OrderManagerClass_8703,Domain,,csharp
class_8704,OrderManagerClass_8704,Domain,,csharp
class_8705,OrderManagerClass_8705,Domain,,csharp
class_8706,OrderManagerClass_8706,Domain,,csharp
class_8707,OrderManagerClass_8707,Domain,,csharp
class_8708,OrderManagerClass_8708,Domain,,csharp
class_8709,OrderManagerClass_8709,Domain,,csharp
class_8710,OrderManagerClass_8710,Domain,,csharp
class_8711,OrderManagerClass_8711,Domain,,csharp
class_8712,OrderManagerClass_8712,Domain,,csharp
class_8713,OrderManagerClass_8713,Domain,,csharp
class_8714,OrderManagerClass_8714,Domain,,csharp
class_8715,OrderManagerClass_8715,Domain,,csharp
class_8716,OrderManagerClass_8716,Domain,,csharp
class_8717,OrderManagerClass_8717,Domain,,csharp
class_8718,OrderManagerClass_8718,Domain,,csharp
class_8719,OrderManagerClass_8719,Domain,,csharp
class_8720,OrderManagerClass_8720,Domain,,csharp
class_8721,OrderManagerClass_8721,Domain,,csharp
class_8722,OrderManagerClass_8722,Domain,,csharp
class_8723,OrderManagerClass_8723,Domain,,csharp
class_8724,OrderManagerClass_8724,Domain,,csharp
class_8725,OrderManagerClass_8725,Domain,,csharp
class_8726,OrderManagerClass_8726,Domain,,csharp
class_8727,OrderManagerClass_8727,Domain,,csharp
class_8728,OrderManagerClass_8728,Domain,,csharp
class_8729,OrderManagerClass_8729,Domain,,csharp
class_8730,OrderManagerClass_8730,Domain,,csharp
class_8731,OrderManagerClass_8731,Domain,,csharp
class_8732,OrderManagerClass_8732,Domain,,csharp
class_8733,OrderManagerClass_8733,Domain,,csharp
class_8734,OrderManagerClass_8734,Domain,,csharp
class_8735,OrderManagerClass_8735,Domain,,csharp
class_8736,OrderManagerClass_8736,Domain,,csharp
class_8737,OrderManagerClass_8737,Domain,,csharp
class_8738,OrderManagerClass_8738,Domain,,csharp
class_8739,OrderManagerClass_8739,Domain,,csharp
class_8740,OrderManagerClass_8740,Domain,,csharp
class_8741,OrderManagerClass_8741,Domain,,csharp
class_8742,OrderManagerClass_8742,Domain,,csharp
class_8743,OrderManagerClass_8743,Domain,,csharp
class_8744,OrderManagerClass_8744,Domain,,csharp
class_8745,OrderManagerClass_8745,Domain,,csharp
class_8746,OrderManagerClass_8746,Domain,,csharp
class_8747,OrderManagerClass_8747,Domain,,csharp
class_8748,OrderManagerClass_8748,Domain,,csharp
class_8749,OrderManagerClass_8749,Domain,,csharp
class_8750,OrderManagerClass_8750,Domain,,csharp
class_8751,OrderManagerClass_8751,Domain,,csharp
class_8752,OrderManagerClass_8752,Domain,,csharp
class_8753,OrderManagerClass_8753,Domain,,csharp
class_8754,OrderManagerClass_8754,Domain,,csharp
class_8755,OrderManagerClass_8755,Domain,,csharp
class_8756,OrderManagerClass_8756,Domain,,csharp
class_8757,OrderManagerClass_8757,Domain,,csharp
class_8758,OrderManagerClass_8758,Domain,,csharp
class_8759,OrderManagerClass_8759,Domain,,csharp
class_8760,OrderManagerClass_8760,Domain,,csharp
class_8761,OrderManagerClass_8761,Domain,,csharp
class_8762,OrderManagerClass_8762,Domain,,csharp
class_8763,OrderManagerClass_8763,Domain,,csharp
class_8764,OrderManagerClass_8764,Domain,,csharp
class_8765,OrderManagerClass_8765,Domain,,csharp
class_8766,OrderManagerClass_8766,Domain,,csharp
class_8767,OrderManagerClass_8767,Domain,,csharp
class_8768,OrderManagerClass_8768,Domain,,csharp
class_8769,OrderManagerClass_8769,Domain,,csharp
class_8770,OrderManagerClass_8770,Domain,,csharp
class_8771,OrderManagerClass_8771,Domain,,csharp
class_8772,OrderManagerClass_8772,Domain,,csharp
class_8773,OrderManagerClass_8773,Domain,,csharp
class_8774,OrderManagerClass_8774,Domain,,csharp
class_8775,OrderManagerClass_8775,Domain,,csharp
class_8776,OrderManagerClass_8776,Domain,,csharp
class_8777,OrderManagerClass_8777,Domain,,csharp
class_8778,OrderManagerClass_8778,Domain,,csharp
class_8779,OrderManagerClass_8779,Domain,,csharp
class_8780,OrderManagerClass_8780,Domain,,csharp
class_8781,OrderManagerClass_8781,Domain,,csharp
class_8782,OrderManagerClass_8782,Domain,,csharp
class_8783,OrderManagerClass_8783,Domain,,csharp
class_8784,OrderManagerClass_8784,Domain,,csharp
class_8785,OrderManagerClass_8785,Domain,,csharp
class_8786,OrderManagerClass_8786,Domain,,csharp
class_8787,OrderManagerClass_8787,Domain,,csharp
class_8788,OrderManagerClass_8788,Domain,,csharp
class_8789,OrderManagerClass_8789,Domain,,csharp
class_8790,OrderManagerClass_8790,Domain,,csharp
class_8791,OrderManagerClass_8791,Domain,,csharp
class_8792,OrderManagerClass_8792,Domain,,csharp
class_8793,OrderManagerClass_8793,Domain,,csharp
class_8794,OrderManagerClass_8794,Domain,,csharp
class_8795,OrderManagerClass_8795,Domain,,csharp
class_8796,OrderManagerClass_8796,Domain,,csharp
class_8797,OrderManagerClass_8797,Domain,,csharp
class_8798,OrderManagerClass_8798,Domain,,csharp
class_8799,OrderManagerClass_8799,Domain,,csharp
class_8800,OrderManagerClass_8800,Domain,,csharp
class_8801,OrderManagerClass_8801,Domain,,csharp
class_8802,OrderManagerClass_8802,Domain,,csharp
class_8803,OrderManagerClass_8803,Domain,,csharp
class_8804,OrderManagerClass_8804,Domain,,csharp
class_8805,OrderManagerClass_8805,Domain,,csharp
class_8806,OrderManagerClass_8806,Domain,,csharp
class_8807,OrderManagerClass_8807,Domain,,csharp
class_8808,OrderManagerClass_8808,Domain,,csharp
class_8809,OrderManagerClass_8809,Domain,,csharp
class_8810,OrderManagerClass_8810,Domain,,csharp
class_8811,OrderManagerClass_8811,Domain,,csharp
class_8812,OrderManagerClass_8812,Domain,,csharp
class_8813,OrderManagerClass_8813,Domain,,csharp
class_8814,OrderManagerClass_8814,Domain,,csharp
class_8815,OrderManagerClass_8815,Domain,,csharp
class_8816,OrderManagerClass_8816,Domain,,csharp
class_8817,OrderManagerClass_8817,Domain,,csharp
class_8818,OrderManagerClass_8818,Domain,,csharp
class_8819,OrderManagerClass_8819,Domain,,csharp
class_8820,OrderManagerClass_8820,Domain,,csharp
class_8821,OrderManagerClass_8821,Domain,,csharp
class_8822,OrderManagerClass_8822,Domain,,csharp
class_8823,OrderManagerClass_8823,Domain,,csharp
class_8824,OrderManagerClass_8824,Domain,,csharp
class_8825,OrderManagerClass_8825,Domain,,csharp
class_8826,OrderManagerClass_8826,Domain,,csharp
class_8827,OrderManagerClass_8827,Domain,,csharp
class_8828,OrderManagerClass_8828,Domain,,csharp
class_8829,OrderManagerClass_8829,Domain,,csharp
class_8830,OrderManagerClass_8830,Domain,,csharp
class_8831,OrderManagerClass_8831,Domain,,csharp
class_8832,OrderManagerClass_8832,Domain,,csharp
class_8833,OrderManagerClass_8833,Domain,,csharp
class_8834,OrderManagerClass_8834,Domain,,csharp
class_8835,OrderManagerClass_8835,Domain,,csharp
class_8836,OrderManagerClass_8836,Domain,,csharp
class_8837,OrderManagerClass_8837,Domain,,csharp
class_8838,OrderManagerClass_8838,Domain,,csharp
class_8839,OrderManagerClass_8839,Domain,,csharp
class_8840,OrderManagerClass_8840,Domain,,csharp
class_8841,OrderManagerClass_8841,Domain,,csharp
class_8842,OrderManagerClass_8842,Domain,,csharp
class_8843,OrderManagerClass_8843,Domain,,csharp
class_8844,OrderManagerClass_8844,Domain,,csharp
class_8845,OrderManagerClass_8845,Domain,,csharp
class_8846,OrderManagerClass_8846,Domain,,csharp
class_8847,OrderManagerClass_8847,Domain,,csharp
class_8848,OrderManagerClass_8848,Domain,,csharp
class_8849,OrderManagerClass_8849,Domain,,csharp
class_8850,OrderManagerClass_8850,Domain,,csharp
class_8851,OrderManagerClass_8851,Domain,,csharp
class_8852,OrderManagerClass_8852,Domain,,csharp
class_8853,OrderManagerClass_8853,Domain,,csharp
class_8854,OrderManagerClass_8854,Domain,,csharp
class_8855,OrderManagerClass_8855,Domain,,csharp
class_8856,OrderManagerClass_8856,Domain,,csharp
class_8857,OrderManagerClass_8857,Domain,,csharp
class_8858,OrderManagerClass_8858,Domain,,csharp
class_8859,OrderManagerClass_8859,Domain,,csharp
class_8860,OrderManagerClass_8860,Domain,,csharp
class_8861,OrderManagerClass_8861,Domain,,csharp
class_8862,OrderManagerClass_8862,Domain,,csharp
class_8863,OrderManagerClass_8863,Domain,,csharp
class_8864,OrderManagerClass_8864,Domain,,csharp
class_8865,OrderManagerClass_8865,Domain,,csharp
class_8866,OrderManagerClass_8866,Domain,,csharp
class_8867,OrderManagerClass_8867,Domain,,csharp
class_8868,OrderManagerClass_8868,Domain,,csharp
class_8869,OrderManagerClass_8869,Domain,,csharp
class_8870,OrderManagerClass_8870,Domain,,csharp
class_8871,OrderManagerClass_8871,Domain,,csharp
class_8872,OrderManagerClass_8872,Domain,,csharp
class_8873,OrderManagerClass_8873,Domain,,csharp
class_8874,OrderManagerClass_8874,Domain,,csharp
class_8875,OrderManagerClass_8875,Domain,,csharp
class_8876,OrderManagerClass_8876,Domain,,csharp
class_8877,OrderManagerClass_8877,Domain,,csharp
class_8878,OrderManagerClass_8878,Domain,,csharp
class_8879,OrderManagerClass_8879,Domain,,csharp
class_8880,OrderManagerClass_8880,Domain,,csharp
class_8881,OrderManagerClass_8881,Domain,,csharp
class_8882,OrderManagerClass_8882,Domain,,csharp
class_8883,OrderManagerClass_8883,Domain,,csharp
class_8884,OrderManagerClass_8884,Domain,,csharp
class_8885,OrderManagerClass_8885,Domain,,csharp
class_8886,OrderManagerClass_8886,Domain,,csharp
class_8887,OrderManagerClass_8887,Domain,,csharp
class_8888,OrderManagerClass_8888,Domain,,csharp
class_8889,OrderManagerClass_8889,Domain,,csharp
class_8890,OrderManagerClass_8890,Domain,,csharp
class_8891,OrderManagerClass_8891,Domain,,csharp
class_8892,OrderManagerClass_8892,Domain,,csharp
class_8893,OrderManagerClass_8893,Domain,,csharp
class_8894,OrderManagerClass_8894,Domain,,csharp
class_8895,OrderManagerClass_8895,Domain,,csharp
class_8896,OrderManagerClass_8896,Domain,,csharp
class_8897,OrderManagerClass_8897,Domain,,csharp
class_8898,OrderManagerClass_8898,Domain,,csharp
class_8899,OrderManagerClass_8899,Domain,,csharp
class_8900,OrderManagerClass_8900,Domain,,csharp
class_8901,OrderManagerClass_8901,Domain,,csharp
class_8902,OrderManagerClass_8902,Domain,,csharp
class_8903,OrderManagerClass_8903,Domain,,csharp
class_8904,OrderManagerClass_8904,Domain,,csharp
class_8905,OrderManagerClass_8905,Domain,,csharp
class_8906,OrderManagerClass_8906,Domain,,csharp
class_8907,OrderManagerClass_8907,Domain,,csharp
class_8908,OrderManagerClass_8908,Domain,,csharp
class_8909,OrderManagerClass_8909,Domain,,csharp
class_8910,OrderManagerClass_8910,Domain,,csharp
class_8911,OrderManagerClass_8911,Domain,,csharp
class_8912,OrderManagerClass_8912,Domain,,csharp
class_8913,OrderManagerClass_8913,Domain,,csharp
class_8914,OrderManagerClass_8914,Domain,,csharp
class_8915,OrderManagerClass_8915,Domain,,csharp
class_8916,OrderManagerClass_8916,Domain,,csharp
class_8917,OrderManagerClass_8917,Domain,,csharp
class_8918,OrderManagerClass_8918,Domain,,csharp
class_8919,OrderManagerClass_8919,Domain,,csharp
class_8920,OrderManagerClass_8920,Domain,,csharp
class_8921,OrderManagerClass_8921,Domain,,csharp
class_8922,OrderManagerClass_8922,Domain,,csharp
class_8923,OrderManagerClass_8923,Domain,,csharp
class_8924,OrderManagerClass_8924,Domain,,csharp
class_8925,OrderManagerClass_8925,Domain,,csharp
class_8926,OrderManagerClass_8926,Domain,,csharp
class_8927,OrderManagerClass_8927,Domain,,csharp
class_8928,OrderManagerClass_8928,Domain,,csharp
class_8929,OrderManagerClass_8929,Domain,,csharp
class_8930,OrderManagerClass_8930,Domain,,csharp
class_8931,OrderManagerClass_8931,Domain,,csharp
class_8932,OrderManagerClass_8932,Domain,,csharp
class_8933,OrderManagerClass_8933,Domain,,csharp
class_8934,OrderManagerClass_8934,Domain,,csharp
class_8935,OrderManagerClass_8935,Domain,,csharp
class_8936,OrderManagerClass_8936,Domain,,csharp
class_8937,OrderManagerClass_8937,Domain,,csharp
class_8938,OrderManagerClass_8938,Domain,,csharp
class_8939,OrderManagerClass_8939,Domain,,csharp
class_8940,OrderManagerClass_8940,Domain,,csharp
class_8941,OrderManagerClass_8941,Domain,,csharp
class_8942,OrderManagerClass_8942,Domain,,csharp
class_8943,OrderManagerClass_8943,Domain,,csharp
class_8944,OrderManagerClass_8944,Domain,,csharp
class_8945,OrderManagerClass_8945,Domain,,csharp
class_8946,OrderManagerClass_8946,Domain,,csharp
class_8947,OrderManagerClass_8947,Domain,,csharp
class_8948,OrderManagerClass_8948,Domain,,csharp
class_8949,OrderManagerClass_8949,Domain,,csharp
class_8950,OrderManagerClass_8950,Domain,,csharp
class_8951,OrderManagerClass_8951,Domain,,csharp
class_8952,OrderManagerClass_8952,Domain,,csharp
class_8953,OrderManagerClass_8953,Domain,,csharp
class_8954,OrderManagerClass_8954,Domain,,csharp
class_8955,OrderManagerClass_8955,Domain,,csharp
class_8956,OrderManagerClass_8956,Domain,,csharp
class_8957,OrderManagerClass_8957,Domain,,csharp
class_8958,OrderManagerClass_8958,Domain,,csharp
class_8959,OrderManagerClass_8959,Domain,,csharp
class_8960,OrderManagerClass_8960,Domain,,csharp
class_8961,OrderManagerClass_8961,Domain,,csharp
class_8962,OrderManagerClass_8962,Domain,,csharp
class_8963,OrderManagerClass_8963,Domain,,csharp
class_8964,OrderManagerClass_8964,Domain,,csharp
class_8965,OrderManagerClass_8965,Domain,,csharp
class_8966,OrderManagerClass_8966,Domain,,csharp
class_8967,OrderManagerClass_8967,Domain,,csharp
class_8968,OrderManagerClass_8968,Domain,,csharp
class_8969,OrderManagerClass_8969,Domain,,csharp
class_8970,OrderManagerClass_8970,Domain,,csharp
class_8971,OrderManagerClass_8971,Domain,,csharp
class_8972,OrderManagerClass_8972,Domain,,csharp
class_8973,OrderManagerClass_8973,Domain,,csharp
class_8974,OrderManagerClass_8974,Domain,,csharp
class_8975,OrderManagerClass_8975,Domain,,csharp
class_8976,OrderManagerClass_8976,Domain,,csharp
class_8977,OrderManagerClass_8977,Domain,,csharp
class_8978,OrderManagerClass_8978,Domain,,csharp
class_8979,OrderManagerClass_8979,Domain,,csharp
class_8980,OrderManagerClass_8980,Domain,,csharp
class_8981,OrderManagerClass_8981,Domain,,csharp
class_8982,OrderManagerClass_8982,Domain,,csharp
class_8983,OrderManagerClass_8983,Domain,,csharp
class_8984,OrderManagerClass_8984,Domain,,csharp
class_8985,OrderManagerClass_8985,Domain,,csharp
class_8986,OrderManagerClass_8986,Domain,,csharp
class_8987,OrderManagerClass_8987,Domain,,csharp
class_8988,OrderManagerClass_8988,Domain,,csharp
class_8989,OrderManagerClass_8989,Domain,,csharp
class_8990,OrderManagerClass_8990,Domain,,csharp
class_8991,OrderManagerClass_8991,Domain,,csharp
class_8992,OrderManagerClass_8992,Domain,,csharp
class_8993,OrderManagerClass_8993,Domain,,csharp
class_8994,OrderManagerClass_8994,Domain,,csharp
class_8995,OrderManagerClass_8995,Domain,,csharp
class_8996,OrderManagerClass_8996,Domain,,csharp
class_8997,OrderManagerClass_8997,Domain,,csharp
class_8998,OrderManagerClass_8998,Domain,,csharp
class_8999,OrderManagerClass_8999,Domain,,csharp
class_9000,OrderManagerClass_9000,Domain,,csharp
class_9001,OrderManagerClass_9001,Domain,,csharp
class_9002,OrderManagerClass_9002,Domain,,csharp
class_9003,OrderManagerClass_9003,Domain,,csharp
class_9004,OrderManagerClass_9004,Domain,,csharp
class_9005,OrderManagerClass_9005,Domain,,csharp
class_9006,OrderManagerClass_9006,Domain,,csharp
class_9007,OrderManagerClass_9007,Domain,,csharp
class_9008,OrderManagerClass_9008,Domain,,csharp
class_9009,OrderManagerClass_9009,Domain,,csharp
class_9010,OrderManagerClass_9010,Domain,,csharp
class_9011,OrderManagerClass_9011,Domain,,csharp
class_9012,OrderManagerClass_9012,Domain,,csharp
class_9013,OrderManagerClass_9013,Domain,,csharp
class_9014,OrderManagerClass_9014,Domain,,csharp
class_9015,OrderManagerClass_9015,Domain,,csharp
class_9016,OrderManagerClass_9016,Domain,,csharp
class_9017,OrderManagerClass_9017,Domain,,csharp
class_9018,OrderManagerClass_9018,Domain,,csharp
class_9019,OrderManagerClass_9019,Domain,,csharp
class_9020,OrderManagerClass_9020,Domain,,csharp
class_9021,OrderManagerClass_9021,Domain,,csharp
class_9022,OrderManagerClass_9022,Domain,,csharp
class_9023,OrderManagerClass_9023,Domain,,csharp
class_9024,OrderManagerClass_9024,Domain,,csharp
class_9025,OrderManagerClass_9025,Domain,,csharp
class_9026,OrderManagerClass_9026,Domain,,csharp
class_9027,OrderManagerClass_9027,Domain,,csharp
class_9028,OrderManagerClass_9028,Domain,,csharp
class_9029,OrderManagerClass_9029,Domain,,csharp
class_9030,OrderManagerClass_9030,Domain,,csharp
class_9031,OrderManagerClass_9031,Domain,,csharp
class_9032,OrderManagerClass_9032,Domain,,csharp
class_9033,OrderManagerClass_9033,Domain,,csharp
class_9034,OrderManagerClass_9034,Domain,,csharp
class_9035,OrderManagerClass_9035,Domain,,csharp
class_9036,OrderManagerClass_9036,Domain,,csharp
class_9037,OrderManagerClass_9037,Domain,,csharp
class_9038,OrderManagerClass_9038,Domain,,csharp
class_9039,OrderManagerClass_9039,Domain,,csharp
class_9040,OrderManagerClass_9040,Domain,,csharp
class_9041,OrderManagerClass_9041,Domain,,csharp
class_9042,OrderManagerClass_9042,Domain,,csharp
class_9043,OrderManagerClass_9043,Domain,,csharp
class_9044,OrderManagerClass_9044,Domain,,csharp
class_9045,OrderManagerClass_9045,Domain,,csharp
class_9046,OrderManagerClass_9046,Domain,,csharp
class_9047,OrderManagerClass_9047,Domain,,csharp
class_9048,OrderManagerClass_9048,Domain,,csharp
class_9049,OrderManagerClass_9049,Domain,,csharp
class_9050,OrderManagerClass_9050,Domain,,csharp
class_9051,OrderManagerClass_9051,Domain,,csharp
class_9052,OrderManagerClass_9052,Domain,,csharp
class_9053,OrderManagerClass_9053,Domain,,csharp
class_9054,OrderManagerClass_9054,Domain,,csharp
class_9055,OrderManagerClass_9055,Domain,,csharp
class_9056,OrderManagerClass_9056,Domain,,csharp
class_9057,OrderManagerClass_9057,Domain,,csharp
class_9058,OrderManagerClass_9058,Domain,,csharp
class_9059,OrderManagerClass_9059,Domain,,csharp
class_9060,OrderManagerClass_9060,Domain,,csharp
class_9061,OrderManagerClass_9061,Domain,,csharp
class_9062,OrderManagerClass_9062,Domain,,csharp
class_9063,OrderManagerClass_9063,Domain,,csharp
class_9064,OrderManagerClass_9064,Domain,,csharp
class_9065,OrderManagerClass_9065,Domain,,csharp
class_9066,OrderManagerClass_9066,Domain,,csharp
class_9067,OrderManagerClass_9067,Domain,,csharp
class_9068,OrderManagerClass_9068,Domain,,csharp
class_9069,OrderManagerClass_9069,Domain,,csharp
class_9070,OrderManagerClass_9070,Domain,,csharp
class_9071,OrderManagerClass_9071,Domain,,csharp
class_9072,OrderManagerClass_9072,Domain,,csharp
class_9073,OrderManagerClass_9073,Domain,,csharp
class_9074,OrderManagerClass_9074,Domain,,csharp
class_9075,OrderManagerClass_9075,Domain,,csharp
class_9076,OrderManagerClass_9076,Domain,,csharp
class_9077,OrderManagerClass_9077,Domain,,csharp
class_9078,OrderManagerClass_9078,Domain,,csharp
class_9079,OrderManagerClass_9079,Domain,,csharp
class_9080,OrderManagerClass_9080,Domain,,csharp
class_9081,OrderManagerClass_9081,Domain,,csharp
class_9082,OrderManagerClass_9082,Domain,,csharp
class_9083,OrderManagerClass_9083,Domain,,csharp
class_9084,OrderManagerClass_9084,Domain,,csharp
class_9085,OrderManagerClass_9085,Domain,,csharp
class_9086,OrderManagerClass_9086,Domain,,csharp
class_9087,OrderManagerClass_9087,Domain,,csharp
class_9088,OrderManagerClass_9088,Domain,,csharp
class_9089,OrderManagerClass_9089,Domain,,csharp
class_9090,OrderManagerClass_9090,Domain,,csharp
class_9091,OrderManagerClass_9091,Domain,,csharp
class_9092,OrderManagerClass_9092,Domain,,csharp
class_9093,OrderManagerClass_9093,Domain,,csharp
class_9094,OrderManagerClass_9094,Domain,,csharp
class_9095,OrderManagerClass_9095,Domain,,csharp
class_9096,OrderManagerClass_9096,Domain,,csharp
class_9097,OrderManagerClass_9097,Domain,,csharp
class_9098,OrderManagerClass_9098,Domain,,csharp
class_9099,OrderManagerClass_9099,Domain,,csharp
class_9100,OrderManagerClass_9100,Domain,,csharp
class_9101,OrderManagerClass_9101,Domain,,csharp
class_9102,OrderManagerClass_9102,Domain,,csharp
class_9103,OrderManagerClass_9103,Domain,,csharp
class_9104,OrderManagerClass_9104,Domain,,csharp
class_9105,OrderManagerClass_9105,Domain,,csharp
class_9106,OrderManagerClass_9106,Domain,,csharp
class_9107,OrderManagerClass_9107,Domain,,csharp
class_9108,OrderManagerClass_9108,Domain,,csharp
class_9109,OrderManagerClass_9109,Domain,,csharp
class_9110,OrderManagerClass_9110,Domain,,csharp
class_9111,OrderManagerClass_9111,Domain,,csharp
class_9112,OrderManagerClass_9112,Domain,,csharp
class_9113,OrderManagerClass_9113,Domain,,csharp
class_9114,OrderManagerClass_9114,Domain,,csharp
class_9115,OrderManagerClass_9115,Domain,,csharp
class_9116,OrderManagerClass_9116,Domain,,csharp
class_9117,OrderManagerClass_9117,Domain,,csharp
class_9118,OrderManagerClass_9118,Domain,,csharp
class_9119,OrderManagerClass_9119,Domain,,csharp
class_9120,OrderManagerClass_9120,Domain,,csharp
class_9121,OrderManagerClass_9121,Domain,,csharp
class_9122,OrderManagerClass_9122,Domain,,csharp
class_9123,OrderManagerClass_9123,Domain,,csharp
class_9124,OrderManagerClass_9124,Domain,,csharp
class_9125,OrderManagerClass_9125,Domain,,csharp
class_9126,OrderManagerClass_9126,Domain,,csharp
class_9127,OrderManagerClass_9127,Domain,,csharp
class_9128,OrderManagerClass_9128,Domain,,csharp
class_9129,OrderManagerClass_9129,Domain,,csharp
class_9130,OrderManagerClass_9130,Domain,,csharp
class_9131,OrderManagerClass_9131,Domain,,csharp
class_9132,OrderManagerClass_9132,Domain,,csharp
class_9133,OrderManagerClass_9133,Domain,,csharp
class_9134,OrderManagerClass_9134,Domain,,csharp
class_9135,OrderManagerClass_9135,Domain,,csharp
class_9136,OrderManagerClass_9136,Domain,,csharp
class_9137,OrderManagerClass_9137,Domain,,csharp
class_9138,OrderManagerClass_9138,Domain,,csharp
class_9139,OrderManagerClass_9139,Domain,,csharp
class_9140,OrderManagerClass_9140,Domain,,csharp
class_9141,OrderManagerClass_9141,Domain,,csharp
class_9142,OrderManagerClass_9142,Domain,,csharp
class_9143,OrderManagerClass_9143,Domain,,csharp
class_9144,OrderManagerClass_9144,Domain,,csharp
class_9145,OrderManagerClass_9145,Domain,,csharp
class_9146,OrderManagerClass_9146,Domain,,csharp
class_9147,OrderManagerClass_9147,Domain,,csharp
class_9148,OrderManagerClass_9148,Domain,,csharp
class_9149,OrderManagerClass_9149,Domain,,csharp
class_9150,OrderManagerClass_9150,Domain,,csharp
class_9151,OrderManagerClass_9151,Domain,,csharp
class_9152,OrderManagerClass_9152,Domain,,csharp
class_9153,OrderManagerClass_9153,Domain,,csharp
class_9154,OrderManagerClass_9154,Domain,,csharp
class_9155,OrderManagerClass_9155,Domain,,csharp
class_9156,OrderManagerClass_9156,Domain,,csharp
class_9157,OrderManagerClass_9157,Domain,,csharp
class_9158,OrderManagerClass_9158,Domain,,csharp
class_9159,OrderManagerClass_9159,Domain,,csharp
class_9160,OrderManagerClass_9160,Domain,,csharp
class_9161,OrderManagerClass_9161,Domain,,csharp
class_9162,OrderManagerClass_9162,Domain,,csharp
class_9163,OrderManagerClass_9163,Domain,,csharp
class_9164,OrderManagerClass_9164,Domain,,csharp
class_9165,OrderManagerClass_9165,Domain,,csharp
class_9166,OrderManagerClass_9166,Domain,,csharp
class_9167,OrderManagerClass_9167,Domain,,csharp
class_9168,OrderManagerClass_9168,Domain,,csharp
class_9169,OrderManagerClass_9169,Domain,,csharp
class_9170,OrderManagerClass_9170,Domain,,csharp
class_9171,OrderManagerClass_9171,Domain,,csharp
class_9172,OrderManagerClass_9172,Domain,,csharp
class_9173,OrderManagerClass_9173,Domain,,csharp
class_9174,OrderManagerClass_9174,Domain,,csharp
class_9175,OrderManagerClass_9175,Domain,,csharp
class_9176,OrderManagerClass_9176,Domain,,csharp
class_9177,OrderManagerClass_9177,Domain,,csharp
class_9178,OrderManagerClass_9178,Domain,,csharp
class_9179,OrderManagerClass_9179,Domain,,csharp
class_9180,OrderManagerClass_9180,Domain,,csharp
class_9181,OrderManagerClass_9181,Domain,,csharp
class_9182,OrderManagerClass_9182,Domain,,csharp
class_9183,OrderManagerClass_9183,Domain,,csharp
class_9184,OrderManagerClass_9184,Domain,,csharp
class_9185,OrderManagerClass_9185,Domain,,csharp
class_9186,OrderManagerClass_9186,Domain,,csharp
class_9187,OrderManagerClass_9187,Domain,,csharp
class_9188,OrderManagerClass_9188,Domain,,csharp
class_9189,OrderManagerClass_9189,Domain,,csharp
class_9190,OrderManagerClass_9190,Domain,,csharp
class_9191,OrderManagerClass_9191,Domain,,csharp
class_9192,OrderManagerClass_9192,Domain,,csharp
class_9193,OrderManagerClass_9193,Domain,,csharp
class_9194,OrderManagerClass_9194,Domain,,csharp
class_9195,OrderManagerClass_9195,Domain,,csharp
class_9196,OrderManagerClass_9196,Domain,,csharp
class_9197,OrderManagerClass_9197,Domain,,csharp
class_9198,OrderManagerClass_9198,Domain,,csharp
class_9199,OrderManagerClass_9199,Domain,,csharp
class_9200,OrderManagerClass_9200,Domain,,csharp
class_9201,OrderManagerClass_9201,Domain,,csharp
class_9202,OrderManagerClass_9202,Domain,,csharp
class_9203,OrderManagerClass_9203,Domain,,csharp
class_9204,OrderManagerClass_9204,Domain,,csharp
class_9205,OrderManagerClass_9205,Domain,,csharp
class_9206,OrderManagerClass_9206,Domain,,csharp
class_9207,OrderManagerClass_9207,Domain,,csharp
class_9208,OrderManagerClass_9208,Domain,,csharp
class_9209,OrderManagerClass_9209,Domain,,csharp
class_9210,OrderManagerClass_9210,Domain,,csharp
class_9211,OrderManagerClass_9211,Domain,,csharp
class_9212,OrderManagerClass_9212,Domain,,csharp
class_9213,OrderManagerClass_9213,Domain,,csharp
class_9214,OrderManagerClass_9214,Domain,,csharp
class_9215,OrderManagerClass_9215,Domain,,csharp
class_9216,OrderManagerClass_9216,Domain,,csharp
class_9217,OrderManagerClass_9217,Domain,,csharp
class_9218,OrderManagerClass_9218,Domain,,csharp
class_9219,OrderManagerClass_9219,Domain,,csharp
class_9220,OrderManagerClass_9220,Domain,,csharp
class_9221,OrderManagerClass_9221,Domain,,csharp
class_9222,OrderManagerClass_9222,Domain,,csharp
class_9223,OrderManagerClass_9223,Domain,,csharp
class_9224,OrderManagerClass_9224,Domain,,csharp
class_9225,OrderManagerClass_9225,Domain,,csharp
class_9226,OrderManagerClass_9226,Domain,,csharp
class_9227,OrderManagerClass_9227,Domain,,csharp
class_9228,OrderManagerClass_9228,Domain,,csharp
class_9229,OrderManagerClass_9229,Domain,,csharp
class_9230,OrderManagerClass_9230,Domain,,csharp
class_9231,OrderManagerClass_9231,Domain,,csharp
class_9232,OrderManagerClass_9232,Domain,,csharp
class_9233,OrderManagerClass_9233,Domain,,csharp
class_9234,OrderManagerClass_9234,Domain,,csharp
class_9235,OrderManagerClass_9235,Domain,,csharp
class_9236,OrderManagerClass_9236,Domain,,csharp
class_9237,OrderManagerClass_9237,Domain,,csharp
class_9238,OrderManagerClass_9238,Domain,,csharp
class_9239,OrderManagerClass_9239,Domain,,csharp
class_9240,OrderManagerClass_9240,Domain,,csharp
class_9241,OrderManagerClass_9241,Domain,,csharp
class_9242,OrderManagerClass_9242,Domain,,csharp
class_9243,OrderManagerClass_9243,Domain,,csharp
class_9244,OrderManagerClass_9244,Domain,,csharp
class_9245,OrderManagerClass_9245,Domain,,csharp
class_9246,OrderManagerClass_9246,Domain,,csharp
class_9247,OrderManagerClass_9247,Domain,,csharp
class_9248,OrderManagerClass_9248,Domain,,csharp
class_9249,OrderManagerClass_9249,Domain,,csharp
class_9250,OrderManagerClass_9250,Domain,,csharp
class_9251,OrderManagerClass_9251,Domain,,csharp
class_9252,OrderManagerClass_9252,Domain,,csharp
class_9253,OrderManagerClass_9253,Domain,,csharp
class_9254,OrderManagerClass_9254,Domain,,csharp
class_9255,OrderManagerClass_9255,Domain,,csharp
class_9256,OrderManagerClass_9256,Domain,,csharp
class_9257,OrderManagerClass_9257,Domain,,csharp
class_9258,OrderManagerClass_9258,Domain,,csharp
class_9259,OrderManagerClass_9259,Domain,,csharp
class_9260,OrderManagerClass_9260,Domain,,csharp
class_9261,OrderManagerClass_9261,Domain,,csharp
class_9262,OrderManagerClass_9262,Domain,,csharp
class_9263,OrderManagerClass_9263,Domain,,csharp
class_9264,OrderManagerClass_9264,Domain,,csharp
class_9265,OrderManagerClass_9265,Domain,,csharp
class_9266,OrderManagerClass_9266,Domain,,csharp
class_9267,OrderManagerClass_9267,Domain,,csharp
class_9268,OrderManagerClass_9268,Domain,,csharp
class_9269,OrderManagerClass_9269,Domain,,csharp
class_9270,OrderManagerClass_9270,Domain,,csharp
class_9271,OrderManagerClass_9271,Domain,,csharp
class_9272,OrderManagerClass_9272,Domain,,csharp
class_9273,OrderManagerClass_9273,Domain,,csharp
class_9274,OrderManagerClass_9274,Domain,,csharp
class_9275,OrderManagerClass_9275,Domain,,csharp
class_9276,OrderManagerClass_9276,Domain,,csharp
class_9277,OrderManagerClass_9277,Domain,,csharp
class_9278,OrderManagerClass_9278,Domain,,csharp
class_9279,OrderManagerClass_9279,Domain,,csharp
class_9280,OrderManagerClass_9280,Domain,,csharp
class_9281,OrderManagerClass_9281,Domain,,csharp
class_9282,OrderManagerClass_9282,Domain,,csharp
class_9283,OrderManagerClass_9283,Domain,,csharp
class_9284,OrderManagerClass_9284,Domain,,csharp
class_9285,OrderManagerClass_9285,Domain,,csharp
class_9286,OrderManagerClass_9286,Domain,,csharp
class_9287,OrderManagerClass_9287,Domain,,csharp
class_9288,OrderManagerClass_9288,Domain,,csharp
class_9289,OrderManagerClass_9289,Domain,,csharp
class_9290,OrderManagerClass_9290,Domain,,csharp
class_9291,OrderManagerClass_9291,Domain,,csharp
class_9292,OrderManagerClass_9292,Domain,,csharp
class_9293,OrderManagerClass_9293,Domain,,csharp
class_9294,OrderManagerClass_9294,Domain,,csharp
class_9295,OrderManagerClass_9295,Domain,,csharp
class_9296,OrderManagerClass_9296,Domain,,csharp
class_9297,OrderManagerClass_9297,Domain,,csharp
class_9298,OrderManagerClass_9298,Domain,,csharp
class_9299,OrderManagerClass_9299,Domain,,csharp
class_9300,OrderManagerClass_9300,Domain,,csharp
class_9301,OrderManagerClass_9301,Domain,,csharp
class_9302,OrderManagerClass_9302,Domain,,csharp
class_9303,OrderManagerClass_9303,Domain,,csharp
class_9304,OrderManagerClass_9304,Domain,,csharp
class_9305,OrderManagerClass_9305,Domain,,csharp
class_9306,OrderManagerClass_9306,Domain,,csharp
class_9307,OrderManagerClass_9307,Domain,,csharp
class_9308,OrderManagerClass_9308,Domain,,csharp
class_9309,OrderManagerClass_9309,Domain,,csharp
class_9310,OrderManagerClass_9310,Domain,,csharp
class_9311,OrderManagerClass_9311,Domain,,csharp
class_9312,OrderManagerClass_9312,Domain,,csharp
class_9313,OrderManagerClass_9313,Domain,,csharp
class_9314,OrderManagerClass_9314,Domain,,csharp
class_9315,OrderManagerClass_9315,Domain,,csharp
class_9316,OrderManagerClass_9316,Domain,,csharp
class_9317,OrderManagerClass_9317,Domain,,csharp
class_9318,OrderManagerClass_9318,Domain,,csharp
class_9319,OrderManagerClass_9319,Domain,,csharp
class_9320,OrderManagerClass_9320,Domain,,csharp
class_9321,OrderManagerClass_9321,Domain,,csharp
class_9322,OrderManagerClass_9322,Domain,,csharp
class_9323,OrderManagerClass_9323,Domain,,csharp
class_9324,OrderManagerClass_9324,Domain,,csharp
class_9325,OrderManagerClass_9325,Domain,,csharp
class_9326,OrderManagerClass_9326,Domain,,csharp
class_9327,OrderManagerClass_9327,Domain,,csharp
class_9328,OrderManagerClass_9328,Domain,,csharp
class_9329,OrderManagerClass_9329,Domain,,csharp
class_9330,OrderManagerClass_9330,Domain,,csharp
class_9331,OrderManagerClass_9331,Domain,,csharp
class_9332,OrderManagerClass_9332,Domain,,csharp
class_9333,OrderManagerClass_9333,Domain,,csharp
class_9334,OrderManagerClass_9334,Domain,,csharp
class_9335,OrderManagerClass_9335,Domain,,csharp
class_9336,OrderManagerClass_9336,Domain,,csharp
class_9337,OrderManagerClass_9337,Domain,,csharp
class_9338,OrderManagerClass_9338,Domain,,csharp
class_9339,OrderManagerClass_9339,Domain,,csharp
class_9340,OrderManagerClass_9340,Domain,,csharp
class_9341,OrderManagerClass_9341,Domain,,csharp
class_9342,OrderManagerClass_9342,Domain,,csharp
class_9343,OrderManagerClass_9343,Domain,,csharp
class_9344,OrderManagerClass_9344,Domain,,csharp
class_9345,OrderManagerClass_9345,Domain,,csharp
class_9346,OrderManagerClass_9346,Domain,,csharp
class_9347,OrderManagerClass_9347,Domain,,csharp
class_9348,OrderManagerClass_9348,Domain,,csharp
class_9349,OrderManagerClass_9349,Domain,,csharp
class_9350,OrderManagerClass_9350,Domain,,csharp
class_9351,OrderManagerClass_9351,Domain,,csharp
class_9352,OrderManagerClass_9352,Domain,,csharp
class_9353,OrderManagerClass_9353,Domain,,csharp
class_9354,OrderManagerClass_9354,Domain,,csharp
class_9355,OrderManagerClass_9355,Domain,,csharp
class_9356,OrderManagerClass_9356,Domain,,csharp
class_9357,OrderManagerClass_9357,Domain,,csharp
class_9358,OrderManagerClass_9358,Domain,,csharp
class_9359,OrderManagerClass_9359,Domain,,csharp
class_9360,OrderManagerClass_9360,Domain,,csharp
class_9361,OrderManagerClass_9361,Domain,,csharp
class_9362,OrderManagerClass_9362,Domain,,csharp
class_9363,OrderManagerClass_9363,Domain,,csharp
class_9364,OrderManagerClass_9364,Domain,,csharp
class_9365,OrderManagerClass_9365,Domain,,csharp
class_9366,OrderManagerClass_9366,Domain,,csharp
class_9367,OrderManagerClass_9367,Domain,,csharp
class_9368,OrderManagerClass_9368,Domain,,csharp
class_9369,OrderManagerClass_9369,Domain,,csharp
class_9370,OrderManagerClass_9370,Domain,,csharp
class_9371,OrderManagerClass_9371,Domain,,csharp
class_9372,OrderManagerClass_9372,Domain,,csharp
class_9373,OrderManagerClass_9373,Domain,,csharp
class_9374,OrderManagerClass_9374,Domain,,csharp
class_9375,OrderManagerClass_9375,Domain,,csharp
class_9376,OrderManagerClass_9376,Domain,,csharp
class_9377,OrderManagerClass_9377,Domain,,csharp
class_9378,OrderManagerClass_9378,Domain,,csharp
class_9379,OrderManagerClass_9379,Domain,,csharp
class_9380,OrderManagerClass_9380,Domain,,csharp
class_9381,OrderManagerClass_9381,Domain,,csharp
class_9382,OrderManagerClass_9382,Domain,,csharp
class_9383,OrderManagerClass_9383,Domain,,csharp
class_9384,OrderManagerClass_9384,Domain,,csharp
class_9385,OrderManagerClass_9385,Domain,,csharp
class_9386,OrderManagerClass_9386,Domain,,csharp
class_9387,OrderManagerClass_9387,Domain,,csharp
class_9388,OrderManagerClass_9388,Domain,,csharp
class_9389,OrderManagerClass_9389,Domain,,csharp
class_9390,OrderManagerClass_9390,Domain,,csharp
class_9391,OrderManagerClass_9391,Domain,,csharp
class_9392,OrderManagerClass_9392,Domain,,csharp
class_9393,OrderManagerClass_9393,Domain,,csharp
class_9394,OrderManagerClass_9394,Domain,,csharp
class_9395,OrderManagerClass_9395,Domain,,csharp
class_9396,OrderManagerClass_9396,Domain,,csharp
class_9397,OrderManagerClass_9397,Domain,,csharp
class_9398,OrderManagerClass_9398,Domain,,csharp
class_9399,OrderManagerClass_9399,Domain,,csharp
class_9400,OrderManagerClass_9400,Domain,,csharp
class_9401,OrderManagerClass_9401,Domain,,csharp
class_9402,OrderManagerClass_9402,Domain,,csharp
class_9403,OrderManagerClass_9403,Domain,,csharp
class_9404,OrderManagerClass_9404,Domain,,csharp
class_9405,OrderManagerClass_9405,Domain,,csharp
class_9406,OrderManagerClass_9406,Domain,,csharp
class_9407,OrderManagerClass_9407,Domain,,csharp
class_9408,OrderManagerClass_9408,Domain,,csharp
class_9409,OrderManagerClass_9409,Domain,,csharp
class_9410,OrderManagerClass_9410,Domain,,csharp
class_9411,OrderManagerClass_9411,Domain,,csharp
class_9412,OrderManagerClass_9412,Domain,,csharp
class_9413,OrderManagerClass_9413,Domain,,csharp
class_9414,OrderManagerClass_9414,Domain,,csharp
class_9415,OrderManagerClass_9415,Domain,,csharp
class_9416,OrderManagerClass_9416,Domain,,csharp
class_9417,OrderManagerClass_9417,Domain,,csharp
class_9418,OrderManagerClass_9418,Domain,,csharp
class_9419,OrderManagerClass_9419,Domain,,csharp
class_9420,OrderManagerClass_9420,Domain,,csharp
class_9421,OrderManagerClass_9421,Domain,,csharp
class_9422,OrderManagerClass_9422,Domain,,csharp
class_9423,OrderManagerClass_9423,Domain,,csharp
class_9424,OrderManagerClass_9424,Domain,,csharp
class_9425,OrderManagerClass_9425,Domain,,csharp
class_9426,OrderManagerClass_9426,Domain,,csharp
class_9427,OrderManagerClass_9427,Domain,,csharp
class_9428,OrderManagerClass_9428,Domain,,csharp
class_9429,OrderManagerClass_9429,Domain,,csharp
class_9430,OrderManagerClass_9430,Domain,,csharp
class_9431,OrderManagerClass_9431,Domain,,csharp
class_9432,OrderManagerClass_9432,Domain,,csharp
class_9433,OrderManagerClass_9433,Domain,,csharp
class_9434,OrderManagerClass_9434,Domain,,csharp
class_9435,OrderManagerClass_9435,Domain,,csharp
class_9436,OrderManagerClass_9436,Domain,,csharp
class_9437,OrderManagerClass_9437,Domain,,csharp
class_9438,OrderManagerClass_9438,Domain,,csharp
class_9439,OrderManagerClass_9439,Domain,,csharp
class_9440,OrderManagerClass_9440,Domain,,csharp
class_9441,OrderManagerClass_9441,Domain,,csharp
class_9442,OrderManagerClass_9442,Domain,,csharp
class_9443,OrderManagerClass_9443,Domain,,csharp
class_9444,OrderManagerClass_9444,Domain,,csharp
class_9445,OrderManagerClass_9445,Domain,,csharp
class_9446,OrderManagerClass_9446,Domain,,csharp
class_9447,OrderManagerClass_9447,Domain,,csharp
class_9448,OrderManagerClass_9448,Domain,,csharp
class_9449,OrderManagerClass_9449,Domain,,csharp
class_9450,OrderManagerClass_9450,Domain,,csharp
class_9451,OrderManagerClass_9451,Domain,,csharp
class_9452,OrderManagerClass_9452,Domain,,csharp
class_9453,OrderManagerClass_9453,Domain,,csharp
class_9454,OrderManagerClass_9454,Domain,,csharp
class_9455,OrderManagerClass_9455,Domain,,csharp
class_9456,OrderManagerClass_9456,Domain,,csharp
class_9457,OrderManagerClass_9457,Domain,,csharp
class_9458,OrderManagerClass_9458,Domain,,csharp
class_9459,OrderManagerClass_9459,Domain,,csharp
class_9460,OrderManagerClass_9460,Domain,,csharp
class_9461,OrderManagerClass_9461,Domain,,csharp
class_9462,OrderManagerClass_9462,Domain,,csharp
class_9463,OrderManagerClass_9463,Domain,,csharp
class_9464,OrderManagerClass_9464,Domain,,csharp
class_9465,OrderManagerClass_9465,Domain,,csharp
class_9466,OrderManagerClass_9466,Domain,,csharp
class_9467,OrderManagerClass_9467,Domain,,csharp
class_9468,OrderManagerClass_9468,Domain,,csharp
class_9469,OrderManagerClass_9469,Domain,,csharp
class_9470,OrderManagerClass_9470,Domain,,csharp
class_9471,OrderManagerClass_9471,Domain,,csharp
class_9472,OrderManagerClass_9472,Domain,,csharp
class_9473,OrderManagerClass_9473,Domain,,csharp
class_9474,OrderManagerClass_9474,Domain,,csharp
class_9475,OrderManagerClass_9475,Domain,,csharp
class_9476,OrderManagerClass_9476,Domain,,csharp
class_9477,OrderManagerClass_9477,Domain,,csharp
class_9478,OrderManagerClass_9478,Domain,,csharp
class_9479,OrderManagerClass_9479,Domain,,csharp
class_9480,OrderManagerClass_9480,Domain,,csharp
class_9481,OrderManagerClass_9481,Domain,,csharp
class_9482,OrderManagerClass_9482,Domain,,csharp
class_9483,OrderManagerClass_9483,Domain,,csharp
class_9484,OrderManagerClass_9484,Domain,,csharp
class_9485,OrderManagerClass_9485,Domain,,csharp
class_9486,OrderManagerClass_9486,Domain,,csharp
class_9487,OrderManagerClass_9487,Domain,,csharp
class_9488,OrderManagerClass_9488,Domain,,csharp
class_9489,OrderManagerClass_9489,Domain,,csharp
class_9490,OrderManagerClass_9490,Domain,,csharp
class_9491,OrderManagerClass_9491,Domain,,csharp
class_9492,OrderManagerClass_9492,Domain,,csharp
class_9493,OrderManagerClass_9493,Domain,,csharp
class_9494,OrderManagerClass_9494,Domain,,csharp
class_9495,OrderManagerClass_9495,Domain,,csharp
class_9496,OrderManagerClass_9496,Domain,,csharp
class_9497,OrderManagerClass_9497,Domain,,csharp
class_9498,OrderManagerClass_9498,Domain,,csharp
class_9499,OrderManagerClass_9499,Domain,,csharp
class_9500,OrderManagerClass_9500,Domain,,csharp
class_9501,OrderManagerClass_9501,Domain,,csharp
class_9502,OrderManagerClass_9502,Domain,,csharp
class_9503,OrderManagerClass_9503,Domain,,csharp
class_9504,OrderManagerClass_9504,Domain,,csharp
class_9505,OrderManagerClass_9505,Domain,,csharp
class_9506,OrderManagerClass_9506,Domain,,csharp
class_9507,OrderManagerClass_9507,Domain,,csharp
class_9508,OrderManagerClass_9508,Domain,,csharp
class_9509,OrderManagerClass_9509,Domain,,csharp
class_9510,OrderManagerClass_9510,Domain,,csharp
class_9511,OrderManagerClass_9511,Domain,,csharp
class_9512,OrderManagerClass_9512,Domain,,csharp
class_9513,OrderManagerClass_9513,Domain,,csharp
class_9514,OrderManagerClass_9514,Domain,,csharp
class_9515,OrderManagerClass_9515,Domain,,csharp
class_9516,OrderManagerClass_9516,Domain,,csharp
class_9517,OrderManagerClass_9517,Domain,,csharp
class_9518,OrderManagerClass_9518,Domain,,csharp
class_9519,OrderManagerClass_9519,Domain,,csharp
class_9520,OrderManagerClass_9520,Domain,,csharp
class_9521,OrderManagerClass_9521,Domain,,csharp
class_9522,OrderManagerClass_9522,Domain,,csharp
class_9523,OrderManagerClass_9523,Domain,,csharp
class_9524,OrderManagerClass_9524,Domain,,csharp
class_9525,OrderManagerClass_9525,Domain,,csharp
class_9526,OrderManagerClass_9526,Domain,,csharp
class_9527,OrderManagerClass_9527,Domain,,csharp
class_9528,OrderManagerClass_9528,Domain,,csharp
class_9529,OrderManagerClass_9529,Domain,,csharp
class_9530,OrderManagerClass_9530,Domain,,csharp
class_9531,OrderManagerClass_9531,Domain,,csharp
class_9532,OrderManagerClass_9532,Domain,,csharp
class_9533,OrderManagerClass_9533,Domain,,csharp
class_9534,OrderManagerClass_9534,Domain,,csharp
class_9535,OrderManagerClass_9535,Domain,,csharp
class_9536,OrderManagerClass_9536,Domain,,csharp
class_9537,OrderManagerClass_9537,Domain,,csharp
class_9538,OrderManagerClass_9538,Domain,,csharp
class_9539,OrderManagerClass_9539,Domain,,csharp
class_9540,OrderManagerClass_9540,Domain,,csharp
class_9541,OrderManagerClass_9541,Domain,,csharp
class_9542,OrderManagerClass_9542,Domain,,csharp
class_9543,OrderManagerClass_9543,Domain,,csharp
class_9544,OrderManagerClass_9544,Domain,,csharp
class_9545,OrderManagerClass_9545,Domain,,csharp
class_9546,OrderManagerClass_9546,Domain,,csharp
class_9547,OrderManagerClass_9547,Domain,,csharp
class_9548,OrderManagerClass_9548,Domain,,csharp
class_9549,OrderManagerClass_9549,Domain,,csharp
class_9550,OrderManagerClass_9550,Domain,,csharp
class_9551,OrderManagerClass_9551,Domain,,csharp
class_9552,OrderManagerClass_9552,Domain,,csharp
class_9553,OrderManagerClass_9553,Domain,,csharp
class_9554,OrderManagerClass_9554,Domain,,csharp
class_9555,OrderManagerClass_9555,Domain,,csharp
class_9556,OrderManagerClass_9556,Domain,,csharp
class_9557,OrderManagerClass_9557,Domain,,csharp
class_9558,OrderManagerClass_9558,Domain,,csharp
class_9559,OrderManagerClass_9559,Domain,,csharp
class_9560,OrderManagerClass_9560,Domain,,csharp
class_9561,OrderManagerClass_9561,Domain,,csharp
class_9562,OrderManagerClass_9562,Domain,,csharp
class_9563,OrderManagerClass_9563,Domain,,csharp
class_9564,OrderManagerClass_9564,Domain,,csharp
class_9565,OrderManagerClass_9565,Domain,,csharp
class_9566,OrderManagerClass_9566,Domain,,csharp
class_9567,OrderManagerClass_9567,Domain,,csharp
class_9568,OrderManagerClass_9568,Domain,,csharp
class_9569,OrderManagerClass_9569,Domain,,csharp
class_9570,OrderManagerClass_9570,Domain,,csharp
class_9571,OrderManagerClass_9571,Domain,,csharp
class_9572,OrderManagerClass_9572,Domain,,csharp
class_9573,OrderManagerClass_9573,Domain,,csharp
class_9574,OrderManagerClass_9574,Domain,,csharp
class_9575,OrderManagerClass_9575,Domain,,csharp
class_9576,OrderManagerClass_9576,Domain,,csharp
class_9577,OrderManagerClass_9577,Domain,,csharp
class_9578,OrderManagerClass_9578,Domain,,csharp
class_9579,OrderManagerClass_9579,Domain,,csharp
class_9580,OrderManagerClass_9580,Domain,,csharp
class_9581,OrderManagerClass_9581,Domain,,csharp
class_9582,OrderManagerClass_9582,Domain,,csharp
class_9583,OrderManagerClass_9583,Domain,,csharp
class_9584,OrderManagerClass_9584,Domain,,csharp
class_9585,OrderManagerClass_9585,Domain,,csharp
class_9586,OrderManagerClass_9586,Domain,,csharp
class_9587,OrderManagerClass_9587,Domain,,csharp
class_9588,OrderManagerClass_9588,Domain,,csharp
class_9589,OrderManagerClass_9589,Domain,,csharp
class_9590,OrderManagerClass_9590,Domain,,csharp
class_9591,OrderManagerClass_9591,Domain,,csharp
class_9592,OrderManagerClass_9592,Domain,,csharp
class_9593,OrderManagerClass_9593,Domain,,csharp
class_9594,OrderManagerClass_9594,Domain,,csharp
class_9595,OrderManagerClass_9595,Domain,,csharp
class_9596,OrderManagerClass_9596,Domain,,csharp
class_9597,OrderManagerClass_9597,Domain,,csharp
class_9598,OrderManagerClass_9598,Domain,,csharp
class_9599,OrderManagerClass_9599,Domain,,csharp
class_9600,OrderManagerClass_9600,Domain,,csharp
class_9601,OrderManagerClass_9601,Domain,,csharp
class_9602,OrderManagerClass_9602,Domain,,csharp
class_9603,OrderManagerClass_9603,Domain,,csharp
class_9604,OrderManagerClass_9604,Domain,,csharp
class_9605,OrderManagerClass_9605,Domain,,csharp
class_9606,OrderManagerClass_9606,Domain,,csharp
class_9607,OrderManagerClass_9607,Domain,,csharp
class_9608,OrderManagerClass_9608,Domain,,csharp
class_9609,OrderManagerClass_9609,Domain,,csharp
class_9610,OrderManagerClass_9610,Domain,,csharp
class_9611,OrderManagerClass_9611,Domain,,csharp
class_9612,OrderManagerClass_9612,Domain,,csharp
class_9613,OrderManagerClass_9613,Domain,,csharp
class_9614,OrderManagerClass_9614,Domain,,csharp
class_9615,OrderManagerClass_9615,Domain,,csharp
class_9616,OrderManagerClass_9616,Domain,,csharp
class_9617,OrderManagerClass_9617,Domain,,csharp
class_9618,OrderManagerClass_9618,Domain,,csharp
class_9619,OrderManagerClass_9619,Domain,,csharp
class_9620,OrderManagerClass_9620,Domain,,csharp
class_9621,OrderManagerClass_9621,Domain,,csharp
class_9622,OrderManagerClass_9622,Domain,,csharp
class_9623,OrderManagerClass_9623,Domain,,csharp
class_9624,OrderManagerClass_9624,Domain,,csharp
class_9625,OrderManagerClass_9625,Domain,,csharp
class_9626,OrderManagerClass_9626,Domain,,csharp
class_9627,OrderManagerClass_9627,Domain,,csharp
class_9628,OrderManagerClass_9628,Domain,,csharp
class_9629,OrderManagerClass_9629,Domain,,csharp
class_9630,OrderManagerClass_9630,Domain,,csharp
class_9631,OrderManagerClass_9631,Domain,,csharp
class_9632,OrderManagerClass_9632,Domain,,csharp
class_9633,OrderManagerClass_9633,Domain,,csharp
class_9634,OrderManagerClass_9634,Domain,,csharp
class_9635,OrderManagerClass_9635,Domain,,csharp
class_9636,OrderManagerClass_9636,Domain,,csharp
class_9637,OrderManagerClass_9637,Domain,,csharp
class_9638,OrderManagerClass_9638,Domain,,csharp
class_9639,OrderManagerClass_9639,Domain,,csharp
class_9640,OrderManagerClass_9640,Domain,,csharp
class_9641,OrderManagerClass_9641,Domain,,csharp
class_9642,OrderManagerClass_9642,Domain,,csharp
class_9643,OrderManagerClass_9643,Domain,,csharp
class_9644,OrderManagerClass_9644,Domain,,csharp
class_9645,OrderManagerClass_9645,Domain,,csharp
class_9646,OrderManagerClass_9646,Domain,,csharp
class_9647,OrderManagerClass_9647,Domain,,csharp
class_9648,OrderManagerClass_9648,Domain,,csharp
class_9649,OrderManagerClass_9649,Domain,,csharp
class_9650,OrderManagerClass_9650,Domain,,csharp
class_9651,OrderManagerClass_9651,Domain,,csharp
class_9652,OrderManagerClass_9652,Domain,,csharp
class_9653,OrderManagerClass_9653,Domain,,csharp
class_9654,OrderManagerClass_9654,Domain,,csharp
class_9655,OrderManagerClass_9655,Domain,,csharp
class_9656,OrderManagerClass_9656,Domain,,csharp
class_9657,OrderManagerClass_9657,Domain,,csharp
class_9658,OrderManagerClass_9658,Domain,,csharp
class_9659,OrderManagerClass_9659,Domain,,csharp
class_9660,OrderManagerClass_9660,Domain,,csharp
class_9661,OrderManagerClass_9661,Domain,,csharp
class_9662,OrderManagerClass_9662,Domain,,csharp
class_9663,OrderManagerClass_9663,Domain,,csharp
class_9664,OrderManagerClass_9664,Domain,,csharp
class_9665,OrderManagerClass_9665,Domain,,csharp
class_9666,OrderManagerClass_9666,Domain,,csharp
class_9667,OrderManagerClass_9667,Domain,,csharp
class_9668,OrderManagerClass_9668,Domain,,csharp
class_9669,OrderManagerClass_9669,Domain,,csharp
class_9670,OrderManagerClass_9670,Domain,,csharp
class_9671,OrderManagerClass_9671,Domain,,csharp
class_9672,OrderManagerClass_9672,Domain,,csharp
class_9673,OrderManagerClass_9673,Domain,,csharp
class_9674,OrderManagerClass_9674,Domain,,csharp
class_9675,OrderManagerClass_9675,Domain,,csharp
class_9676,OrderManagerClass_9676,Domain,,csharp
class_9677,OrderManagerClass_9677,Domain,,csharp
class_9678,OrderManagerClass_9678,Domain,,csharp
class_9679,OrderManagerClass_9679,Domain,,csharp
class_9680,OrderManagerClass_9680,Domain,,csharp
class_9681,OrderManagerClass_9681,Domain,,csharp
class_9682,OrderManagerClass_9682,Domain,,csharp
class_9683,OrderManagerClass_9683,Domain,,csharp
class_9684,OrderManagerClass_9684,Domain,,csharp
class_9685,OrderManagerClass_9685,Domain,,csharp
class_9686,OrderManagerClass_9686,Domain,,csharp
class_9687,OrderManagerClass_9687,Domain,,csharp
class_9688,OrderManagerClass_9688,Domain,,csharp
class_9689,OrderManagerClass_9689,Domain,,csharp
class_9690,OrderManagerClass_9690,Domain,,csharp
class_9691,OrderManagerClass_9691,Domain,,csharp
class_9692,OrderManagerClass_9692,Domain,,csharp
class_9693,OrderManagerClass_9693,Domain,,csharp
class_9694,OrderManagerClass_9694,Domain,,csharp
class_9695,OrderManagerClass_9695,Domain,,csharp
class_9696,OrderManagerClass_9696,Domain,,csharp
class_9697,OrderManagerClass_9697,Domain,,csharp
class_9698,OrderManagerClass_9698,Domain,,csharp
class_9699,OrderManagerClass_9699,Domain,,csharp
class_9700,OrderManagerClass_9700,Domain,,csharp
class_9701,OrderManagerClass_9701,Domain,,csharp
class_9702,OrderManagerClass_9702,Domain,,csharp
class_9703,OrderManagerClass_9703,Domain,,csharp
class_9704,OrderManagerClass_9704,Domain,,csharp
class_9705,OrderManagerClass_9705,Domain,,csharp
class_9706,OrderManagerClass_9706,Domain,,csharp
class_9707,OrderManagerClass_9707,Domain,,csharp
class_9708,OrderManagerClass_9708,Domain,,csharp
class_9709,OrderManagerClass_9709,Domain,,csharp
class_9710,OrderManagerClass_9710,Domain,,csharp
class_9711,OrderManagerClass_9711,Domain,,csharp
class_9712,OrderManagerClass_9712,Domain,,csharp
class_9713,OrderManagerClass_9713,Domain,,csharp
class_9714,OrderManagerClass_9714,Domain,,csharp
class_9715,OrderManagerClass_9715,Domain,,csharp
class_9716,OrderManagerClass_9716,Domain,,csharp
class_9717,OrderManagerClass_9717,Domain,,csharp
class_9718,OrderManagerClass_9718,Domain,,csharp
class_9719,OrderManagerClass_9719,Domain,,csharp
class_9720,OrderManagerClass_9720,Domain,,csharp
class_9721,OrderManagerClass_9721,Domain,,csharp
class_9722,OrderManagerClass_9722,Domain,,csharp
class_9723,OrderManagerClass_9723,Domain,,csharp
class_9724,OrderManagerClass_9724,Domain,,csharp
class_9725,OrderManagerClass_9725,Domain,,csharp
class_9726,OrderManagerClass_9726,Domain,,csharp
class_9727,OrderManagerClass_9727,Domain,,csharp
class_9728,OrderManagerClass_9728,Domain,,csharp
class_9729,OrderManagerClass_9729,Domain,,csharp
class_9730,OrderManagerClass_9730,Domain,,csharp
class_9731,OrderManagerClass_9731,Domain,,csharp
class_9732,OrderManagerClass_9732,Domain,,csharp
class_9733,OrderManagerClass_9733,Domain,,csharp
class_9734,OrderManagerClass_9734,Domain,,csharp
class_9735,OrderManagerClass_9735,Domain,,csharp
class_9736,OrderManagerClass_9736,Domain,,csharp
class_9737,OrderManagerClass_9737,Domain,,csharp
class_9738,OrderManagerClass_9738,Domain,,csharp
class_9739,OrderManagerClass_9739,Domain,,csharp
class_9740,OrderManagerClass_9740,Domain,,csharp
class_9741,OrderManagerClass_9741,Domain,,csharp
class_9742,OrderManagerClass_9742,Domain,,csharp
class_9743,OrderManagerClass_9743,Domain,,csharp
class_9744,OrderManagerClass_9744,Domain,,csharp
class_9745,OrderManagerClass_9745,Domain,,csharp
class_9746,OrderManagerClass_9746,Domain,,csharp
class_9747,OrderManagerClass_9747,Domain,,csharp
class_9748,OrderManagerClass_9748,Domain,,csharp
class_9749,OrderManagerClass_9749,Domain,,csharp
class_9750,OrderManagerClass_9750,Domain,,csharp
class_9751,OrderManagerClass_9751,Domain,,csharp
class_9752,OrderManagerClass_9752,Domain,,csharp
class_9753,OrderManagerClass_9753,Domain,,csharp
class_9754,OrderManagerClass_9754,Domain,,csharp
class_9755,OrderManagerClass_9755,Domain,,csharp
class_9756,OrderManagerClass_9756,Domain,,csharp
class_9757,OrderManagerClass_9757,Domain,,csharp
class_9758,OrderManagerClass_9758,Domain,,csharp
class_9759,OrderManagerClass_9759,Domain,,csharp
class_9760,OrderManagerClass_9760,Domain,,csharp
class_9761,OrderManagerClass_9761,Domain,,csharp
class_9762,OrderManagerClass_9762,Domain,,csharp
class_9763,OrderManagerClass_9763,Domain,,csharp
class_9764,OrderManagerClass_9764,Domain,,csharp
class_9765,OrderManagerClass_9765,Domain,,csharp
class_9766,OrderManagerClass_9766,Domain,,csharp
class_9767,OrderManagerClass_9767,Domain,,csharp
class_9768,OrderManagerClass_9768,Domain,,csharp
class_9769,OrderManagerClass_9769,Domain,,csharp
class_9770,OrderManagerClass_9770,Domain,,csharp
class_9771,OrderManagerClass_9771,Domain,,csharp
class_9772,OrderManagerClass_9772,Domain,,csharp
class_9773,OrderManagerClass_9773,Domain,,csharp
class_9774,OrderManagerClass_9774,Domain,,csharp
class_9775,OrderManagerClass_9775,Domain,,csharp
class_9776,OrderManagerClass_9776,Domain,,csharp
class_9777,OrderManagerClass_9777,Domain,,csharp
class_9778,OrderManagerClass_9778,Domain,,csharp
class_9779,OrderManagerClass_9779,Domain,,csharp
class_9780,OrderManagerClass_9780,Domain,,csharp
class_9781,OrderManagerClass_9781,Domain,,csharp
class_9782,OrderManagerClass_9782,Domain,,csharp
class_9783,OrderManagerClass_9783,Domain,,csharp
class_9784,OrderManagerClass_9784,Domain,,csharp
class_9785,OrderManagerClass_9785,Domain,,csharp
class_9786,OrderManagerClass_9786,Domain,,csharp
class_9787,OrderManagerClass_9787,Domain,,csharp
class_9788,OrderManagerClass_9788,Domain,,csharp
class_9789,OrderManagerClass_9789,Domain,,csharp
class_9790,OrderManagerClass_9790,Domain,,csharp
class_9791,OrderManagerClass_9791,Domain,,csharp
class_9792,OrderManagerClass_9792,Domain,,csharp
class_9793,OrderManagerClass_9793,Domain,,csharp
class_9794,OrderManagerClass_9794,Domain,,csharp
class_9795,OrderManagerClass_9795,Domain,,csharp
class_9796,OrderManagerClass_9796,Domain,,csharp
class_9797,OrderManagerClass_9797,Domain,,csharp
class_9798,OrderManagerClass_9798,Domain,,csharp
class_9799,OrderManagerClass_9799,Domain,,csharp
class_9800,OrderManagerClass_9800,Domain,,csharp
class_9801,OrderManagerClass_9801,Domain,,csharp
class_9802,OrderManagerClass_9802,Domain,,csharp
class_9803,OrderManagerClass_9803,Domain,,csharp
class_9804,OrderManagerClass_9804,Domain,,csharp
class_9805,OrderManagerClass_9805,Domain,,csharp
class_9806,OrderManagerClass_9806,Domain,,csharp
class_9807,OrderManagerClass_9807,Domain,,csharp
class_9808,OrderManagerClass_9808,Domain,,csharp
class_9809,OrderManagerClass_9809,Domain,,csharp
class_9810,OrderManagerClass_9810,Domain,,csharp
class_9811,OrderManagerClass_9811,Domain,,csharp
class_9812,OrderManagerClass_9812,Domain,,csharp
class_9813,OrderManagerClass_9813,Domain,,csharp
class_9814,OrderManagerClass_9814,Domain,,csharp
class_9815,OrderManagerClass_9815,Domain,,csharp
class_9816,OrderManagerClass_9816,Domain,,csharp
class_9817,OrderManagerClass_9817,Domain,,csharp
class_9818,OrderManagerClass_9818,Domain,,csharp
class_9819,OrderManagerClass_9819,Domain,,csharp
class_9820,OrderManagerClass_9820,Domain,,csharp
class_9821,OrderManagerClass_9821,Domain,,csharp
class_9822,OrderManagerClass_9822,Domain,,csharp
class_9823,OrderManagerClass_9823,Domain,,csharp
class_9824,OrderManagerClass_9824,Domain,,csharp
class_9825,OrderManagerClass_9825,Domain,,csharp
class_9826,OrderManagerClass_9826,Domain,,csharp
class_9827,OrderManagerClass_9827,Domain,,csharp
class_9828,OrderManagerClass_9828,Domain,,csharp
class_9829,OrderManagerClass_9829,Domain,,csharp
class_9830,OrderManagerClass_9830,Domain,,csharp
class_9831,OrderManagerClass_9831,Domain,,csharp
class_9832,OrderManagerClass_9832,Domain,,csharp
class_9833,OrderManagerClass_9833,Domain,,csharp
class_9834,OrderManagerClass_9834,Domain,,csharp
class_9835,OrderManagerClass_9835,Domain,,csharp
class_9836,OrderManagerClass_9836,Domain,,csharp
class_9837,OrderManagerClass_9837,Domain,,csharp
class_9838,OrderManagerClass_9838,Domain,,csharp
class_9839,OrderManagerClass_9839,Domain,,csharp
class_9840,OrderManagerClass_9840,Domain,,csharp
class_9841,OrderManagerClass_9841,Domain,,csharp
class_9842,OrderManagerClass_9842,Domain,,csharp
class_9843,OrderManagerClass_9843,Domain,,csharp
class_9844,OrderManagerClass_9844,Domain,,csharp
class_9845,OrderManagerClass_9845,Domain,,csharp
class_9846,OrderManagerClass_9846,Domain,,csharp
class_9847,OrderManagerClass_9847,Domain,,csharp
class_9848,OrderManagerClass_9848,Domain,,csharp
class_9849,OrderManagerClass_9849,Domain,,csharp
class_9850,OrderManagerClass_9850,Domain,,csharp
class_9851,OrderManagerClass_9851,Domain,,csharp
class_9852,OrderManagerClass_9852,Domain,,csharp
class_9853,OrderManagerClass_9853,Domain,,csharp
class_9854,OrderManagerClass_9854,Domain,,csharp
class_9855,OrderManagerClass_9855,Domain,,csharp
class_9856,OrderManagerClass_9856,Domain,,csharp
class_9857,OrderManagerClass_9857,Domain,,csharp
class_9858,OrderManagerClass_9858,Domain,,csharp
class_9859,OrderManagerClass_9859,Domain,,csharp
class_9860,OrderManagerClass_9860,Domain,,csharp
class_9861,OrderManagerClass_9861,Domain,,csharp
class_9862,OrderManagerClass_9862,Domain,,csharp
class_9863,OrderManagerClass_9863,Domain,,csharp
class_9864,OrderManagerClass_9864,Domain,,csharp
class_9865,OrderManagerClass_9865,Domain,,csharp
class_9866,OrderManagerClass_9866,Domain,,csharp
class_9867,OrderManagerClass_9867,Domain,,csharp
class_9868,OrderManagerClass_9868,Domain,,csharp
class_9869,OrderManagerClass_9869,Domain,,csharp
class_9870,OrderManagerClass_9870,Domain,,csharp
class_9871,OrderManagerClass_9871,Domain,,csharp
class_9872,OrderManagerClass_9872,Domain,,csharp
class_9873,OrderManagerClass_9873,Domain,,csharp
class_9874,OrderManagerClass_9874,Domain,,csharp
class_9875,OrderManagerClass_9875,Domain,,csharp
class_9876,OrderManagerClass_9876,Domain,,csharp
class_9877,OrderManagerClass_9877,Domain,,csharp
class_9878,OrderManagerClass_9878,Domain,,csharp
class_9879,OrderManagerClass_9879,Domain,,csharp
class_9880,OrderManagerClass_9880,Domain,,csharp
class_9881,OrderManagerClass_9881,Domain,,csharp
class_9882,OrderManagerClass_9882,Domain,,csharp
class_9883,OrderManagerClass_9883,Domain,,csharp
class_9884,OrderManagerClass_9884,Domain,,csharp
class_9885,OrderManagerClass_9885,Domain,,csharp
class_9886,OrderManagerClass_9886,Domain,,csharp
class_9887,OrderManagerClass_9887,Domain,,csharp
class_9888,OrderManagerClass_9888,Domain,,csharp
class_9889,OrderManagerClass_9889,Domain,,csharp
class_9890,OrderManagerClass_9890,Domain,,csharp
class_9891,OrderManagerClass_9891,Domain,,csharp
class_9892,OrderManagerClass_9892,Domain,,csharp
class_9893,OrderManagerClass_9893,Domain,,csharp
class_9894,OrderManagerClass_9894,Domain,,csharp
class_9895,OrderManagerClass_9895,Domain,,csharp
class_9896,OrderManagerClass_9896,Domain,,csharp
class_9897,OrderManagerClass_9897,Domain,,csharp
class_9898,OrderManagerClass_9898,Domain,,csharp
class_9899,OrderManagerClass_9899,Domain,,csharp
class_9900,OrderManagerClass_9900,Domain,,csharp
class_9901,OrderManagerClass_9901,Domain,,csharp
class_9902,OrderManagerClass_9902,Domain,,csharp
class_9903,OrderManagerClass_9903,Domain,,csharp
class_9904,OrderManagerClass_9904,Domain,,csharp
class_9905,OrderManagerClass_9905,Domain,,csharp
class_9906,OrderManagerClass_9906,Domain,,csharp
class_9907,OrderManagerClass_9907,Domain,,csharp
class_9908,OrderManagerClass_9908,Domain,,csharp
class_9909,OrderManagerClass_9909,Domain,,csharp
class_9910,OrderManagerClass_9910,Domain,,csharp
class_9911,OrderManagerClass_9911,Domain,,csharp
class_9912,OrderManagerClass_9912,Domain,,csharp
class_9913,OrderManagerClass_9913,Domain,,csharp
class_9914,OrderManagerClass_9914,Domain,,csharp
class_9915,OrderManagerClass_9915,Domain,,csharp
class_9916,OrderManagerClass_9916,Domain,,csharp
class_9917,OrderManagerClass_9917,Domain,,csharp
class_9918,OrderManagerClass_9918,Domain,,csharp
class_9919,OrderManagerClass_9919,Domain,,csharp
class_9920,OrderManagerClass_9920,Domain,,csharp
class_9921,OrderManagerClass_9921,Domain,,csharp
class_9922,OrderManagerClass_9922,Domain,,csharp
class_9923,OrderManagerClass_9923,Domain,,csharp
class_9924,OrderManagerClass_9924,Domain,,csharp
class_9925,OrderManagerClass_9925,Domain,,csharp
class_9926,OrderManagerClass_9926,Domain,,csharp
class_9927,OrderManagerClass_9927,Domain,,csharp
class_9928,OrderManagerClass_9928,Domain,,csharp
class_9929,OrderManagerClass_9929,Domain,,csharp
class_9930,OrderManagerClass_9930,Domain,,csharp
class_9931,OrderManagerClass_9931,Domain,,csharp
class_9932,OrderManagerClass_9932,Domain,,csharp
class_9933,OrderManagerClass_9933,Domain,,csharp
class_9934,OrderManagerClass_9934,Domain,,csharp
class_9935,OrderManagerClass_9935,Domain,,csharp
class_9936,OrderManagerClass_9936,Domain,,csharp
class_9937,OrderManagerClass_9937,Domain,,csharp
class_9938,OrderManagerClass_9938,Domain,,csharp
class_9939,OrderManagerClass_9939,Domain,,csharp
class_9940,OrderManagerClass_9940,Domain,,csharp
class_9941,OrderManagerClass_9941,Domain,,csharp
class_9942,OrderManagerClass_9942,Domain,,csharp
class_9943,OrderManagerClass_9943,Domain,,csharp
class_9944,OrderManagerClass_9944,Domain,,csharp
class_9945,OrderManagerClass_9945,Domain,,csharp
class_9946,OrderManagerClass_9946,Domain,,csharp
class_9947,OrderManagerClass_9947,Domain,,csharp
class_9948,OrderManagerClass_9948,Domain,,csharp
class_9949,OrderManagerClass_9949,Domain,,csharp
class_9950,OrderManagerClass_9950,Domain,,csharp
class_9951,OrderManagerClass_9951,Domain,,csharp
class_9952,OrderManagerClass_9952,Domain,,csharp
class_9953,OrderManagerClass_9953,Domain,,csharp
class_9954,OrderManagerClass_9954,Domain,,csharp
class_9955,OrderManagerClass_9955,Domain,,csharp
class_9956,OrderManagerClass_9956,Domain,,csharp
class_9957,OrderManagerClass_9957,Domain,,csharp
class_9958,OrderManagerClass_9958,Domain,,csharp
class_9959,OrderManagerClass_9959,Domain,,csharp
class_9960,OrderManagerClass_9960,Domain,,csharp
class_9961,OrderManagerClass_9961,Domain,,csharp
class_9962,OrderManagerClass_9962,Domain,,csharp
class_9963,OrderManagerClass_9963,Domain,,csharp
class_9964,OrderManagerClass_9964,Domain,,csharp
class_9965,OrderManagerClass_9965,Domain,,csharp
class_9966,OrderManagerClass_9966,Domain,,csharp
class_9967,OrderManagerClass_9967,Domain,,csharp
class_9968,OrderManagerClass_9968,Domain,,csharp
class_9969,OrderManagerClass_9969,Domain,,csharp
class_9970,OrderManagerClass_9970,Domain,,csharp
class_9971,OrderManagerClass_9971,Domain,,csharp
class_9972,OrderManagerClass_9972,Domain,,csharp
class_9973,OrderManagerClass_9973,Domain,,csharp
class_9974,OrderManagerClass_9974,Domain,,csharp
class_9975,OrderManagerClass_9975,Domain,,csharp
class_9976,OrderManagerClass_9976,Domain,,csharp
class_9977,OrderManagerClass_9977,Domain,,csharp
class_9978,OrderManagerClass_9978,Domain,,csharp
class_9979,OrderManagerClass_9979,Domain,,csharp
class_9980,OrderManagerClass_9980,Domain,,csharp
class_9981,OrderManagerClass_9981,Domain,,csharp
class_9982,OrderManagerClass_9982,Domain,,csharp
class_9983,OrderManagerClass_9983,Domain,,csharp
class_9984,OrderManagerClass_9984,Domain,,csharp
class_9985,OrderManagerClass_9985,Domain,,csharp
class_9986,OrderManagerClass_9986,Domain,,csharp
class_9987,OrderManagerClass_9987,Domain,,csharp
class_9988,OrderManagerClass_9988,Domain,,csharp
class_9989,OrderManagerClass_9989,Domain,,csharp
class_9990,OrderManagerClass_9990,Domain,,csharp
class_9991,OrderManagerClass_9991,Domain,,csharp
class_9992,OrderManagerClass_9992,Domain,,csharp
class_9993,OrderManagerClass_9993,Domain,,csharp
class_9994,OrderManagerClass_9994,Domain,,csharp
class_9995,OrderManagerClass_9995,Domain,,csharp
class_9996,OrderManagerClass_9996,Domain,,csharp
class_9997,OrderManagerClass_9997,Domain,,csharp
class_9998,OrderManagerClass_9998,Domain,,csharp
class_9999,OrderManagerClass_9999,Domain,,csharp
class_10000,OrderManagerClass_10000,Domain,,csharp
class_10001,OrderManagerClass_10001,Domain,,csharp
class_10002,OrderManagerClass_10002,Domain,,csharp
class_10003,OrderManagerClass_10003,Domain,,csharp
class_10004,OrderManagerClass_10004,Domain,,csharp
class_10005,OrderManagerClass_10005,Domain,,csharp
class_10006,OrderManagerClass_10006,Domain,,csharp
class_10007,OrderManagerClass_10007,Domain,,csharp
class_10008,OrderManagerClass_10008,Domain,,csharp
class_10009,OrderManagerClass_10009,Domain,,csharp
class_10010,OrderManagerClass_10010,Domain,,csharp
class_10011,OrderManagerClass_10011,Domain,,csharp
class_10012,OrderManagerClass_10012,Domain,,csharp
class_10013,OrderManagerClass_10013,Domain,,csharp
class_10014,OrderManagerClass_10014,Domain,,csharp
class_10015,OrderManagerClass_10015,Domain,,csharp
class_10016,OrderManagerClass_10016,Domain,,csharp
class_10017,OrderManagerClass_10017,Domain,,csharp
class_10018,OrderManagerClass_10018,Domain,,csharp
class_10019,OrderManagerClass_10019,Domain,,csharp
class_10020,OrderManagerClass_10020,Domain,,csharp
class_10021,OrderManagerClass_10021,Domain,,csharp
class_10022,OrderManagerClass_10022,Domain,,csharp
class_10023,OrderManagerClass_10023,Domain,,csharp
class_10024,OrderManagerClass_10024,Domain,,csharp
class_10025,OrderManagerClass_10025,Domain,,csharp
class_10026,OrderManagerClass_10026,Domain,,csharp
class_10027,OrderManagerClass_10027,Domain,,csharp
class_10028,OrderManagerClass_10028,Domain,,csharp
class_10029,OrderManagerClass_10029,Domain,,csharp
class_10030,OrderManagerClass_10030,Domain,,csharp
class_10031,OrderManagerClass_10031,Domain,,csharp
class_10032,OrderManagerClass_10032,Domain,,csharp
class_10033,OrderManagerClass_10033,Domain,,csharp
class_10034,OrderManagerClass_10034,Domain,,csharp
class_10035,OrderManagerClass_10035,Domain,,csharp
class_10036,OrderManagerClass_10036,Domain,,csharp
class_10037,OrderManagerClass_10037,Domain,,csharp
class_10038,OrderManagerClass_10038,Domain,,csharp
class_10039,OrderManagerClass_10039,Domain,,csharp
class_10040,OrderManagerClass_10040,Domain,,csharp
class_10041,OrderManagerClass_10041,Domain,,csharp
class_10042,OrderManagerClass_10042,Domain,,csharp
class_10043,OrderManagerClass_10043,Domain,,csharp
class_10044,OrderManagerClass_10044,Domain,,csharp
class_10045,OrderManagerClass_10045,Domain,,csharp
class_10046,OrderManagerClass_10046,Domain,,csharp
class_10047,OrderManagerClass_10047,Domain,,csharp
class_10048,OrderManagerClass_10048,Domain,,csharp
class_10049,OrderManagerClass_10049,Domain,,csharp
class_10050,OrderManagerClass_10050,Domain,,csharp
class_10051,OrderManagerClass_10051,Domain,,csharp
class_10052,OrderManagerClass_10052,Domain,,csharp
class_10053,OrderManagerClass_10053,Domain,,csharp
class_10054,OrderManagerClass_10054,Domain,,csharp
class_10055,OrderManagerClass_10055,Domain,,csharp
class_10056,OrderManagerClass_10056,Domain,,csharp
class_10057,OrderManagerClass_10057,Domain,,csharp
class_10058,OrderManagerClass_10058,Domain,,csharp
class_10059,OrderManagerClass_10059,Domain,,csharp
class_10060,OrderManagerClass_10060,Domain,,csharp
class_10061,OrderManagerClass_10061,Domain,,csharp
class_10062,OrderManagerClass_10062,Domain,,csharp
class_10063,OrderManagerClass_10063,Domain,,csharp
class_10064,OrderManagerClass_10064,Domain,,csharp
class_10065,OrderManagerClass_10065,Domain,,csharp
class_10066,OrderManagerClass_10066,Domain,,csharp
class_10067,OrderManagerClass_10067,Domain,,csharp
class_10068,OrderManagerClass_10068,Domain,,csharp
class_10069,OrderManagerClass_10069,Domain,,csharp
class_10070,OrderManagerClass_10070,Domain,,csharp
class_10071,OrderManagerClass_10071,Domain,,csharp
class_10072,OrderManagerClass_10072,Domain,,csharp
class_10073,OrderManagerClass_10073,Domain,,csharp
class_10074,OrderManagerClass_10074,Domain,,csharp
class_10075,OrderManagerClass_10075,Domain,,csharp
class_10076,OrderManagerClass_10076,Domain,,csharp
class_10077,OrderManagerClass_10077,Domain,,csharp
class_10078,OrderManagerClass_10078,Domain,,csharp
class_10079,OrderManagerClass_10079,Domain,,csharp
class_10080,OrderManagerClass_10080,Domain,,csharp
class_10081,OrderManagerClass_10081,Domain,,csharp
class_10082,OrderManagerClass_10082,Domain,,csharp
class_10083,OrderManagerClass_10083,Domain,,csharp
class_10084,OrderManagerClass_10084,Domain,,csharp
class_10085,OrderManagerClass_10085,Domain,,csharp
class_10086,OrderManagerClass_10086,Domain,,csharp
class_10087,OrderManagerClass_10087,Domain,,csharp
class_10088,OrderManagerClass_10088,Domain,,csharp
class_10089,OrderManagerClass_10089,Domain,,csharp
class_10090,OrderManagerClass_10090,Domain,,csharp
class_10091,OrderManagerClass_10091,Domain,,csharp
class_10092,OrderManagerClass_10092,Domain,,csharp
class_10093,OrderManagerClass_10093,Domain,,csharp
class_10094,OrderManagerClass_10094,Domain,,csharp
class_10095,OrderManagerClass_10095,Domain,,csharp
class_10096,OrderManagerClass_10096,Domain,,csharp
class_10097,OrderManagerClass_10097,Domain,,csharp
class_10098,OrderManagerClass_10098,Domain,,csharp
class_10099,OrderManagerClass_10099,Domain,,csharp
class_10100,OrderManagerClass_10100,Domain,,csharp
class_10101,OrderManagerClass_10101,Domain,,csharp
class_10102,OrderManagerClass_10102,Domain,,csharp
class_10103,OrderManagerClass_10103,Domain,,csharp
class_10104,OrderManagerClass_10104,Domain,,csharp
class_10105,OrderManagerClass_10105,Domain,,csharp
class_10106,OrderManagerClass_10106,Domain,,csharp
class_10107,OrderManagerClass_10107,Domain,,csharp
class_10108,OrderManagerClass_10108,Domain,,csharp
class_10109,OrderManagerClass_10109,Domain,,csharp
class_10110,OrderManagerClass_10110,Domain,,csharp
class_10111,OrderManagerClass_10111,Domain,,csharp
class_10112,OrderManagerClass_10112,Domain,,csharp
class_10113,OrderManagerClass_10113,Domain,,csharp
class_10114,OrderManagerClass_10114,Domain,,csharp
class_10115,OrderManagerClass_10115,Domain,,csharp
class_10116,OrderManagerClass_10116,Domain,,csharp
class_10117,OrderManagerClass_10117,Domain,,csharp
class_10118,OrderManagerClass_10118,Domain,,csharp
class_10119,OrderManagerClass_10119,Domain,,csharp
class_10120,OrderManagerClass_10120,Domain,,csharp
class_10121,OrderManagerClass_10121,Domain,,csharp
class_10122,OrderManagerClass_10122,Domain,,csharp
class_10123,OrderManagerClass_10123,Domain,,csharp
class_10124,OrderManagerClass_10124,Domain,,csharp
class_10125,OrderManagerClass_10125,Domain,,csharp
class_10126,OrderManagerClass_10126,Domain,,csharp
class_10127,OrderManagerClass_10127,Domain,,csharp
class_10128,OrderManagerClass_10128,Domain,,csharp
class_10129,OrderManagerClass_10129,Domain,,csharp
class_10130,OrderManagerClass_10130,Domain,,csharp
class_10131,OrderManagerClass_10131,Domain,,csharp
class_10132,OrderManagerClass_10132,Domain,,csharp
class_10133,OrderManagerClass_10133,Domain,,csharp
class_10134,OrderManagerClass_10134,Domain,,csharp
class_10135,OrderManagerClass_10135,Domain,,csharp
class_10136,OrderManagerClass_10136,Domain,,csharp
class_10137,OrderManagerClass_10137,Domain,,csharp
class_10138,OrderManagerClass_10138,Domain,,csharp
class_10139,OrderManagerClass_10139,Domain,,csharp
class_10140,OrderManagerClass_10140,Domain,,csharp
class_10141,OrderManagerClass_10141,Domain,,csharp
class_10142,OrderManagerClass_10142,Domain,,csharp
class_10143,OrderManagerClass_10143,Domain,,csharp
class_10144,OrderManagerClass_10144,Domain,,csharp
class_10145,OrderManagerClass_10145,Domain,,csharp
class_10146,OrderManagerClass_10146,Domain,,csharp
class_10147,OrderManagerClass_10147,Domain,,csharp
class_10148,OrderManagerClass_10148,Domain,,csharp
class_10149,OrderManagerClass_10149,Domain,,csharp
class_10150,OrderManagerClass_10150,Domain,,csharp
class_10151,OrderManagerClass_10151,Domain,,csharp
class_10152,OrderManagerClass_10152,Domain,,csharp
class_10153,OrderManagerClass_10153,Domain,,csharp
class_10154,OrderManagerClass_10154,Domain,,csharp
class_10155,OrderManagerClass_10155,Domain,,csharp
class_10156,OrderManagerClass_10156,Domain,,csharp
class_10157,OrderManagerClass_10157,Domain,,csharp
class_10158,OrderManagerClass_10158,Domain,,csharp
class_10159,OrderManagerClass_10159,Domain,,csharp
class_10160,OrderManagerClass_10160,Domain,,csharp
class_10161,OrderManagerClass_10161,Domain,,csharp
class_10162,OrderManagerClass_10162,Domain,,csharp
class_10163,OrderManagerClass_10163,Domain,,csharp
class_10164,OrderManagerClass_10164,Domain,,csharp
class_10165,OrderManagerClass_10165,Domain,,csharp
class_10166,OrderManagerClass_10166,Domain,,csharp
class_10167,OrderManagerClass_10167,Domain,,csharp
class_10168,OrderManagerClass_10168,Domain,,csharp
class_10169,OrderManagerClass_10169,Domain,,csharp
class_10170,OrderManagerClass_10170,Domain,,csharp
class_10171,OrderManagerClass_10171,Domain,,csharp
class_10172,OrderManagerClass_10172,Domain,,csharp
class_10173,OrderManagerClass_10173,Domain,,csharp
class_10174,OrderManagerClass_10174,Domain,,csharp
class_10175,OrderManagerClass_10175,Domain,,csharp
class_10176,OrderManagerClass_10176,Domain,,csharp
class_10177,OrderManagerClass_10177,Domain,,csharp
class_10178,OrderManagerClass_10178,Domain,,csharp
class_10179,OrderManagerClass_10179,Domain,,csharp
class_10180,OrderManagerClass_10180,Domain,,csharp
class_10181,OrderManagerClass_10181,Domain,,csharp
class_10182,OrderManagerClass_10182,Domain,,csharp
class_10183,OrderManagerClass_10183,Domain,,csharp
class_10184,OrderManagerClass_10184,Domain,,csharp
class_10185,OrderManagerClass_10185,Domain,,csharp
class_10186,OrderManagerClass_10186,Domain,,csharp
class_10187,OrderManagerClass_10187,Domain,,csharp
class_10188,OrderManagerClass_10188,Domain,,csharp
class_10189,OrderManagerClass_10189,Domain,,csharp
class_10190,OrderManagerClass_10190,Domain,,csharp
class_10191,OrderManagerClass_10191,Domain,,csharp
class_10192,OrderManagerClass_10192,Domain,,csharp
class_10193,OrderManagerClass_10193,Domain,,csharp
class_10194,OrderManagerClass_10194,Domain,,csharp
class_10195,OrderManagerClass_10195,Domain,,csharp
class_10196,OrderManagerClass_10196,Domain,,csharp
class_10197,OrderManagerClass_10197,Domain,,csharp
class_10198,OrderManagerClass_10198,Domain,,csharp
class_10199,OrderManagerClass_10199,Domain,,csharp
class_10200,OrderManagerClass_10200,Domain,,csharp
class_10201,OrderManagerClass_10201,Domain,,csharp
class_10202,OrderManagerClass_10202,Domain,,csharp
class_10203,OrderManagerClass_10203,Domain,,csharp
class_10204,OrderManagerClass_10204,Domain,,csharp
class_10205,OrderManagerClass_10205,Domain,,csharp
class_10206,OrderManagerClass_10206,Domain,,csharp
class_10207,OrderManagerClass_10207,Domain,,csharp
class_10208,OrderManagerClass_10208,Domain,,csharp
class_10209,OrderManagerClass_10209,Domain,,csharp
class_10210,OrderManagerClass_10210,Domain,,csharp
class_10211,OrderManagerClass_10211,Domain,,csharp
class_10212,OrderManagerClass_10212,Domain,,csharp
class_10213,OrderManagerClass_10213,Domain,,csharp
class_10214,OrderManagerClass_10214,Domain,,csharp
class_10215,OrderManagerClass_10215,Domain,,csharp
class_10216,OrderManagerClass_10216,Domain,,csharp
class_10217,OrderManagerClass_10217,Domain,,csharp
class_10218,OrderManagerClass_10218,Domain,,csharp
class_10219,OrderManagerClass_10219,Domain,,csharp
class_10220,OrderManagerClass_10220,Domain,,csharp
class_10221,OrderManagerClass_10221,Domain,,csharp
class_10222,OrderManagerClass_10222,Domain,,csharp
class_10223,OrderManagerClass_10223,Domain,,csharp
class_10224,OrderManagerClass_10224,Domain,,csharp
class_10225,OrderManagerClass_10225,Domain,,csharp
class_10226,OrderManagerClass_10226,Domain,,csharp
class_10227,OrderManagerClass_10227,Domain,,csharp
class_10228,OrderManagerClass_10228,Domain,,csharp
class_10229,OrderManagerClass_10229,Domain,,csharp
class_10230,OrderManagerClass_10230,Domain,,csharp
class_10231,OrderManagerClass_10231,Domain,,csharp
class_10232,OrderManagerClass_10232,Domain,,csharp
class_10233,OrderManagerClass_10233,Domain,,csharp
class_10234,OrderManagerClass_10234,Domain,,csharp
class_10235,OrderManagerClass_10235,Domain,,csharp
class_10236,OrderManagerClass_10236,Domain,,csharp
class_10237,OrderManagerClass_10237,Domain,,csharp
class_10238,OrderManagerClass_10238,Domain,,csharp
class_10239,OrderManagerClass_10239,Domain,,csharp
class_10240,OrderManagerClass_10240,Domain,,csharp
class_10241,OrderManagerClass_10241,Domain,,csharp
class_10242,OrderManagerClass_10242,Domain,,csharp
class_10243,OrderManagerClass_10243,Domain,,csharp
class_10244,OrderManagerClass_10244,Domain,,csharp
class_10245,OrderManagerClass_10245,Domain,,csharp
class_10246,OrderManagerClass_10246,Domain,,csharp
class_10247,OrderManagerClass_10247,Domain,,csharp
class_10248,OrderManagerClass_10248,Domain,,csharp
class_10249,OrderManagerClass_10249,Domain,,csharp
class_10250,OrderManagerClass_10250,Domain,,csharp
class_10251,OrderManagerClass_10251,Domain,,csharp
class_10252,OrderManagerClass_10252,Domain,,csharp
class_10253,OrderManagerClass_10253,Domain,,csharp
class_10254,OrderManagerClass_10254,Domain,,csharp
class_10255,OrderManagerClass_10255,Domain,,csharp
class_10256,OrderManagerClass_10256,Domain,,csharp
class_10257,OrderManagerClass_10257,Domain,,csharp
class_10258,OrderManagerClass_10258,Domain,,csharp
class_10259,OrderManagerClass_10259,Domain,,csharp
class_10260,OrderManagerClass_10260,Domain,,csharp
class_10261,OrderManagerClass_10261,Domain,,csharp
class_10262,OrderManagerClass_10262,Domain,,csharp
class_10263,OrderManagerClass_10263,Domain,,csharp
class_10264,OrderManagerClass_10264,Domain,,csharp
class_10265,OrderManagerClass_10265,Domain,,csharp
class_10266,OrderManagerClass_10266,Domain,,csharp
class_10267,OrderManagerClass_10267,Domain,,csharp
class_10268,OrderManagerClass_10268,Domain,,csharp
class_10269,OrderManagerClass_10269,Domain,,csharp
class_10270,OrderManagerClass_10270,Domain,,csharp
class_10271,OrderManagerClass_10271,Domain,,csharp
class_10272,OrderManagerClass_10272,Domain,,csharp
class_10273,OrderManagerClass_10273,Domain,,csharp
class_10274,OrderManagerClass_10274,Domain,,csharp
class_10275,OrderManagerClass_10275,Domain,,csharp
class_10276,OrderManagerClass_10276,Domain,,csharp
class_10277,OrderManagerClass_10277,Domain,,csharp
class_10278,OrderManagerClass_10278,Domain,,csharp
class_10279,OrderManagerClass_10279,Domain,,csharp
class_10280,OrderManagerClass_10280,Domain,,csharp
class_10281,OrderManagerClass_10281,Domain,,csharp
class_10282,OrderManagerClass_10282,Domain,,csharp
class_10283,OrderManagerClass_10283,Domain,,csharp
class_10284,OrderManagerClass_10284,Domain,,csharp
class_10285,OrderManagerClass_10285,Domain,,csharp
class_10286,OrderManagerClass_10286,Domain,,csharp
class_10287,OrderManagerClass_10287,Domain,,csharp
class_10288,OrderManagerClass_10288,Domain,,csharp
class_10289,OrderManagerClass_10289,Domain,,csharp
class_10290,OrderManagerClass_10290,Domain,,csharp
class_10291,OrderManagerClass_10291,Domain,,csharp
class_10292,OrderManagerClass_10292,Domain,,csharp
class_10293,OrderManagerClass_10293,Domain,,csharp
class_10294,OrderManagerClass_10294,Domain,,csharp
class_10295,OrderManagerClass_10295,Domain,,csharp
class_10296,OrderManagerClass_10296,Domain,,csharp
class_10297,OrderManagerClass_10297,Domain,,csharp
class_10298,OrderManagerClass_10298,Domain,,csharp
class_10299,OrderManagerClass_10299,Domain,,csharp
class_10300,OrderManagerClass_10300,Domain,,csharp
class_10301,OrderManagerClass_10301,Domain,,csharp
class_10302,OrderManagerClass_10302,Domain,,csharp
class_10303,OrderManagerClass_10303,Domain,,csharp
class_10304,OrderManagerClass_10304,Domain,,csharp
class_10305,OrderManagerClass_10305,Domain,,csharp
class_10306,OrderManagerClass_10306,Domain,,csharp
class_10307,OrderManagerClass_10307,Domain,,csharp
class_10308,OrderManagerClass_10308,Domain,,csharp
class_10309,OrderManagerClass_10309,Domain,,csharp
class_10310,OrderManagerClass_10310,Domain,,csharp
class_10311,OrderManagerClass_10311,Domain,,csharp
class_10312,OrderManagerClass_10312,Domain,,csharp
class_10313,OrderManagerClass_10313,Domain,,csharp
class_10314,OrderManagerClass_10314,Domain,,csharp
class_10315,OrderManagerClass_10315,Domain,,csharp
class_10316,OrderManagerClass_10316,Domain,,csharp
class_10317,OrderManagerClass_10317,Domain,,csharp
class_10318,OrderManagerClass_10318,Domain,,csharp
class_10319,OrderManagerClass_10319,Domain,,csharp
class_10320,OrderManagerClass_10320,Domain,,csharp
class_10321,OrderManagerClass_10321,Domain,,csharp
class_10322,OrderManagerClass_10322,Domain,,csharp
class_10323,OrderManagerClass_10323,Domain,,csharp
class_10324,OrderManagerClass_10324,Domain,,csharp
class_10325,OrderManagerClass_10325,Domain,,csharp
class_10326,OrderManagerClass_10326,Domain,,csharp
class_10327,OrderManagerClass_10327,Domain,,csharp
class_10328,OrderManagerClass_10328,Domain,,csharp
class_10329,OrderManagerClass_10329,Domain,,csharp
class_10330,OrderManagerClass_10330,Domain,,csharp
class_10331,OrderManagerClass_10331,Domain,,csharp
class_10332,OrderManagerClass_10332,Domain,,csharp
class_10333,OrderManagerClass_10333,Domain,,csharp
class_10334,OrderManagerClass_10334,Domain,,csharp
class_10335,OrderManagerClass_10335,Domain,,csharp
class_10336,OrderManagerClass_10336,Domain,,csharp
class_10337,OrderManagerClass_10337,Domain,,csharp
class_10338,OrderManagerClass_10338,Domain,,csharp
class_10339,OrderManagerClass_10339,Domain,,csharp
class_10340,OrderManagerClass_10340,Domain,,csharp
class_10341,OrderManagerClass_10341,Domain,,csharp
class_10342,OrderManagerClass_10342,Domain,,csharp
class_10343,OrderManagerClass_10343,Domain,,csharp
class_10344,OrderManagerClass_10344,Domain,,csharp
class_10345,OrderManagerClass_10345,Domain,,csharp
class_10346,OrderManagerClass_10346,Domain,,csharp
class_10347,OrderManagerClass_10347,Domain,,csharp
class_10348,OrderManagerClass_10348,Domain,,csharp
class_10349,OrderManagerClass_10349,Domain,,csharp
class_10350,OrderManagerClass_10350,Domain,,csharp
class_10351,OrderManagerClass_10351,Domain,,csharp
class_10352,OrderManagerClass_10352,Domain,,csharp
class_10353,OrderManagerClass_10353,Domain,,csharp
class_10354,OrderManagerClass_10354,Domain,,csharp
class_10355,OrderManagerClass_10355,Domain,,csharp
class_10356,OrderManagerClass_10356,Domain,,csharp
class_10357,OrderManagerClass_10357,Domain,,csharp
class_10358,OrderManagerClass_10358,Domain,,csharp
class_10359,OrderManagerClass_10359,Domain,,csharp
class_10360,OrderManagerClass_10360,Domain,,csharp
class_10361,OrderManagerClass_10361,Domain,,csharp
class_10362,OrderManagerClass_10362,Domain,,csharp
class_10363,OrderManagerClass_10363,Domain,,csharp
class_10364,OrderManagerClass_10364,Domain,,csharp
class_10365,OrderManagerClass_10365,Domain,,csharp
class_10366,OrderManagerClass_10366,Domain,,csharp
class_10367,OrderManagerClass_10367,Domain,,csharp
class_10368,OrderManagerClass_10368,Domain,,csharp
class_10369,OrderManagerClass_10369,Domain,,csharp
class_10370,OrderManagerClass_10370,Domain,,csharp
class_10371,OrderManagerClass_10371,Domain,,csharp
class_10372,OrderManagerClass_10372,Domain,,csharp
class_10373,OrderManagerClass_10373,Domain,,csharp
class_10374,OrderManagerClass_10374,Domain,,csharp
class_10375,OrderManagerClass_10375,Domain,,csharp
class_10376,OrderManagerClass_10376,Domain,,csharp
class_10377,OrderManagerClass_10377,Domain,,csharp
class_10378,OrderManagerClass_10378,Domain,,csharp
class_10379,OrderManagerClass_10379,Domain,,csharp
class_10380,OrderManagerClass_10380,Domain,,csharp
class_10381,OrderManagerClass_10381,Domain,,csharp
class_10382,OrderManagerClass_10382,Domain,,csharp
class_10383,OrderManagerClass_10383,Domain,,csharp
class_10384,OrderManagerClass_10384,Domain,,csharp
class_10385,OrderManagerClass_10385,Domain,,csharp
class_10386,OrderManagerClass_10386,Domain,,csharp
class_10387,OrderManagerClass_10387,Domain,,csharp
class_10388,OrderManagerClass_10388,Domain,,csharp
class_10389,OrderManagerClass_10389,Domain,,csharp
class_10390,OrderManagerClass_10390,Domain,,csharp
class_10391,OrderManagerClass_10391,Domain,,csharp
class_10392,OrderManagerClass_10392,Domain,,csharp
class_10393,OrderManagerClass_10393,Domain,,csharp
class_10394,OrderManagerClass_10394,Domain,,csharp
class_10395,OrderManagerClass_10395,Domain,,csharp
class_10396,OrderManagerClass_10396,Domain,,csharp
class_10397,OrderManagerClass_10397,Domain,,csharp
class_10398,OrderManagerClass_10398,Domain,,csharp
class_10399,OrderManagerClass_10399,Domain,,csharp
class_10400,OrderManagerClass_10400,Domain,,csharp
class_10401,OrderManagerClass_10401,Domain,,csharp
class_10402,OrderManagerClass_10402,Domain,,csharp
class_10403,OrderManagerClass_10403,Domain,,csharp
class_10404,OrderManagerClass_10404,Domain,,csharp
class_10405,OrderManagerClass_10405,Domain,,csharp
class_10406,OrderManagerClass_10406,Domain,,csharp
class_10407,OrderManagerClass_10407,Domain,,csharp
class_10408,OrderManagerClass_10408,Domain,,csharp
class_10409,OrderManagerClass_10409,Domain,,csharp
class_10410,OrderManagerClass_10410,Domain,,csharp
class_10411,OrderManagerClass_10411,Domain,,csharp
class_10412,OrderManagerClass_10412,Domain,,csharp
class_10413,OrderManagerClass_10413,Domain,,csharp
class_10414,OrderManagerClass_10414,Domain,,csharp
class_10415,OrderManagerClass_10415,Domain,,csharp
class_10416,OrderManagerClass_10416,Domain,,csharp
class_10417,OrderManagerClass_10417,Domain,,csharp
class_10418,OrderManagerClass_10418,Domain,,csharp
class_10419,OrderManagerClass_10419,Domain,,csharp
class_10420,OrderManagerClass_10420,Domain,,csharp
class_10421,OrderManagerClass_10421,Domain,,csharp
class_10422,OrderManagerClass_10422,Domain,,csharp
class_10423,OrderManagerClass_10423,Domain,,csharp
class_10424,OrderManagerClass_10424,Domain,,csharp
class_10425,OrderManagerClass_10425,Domain,,csharp
class_10426,OrderManagerClass_10426,Domain,,csharp
class_10427,OrderManagerClass_10427,Domain,,csharp
class_10428,OrderManagerClass_10428,Domain,,csharp
class_10429,OrderManagerClass_10429,Domain,,csharp
class_10430,OrderManagerClass_10430,Domain,,csharp
class_10431,OrderManagerClass_10431,Domain,,csharp
class_10432,OrderManagerClass_10432,Domain,,csharp
class_10433,OrderManagerClass_10433,Domain,,csharp
class_10434,OrderManagerClass_10434,Domain,,csharp
class_10435,OrderManagerClass_10435,Domain,,csharp
class_10436,OrderManagerClass_10436,Domain,,csharp
class_10437,OrderManagerClass_10437,Domain,,csharp
class_10438,OrderManagerClass_10438,Domain,,csharp
class_10439,OrderManagerClass_10439,Domain,,csharp
class_10440,OrderManagerClass_10440,Domain,,csharp
class_10441,OrderManagerClass_10441,Domain,,csharp
class_10442,OrderManagerClass_10442,Domain,,csharp
class_10443,OrderManagerClass_10443,Domain,,csharp
class_10444,OrderManagerClass_10444,Domain,,csharp
class_10445,OrderManagerClass_10445,Domain,,csharp
class_10446,OrderManagerClass_10446,Domain,,csharp
class_10447,OrderManagerClass_10447,Domain,,csharp
class_10448,OrderManagerClass_10448,Domain,,csharp
class_10449,OrderManagerClass_10449,Domain,,csharp
class_10450,OrderManagerClass_10450,Domain,,csharp
class_10451,OrderManagerClass_10451,Domain,,csharp
class_10452,OrderManagerClass_10452,Domain,,csharp
class_10453,OrderManagerClass_10453,Domain,,csharp
class_10454,OrderManagerClass_10454,Domain,,csharp
class_10455,OrderManagerClass_10455,Domain,,csharp
class_10456,OrderManagerClass_10456,Domain,,csharp
class_10457,OrderManagerClass_10457,Domain,,csharp
class_10458,OrderManagerClass_10458,Domain,,csharp
class_10459,OrderManagerClass_10459,Domain,,csharp
class_10460,OrderManagerClass_10460,Domain,,csharp
class_10461,OrderManagerClass_10461,Domain,,csharp
class_10462,OrderManagerClass_10462,Domain,,csharp
class_10463,OrderManagerClass_10463,Domain,,csharp
class_10464,OrderManagerClass_10464,Domain,,csharp
class_10465,OrderManagerClass_10465,Domain,,csharp
class_10466,OrderManagerClass_10466,Domain,,csharp
class_10467,OrderManagerClass_10467,Domain,,csharp
class_10468,OrderManagerClass_10468,Domain,,csharp
class_10469,OrderManagerClass_10469,Domain,,csharp
class_10470,OrderManagerClass_10470,Domain,,csharp
class_10471,OrderManagerClass_10471,Domain,,csharp
class_10472,OrderManagerClass_10472,Domain,,csharp
class_10473,OrderManagerClass_10473,Domain,,csharp
class_10474,OrderManagerClass_10474,Domain,,csharp
class_10475,OrderManagerClass_10475,Domain,,csharp
class_10476,OrderManagerClass_10476,Domain,,csharp
class_10477,OrderManagerClass_10477,Domain,,csharp
class_10478,OrderManagerClass_10478,Domain,,csharp
class_10479,OrderManagerClass_10479,Domain,,csharp
class_10480,OrderManagerClass_10480,Domain,,csharp
class_10481,OrderManagerClass_10481,Domain,,csharp
class_10482,OrderManagerClass_10482,Domain,,csharp
class_10483,OrderManagerClass_10483,Domain,,csharp
class_10484,OrderManagerClass_10484,Domain,,csharp
class_10485,OrderManagerClass_10485,Domain,,csharp
class_10486,OrderManagerClass_10486,Domain,,csharp
class_10487,OrderManagerClass_10487,Domain,,csharp
class_10488,OrderManagerClass_10488,Domain,,csharp
class_10489,OrderManagerClass_10489,Domain,,csharp
class_10490,OrderManagerClass_10490,Domain,,csharp
class_10491,OrderManagerClass_10491,Domain,,csharp
class_10492,OrderManagerClass_10492,Domain,,csharp
class_10493,OrderManagerClass_10493,Domain,,csharp
class_10494,OrderManagerClass_10494,Domain,,csharp
class_10495,OrderManagerClass_10495,Domain,,csharp
class_10496,OrderManagerClass_10496,Domain,,csharp
class_10497,OrderManagerClass_10497,Domain,,csharp
class_10498,OrderManagerClass_10498,Domain,,csharp
class_10499,OrderManagerClass_10499,Domain,,csharp
class_10500,OrderManagerClass_10500,Domain,,csharp
class_10501,OrderManagerClass_10501,Domain,,csharp
class_10502,OrderManagerClass_10502,Domain,,csharp
class_10503,OrderManagerClass_10503,Domain,,csharp
class_10504,OrderManagerClass_10504,Domain,,csharp
class_10505,OrderManagerClass_10505,Domain,,csharp
class_10506,OrderManagerClass_10506,Domain,,csharp
class_10507,OrderManagerClass_10507,Domain,,csharp
class_10508,OrderManagerClass_10508,Domain,,csharp
class_10509,OrderManagerClass_10509,Domain,,csharp
class_10510,OrderManagerClass_10510,Domain,,csharp
class_10511,OrderManagerClass_10511,Domain,,csharp
class_10512,OrderManagerClass_10512,Domain,,csharp
class_10513,OrderManagerClass_10513,Domain,,csharp
class_10514,OrderManagerClass_10514,Domain,,csharp
class_10515,OrderManagerClass_10515,Domain,,csharp
class_10516,OrderManagerClass_10516,Domain,,csharp
class_10517,OrderManagerClass_10517,Domain,,csharp
class_10518,OrderManagerClass_10518,Domain,,csharp
class_10519,OrderManagerClass_10519,Domain,,csharp
class_10520,OrderManagerClass_10520,Domain,,csharp
class_10521,OrderManagerClass_10521,Domain,,csharp
class_10522,OrderManagerClass_10522,Domain,,csharp
class_10523,OrderManagerClass_10523,Domain,,csharp
class_10524,OrderManagerClass_10524,Domain,,csharp
class_10525,OrderManagerClass_10525,Domain,,csharp
class_10526,OrderManagerClass_10526,Domain,,csharp
class_10527,OrderManagerClass_10527,Domain,,csharp
class_10528,OrderManagerClass_10528,Domain,,csharp
class_10529,OrderManagerClass_10529,Domain,,csharp
class_10530,OrderManagerClass_10530,Domain,,csharp
class_10531,OrderManagerClass_10531,Domain,,csharp
class_10532,OrderManagerClass_10532,Domain,,csharp
class_10533,OrderManagerClass_10533,Domain,,csharp
class_10534,OrderManagerClass_10534,Domain,,csharp
class_10535,OrderManagerClass_10535,Domain,,csharp
class_10536,OrderManagerClass_10536,Domain,,csharp
class_10537,OrderManagerClass_10537,Domain,,csharp
class_10538,OrderManagerClass_10538,Domain,,csharp
class_10539,OrderManagerClass_10539,Domain,,csharp
class_10540,OrderManagerClass_10540,Domain,,csharp
class_10541,OrderManagerClass_10541,Domain,,csharp
class_10542,OrderManagerClass_10542,Domain,,csharp
class_10543,OrderManagerClass_10543,Domain,,csharp
class_10544,OrderManagerClass_10544,Domain,,csharp
class_10545,OrderManagerClass_10545,Domain,,csharp
class_10546,OrderManagerClass_10546,Domain,,csharp
class_10547,OrderManagerClass_10547,Domain,,csharp
class_10548,OrderManagerClass_10548,Domain,,csharp
class_10549,OrderManagerClass_10549,Domain,,csharp
class_10550,OrderManagerClass_10550,Domain,,csharp
class_10551,OrderManagerClass_10551,Domain,,csharp
class_10552,OrderManagerClass_10552,Domain,,csharp
class_10553,OrderManagerClass_10553,Domain,,csharp
class_10554,OrderManagerClass_10554,Domain,,csharp
class_10555,OrderManagerClass_10555,Domain,,csharp
class_10556,OrderManagerClass_10556,Domain,,csharp
class_10557,OrderManagerClass_10557,Domain,,csharp
class_10558,OrderManagerClass_10558,Domain,,csharp
class_10559,OrderManagerClass_10559,Domain,,csharp
class_10560,OrderManagerClass_10560,Domain,,csharp
class_10561,OrderManagerClass_10561,Domain,,csharp
class_10562,OrderManagerClass_10562,Domain,,csharp
class_10563,OrderManagerClass_10563,Domain,,csharp
class_10564,OrderManagerClass_10564,Domain,,csharp
class_10565,OrderManagerClass_10565,Domain,,csharp
class_10566,OrderManagerClass_10566,Domain,,csharp
class_10567,OrderManagerClass_10567,Domain,,csharp
class_10568,OrderManagerClass_10568,Domain,,csharp
class_10569,OrderManagerClass_10569,Domain,,csharp
class_10570,OrderManagerClass_10570,Domain,,csharp
class_10571,OrderManagerClass_10571,Domain,,csharp
class_10572,OrderManagerClass_10572,Domain,,csharp
class_10573,OrderManagerClass_10573,Domain,,csharp
class_10574,OrderManagerClass_10574,Domain,,csharp
class_10575,OrderManagerClass_10575,Domain,,csharp
class_10576,OrderManagerClass_10576,Domain,,csharp
class_10577,OrderManagerClass_10577,Domain,,csharp
class_10578,OrderManagerClass_10578,Domain,,csharp
class_10579,OrderManagerClass_10579,Domain,,csharp
class_10580,OrderManagerClass_10580,Domain,,csharp
class_10581,OrderManagerClass_10581,Domain,,csharp
class_10582,OrderManagerClass_10582,Domain,,csharp
class_10583,OrderManagerClass_10583,Domain,,csharp
class_10584,OrderManagerClass_10584,Domain,,csharp
class_10585,OrderManagerClass_10585,Domain,,csharp
class_10586,OrderManagerClass_10586,Domain,,csharp
class_10587,OrderManagerClass_10587,Domain,,csharp
class_10588,OrderManagerClass_10588,Domain,,csharp
class_10589,OrderManagerClass_10589,Domain,,csharp
class_10590,OrderManagerClass_10590,Domain,,csharp
class_10591,OrderManagerClass_10591,Domain,,csharp
class_10592,OrderManagerClass_10592,Domain,,csharp
class_10593,OrderManagerClass_10593,Domain,,csharp
class_10594,OrderManagerClass_10594,Domain,,csharp
class_10595,OrderManagerClass_10595,Domain,,csharp
class_10596,OrderManagerClass_10596,Domain,,csharp
class_10597,OrderManagerClass_10597,Domain,,csharp
class_10598,OrderManagerClass_10598,Domain,,csharp
class_10599,OrderManagerClass_10599,Domain,,csharp
class_10600,OrderManagerClass_10600,Domain,,csharp
class_10601,OrderManagerClass_10601,Domain,,csharp
class_10602,OrderManagerClass_10602,Domain,,csharp
class_10603,OrderManagerClass_10603,Domain,,csharp
class_10604,OrderManagerClass_10604,Domain,,csharp
class_10605,OrderManagerClass_10605,Domain,,csharp
class_10606,OrderManagerClass_10606,Domain,,csharp
class_10607,OrderManagerClass_10607,Domain,,csharp
class_10608,OrderManagerClass_10608,Domain,,csharp
class_10609,OrderManagerClass_10609,Domain,,csharp
class_10610,OrderManagerClass_10610,Domain,,csharp
class_10611,OrderManagerClass_10611,Domain,,csharp
class_10612,OrderManagerClass_10612,Domain,,csharp
class_10613,OrderManagerClass_10613,Domain,,csharp
class_10614,OrderManagerClass_10614,Domain,,csharp
class_10615,OrderManagerClass_10615,Domain,,csharp
class_10616,OrderManagerClass_10616,Domain,,csharp
class_10617,OrderManagerClass_10617,Domain,,csharp
class_10618,OrderManagerClass_10618,Domain,,csharp
class_10619,OrderManagerClass_10619,Domain,,csharp
class_10620,OrderManagerClass_10620,Domain,,csharp
class_10621,OrderManagerClass_10621,Domain,,csharp
class_10622,OrderManagerClass_10622,Domain,,csharp
class_10623,OrderManagerClass_10623,Domain,,csharp
class_10624,OrderManagerClass_10624,Domain,,csharp
class_10625,OrderManagerClass_10625,Domain,,csharp
class_10626,OrderManagerClass_10626,Domain,,csharp
class_10627,OrderManagerClass_10627,Domain,,csharp
class_10628,OrderManagerClass_10628,Domain,,csharp
class_10629,OrderManagerClass_10629,Domain,,csharp
class_10630,OrderManagerClass_10630,Domain,,csharp
class_10631,OrderManagerClass_10631,Domain,,csharp
class_10632,OrderManagerClass_10632,Domain,,csharp
class_10633,OrderManagerClass_10633,Domain,,csharp
class_10634,OrderManagerClass_10634,Domain,,csharp
class_10635,OrderManagerClass_10635,Domain,,csharp
class_10636,OrderManagerClass_10636,Domain,,csharp
class_10637,OrderManagerClass_10637,Domain,,csharp
class_10638,OrderManagerClass_10638,Domain,,csharp
class_10639,OrderManagerClass_10639,Domain,,csharp
class_10640,OrderManagerClass_10640,Domain,,csharp
class_10641,OrderManagerClass_10641,Domain,,csharp
class_10642,OrderManagerClass_10642,Domain,,csharp
class_10643,OrderManagerClass_10643,Domain,,csharp
class_10644,OrderManagerClass_10644,Domain,,csharp
class_10645,OrderManagerClass_10645,Domain,,csharp
class_10646,OrderManagerClass_10646,Domain,,csharp
class_10647,OrderManagerClass_10647,Domain,,csharp
class_10648,OrderManagerClass_10648,Domain,,csharp
class_10649,OrderManagerClass_10649,Domain,,csharp
class_10650,OrderManagerClass_10650,Domain,,csharp
class_10651,OrderManagerClass_10651,Domain,,csharp
class_10652,OrderManagerClass_10652,Domain,,csharp
class_10653,OrderManagerClass_10653,Domain,,csharp
class_10654,OrderManagerClass_10654,Domain,,csharp
class_10655,OrderManagerClass_10655,Domain,,csharp
class_10656,OrderManagerClass_10656,Domain,,csharp
class_10657,OrderManagerClass_10657,Domain,,csharp
class_10658,OrderManagerClass_10658,Domain,,csharp
class_10659,OrderManagerClass_10659,Domain,,csharp
class_10660,OrderManagerClass_10660,Domain,,csharp
class_10661,OrderManagerClass_10661,Domain,,csharp
class_10662,OrderManagerClass_10662,Domain,,csharp
class_10663,OrderManagerClass_10663,Domain,,csharp
class_10664,OrderManagerClass_10664,Domain,,csharp
class_10665,OrderManagerClass_10665,Domain,,csharp
class_10666,OrderManagerClass_10666,Domain,,csharp
class_10667,OrderManagerClass_10667,Domain,,csharp
class_10668,OrderManagerClass_10668,Domain,,csharp
class_10669,OrderManagerClass_10669,Domain,,csharp
class_10670,OrderManagerClass_10670,Domain,,csharp
class_10671,OrderManagerClass_10671,Domain,,csharp
class_10672,OrderManagerClass_10672,Domain,,csharp
class_10673,OrderManagerClass_10673,Domain,,csharp
class_10674,OrderManagerClass_10674,Domain,,csharp
class_10675,OrderManagerClass_10675,Domain,,csharp
class_10676,OrderManagerClass_10676,Domain,,csharp
class_10677,OrderManagerClass_10677,Domain,,csharp
class_10678,OrderManagerClass_10678,Domain,,csharp
class_10679,OrderManagerClass_10679,Domain,,csharp
class_10680,OrderManagerClass_10680,Domain,,csharp
class_10681,OrderManagerClass_10681,Domain,,csharp
class_10682,OrderManagerClass_10682,Domain,,csharp
class_10683,OrderManagerClass_10683,Domain,,csharp
class_10684,OrderManagerClass_10684,Domain,,csharp
class_10685,OrderManagerClass_10685,Domain,,csharp
class_10686,OrderManagerClass_10686,Domain,,csharp
class_10687,OrderManagerClass_10687,Domain,,csharp
class_10688,OrderManagerClass_10688,Domain,,csharp
class_10689,OrderManagerClass_10689,Domain,,csharp
class_10690,OrderManagerClass_10690,Domain,,csharp
class_10691,OrderManagerClass_10691,Domain,,csharp
class_10692,OrderManagerClass_10692,Domain,,csharp
class_10693,OrderManagerClass_10693,Domain,,csharp
class_10694,OrderManagerClass_10694,Domain,,csharp
class_10695,OrderManagerClass_10695,Domain,,csharp
class_10696,OrderManagerClass_10696,Domain,,csharp
class_10697,OrderManagerClass_10697,Domain,,csharp
class_10698,OrderManagerClass_10698,Domain,,csharp
class_10699,OrderManagerClass_10699,Domain,,csharp
class_10700,OrderManagerClass_10700,Domain,,csharp
class_10701,OrderManagerClass_10701,Domain,,csharp
class_10702,OrderManagerClass_10702,Domain,,csharp
class_10703,OrderManagerClass_10703,Domain,,csharp
class_10704,OrderManagerClass_10704,Domain,,csharp
class_10705,OrderManagerClass_10705,Domain,,csharp
class_10706,OrderManagerClass_10706,Domain,,csharp
class_10707,OrderManagerClass_10707,Domain,,csharp
class_10708,OrderManagerClass_10708,Domain,,csharp
class_10709,OrderManagerClass_10709,Domain,,csharp
class_10710,OrderManagerClass_10710,Domain,,csharp
class_10711,OrderManagerClass_10711,Domain,,csharp
class_10712,OrderManagerClass_10712,Domain,,csharp
class_10713,OrderManagerClass_10713,Domain,,csharp
class_10714,OrderManagerClass_10714,Domain,,csharp
class_10715,OrderManagerClass_10715,Domain,,csharp
class_10716,OrderManagerClass_10716,Domain,,csharp
class_10717,OrderManagerClass_10717,Domain,,csharp
class_10718,OrderManagerClass_10718,Domain,,csharp
class_10719,OrderManagerClass_10719,Domain,,csharp
class_10720,OrderManagerClass_10720,Domain,,csharp
class_10721,OrderManagerClass_10721,Domain,,csharp
class_10722,OrderManagerClass_10722,Domain,,csharp
class_10723,OrderManagerClass_10723,Domain,,csharp
class_10724,OrderManagerClass_10724,Domain,,csharp
class_10725,OrderManagerClass_10725,Domain,,csharp
class_10726,OrderManagerClass_10726,Domain,,csharp
class_10727,OrderManagerClass_10727,Domain,,csharp
class_10728,OrderManagerClass_10728,Domain,,csharp
class_10729,OrderManagerClass_10729,Domain,,csharp
class_10730,OrderManagerClass_10730,Domain,,csharp
class_10731,OrderManagerClass_10731,Domain,,csharp
class_10732,OrderManagerClass_10732,Domain,,csharp
class_10733,OrderManagerClass_10733,Domain,,csharp
class_10734,OrderManagerClass_10734,Domain,,csharp
class_10735,OrderManagerClass_10735,Domain,,csharp
class_10736,OrderManagerClass_10736,Domain,,csharp
class_10737,OrderManagerClass_10737,Domain,,csharp
class_10738,OrderManagerClass_10738,Domain,,csharp
class_10739,OrderManagerClass_10739,Domain,,csharp
class_10740,OrderManagerClass_10740,Domain,,csharp
class_10741,OrderManagerClass_10741,Domain,,csharp
class_10742,OrderManagerClass_10742,Domain,,csharp
class_10743,OrderManagerClass_10743,Domain,,csharp
class_10744,OrderManagerClass_10744,Domain,,csharp
class_10745,OrderManagerClass_10745,Domain,,csharp
class_10746,OrderManagerClass_10746,Domain,,csharp
class_10747,OrderManagerClass_10747,Domain,,csharp
class_10748,OrderManagerClass_10748,Domain,,csharp
class_10749,OrderManagerClass_10749,Domain,,csharp
class_10750,OrderManagerClass_10750,Domain,,csharp
class_10751,OrderManagerClass_10751,Domain,,csharp
class_10752,OrderManagerClass_10752,Domain,,csharp
class_10753,OrderManagerClass_10753,Domain,,csharp
class_10754,OrderManagerClass_10754,Domain,,csharp
class_10755,OrderManagerClass_10755,Domain,,csharp
class_10756,OrderManagerClass_10756,Domain,,csharp
class_10757,OrderManagerClass_10757,Domain,,csharp
class_10758,OrderManagerClass_10758,Domain,,csharp
class_10759,OrderManagerClass_10759,Domain,,csharp
class_10760,OrderManagerClass_10760,Domain,,csharp
class_10761,OrderManagerClass_10761,Domain,,csharp
class_10762,OrderManagerClass_10762,Domain,,csharp
class_10763,OrderManagerClass_10763,Domain,,csharp
class_10764,OrderManagerClass_10764,Domain,,csharp
class_10765,OrderManagerClass_10765,Domain,,csharp
class_10766,OrderManagerClass_10766,Domain,,csharp
class_10767,OrderManagerClass_10767,Domain,,csharp
class_10768,OrderManagerClass_10768,Domain,,csharp
class_10769,OrderManagerClass_10769,Domain,,csharp
class_10770,OrderManagerClass_10770,Domain,,csharp
class_10771,OrderManagerClass_10771,Domain,,csharp
class_10772,OrderManagerClass_10772,Domain,,csharp
class_10773,OrderManagerClass_10773,Domain,,csharp
class_10774,OrderManagerClass_10774,Domain,,csharp
class_10775,OrderManagerClass_10775,Domain,,csharp
class_10776,OrderManagerClass_10776,Domain,,csharp
class_10777,OrderManagerClass_10777,Domain,,csharp
class_10778,OrderManagerClass_10778,Domain,,csharp
class_10779,OrderManagerClass_10779,Domain,,csharp
class_10780,OrderManagerClass_10780,Domain,,csharp
class_10781,OrderManagerClass_10781,Domain,,csharp
class_10782,OrderManagerClass_10782,Domain,,csharp
class_10783,OrderManagerClass_10783,Domain,,csharp
class_10784,OrderManagerClass_10784,Domain,,csharp
class_10785,OrderManagerClass_10785,Domain,,csharp
class_10786,OrderManagerClass_10786,Domain,,csharp
class_10787,OrderManagerClass_10787,Domain,,csharp
class_10788,OrderManagerClass_10788,Domain,,csharp
class_10789,OrderManagerClass_10789,Domain,,csharp
class_10790,OrderManagerClass_10790,Domain,,csharp
class_10791,OrderManagerClass_10791,Domain,,csharp
class_10792,OrderManagerClass_10792,Domain,,csharp
class_10793,OrderManagerClass_10793,Domain,,csharp
class_10794,OrderManagerClass_10794,Domain,,csharp
class_10795,OrderManagerClass_10795,Domain,,csharp
class_10796,OrderManagerClass_10796,Domain,,csharp
class_10797,OrderManagerClass_10797,Domain,,csharp
class_10798,OrderManagerClass_10798,Domain,,csharp
class_10799,OrderManagerClass_10799,Domain,,csharp
class_10800,OrderManagerClass_10800,Domain,,csharp
class_10801,OrderManagerClass_10801,Domain,,csharp
class_10802,OrderManagerClass_10802,Domain,,csharp
class_10803,OrderManagerClass_10803,Domain,,csharp
class_10804,OrderManagerClass_10804,Domain,,csharp
class_10805,OrderManagerClass_10805,Domain,,csharp
class_10806,OrderManagerClass_10806,Domain,,csharp
class_10807,OrderManagerClass_10807,Domain,,csharp
class_10808,OrderManagerClass_10808,Domain,,csharp
class_10809,OrderManagerClass_10809,Domain,,csharp
class_10810,OrderManagerClass_10810,Domain,,csharp
class_10811,OrderManagerClass_10811,Domain,,csharp
class_10812,OrderManagerClass_10812,Domain,,csharp
class_10813,OrderManagerClass_10813,Domain,,csharp
class_10814,OrderManagerClass_10814,Domain,,csharp
class_10815,OrderManagerClass_10815,Domain,,csharp
class_10816,OrderManagerClass_10816,Domain,,csharp
class_10817,OrderManagerClass_10817,Domain,,csharp
class_10818,OrderManagerClass_10818,Domain,,csharp
class_10819,OrderManagerClass_10819,Domain,,csharp
class_10820,OrderManagerClass_10820,Domain,,csharp
class_10821,OrderManagerClass_10821,Domain,,csharp
class_10822,OrderManagerClass_10822,Domain,,csharp
class_10823,OrderManagerClass_10823,Domain,,csharp
class_10824,OrderManagerClass_10824,Domain,,csharp
class_10825,OrderManagerClass_10825,Domain,,csharp
class_10826,OrderManagerClass_10826,Domain,,csharp
class_10827,OrderManagerClass_10827,Domain,,csharp
class_10828,OrderManagerClass_10828,Domain,,csharp
class_10829,OrderManagerClass_10829,Domain,,csharp
class_10830,OrderManagerClass_10830,Domain,,csharp
class_10831,OrderManagerClass_10831,Domain,,csharp
class_10832,OrderManagerClass_10832,Domain,,csharp
class_10833,OrderManagerClass_10833,Domain,,csharp
class_10834,OrderManagerClass_10834,Domain,,csharp
class_10835,OrderManagerClass_10835,Domain,,csharp
class_10836,OrderManagerClass_10836,Domain,,csharp
class_10837,OrderManagerClass_10837,Domain,,csharp
class_10838,OrderManagerClass_10838,Domain,,csharp
class_10839,OrderManagerClass_10839,Domain,,csharp
class_10840,OrderManagerClass_10840,Domain,,csharp
class_10841,OrderManagerClass_10841,Domain,,csharp
class_10842,OrderManagerClass_10842,Domain,,csharp
class_10843,OrderManagerClass_10843,Domain,,csharp
class_10844,OrderManagerClass_10844,Domain,,csharp
class_10845,OrderManagerClass_10845,Domain,,csharp
class_10846,OrderManagerClass_10846,Domain,,csharp
class_10847,OrderManagerClass_10847,Domain,,csharp
class_10848,OrderManagerClass_10848,Domain,,csharp
class_10849,OrderManagerClass_10849,Domain,,csharp
class_10850,OrderManagerClass_10850,Domain,,csharp
class_10851,OrderManagerClass_10851,Domain,,csharp
class_10852,OrderManagerClass_10852,Domain,,csharp
class_10853,OrderManagerClass_10853,Domain,,csharp
class_10854,OrderManagerClass_10854,Domain,,csharp
class_10855,OrderManagerClass_10855,Domain,,csharp
class_10856,OrderManagerClass_10856,Domain,,csharp
class_10857,OrderManagerClass_10857,Domain,,csharp
class_10858,OrderManagerClass_10858,Domain,,csharp
class_10859,OrderManagerClass_10859,Domain,,csharp
class_10860,OrderManagerClass_10860,Domain,,csharp
class_10861,OrderManagerClass_10861,Domain,,csharp
class_10862,OrderManagerClass_10862,Domain,,csharp
class_10863,OrderManagerClass_10863,Domain,,csharp
class_10864,OrderManagerClass_10864,Domain,,csharp
class_10865,OrderManagerClass_10865,Domain,,csharp
class_10866,OrderManagerClass_10866,Domain,,csharp
class_10867,OrderManagerClass_10867,Domain,,csharp
class_10868,OrderManagerClass_10868,Domain,,csharp
class_10869,OrderManagerClass_10869,Domain,,csharp
class_10870,OrderManagerClass_10870,Domain,,csharp
class_10871,OrderManagerClass_10871,Domain,,csharp
class_10872,OrderManagerClass_10872,Domain,,csharp
class_10873,OrderManagerClass_10873,Domain,,csharp
class_10874,OrderManagerClass_10874,Domain,,csharp
class_10875,OrderManagerClass_10875,Domain,,csharp
class_10876,OrderManagerClass_10876,Domain,,csharp
class_10877,OrderManagerClass_10877,Domain,,csharp
class_10878,OrderManagerClass_10878,Domain,,csharp
class_10879,OrderManagerClass_10879,Domain,,csharp
class_10880,OrderManagerClass_10880,Domain,,csharp
class_10881,OrderManagerClass_10881,Domain,,csharp
class_10882,OrderManagerClass_10882,Domain,,csharp
class_10883,OrderManagerClass_10883,Domain,,csharp
class_10884,OrderManagerClass_10884,Domain,,csharp
class_10885,OrderManagerClass_10885,Domain,,csharp
class_10886,OrderManagerClass_10886,Domain,,csharp
class_10887,OrderManagerClass_10887,Domain,,csharp
class_10888,OrderManagerClass_10888,Domain,,csharp
class_10889,OrderManagerClass_10889,Domain,,csharp
class_10890,OrderManagerClass_10890,Domain,,csharp
class_10891,OrderManagerClass_10891,Domain,,csharp
class_10892,OrderManagerClass_10892,Domain,,csharp
class_10893,OrderManagerClass_10893,Domain,,csharp
class_10894,OrderManagerClass_10894,Domain,,csharp
class_10895,OrderManagerClass_10895,Domain,,csharp
class_10896,OrderManagerClass_10896,Domain,,csharp
class_10897,OrderManagerClass_10897,Domain,,csharp
class_10898,OrderManagerClass_10898,Domain,,csharp
class_10899,OrderManagerClass_10899,Domain,,csharp
class_10900,OrderManagerClass_10900,Domain,,csharp
class_10901,OrderManagerClass_10901,Domain,,csharp
class_10902,OrderManagerClass_10902,Domain,,csharp
class_10903,OrderManagerClass_10903,Domain,,csharp
class_10904,OrderManagerClass_10904,Domain,,csharp
class_10905,OrderManagerClass_10905,Domain,,csharp
class_10906,OrderManagerClass_10906,Domain,,csharp
class_10907,OrderManagerClass_10907,Domain,,csharp
class_10908,OrderManagerClass_10908,Domain,,csharp
class_10909,OrderManagerClass_10909,Domain,,csharp
class_10910,OrderManagerClass_10910,Domain,,csharp
class_10911,OrderManagerClass_10911,Domain,,csharp
class_10912,OrderManagerClass_10912,Domain,,csharp
class_10913,OrderManagerClass_10913,Domain,,csharp
class_10914,OrderManagerClass_10914,Domain,,csharp
class_10915,OrderManagerClass_10915,Domain,,csharp
class_10916,OrderManagerClass_10916,Domain,,csharp
class_10917,OrderManagerClass_10917,Domain,,csharp
class_10918,OrderManagerClass_10918,Domain,,csharp
class_10919,OrderManagerClass_10919,Domain,,csharp
class_10920,OrderManagerClass_10920,Domain,,csharp
class_10921,OrderManagerClass_10921,Domain,,csharp
class_10922,OrderManagerClass_10922,Domain,,csharp
class_10923,OrderManagerClass_10923,Domain,,csharp
class_10924,OrderManagerClass_10924,Domain,,csharp
class_10925,OrderManagerClass_10925,Domain,,csharp
class_10926,OrderManagerClass_10926,Domain,,csharp
class_10927,OrderManagerClass_10927,Domain,,csharp
class_10928,OrderManagerClass_10928,Domain,,csharp
class_10929,OrderManagerClass_10929,Domain,,csharp
class_10930,OrderManagerClass_10930,Domain,,csharp
class_10931,OrderManagerClass_10931,Domain,,csharp
class_10932,OrderManagerClass_10932,Domain,,csharp
class_10933,OrderManagerClass_10933,Domain,,csharp
class_10934,OrderManagerClass_10934,Domain,,csharp
class_10935,OrderManagerClass_10935,Domain,,csharp
class_10936,OrderManagerClass_10936,Domain,,csharp
class_10937,OrderManagerClass_10937,Domain,,csharp
class_10938,OrderManagerClass_10938,Domain,,csharp
class_10939,OrderManagerClass_10939,Domain,,csharp
class_10940,OrderManagerClass_10940,Domain,,csharp
class_10941,OrderManagerClass_10941,Domain,,csharp
class_10942,OrderManagerClass_10942,Domain,,csharp
class_10943,OrderManagerClass_10943,Domain,,csharp
class_10944,OrderManagerClass_10944,Domain,,csharp
class_10945,OrderManagerClass_10945,Domain,,csharp
class_10946,OrderManagerClass_10946,Domain,,csharp
class_10947,OrderManagerClass_10947,Domain,,csharp
class_10948,OrderManagerClass_10948,Domain,,csharp
class_10949,OrderManagerClass_10949,Domain,,csharp
class_10950,OrderManagerClass_10950,Domain,,csharp
class_10951,OrderManagerClass_10951,Domain,,csharp
class_10952,OrderManagerClass_10952,Domain,,csharp
class_10953,OrderManagerClass_10953,Domain,,csharp
class_10954,OrderManagerClass_10954,Domain,,csharp
class_10955,OrderManagerClass_10955,Domain,,csharp
class_10956,OrderManagerClass_10956,Domain,,csharp
class_10957,OrderManagerClass_10957,Domain,,csharp
class_10958,OrderManagerClass_10958,Domain,,csharp
class_10959,OrderManagerClass_10959,Domain,,csharp
class_10960,OrderManagerClass_10960,Domain,,csharp
class_10961,OrderManagerClass_10961,Domain,,csharp
class_10962,OrderManagerClass_10962,Domain,,csharp
class_10963,OrderManagerClass_10963,Domain,,csharp
class_10964,OrderManagerClass_10964,Domain,,csharp
class_10965,OrderManagerClass_10965,Domain,,csharp
class_10966,OrderManagerClass_10966,Domain,,csharp
class_10967,OrderManagerClass_10967,Domain,,csharp
class_10968,OrderManagerClass_10968,Domain,,csharp
class_10969,OrderManagerClass_10969,Domain,,csharp
class_10970,OrderManagerClass_10970,Domain,,csharp
class_10971,OrderManagerClass_10971,Domain,,csharp
class_10972,OrderManagerClass_10972,Domain,,csharp
class_10973,OrderManagerClass_10973,Domain,,csharp
class_10974,OrderManagerClass_10974,Domain,,csharp
class_10975,OrderManagerClass_10975,Domain,,csharp
class_10976,OrderManagerClass_10976,Domain,,csharp
class_10977,OrderManagerClass_10977,Domain,,csharp
class_10978,OrderManagerClass_10978,Domain,,csharp
class_10979,OrderManagerClass_10979,Domain,,csharp
class_10980,OrderManagerClass_10980,Domain,,csharp
class_10981,OrderManagerClass_10981,Domain,,csharp
class_10982,OrderManagerClass_10982,Domain,,csharp
class_10983,OrderManagerClass_10983,Domain,,csharp
class_10984,OrderManagerClass_10984,Domain,,csharp
class_10985,OrderManagerClass_10985,Domain,,csharp
class_10986,OrderManagerClass_10986,Domain,,csharp
class_10987,OrderManagerClass_10987,Domain,,csharp
class_10988,OrderManagerClass_10988,Domain,,csharp
class_10989,OrderManagerClass_10989,Domain,,csharp
class_10990,OrderManagerClass_10990,Domain,,csharp
class_10991,OrderManagerClass_10991,Domain,,csharp
class_10992,OrderManagerClass_10992,Domain,,csharp
class_10993,OrderManagerClass_10993,Domain,,csharp
class_10994,OrderManagerClass_10994,Domain,,csharp
class_10995,OrderManagerClass_10995,Domain,,csharp
class_10996,OrderManagerClass_10996,Domain,,csharp
class_10997,OrderManagerClass_10997,Domain,,csharp
class_10998,OrderManagerClass_10998,Domain,,csharp
class_10999,OrderManagerClass_10999,Domain,,csharp
class_11000,OrderManagerClass_11000,Domain,,csharp
class_11001,OrderManagerClass_11001,Domain,,csharp
class_11002,OrderManagerClass_11002,Domain,,csharp
class_11003,OrderManagerClass_11003,Domain,,csharp
class_11004,OrderManagerClass_11004,Domain,,csharp
class_11005,OrderManagerClass_11005,Domain,,csharp
class_11006,OrderManagerClass_11006,Domain,,csharp
class_11007,OrderManagerClass_11007,Domain,,csharp
class_11008,OrderManagerClass_11008,Domain,,csharp
class_11009,OrderManagerClass_11009,Domain,,csharp
class_11010,OrderManagerClass_11010,Domain,,csharp
class_11011,OrderManagerClass_11011,Domain,,csharp
class_11012,OrderManagerClass_11012,Domain,,csharp
class_11013,OrderManagerClass_11013,Domain,,csharp
class_11014,OrderManagerClass_11014,Domain,,csharp
class_11015,OrderManagerClass_11015,Domain,,csharp
class_11016,OrderManagerClass_11016,Domain,,csharp
class_11017,OrderManagerClass_11017,Domain,,csharp
class_11018,OrderManagerClass_11018,Domain,,csharp
class_11019,OrderManagerClass_11019,Domain,,csharp
class_11020,OrderManagerClass_11020,Domain,,csharp
class_11021,OrderManagerClass_11021,Domain,,csharp
class_11022,OrderManagerClass_11022,Domain,,csharp
class_11023,OrderManagerClass_11023,Domain,,csharp
class_11024,OrderManagerClass_11024,Domain,,csharp
class_11025,OrderManagerClass_11025,Domain,,csharp
class_11026,OrderManagerClass_11026,Domain,,csharp
class_11027,OrderManagerClass_11027,Domain,,csharp
class_11028,OrderManagerClass_11028,Domain,,csharp
class_11029,OrderManagerClass_11029,Domain,,csharp
class_11030,OrderManagerClass_11030,Domain,,csharp
class_11031,OrderManagerClass_11031,Domain,,csharp
class_11032,OrderManagerClass_11032,Domain,,csharp
class_11033,OrderManagerClass_11033,Domain,,csharp
class_11034,OrderManagerClass_11034,Domain,,csharp
class_11035,OrderManagerClass_11035,Domain,,csharp
class_11036,OrderManagerClass_11036,Domain,,csharp
class_11037,OrderManagerClass_11037,Domain,,csharp
class_11038,OrderManagerClass_11038,Domain,,csharp
class_11039,OrderManagerClass_11039,Domain,,csharp
class_11040,OrderManagerClass_11040,Domain,,csharp
class_11041,OrderManagerClass_11041,Domain,,csharp
class_11042,OrderManagerClass_11042,Domain,,csharp
class_11043,OrderManagerClass_11043,Domain,,csharp
class_11044,OrderManagerClass_11044,Domain,,csharp
class_11045,OrderManagerClass_11045,Domain,,csharp
class_11046,OrderManagerClass_11046,Domain,,csharp
class_11047,OrderManagerClass_11047,Domain,,csharp
class_11048,OrderManagerClass_11048,Domain,,csharp
class_11049,OrderManagerClass_11049,Domain,,csharp
class_11050,OrderManagerClass_11050,Domain,,csharp
class_11051,OrderManagerClass_11051,Domain,,csharp
class_11052,OrderManagerClass_11052,Domain,,csharp
class_11053,OrderManagerClass_11053,Domain,,csharp
class_11054,OrderManagerClass_11054,Domain,,csharp
class_11055,OrderManagerClass_11055,Domain,,csharp
class_11056,OrderManagerClass_11056,Domain,,csharp
class_11057,OrderManagerClass_11057,Domain,,csharp
class_11058,OrderManagerClass_11058,Domain,,csharp
class_11059,OrderManagerClass_11059,Domain,,csharp
class_11060,OrderManagerClass_11060,Domain,,csharp
class_11061,OrderManagerClass_11061,Domain,,csharp
class_11062,OrderManagerClass_11062,Domain,,csharp
class_11063,OrderManagerClass_11063,Domain,,csharp
class_11064,OrderManagerClass_11064,Domain,,csharp
class_11065,OrderManagerClass_11065,Domain,,csharp
class_11066,OrderManagerClass_11066,Domain,,csharp
class_11067,OrderManagerClass_11067,Domain,,csharp
class_11068,OrderManagerClass_11068,Domain,,csharp
class_11069,OrderManagerClass_11069,Domain,,csharp
class_11070,OrderManagerClass_11070,Domain,,csharp
class_11071,OrderManagerClass_11071,Domain,,csharp
class_11072,OrderManagerClass_11072,Domain,,csharp
class_11073,OrderManagerClass_11073,Domain,,csharp
class_11074,OrderManagerClass_11074,Domain,,csharp
class_11075,OrderManagerClass_11075,Domain,,csharp
class_11076,OrderManagerClass_11076,Domain,,csharp
class_11077,OrderManagerClass_11077,Domain,,csharp
class_11078,OrderManagerClass_11078,Domain,,csharp
class_11079,OrderManagerClass_11079,Domain,,csharp
class_11080,OrderManagerClass_11080,Domain,,csharp
class_11081,OrderManagerClass_11081,Domain,,csharp
class_11082,OrderManagerClass_11082,Domain,,csharp
class_11083,OrderManagerClass_11083,Domain,,csharp
class_11084,OrderManagerClass_11084,Domain,,csharp
class_11085,OrderManagerClass_11085,Domain,,csharp
class_11086,OrderManagerClass_11086,Domain,,csharp
class_11087,OrderManagerClass_11087,Domain,,csharp
class_11088,OrderManagerClass_11088,Domain,,csharp
class_11089,OrderManagerClass_11089,Domain,,csharp
class_11090,OrderManagerClass_11090,Domain,,csharp
class_11091,OrderManagerClass_11091,Domain,,csharp
class_11092,OrderManagerClass_11092,Domain,,csharp
class_11093,OrderManagerClass_11093,Domain,,csharp
class_11094,OrderManagerClass_11094,Domain,,csharp
class_11095,OrderManagerClass_11095,Domain,,csharp
class_11096,OrderManagerClass_11096,Domain,,csharp
class_11097,OrderManagerClass_11097,Domain,,csharp
class_11098,OrderManagerClass_11098,Domain,,csharp
class_11099,OrderManagerClass_11099,Domain,,csharp
class_11100,OrderManagerClass_11100,Domain,,csharp
class_11101,OrderManagerClass_11101,Domain,,csharp
class_11102,OrderManagerClass_11102,Domain,,csharp
class_11103,OrderManagerClass_11103,Domain,,csharp
class_11104,OrderManagerClass_11104,Domain,,csharp
class_11105,OrderManagerClass_11105,Domain,,csharp
class_11106,OrderManagerClass_11106,Domain,,csharp
class_11107,OrderManagerClass_11107,Domain,,csharp
class_11108,OrderManagerClass_11108,Domain,,csharp
class_11109,OrderManagerClass_11109,Domain,,csharp
class_11110,OrderManagerClass_11110,Domain,,csharp
class_11111,OrderManagerClass_11111,Domain,,csharp
class_11112,OrderManagerClass_11112,Domain,,csharp
class_11113,OrderManagerClass_11113,Domain,,csharp
class_11114,OrderManagerClass_11114,Domain,,csharp
class_11115,OrderManagerClass_11115,Domain,,csharp
class_11116,OrderManagerClass_11116,Domain,,csharp
class_11117,OrderManagerClass_11117,Domain,,csharp
class_11118,OrderManagerClass_11118,Domain,,csharp
class_11119,OrderManagerClass_11119,Domain,,csharp
class_11120,OrderManagerClass_11120,Domain,,csharp
class_11121,OrderManagerClass_11121,Domain,,csharp
class_11122,OrderManagerClass_11122,Domain,,csharp
class_11123,OrderManagerClass_11123,Domain,,csharp
class_11124,OrderManagerClass_11124,Domain,,csharp
class_11125,OrderManagerClass_11125,Domain,,csharp
class_11126,OrderManagerClass_11126,Domain,,csharp
class_11127,OrderManagerClass_11127,Domain,,csharp
class_11128,OrderManagerClass_11128,Domain,,csharp
class_11129,OrderManagerClass_11129,Domain,,csharp
class_11130,OrderManagerClass_11130,Domain,,csharp
class_11131,OrderManagerClass_11131,Domain,,csharp
class_11132,OrderManagerClass_11132,Domain,,csharp
class_11133,OrderManagerClass_11133,Domain,,csharp
class_11134,OrderManagerClass_11134,Domain,,csharp
class_11135,OrderManagerClass_11135,Domain,,csharp
class_11136,OrderManagerClass_11136,Domain,,csharp
class_11137,OrderManagerClass_11137,Domain,,csharp
class_11138,OrderManagerClass_11138,Domain,,csharp
class_11139,OrderManagerClass_11139,Domain,,csharp
class_11140,OrderManagerClass_11140,Domain,,csharp
class_11141,OrderManagerClass_11141,Domain,,csharp
class_11142,OrderManagerClass_11142,Domain,,csharp
class_11143,OrderManagerClass_11143,Domain,,csharp
class_11144,OrderManagerClass_11144,Domain,,csharp
class_11145,OrderManagerClass_11145,Domain,,csharp
class_11146,OrderManagerClass_11146,Domain,,csharp
class_11147,OrderManagerClass_11147,Domain,,csharp
class_11148,OrderManagerClass_11148,Domain,,csharp
class_11149,OrderManagerClass_11149,Domain,,csharp
class_11150,OrderManagerClass_11150,Domain,,csharp
class_11151,OrderManagerClass_11151,Domain,,csharp
class_11152,OrderManagerClass_11152,Domain,,csharp
class_11153,OrderManagerClass_11153,Domain,,csharp
class_11154,OrderManagerClass_11154,Domain,,csharp
class_11155,OrderManagerClass_11155,Domain,,csharp
class_11156,OrderManagerClass_11156,Domain,,csharp
class_11157,OrderManagerClass_11157,Domain,,csharp
class_11158,OrderManagerClass_11158,Domain,,csharp
class_11159,OrderManagerClass_11159,Domain,,csharp
class_11160,OrderManagerClass_11160,Domain,,csharp
class_11161,OrderManagerClass_11161,Domain,,csharp
class_11162,OrderManagerClass_11162,Domain,,csharp
class_11163,OrderManagerClass_11163,Domain,,csharp
class_11164,OrderManagerClass_11164,Domain,,csharp
class_11165,OrderManagerClass_11165,Domain,,csharp
class_11166,OrderManagerClass_11166,Domain,,csharp
class_11167,OrderManagerClass_11167,Domain,,csharp
class_11168,OrderManagerClass_11168,Domain,,csharp
class_11169,OrderManagerClass_11169,Domain,,csharp
class_11170,OrderManagerClass_11170,Domain,,csharp
class_11171,OrderManagerClass_11171,Domain,,csharp
class_11172,OrderManagerClass_11172,Domain,,csharp
class_11173,OrderManagerClass_11173,Domain,,csharp
class_11174,OrderManagerClass_11174,Domain,,csharp
class_11175,OrderManagerClass_11175,Domain,,csharp
class_11176,OrderManagerClass_11176,Domain,,csharp
class_11177,OrderManagerClass_11177,Domain,,csharp
class_11178,OrderManagerClass_11178,Domain,,csharp
class_11179,OrderManagerClass_11179,Domain,,csharp
class_11180,OrderManagerClass_11180,Domain,,csharp
class_11181,OrderManagerClass_11181,Domain,,csharp
class_11182,OrderManagerClass_11182,Domain,,csharp
class_11183,OrderManagerClass_11183,Domain,,csharp
class_11184,OrderManagerClass_11184,Domain,,csharp
class_11185,OrderManagerClass_11185,Domain,,csharp
class_11186,OrderManagerClass_11186,Domain,,csharp
class_11187,OrderManagerClass_11187,Domain,,csharp
class_11188,OrderManagerClass_11188,Domain,,csharp
class_11189,OrderManagerClass_11189,Domain,,csharp
class_11190,OrderManagerClass_11190,Domain,,csharp
class_11191,OrderManagerClass_11191,Domain,,csharp
class_11192,OrderManagerClass_11192,Domain,,csharp
class_11193,OrderManagerClass_11193,Domain,,csharp
class_11194,OrderManagerClass_11194,Domain,,csharp
class_11195,OrderManagerClass_11195,Domain,,csharp
class_11196,OrderManagerClass_11196,Domain,,csharp
class_11197,OrderManagerClass_11197,Domain,,csharp
class_11198,OrderManagerClass_11198,Domain,,csharp
class_11199,OrderManagerClass_11199,Domain,,csharp
class_11200,OrderManagerClass_11200,Domain,,csharp
class_11201,OrderManagerClass_11201,Domain,,csharp
class_11202,OrderManagerClass_11202,Domain,,csharp
class_11203,OrderManagerClass_11203,Domain,,csharp
class_11204,OrderManagerClass_11204,Domain,,csharp
class_11205,OrderManagerClass_11205,Domain,,csharp
class_11206,OrderManagerClass_11206,Domain,,csharp
class_11207,OrderManagerClass_11207,Domain,,csharp
class_11208,OrderManagerClass_11208,Domain,,csharp
class_11209,OrderManagerClass_11209,Domain,,csharp
class_11210,OrderManagerClass_11210,Domain,,csharp
class_11211,OrderManagerClass_11211,Domain,,csharp
class_11212,OrderManagerClass_11212,Domain,,csharp
class_11213,OrderManagerClass_11213,Domain,,csharp
class_11214,OrderManagerClass_11214,Domain,,csharp
class_11215,OrderManagerClass_11215,Domain,,csharp
class_11216,OrderManagerClass_11216,Domain,,csharp
class_11217,OrderManagerClass_11217,Domain,,csharp
class_11218,OrderManagerClass_11218,Domain,,csharp
class_11219,OrderManagerClass_11219,Domain,,csharp
class_11220,OrderManagerClass_11220,Domain,,csharp
class_11221,OrderManagerClass_11221,Domain,,csharp
class_11222,OrderManagerClass_11222,Domain,,csharp
class_11223,OrderManagerClass_11223,Domain,,csharp
class_11224,OrderManagerClass_11224,Domain,,csharp
class_11225,OrderManagerClass_11225,Domain,,csharp
class_11226,OrderManagerClass_11226,Domain,,csharp
class_11227,OrderManagerClass_11227,Domain,,csharp
class_11228,OrderManagerClass_11228,Domain,,csharp
class_11229,OrderManagerClass_11229,Domain,,csharp
class_11230,OrderManagerClass_11230,Domain,,csharp
class_11231,OrderManagerClass_11231,Domain,,csharp
class_11232,OrderManagerClass_11232,Domain,,csharp
class_11233,OrderManagerClass_11233,Domain,,csharp
class_11234,OrderManagerClass_11234,Domain,,csharp
class_11235,OrderManagerClass_11235,Domain,,csharp
class_11236,OrderManagerClass_11236,Domain,,csharp
class_11237,OrderManagerClass_11237,Domain,,csharp
class_11238,OrderManagerClass_11238,Domain,,csharp
class_11239,OrderManagerClass_11239,Domain,,csharp
class_11240,OrderManagerClass_11240,Domain,,csharp
class_11241,OrderManagerClass_11241,Domain,,csharp
class_11242,OrderManagerClass_11242,Domain,,csharp
class_11243,OrderManagerClass_11243,Domain,,csharp
class_11244,OrderManagerClass_11244,Domain,,csharp
class_11245,OrderManagerClass_11245,Domain,,csharp
class_11246,OrderManagerClass_11246,Domain,,csharp
class_11247,OrderManagerClass_11247,Domain,,csharp
class_11248,OrderManagerClass_11248,Domain,,csharp
class_11249,OrderManagerClass_11249,Domain,,csharp
class_11250,OrderManagerClass_11250,Domain,,csharp
class_11251,OrderManagerClass_11251,Domain,,csharp
class_11252,OrderManagerClass_11252,Domain,,csharp
class_11253,OrderManagerClass_11253,Domain,,csharp
class_11254,OrderManagerClass_11254,Domain,,csharp
class_11255,OrderManagerClass_11255,Domain,,csharp
class_11256,OrderManagerClass_11256,Domain,,csharp
class_11257,OrderManagerClass_11257,Domain,,csharp
class_11258,OrderManagerClass_11258,Domain,,csharp
class_11259,OrderManagerClass_11259,Domain,,csharp
class_11260,OrderManagerClass_11260,Domain,,csharp
class_11261,OrderManagerClass_11261,Domain,,csharp
class_11262,OrderManagerClass_11262,Domain,,csharp
class_11263,OrderManagerClass_11263,Domain,,csharp
class_11264,OrderManagerClass_11264,Domain,,csharp
class_11265,OrderManagerClass_11265,Domain,,csharp
class_11266,OrderManagerClass_11266,Domain,,csharp
class_11267,OrderManagerClass_11267,Domain,,csharp
class_11268,OrderManagerClass_11268,Domain,,csharp
class_11269,OrderManagerClass_11269,Domain,,csharp
class_11270,OrderManagerClass_11270,Domain,,csharp
class_11271,OrderManagerClass_11271,Domain,,csharp
class_11272,OrderManagerClass_11272,Domain,,csharp
class_11273,OrderManagerClass_11273,Domain,,csharp
class_11274,OrderManagerClass_11274,Domain,,csharp
class_11275,OrderManagerClass_11275,Domain,,csharp
class_11276,OrderManagerClass_11276,Domain,,csharp
class_11277,OrderManagerClass_11277,Domain,,csharp
class_11278,OrderManagerClass_11278,Domain,,csharp
class_11279,OrderManagerClass_11279,Domain,,csharp
class_11280,OrderManagerClass_11280,Domain,,csharp
class_11281,OrderManagerClass_11281,Domain,,csharp
class_11282,OrderManagerClass_11282,Domain,,csharp
class_11283,OrderManagerClass_11283,Domain,,csharp
class_11284,OrderManagerClass_11284,Domain,,csharp
class_11285,OrderManagerClass_11285,Domain,,csharp
class_11286,OrderManagerClass_11286,Domain,,csharp
class_11287,OrderManagerClass_11287,Domain,,csharp
class_11288,OrderManagerClass_11288,Domain,,csharp
class_11289,OrderManagerClass_11289,Domain,,csharp
class_11290,OrderManagerClass_11290,Domain,,csharp
class_11291,OrderManagerClass_11291,Domain,,csharp
class_11292,OrderManagerClass_11292,Domain,,csharp
class_11293,OrderManagerClass_11293,Domain,,csharp
class_11294,OrderManagerClass_11294,Domain,,csharp
class_11295,OrderManagerClass_11295,Domain,,csharp
class_11296,OrderManagerClass_11296,Domain,,csharp
class_11297,OrderManagerClass_11297,Domain,,csharp
class_11298,OrderManagerClass_11298,Domain,,csharp
class_11299,OrderManagerClass_11299,Domain,,csharp
class_11300,OrderManagerClass_11300,Domain,,csharp
class_11301,OrderManagerClass_11301,Domain,,csharp
class_11302,OrderManagerClass_11302,Domain,,csharp
class_11303,OrderManagerClass_11303,Domain,,csharp
class_11304,OrderManagerClass_11304,Domain,,csharp
class_11305,OrderManagerClass_11305,Domain,,csharp
class_11306,OrderManagerClass_11306,Domain,,csharp
class_11307,OrderManagerClass_11307,Domain,,csharp
class_11308,OrderManagerClass_11308,Domain,,csharp
class_11309,OrderManagerClass_11309,Domain,,csharp
class_11310,OrderManagerClass_11310,Domain,,csharp
class_11311,OrderManagerClass_11311,Domain,,csharp
class_11312,OrderManagerClass_11312,Domain,,csharp
class_11313,OrderManagerClass_11313,Domain,,csharp
class_11314,OrderManagerClass_11314,Domain,,csharp
class_11315,OrderManagerClass_11315,Domain,,csharp
class_11316,OrderManagerClass_11316,Domain,,csharp
class_11317,OrderManagerClass_11317,Domain,,csharp
class_11318,OrderManagerClass_11318,Domain,,csharp
class_11319,OrderManagerClass_11319,Domain,,csharp
class_11320,OrderManagerClass_11320,Domain,,csharp
class_11321,OrderManagerClass_11321,Domain,,csharp
class_11322,OrderManagerClass_11322,Domain,,csharp
class_11323,OrderManagerClass_11323,Domain,,csharp
class_11324,OrderManagerClass_11324,Domain,,csharp
class_11325,OrderManagerClass_11325,Domain,,csharp
class_11326,OrderManagerClass_11326,Domain,,csharp
class_11327,OrderManagerClass_11327,Domain,,csharp
class_11328,OrderManagerClass_11328,Domain,,csharp
class_11329,OrderManagerClass_11329,Domain,,csharp
class_11330,OrderManagerClass_11330,Domain,,csharp
class_11331,OrderManagerClass_11331,Domain,,csharp
class_11332,OrderManagerClass_11332,Domain,,csharp
class_11333,OrderManagerClass_11333,Domain,,csharp
class_11334,OrderManagerClass_11334,Domain,,csharp
class_11335,OrderManagerClass_11335,Domain,,csharp
class_11336,OrderManagerClass_11336,Domain,,csharp
class_11337,OrderManagerClass_11337,Domain,,csharp
class_11338,OrderManagerClass_11338,Domain,,csharp
class_11339,OrderManagerClass_11339,Domain,,csharp
class_11340,OrderManagerClass_11340,Domain,,csharp
class_11341,OrderManagerClass_11341,Domain,,csharp
class_11342,OrderManagerClass_11342,Domain,,csharp
class_11343,OrderManagerClass_11343,Domain,,csharp
class_11344,OrderManagerClass_11344,Domain,,csharp
class_11345,OrderManagerClass_11345,Domain,,csharp
class_11346,OrderManagerClass_11346,Domain,,csharp
class_11347,OrderManagerClass_11347,Domain,,csharp
class_11348,OrderManagerClass_11348,Domain,,csharp
class_11349,OrderManagerClass_11349,Domain,,csharp
class_11350,OrderManagerClass_11350,Domain,,csharp
class_11351,OrderManagerClass_11351,Domain,,csharp
class_11352,OrderManagerClass_11352,Domain,,csharp
class_11353,OrderManagerClass_11353,Domain,,csharp
class_11354,OrderManagerClass_11354,Domain,,csharp
class_11355,OrderManagerClass_11355,Domain,,csharp
class_11356,OrderManagerClass_11356,Domain,,csharp
class_11357,OrderManagerClass_11357,Domain,,csharp
class_11358,OrderManagerClass_11358,Domain,,csharp
class_11359,OrderManagerClass_11359,Domain,,csharp
class_11360,OrderManagerClass_11360,Domain,,csharp
class_11361,OrderManagerClass_11361,Domain,,csharp
class_11362,OrderManagerClass_11362,Domain,,csharp
class_11363,OrderManagerClass_11363,Domain,,csharp
class_11364,OrderManagerClass_11364,Domain,,csharp
class_11365,OrderManagerClass_11365,Domain,,csharp
class_11366,OrderManagerClass_11366,Domain,,csharp
class_11367,OrderManagerClass_11367,Domain,,csharp
class_11368,OrderManagerClass_11368,Domain,,csharp
class_11369,OrderManagerClass_11369,Domain,,csharp
class_11370,OrderManagerClass_11370,Domain,,csharp
class_11371,OrderManagerClass_11371,Domain,,csharp
class_11372,OrderManagerClass_11372,Domain,,csharp
class_11373,OrderManagerClass_11373,Domain,,csharp
class_11374,OrderManagerClass_11374,Domain,,csharp
class_11375,OrderManagerClass_11375,Domain,,csharp
class_11376,OrderManagerClass_11376,Domain,,csharp
class_11377,OrderManagerClass_11377,Domain,,csharp
class_11378,OrderManagerClass_11378,Domain,,csharp
class_11379,OrderManagerClass_11379,Domain,,csharp
class_11380,OrderManagerClass_11380,Domain,,csharp
class_11381,OrderManagerClass_11381,Domain,,csharp
class_11382,OrderManagerClass_11382,Domain,,csharp
class_11383,OrderManagerClass_11383,Domain,,csharp
class_11384,OrderManagerClass_11384,Domain,,csharp
class_11385,OrderManagerClass_11385,Domain,,csharp
class_11386,OrderManagerClass_11386,Domain,,csharp
class_11387,OrderManagerClass_11387,Domain,,csharp
class_11388,OrderManagerClass_11388,Domain,,csharp
class_11389,OrderManagerClass_11389,Domain,,csharp
class_11390,OrderManagerClass_11390,Domain,,csharp
class_11391,OrderManagerClass_11391,Domain,,csharp
class_11392,OrderManagerClass_11392,Domain,,csharp
class_11393,OrderManagerClass_11393,Domain,,csharp
class_11394,OrderManagerClass_11394,Domain,,csharp
class_11395,OrderManagerClass_11395,Domain,,csharp
class_11396,OrderManagerClass_11396,Domain,,csharp
class_11397,OrderManagerClass_11397,Domain,,csharp
class_11398,OrderManagerClass_11398,Domain,,csharp
class_11399,OrderManagerClass_11399,Domain,,csharp
class_11400,OrderManagerClass_11400,Domain,,csharp
class_11401,OrderManagerClass_11401,Domain,,csharp
class_11402,OrderManagerClass_11402,Domain,,csharp
class_11403,OrderManagerClass_11403,Domain,,csharp
class_11404,OrderManagerClass_11404,Domain,,csharp
class_11405,OrderManagerClass_11405,Domain,,csharp
class_11406,OrderManagerClass_11406,Domain,,csharp
class_11407,OrderManagerClass_11407,Domain,,csharp
class_11408,OrderManagerClass_11408,Domain,,csharp
class_11409,OrderManagerClass_11409,Domain,,csharp
class_11410,OrderManagerClass_11410,Domain,,csharp
class_11411,OrderManagerClass_11411,Domain,,csharp
class_11412,OrderManagerClass_11412,Domain,,csharp
class_11413,OrderManagerClass_11413,Domain,,csharp
class_11414,OrderManagerClass_11414,Domain,,csharp
class_11415,OrderManagerClass_11415,Domain,,csharp
class_11416,OrderManagerClass_11416,Domain,,csharp
class_11417,OrderManagerClass_11417,Domain,,csharp
class_11418,OrderManagerClass_11418,Domain,,csharp
class_11419,OrderManagerClass_11419,Domain,,csharp
class_11420,OrderManagerClass_11420,Domain,,csharp
class_11421,OrderManagerClass_11421,Domain,,csharp
class_11422,OrderManagerClass_11422,Domain,,csharp
class_11423,OrderManagerClass_11423,Domain,,csharp
class_11424,OrderManagerClass_11424,Domain,,csharp
class_11425,OrderManagerClass_11425,Domain,,csharp
class_11426,OrderManagerClass_11426,Domain,,csharp
class_11427,OrderManagerClass_11427,Domain,,csharp
class_11428,OrderManagerClass_11428,Domain,,csharp
class_11429,OrderManagerClass_11429,Domain,,csharp
class_11430,OrderManagerClass_11430,Domain,,csharp
class_11431,OrderManagerClass_11431,Domain,,csharp
class_11432,OrderManagerClass_11432,Domain,,csharp
class_11433,OrderManagerClass_11433,Domain,,csharp
class_11434,OrderManagerClass_11434,Domain,,csharp
class_11435,OrderManagerClass_11435,Domain,,csharp
class_11436,OrderManagerClass_11436,Domain,,csharp
class_11437,OrderManagerClass_11437,Domain,,csharp
class_11438,OrderManagerClass_11438,Domain,,csharp
class_11439,OrderManagerClass_11439,Domain,,csharp
class_11440,OrderManagerClass_11440,Domain,,csharp
class_11441,OrderManagerClass_11441,Domain,,csharp
class_11442,OrderManagerClass_11442,Domain,,csharp
class_11443,OrderManagerClass_11443,Domain,,csharp
class_11444,OrderManagerClass_11444,Domain,,csharp
class_11445,OrderManagerClass_11445,Domain,,csharp
class_11446,OrderManagerClass_11446,Domain,,csharp
class_11447,OrderManagerClass_11447,Domain,,csharp
class_11448,OrderManagerClass_11448,Domain,,csharp
class_11449,OrderManagerClass_11449,Domain,,csharp
class_11450,OrderManagerClass_11450,Domain,,csharp
class_11451,OrderManagerClass_11451,Domain,,csharp
class_11452,OrderManagerClass_11452,Domain,,csharp
class_11453,OrderManagerClass_11453,Domain,,csharp
class_11454,OrderManagerClass_11454,Domain,,csharp
class_11455,OrderManagerClass_11455,Domain,,csharp
class_11456,OrderManagerClass_11456,Domain,,csharp
class_11457,OrderManagerClass_11457,Domain,,csharp
class_11458,OrderManagerClass_11458,Domain,,csharp
class_11459,OrderManagerClass_11459,Domain,,csharp
class_11460,OrderManagerClass_11460,Domain,,csharp
class_11461,OrderManagerClass_11461,Domain,,csharp
class_11462,OrderManagerClass_11462,Domain,,csharp
class_11463,OrderManagerClass_11463,Domain,,csharp
class_11464,OrderManagerClass_11464,Domain,,csharp
class_11465,OrderManagerClass_11465,Domain,,csharp
class_11466,OrderManagerClass_11466,Domain,,csharp
class_11467,OrderManagerClass_11467,Domain,,csharp
class_11468,OrderManagerClass_11468,Domain,,csharp
class_11469,OrderManagerClass_11469,Domain,,csharp
class_11470,OrderManagerClass_11470,Domain,,csharp
class_11471,OrderManagerClass_11471,Domain,,csharp
class_11472,OrderManagerClass_11472,Domain,,csharp
class_11473,OrderManagerClass_11473,Domain,,csharp
class_11474,OrderManagerClass_11474,Domain,,csharp
class_11475,OrderManagerClass_11475,Domain,,csharp
class_11476,OrderManagerClass_11476,Domain,,csharp
class_11477,OrderManagerClass_11477,Domain,,csharp
class_11478,OrderManagerClass_11478,Domain,,csharp
class_11479,OrderManagerClass_11479,Domain,,csharp
class_11480,OrderManagerClass_11480,Domain,,csharp
class_11481,OrderManagerClass_11481,Domain,,csharp
class_11482,OrderManagerClass_11482,Domain,,csharp
class_11483,OrderManagerClass_11483,Domain,,csharp
class_11484,OrderManagerClass_11484,Domain,,csharp
class_11485,OrderManagerClass_11485,Domain,,csharp
class_11486,OrderManagerClass_11486,Domain,,csharp
class_11487,OrderManagerClass_11487,Domain,,csharp
class_11488,OrderManagerClass_11488,Domain,,csharp
class_11489,OrderManagerClass_11489,Domain,,csharp
class_11490,OrderManagerClass_11490,Domain,,csharp
class_11491,OrderManagerClass_11491,Domain,,csharp
class_11492,OrderManagerClass_11492,Domain,,csharp
class_11493,OrderManagerClass_11493,Domain,,csharp
class_11494,OrderManagerClass_11494,Domain,,csharp
class_11495,OrderManagerClass_11495,Domain,,csharp
class_11496,OrderManagerClass_11496,Domain,,csharp
class_11497,OrderManagerClass_11497,Domain,,csharp
class_11498,OrderManagerClass_11498,Domain,,csharp
class_11499,OrderManagerClass_11499,Domain,,csharp
class_11500,OrderManagerClass_11500,Domain,,csharp
class_11501,OrderManagerClass_11501,Domain,,csharp
class_11502,OrderManagerClass_11502,Domain,,csharp
class_11503,OrderManagerClass_11503,Domain,,csharp
class_11504,OrderManagerClass_11504,Domain,,csharp
class_11505,OrderManagerClass_11505,Domain,,csharp
class_11506,OrderManagerClass_11506,Domain,,csharp
class_11507,OrderManagerClass_11507,Domain,,csharp
class_11508,OrderManagerClass_11508,Domain,,csharp
class_11509,OrderManagerClass_11509,Domain,,csharp
class_11510,OrderManagerClass_11510,Domain,,csharp
class_11511,OrderManagerClass_11511,Domain,,csharp
class_11512,OrderManagerClass_11512,Domain,,csharp
class_11513,OrderManagerClass_11513,Domain,,csharp
class_11514,OrderManagerClass_11514,Domain,,csharp
class_11515,OrderManagerClass_11515,Domain,,csharp
class_11516,OrderManagerClass_11516,Domain,,csharp
class_11517,OrderManagerClass_11517,Domain,,csharp
class_11518,OrderManagerClass_11518,Domain,,csharp
class_11519,OrderManagerClass_11519,Domain,,csharp
class_11520,OrderManagerClass_11520,Domain,,csharp
class_11521,OrderManagerClass_11521,Domain,,csharp
class_11522,OrderManagerClass_11522,Domain,,csharp
class_11523,OrderManagerClass_11523,Domain,,csharp
class_11524,OrderManagerClass_11524,Domain,,csharp
class_11525,OrderManagerClass_11525,Domain,,csharp
class_11526,OrderManagerClass_11526,Domain,,csharp
class_11527,OrderManagerClass_11527,Domain,,csharp
class_11528,OrderManagerClass_11528,Domain,,csharp
class_11529,OrderManagerClass_11529,Domain,,csharp
class_11530,OrderManagerClass_11530,Domain,,csharp
class_11531,OrderManagerClass_11531,Domain,,csharp
class_11532,OrderManagerClass_11532,Domain,,csharp
class_11533,OrderManagerClass_11533,Domain,,csharp
class_11534,OrderManagerClass_11534,Domain,,csharp
class_11535,OrderManagerClass_11535,Domain,,csharp
class_11536,OrderManagerClass_11536,Domain,,csharp
class_11537,OrderManagerClass_11537,Domain,,csharp
class_11538,OrderManagerClass_11538,Domain,,csharp
class_11539,OrderManagerClass_11539,Domain,,csharp
class_11540,OrderManagerClass_11540,Domain,,csharp
class_11541,OrderManagerClass_11541,Domain,,csharp
class_11542,OrderManagerClass_11542,Domain,,csharp
class_11543,OrderManagerClass_11543,Domain,,csharp
class_11544,OrderManagerClass_11544,Domain,,csharp
class_11545,OrderManagerClass_11545,Domain,,csharp
class_11546,OrderManagerClass_11546,Domain,,csharp
class_11547,OrderManagerClass_11547,Domain,,csharp
class_11548,OrderManagerClass_11548,Domain,,csharp
class_11549,OrderManagerClass_11549,Domain,,csharp
class_11550,OrderManagerClass_11550,Domain,,csharp
class_11551,OrderManagerClass_11551,Domain,,csharp
class_11552,OrderManagerClass_11552,Domain,,csharp
class_11553,OrderManagerClass_11553,Domain,,csharp
class_11554,OrderManagerClass_11554,Domain,,csharp
class_11555,OrderManagerClass_11555,Domain,,csharp
class_11556,OrderManagerClass_11556,Domain,,csharp
class_11557,OrderManagerClass_11557,Domain,,csharp
class_11558,OrderManagerClass_11558,Domain,,csharp
class_11559,OrderManagerClass_11559,Domain,,csharp
class_11560,OrderManagerClass_11560,Domain,,csharp
class_11561,OrderManagerClass_11561,Domain,,csharp
class_11562,OrderManagerClass_11562,Domain,,csharp
class_11563,OrderManagerClass_11563,Domain,,csharp
class_11564,OrderManagerClass_11564,Domain,,csharp
class_11565,OrderManagerClass_11565,Domain,,csharp
class_11566,OrderManagerClass_11566,Domain,,csharp
class_11567,OrderManagerClass_11567,Domain,,csharp
class_11568,OrderManagerClass_11568,Domain,,csharp
class_11569,OrderManagerClass_11569,Domain,,csharp
class_11570,OrderManagerClass_11570,Domain,,csharp
class_11571,OrderManagerClass_11571,Domain,,csharp
class_11572,OrderManagerClass_11572,Domain,,csharp
class_11573,OrderManagerClass_11573,Domain,,csharp
class_11574,OrderManagerClass_11574,Domain,,csharp
class_11575,OrderManagerClass_11575,Domain,,csharp
class_11576,OrderManagerClass_11576,Domain,,csharp
class_11577,OrderManagerClass_11577,Domain,,csharp
class_11578,OrderManagerClass_11578,Domain,,csharp
class_11579,OrderManagerClass_11579,Domain,,csharp
class_11580,OrderManagerClass_11580,Domain,,csharp
class_11581,OrderManagerClass_11581,Domain,,csharp
class_11582,OrderManagerClass_11582,Domain,,csharp
class_11583,OrderManagerClass_11583,Domain,,csharp
class_11584,OrderManagerClass_11584,Domain,,csharp
class_11585,OrderManagerClass_11585,Domain,,csharp
class_11586,OrderManagerClass_11586,Domain,,csharp
class_11587,OrderManagerClass_11587,Domain,,csharp
class_11588,OrderManagerClass_11588,Domain,,csharp
class_11589,OrderManagerClass_11589,Domain,,csharp
class_11590,OrderManagerClass_11590,Domain,,csharp
class_11591,OrderManagerClass_11591,Domain,,csharp
class_11592,OrderManagerClass_11592,Domain,,csharp
class_11593,OrderManagerClass_11593,Domain,,csharp
class_11594,OrderManagerClass_11594,Domain,,csharp
class_11595,OrderManagerClass_11595,Domain,,csharp
class_11596,OrderManagerClass_11596,Domain,,csharp
class_11597,OrderManagerClass_11597,Domain,,csharp
class_11598,OrderManagerClass_11598,Domain,,csharp
class_11599,OrderManagerClass_11599,Domain,,csharp
class_11600,OrderManagerClass_11600,Domain,,csharp
class_11601,OrderManagerClass_11601,Domain,,csharp
class_11602,OrderManagerClass_11602,Domain,,csharp
class_11603,OrderManagerClass_11603,Domain,,csharp
class_11604,OrderManagerClass_11604,Domain,,csharp
class_11605,OrderManagerClass_11605,Domain,,csharp
class_11606,OrderManagerClass_11606,Domain,,csharp
class_11607,OrderManagerClass_11607,Domain,,csharp
class_11608,OrderManagerClass_11608,Domain,,csharp
class_11609,OrderManagerClass_11609,Domain,,csharp
class_11610,OrderManagerClass_11610,Domain,,csharp
class_11611,OrderManagerClass_11611,Domain,,csharp
class_11612,OrderManagerClass_11612,Domain,,csharp
class_11613,OrderManagerClass_11613,Domain,,csharp
class_11614,OrderManagerClass_11614,Domain,,csharp
class_11615,OrderManagerClass_11615,Domain,,csharp
class_11616,OrderManagerClass_11616,Domain,,csharp
class_11617,OrderManagerClass_11617,Domain,,csharp
class_11618,OrderManagerClass_11618,Domain,,csharp
class_11619,OrderManagerClass_11619,Domain,,csharp
class_11620,OrderManagerClass_11620,Domain,,csharp
class_11621,OrderManagerClass_11621,Domain,,csharp
class_11622,OrderManagerClass_11622,Domain,,csharp
class_11623,OrderManagerClass_11623,Domain,,csharp
class_11624,OrderManagerClass_11624,Domain,,csharp
class_11625,OrderManagerClass_11625,Domain,,csharp
class_11626,OrderManagerClass_11626,Domain,,csharp
class_11627,OrderManagerClass_11627,Domain,,csharp
class_11628,OrderManagerClass_11628,Domain,,csharp
class_11629,OrderManagerClass_11629,Domain,,csharp
class_11630,OrderManagerClass_11630,Domain,,csharp
class_11631,OrderManagerClass_11631,Domain,,csharp
class_11632,OrderManagerClass_11632,Domain,,csharp
class_11633,OrderManagerClass_11633,Domain,,csharp
class_11634,OrderManagerClass_11634,Domain,,csharp
class_11635,OrderManagerClass_11635,Domain,,csharp
class_11636,OrderManagerClass_11636,Domain,,csharp
class_11637,OrderManagerClass_11637,Domain,,csharp
class_11638,OrderManagerClass_11638,Domain,,csharp
class_11639,OrderManagerClass_11639,Domain,,csharp
class_11640,OrderManagerClass_11640,Domain,,csharp
class_11641,OrderManagerClass_11641,Domain,,csharp
class_11642,OrderManagerClass_11642,Domain,,csharp
class_11643,OrderManagerClass_11643,Domain,,csharp
class_11644,OrderManagerClass_11644,Domain,,csharp
class_11645,OrderManagerClass_11645,Domain,,csharp
class_11646,OrderManagerClass_11646,Domain,,csharp
class_11647,OrderManagerClass_11647,Domain,,csharp
class_11648,OrderManagerClass_11648,Domain,,csharp
class_11649,OrderManagerClass_11649,Domain,,csharp
class_11650,OrderManagerClass_11650,Domain,,csharp
class_11651,OrderManagerClass_11651,Domain,,csharp
class_11652,OrderManagerClass_11652,Domain,,csharp
class_11653,OrderManagerClass_11653,Domain,,csharp
class_11654,OrderManagerClass_11654,Domain,,csharp
class_11655,OrderManagerClass_11655,Domain,,csharp
class_11656,OrderManagerClass_11656,Domain,,csharp
class_11657,OrderManagerClass_11657,Domain,,csharp
class_11658,OrderManagerClass_11658,Domain,,csharp
class_11659,OrderManagerClass_11659,Domain,,csharp
class_11660,OrderManagerClass_11660,Domain,,csharp
class_11661,OrderManagerClass_11661,Domain,,csharp
class_11662,OrderManagerClass_11662,Domain,,csharp
class_11663,OrderManagerClass_11663,Domain,,csharp
class_11664,OrderManagerClass_11664,Domain,,csharp
class_11665,OrderManagerClass_11665,Domain,,csharp
class_11666,OrderManagerClass_11666,Domain,,csharp
class_11667,OrderManagerClass_11667,Domain,,csharp
class_11668,OrderManagerClass_11668,Domain,,csharp
class_11669,OrderManagerClass_11669,Domain,,csharp
class_11670,OrderManagerClass_11670,Domain,,csharp
class_11671,OrderManagerClass_11671,Domain,,csharp
class_11672,OrderManagerClass_11672,Domain,,csharp
class_11673,OrderManagerClass_11673,Domain,,csharp
class_11674,OrderManagerClass_11674,Domain,,csharp
class_11675,OrderManagerClass_11675,Domain,,csharp
class_11676,OrderManagerClass_11676,Domain,,csharp
class_11677,OrderManagerClass_11677,Domain,,csharp
class_11678,OrderManagerClass_11678,Domain,,csharp
class_11679,OrderManagerClass_11679,Domain,,csharp
class_11680,OrderManagerClass_11680,Domain,,csharp
class_11681,OrderManagerClass_11681,Domain,,csharp
class_11682,OrderManagerClass_11682,Domain,,csharp
class_11683,OrderManagerClass_11683,Domain,,csharp
class_11684,OrderManagerClass_11684,Domain,,csharp
class_11685,OrderManagerClass_11685,Domain,,csharp
class_11686,OrderManagerClass_11686,Domain,,csharp
class_11687,OrderManagerClass_11687,Domain,,csharp
class_11688,OrderManagerClass_11688,Domain,,csharp
class_11689,OrderManagerClass_11689,Domain,,csharp
class_11690,OrderManagerClass_11690,Domain,,csharp
class_11691,OrderManagerClass_11691,Domain,,csharp
class_11692,OrderManagerClass_11692,Domain,,csharp
class_11693,OrderManagerClass_11693,Domain,,csharp
class_11694,OrderManagerClass_11694,Domain,,csharp
class_11695,OrderManagerClass_11695,Domain,,csharp
class_11696,OrderManagerClass_11696,Domain,,csharp
class_11697,OrderManagerClass_11697,Domain,,csharp
class_11698,OrderManagerClass_11698,Domain,,csharp
class_11699,OrderManagerClass_11699,Domain,,csharp
class_11700,OrderManagerClass_11700,Domain,,csharp
class_11701,OrderManagerClass_11701,Domain,,csharp
class_11702,OrderManagerClass_11702,Domain,,csharp
class_11703,OrderManagerClass_11703,Domain,,csharp
class_11704,OrderManagerClass_11704,Domain,,csharp
class_11705,OrderManagerClass_11705,Domain,,csharp
class_11706,OrderManagerClass_11706,Domain,,csharp
class_11707,OrderManagerClass_11707,Domain,,csharp
class_11708,OrderManagerClass_11708,Domain,,csharp
class_11709,OrderManagerClass_11709,Domain,,csharp
class_11710,OrderManagerClass_11710,Domain,,csharp
class_11711,OrderManagerClass_11711,Domain,,csharp
class_11712,OrderManagerClass_11712,Domain,,csharp
class_11713,OrderManagerClass_11713,Domain,,csharp
class_11714,OrderManagerClass_11714,Domain,,csharp
class_11715,OrderManagerClass_11715,Domain,,csharp
class_11716,OrderManagerClass_11716,Domain,,csharp
class_11717,OrderManagerClass_11717,Domain,,csharp
class_11718,OrderManagerClass_11718,Domain,,csharp
class_11719,OrderManagerClass_11719,Domain,,csharp
class_11720,OrderManagerClass_11720,Domain,,csharp
class_11721,OrderManagerClass_11721,Domain,,csharp
class_11722,OrderManagerClass_11722,Domain,,csharp
class_11723,OrderManagerClass_11723,Domain,,csharp
class_11724,OrderManagerClass_11724,Domain,,csharp
class_11725,OrderManagerClass_11725,Domain,,csharp
class_11726,OrderManagerClass_11726,Domain,,csharp
class_11727,OrderManagerClass_11727,Domain,,csharp
class_11728,OrderManagerClass_11728,Domain,,csharp
class_11729,OrderManagerClass_11729,Domain,,csharp
class_11730,OrderManagerClass_11730,Domain,,csharp
class_11731,OrderManagerClass_11731,Domain,,csharp
class_11732,OrderManagerClass_11732,Domain,,csharp
class_11733,OrderManagerClass_11733,Domain,,csharp
class_11734,OrderManagerClass_11734,Domain,,csharp
class_11735,OrderManagerClass_11735,Domain,,csharp
class_11736,OrderManagerClass_11736,Domain,,csharp
class_11737,OrderManagerClass_11737,Domain,,csharp
class_11738,OrderManagerClass_11738,Domain,,csharp
class_11739,OrderManagerClass_11739,Domain,,csharp
class_11740,OrderManagerClass_11740,Domain,,csharp
class_11741,OrderManagerClass_11741,Domain,,csharp
class_11742,OrderManagerClass_11742,Domain,,csharp
class_11743,OrderManagerClass_11743,Domain,,csharp
class_11744,OrderManagerClass_11744,Domain,,csharp
class_11745,OrderManagerClass_11745,Domain,,csharp
class_11746,OrderManagerClass_11746,Domain,,csharp
class_11747,OrderManagerClass_11747,Domain,,csharp
class_11748,OrderManagerClass_11748,Domain,,csharp
class_11749,OrderManagerClass_11749,Domain,,csharp
class_11750,OrderManagerClass_11750,Domain,,csharp
class_11751,OrderManagerClass_11751,Domain,,csharp
class_11752,OrderManagerClass_11752,Domain,,csharp
class_11753,OrderManagerClass_11753,Domain,,csharp
class_11754,OrderManagerClass_11754,Domain,,csharp
class_11755,OrderManagerClass_11755,Domain,,csharp
class_11756,OrderManagerClass_11756,Domain,,csharp
class_11757,OrderManagerClass_11757,Domain,,csharp
class_11758,OrderManagerClass_11758,Domain,,csharp
class_11759,OrderManagerClass_11759,Domain,,csharp
class_11760,OrderManagerClass_11760,Domain,,csharp
class_11761,OrderManagerClass_11761,Domain,,csharp
class_11762,OrderManagerClass_11762,Domain,,csharp
class_11763,OrderManagerClass_11763,Domain,,csharp
class_11764,OrderManagerClass_11764,Domain,,csharp
class_11765,OrderManagerClass_11765,Domain,,csharp
class_11766,OrderManagerClass_11766,Domain,,csharp
class_11767,OrderManagerClass_11767,Domain,,csharp
class_11768,OrderManagerClass_11768,Domain,,csharp
class_11769,OrderManagerClass_11769,Domain,,csharp
class_11770,OrderManagerClass_11770,Domain,,csharp
class_11771,OrderManagerClass_11771,Domain,,csharp
class_11772,OrderManagerClass_11772,Domain,,csharp
class_11773,OrderManagerClass_11773,Domain,,csharp
class_11774,OrderManagerClass_11774,Domain,,csharp
class_11775,OrderManagerClass_11775,Domain,,csharp
class_11776,OrderManagerClass_11776,Domain,,csharp
class_11777,OrderManagerClass_11777,Domain,,csharp
class_11778,OrderManagerClass_11778,Domain,,csharp
class_11779,OrderManagerClass_11779,Domain,,csharp
class_11780,OrderManagerClass_11780,Domain,,csharp
class_11781,OrderManagerClass_11781,Domain,,csharp
class_11782,OrderManagerClass_11782,Domain,,csharp
class_11783,OrderManagerClass_11783,Domain,,csharp
class_11784,OrderManagerClass_11784,Domain,,csharp
class_11785,OrderManagerClass_11785,Domain,,csharp
class_11786,OrderManagerClass_11786,Domain,,csharp
class_11787,OrderManagerClass_11787,Domain,,csharp
class_11788,OrderManagerClass_11788,Domain,,csharp
class_11789,OrderManagerClass_11789,Domain,,csharp
class_11790,OrderManagerClass_11790,Domain,,csharp
class_11791,OrderManagerClass_11791,Domain,,csharp
class_11792,OrderManagerClass_11792,Domain,,csharp
class_11793,OrderManagerClass_11793,Domain,,csharp
class_11794,OrderManagerClass_11794,Domain,,csharp
class_11795,OrderManagerClass_11795,Domain,,csharp
class_11796,OrderManagerClass_11796,Domain,,csharp
class_11797,OrderManagerClass_11797,Domain,,csharp
class_11798,OrderManagerClass_11798,Domain,,csharp
class_11799,OrderManagerClass_11799,Domain,,csharp
class_11800,OrderManagerClass_11800,Domain,,csharp
class_11801,OrderManagerClass_11801,Domain,,csharp
class_11802,OrderManagerClass_11802,Domain,,csharp
class_11803,OrderManagerClass_11803,Domain,,csharp
class_11804,OrderManagerClass_11804,Domain,,csharp
class_11805,OrderManagerClass_11805,Domain,,csharp
class_11806,OrderManagerClass_11806,Domain,,csharp
class_11807,OrderManagerClass_11807,Domain,,csharp
class_11808,OrderManagerClass_11808,Domain,,csharp
class_11809,OrderManagerClass_11809,Domain,,csharp
class_11810,OrderManagerClass_11810,Domain,,csharp
class_11811,OrderManagerClass_11811,Domain,,csharp
class_11812,OrderManagerClass_11812,Domain,,csharp
class_11813,OrderManagerClass_11813,Domain,,csharp
class_11814,OrderManagerClass_11814,Domain,,csharp
class_11815,OrderManagerClass_11815,Domain,,csharp
class_11816,OrderManagerClass_11816,Domain,,csharp
class_11817,OrderManagerClass_11817,Domain,,csharp
class_11818,OrderManagerClass_11818,Domain,,csharp
class_11819,OrderManagerClass_11819,Domain,,csharp
class_11820,OrderManagerClass_11820,Domain,,csharp
class_11821,OrderManagerClass_11821,Domain,,csharp
class_11822,OrderManagerClass_11822,Domain,,csharp
class_11823,OrderManagerClass_11823,Domain,,csharp
class_11824,OrderManagerClass_11824,Domain,,csharp
class_11825,OrderManagerClass_11825,Domain,,csharp
class_11826,OrderManagerClass_11826,Domain,,csharp
class_11827,OrderManagerClass_11827,Domain,,csharp
class_11828,OrderManagerClass_11828,Domain,,csharp
class_11829,OrderManagerClass_11829,Domain,,csharp
class_11830,OrderManagerClass_11830,Domain,,csharp
class_11831,OrderManagerClass_11831,Domain,,csharp
class_11832,OrderManagerClass_11832,Domain,,csharp
class_11833,OrderManagerClass_11833,Domain,,csharp
class_11834,OrderManagerClass_11834,Domain,,csharp
class_11835,OrderManagerClass_11835,Domain,,csharp
class_11836,OrderManagerClass_11836,Domain,,csharp
class_11837,OrderManagerClass_11837,Domain,,csharp
class_11838,OrderManagerClass_11838,Domain,,csharp
class_11839,OrderManagerClass_11839,Domain,,csharp
class_11840,OrderManagerClass_11840,Domain,,csharp
class_11841,OrderManagerClass_11841,Domain,,csharp
class_11842,OrderManagerClass_11842,Domain,,csharp
class_11843,OrderManagerClass_11843,Domain,,csharp
class_11844,OrderManagerClass_11844,Domain,,csharp
class_11845,OrderManagerClass_11845,Domain,,csharp
class_11846,OrderManagerClass_11846,Domain,,csharp
class_11847,OrderManagerClass_11847,Domain,,csharp
class_11848,OrderManagerClass_11848,Domain,,csharp
class_11849,OrderManagerClass_11849,Domain,,csharp
class_11850,OrderManagerClass_11850,Domain,,csharp
class_11851,OrderManagerClass_11851,Domain,,csharp
class_11852,OrderManagerClass_11852,Domain,,csharp
class_11853,OrderManagerClass_11853,Domain,,csharp
class_11854,OrderManagerClass_11854,Domain,,csharp
class_11855,OrderManagerClass_11855,Domain,,csharp
class_11856,OrderManagerClass_11856,Domain,,csharp
class_11857,OrderManagerClass_11857,Domain,,csharp
class_11858,OrderManagerClass_11858,Domain,,csharp
class_11859,OrderManagerClass_11859,Domain,,csharp
class_11860,OrderManagerClass_11860,Domain,,csharp
class_11861,OrderManagerClass_11861,Domain,,csharp
class_11862,OrderManagerClass_11862,Domain,,csharp
class_11863,OrderManagerClass_11863,Domain,,csharp
class_11864,OrderManagerClass_11864,Domain,,csharp
class_11865,OrderManagerClass_11865,Domain,,csharp
class_11866,OrderManagerClass_11866,Domain,,csharp
class_11867,OrderManagerClass_11867,Domain,,csharp
class_11868,OrderManagerClass_11868,Domain,,csharp
class_11869,OrderManagerClass_11869,Domain,,csharp
class_11870,OrderManagerClass_11870,Domain,,csharp
class_11871,OrderManagerClass_11871,Domain,,csharp
class_11872,OrderManagerClass_11872,Domain,,csharp
class_11873,OrderManagerClass_11873,Domain,,csharp
class_11874,OrderManagerClass_11874,Domain,,csharp
class_11875,OrderManagerClass_11875,Domain,,csharp
class_11876,OrderManagerClass_11876,Domain,,csharp
class_11877,OrderManagerClass_11877,Domain,,csharp
class_11878,OrderManagerClass_11878,Domain,,csharp
class_11879,OrderManagerClass_11879,Domain,,csharp
class_11880,OrderManagerClass_11880,Domain,,csharp
class_11881,OrderManagerClass_11881,Domain,,csharp
class_11882,OrderManagerClass_11882,Domain,,csharp
class_11883,OrderManagerClass_11883,Domain,,csharp
class_11884,OrderManagerClass_11884,Domain,,csharp
class_11885,OrderManagerClass_11885,Domain,,csharp
class_11886,OrderManagerClass_11886,Domain,,csharp
class_11887,OrderManagerClass_11887,Domain,,csharp
class_11888,OrderManagerClass_11888,Domain,,csharp
class_11889,OrderManagerClass_11889,Domain,,csharp
class_11890,OrderManagerClass_11890,Domain,,csharp
class_11891,OrderManagerClass_11891,Domain,,csharp
class_11892,OrderManagerClass_11892,Domain,,csharp
class_11893,OrderManagerClass_11893,Domain,,csharp
class_11894,OrderManagerClass_11894,Domain,,csharp
class_11895,OrderManagerClass_11895,Domain,,csharp
class_11896,OrderManagerClass_11896,Domain,,csharp
class_11897,OrderManagerClass_11897,Domain,,csharp
class_11898,OrderManagerClass_11898,Domain,,csharp
class_11899,OrderManagerClass_11899,Domain,,csharp
class_11900,OrderManagerClass_11900,Domain,,csharp
class_11901,OrderManagerClass_11901,Domain,,csharp
class_11902,OrderManagerClass_11902,Domain,,csharp
class_11903,OrderManagerClass_11903,Domain,,csharp
class_11904,OrderManagerClass_11904,Domain,,csharp
class_11905,OrderManagerClass_11905,Domain,,csharp
class_11906,OrderManagerClass_11906,Domain,,csharp
class_11907,OrderManagerClass_11907,Domain,,csharp
class_11908,OrderManagerClass_11908,Domain,,csharp
class_11909,OrderManagerClass_11909,Domain,,csharp
class_11910,OrderManagerClass_11910,Domain,,csharp
class_11911,OrderManagerClass_11911,Domain,,csharp
class_11912,OrderManagerClass_11912,Domain,,csharp
class_11913,OrderManagerClass_11913,Domain,,csharp
class_11914,OrderManagerClass_11914,Domain,,csharp
class_11915,OrderManagerClass_11915,Domain,,csharp
class_11916,OrderManagerClass_11916,Domain,,csharp
class_11917,OrderManagerClass_11917,Domain,,csharp
class_11918,OrderManagerClass_11918,Domain,,csharp
class_11919,OrderManagerClass_11919,Domain,,csharp
class_11920,OrderManagerClass_11920,Domain,,csharp
class_11921,OrderManagerClass_11921,Domain,,csharp
class_11922,OrderManagerClass_11922,Domain,,csharp
class_11923,OrderManagerClass_11923,Domain,,csharp
class_11924,OrderManagerClass_11924,Domain,,csharp
class_11925,OrderManagerClass_11925,Domain,,csharp
class_11926,OrderManagerClass_11926,Domain,,csharp
class_11927,OrderManagerClass_11927,Domain,,csharp
class_11928,OrderManagerClass_11928,Domain,,csharp
class_11929,OrderManagerClass_11929,Domain,,csharp
class_11930,OrderManagerClass_11930,Domain,,csharp
class_11931,OrderManagerClass_11931,Domain,,csharp
class_11932,OrderManagerClass_11932,Domain,,csharp
class_11933,OrderManagerClass_11933,Domain,,csharp
class_11934,OrderManagerClass_11934,Domain,,csharp
class_11935,OrderManagerClass_11935,Domain,,csharp
class_11936,OrderManagerClass_11936,Domain,,csharp
class_11937,OrderManagerClass_11937,Domain,,csharp
class_11938,OrderManagerClass_11938,Domain,,csharp
class_11939,OrderManagerClass_11939,Domain,,csharp
class_11940,OrderManagerClass_11940,Domain,,csharp
class_11941,OrderManagerClass_11941,Domain,,csharp
class_11942,OrderManagerClass_11942,Domain,,csharp
class_11943,OrderManagerClass_11943,Domain,,csharp
class_11944,OrderManagerClass_11944,Domain,,csharp
class_11945,OrderManagerClass_11945,Domain,,csharp
class_11946,OrderManagerClass_11946,Domain,,csharp
class_11947,OrderManagerClass_11947,Domain,,csharp
class_11948,OrderManagerClass_11948,Domain,,csharp
class_11949,OrderManagerClass_11949,Domain,,csharp
class_11950,OrderManagerClass_11950,Domain,,csharp
class_11951,OrderManagerClass_11951,Domain,,csharp
class_11952,OrderManagerClass_11952,Domain,,csharp
class_11953,OrderManagerClass_11953,Domain,,csharp
class_11954,OrderManagerClass_11954,Domain,,csharp
class_11955,OrderManagerClass_11955,Domain,,csharp
class_11956,OrderManagerClass_11956,Domain,,csharp
class_11957,OrderManagerClass_11957,Domain,,csharp
class_11958,OrderManagerClass_11958,Domain,,csharp
class_11959,OrderManagerClass_11959,Domain,,csharp
class_11960,OrderManagerClass_11960,Domain,,csharp
class_11961,OrderManagerClass_11961,Domain,,csharp
class_11962,OrderManagerClass_11962,Domain,,csharp
class_11963,OrderManagerClass_11963,Domain,,csharp
class_11964,OrderManagerClass_11964,Domain,,csharp
class_11965,OrderManagerClass_11965,Domain,,csharp
class_11966,OrderManagerClass_11966,Domain,,csharp
class_11967,OrderManagerClass_11967,Domain,,csharp
class_11968,OrderManagerClass_11968,Domain,,csharp
class_11969,OrderManagerClass_11969,Domain,,csharp
class_11970,OrderManagerClass_11970,Domain,,csharp
class_11971,OrderManagerClass_11971,Domain,,csharp
class_11972,OrderManagerClass_11972,Domain,,csharp
class_11973,OrderManagerClass_11973,Domain,,csharp
class_11974,OrderManagerClass_11974,Domain,,csharp
class_11975,OrderManagerClass_11975,Domain,,csharp
class_11976,OrderManagerClass_11976,Domain,,csharp
class_11977,OrderManagerClass_11977,Domain,,csharp
class_11978,OrderManagerClass_11978,Domain,,csharp
class_11979,OrderManagerClass_11979,Domain,,csharp
class_11980,OrderManagerClass_11980,Domain,,csharp
class_11981,OrderManagerClass_11981,Domain,,csharp
class_11982,OrderManagerClass_11982,Domain,,csharp
class_11983,OrderManagerClass_11983,Domain,,csharp
class_11984,OrderManagerClass_11984,Domain,,csharp
class_11985,OrderManagerClass_11985,Domain,,csharp
class_11986,OrderManagerClass_11986,Domain,,csharp
class_11987,OrderManagerClass_11987,Domain,,csharp
class_11988,OrderManagerClass_11988,Domain,,csharp
class_11989,OrderManagerClass_11989,Domain,,csharp
class_11990,OrderManagerClass_11990,Domain,,csharp
class_11991,OrderManagerClass_11991,Domain,,csharp
class_11992,OrderManagerClass_11992,Domain,,csharp
class_11993,OrderManagerClass_11993,Domain,,csharp
class_11994,OrderManagerClass_11994,Domain,,csharp
class_11995,OrderManagerClass_11995,Domain,,csharp
class_11996,OrderManagerClass_11996,Domain,,csharp
class_11997,OrderManagerClass_11997,Domain,,csharp
class_11998,OrderManagerClass_11998,Domain,,csharp
class_11999,OrderManagerClass_11999,Domain,,csharp
class_12000,OrderManagerClass_12000,Domain,,csharp
class_12001,OrderManagerClass_12001,Domain,,csharp
class_12002,OrderManagerClass_12002,Domain,,csharp
class_12003,OrderManagerClass_12003,Domain,,csharp
class_12004,OrderManagerClass_12004,Domain,,csharp
class_12005,OrderManagerClass_12005,Domain,,csharp
class_12006,OrderManagerClass_12006,Domain,,csharp
class_12007,OrderManagerClass_12007,Domain,,csharp
class_12008,OrderManagerClass_12008,Domain,,csharp
class_12009,OrderManagerClass_12009,Domain,,csharp
class_12010,OrderManagerClass_12010,Domain,,csharp
class_12011,OrderManagerClass_12011,Domain,,csharp
class_12012,OrderManagerClass_12012,Domain,,csharp
class_12013,OrderManagerClass_12013,Domain,,csharp
class_12014,OrderManagerClass_12014,Domain,,csharp
class_12015,OrderManagerClass_12015,Domain,,csharp
class_12016,OrderManagerClass_12016,Domain,,csharp
class_12017,OrderManagerClass_12017,Domain,,csharp
class_12018,OrderManagerClass_12018,Domain,,csharp
class_12019,OrderManagerClass_12019,Domain,,csharp
class_12020,OrderManagerClass_12020,Domain,,csharp
class_12021,OrderManagerClass_12021,Domain,,csharp
class_12022,OrderManagerClass_12022,Domain,,csharp
class_12023,OrderManagerClass_12023,Domain,,csharp
class_12024,OrderManagerClass_12024,Domain,,csharp
class_12025,OrderManagerClass_12025,Domain,,csharp
class_12026,OrderManagerClass_12026,Domain,,csharp
class_12027,OrderManagerClass_12027,Domain,,csharp
class_12028,OrderManagerClass_12028,Domain,,csharp
class_12029,OrderManagerClass_12029,Domain,,csharp
class_12030,OrderManagerClass_12030,Domain,,csharp
class_12031,OrderManagerClass_12031,Domain,,csharp
class_12032,OrderManagerClass_12032,Domain,,csharp
class_12033,OrderManagerClass_12033,Domain,,csharp
class_12034,OrderManagerClass_12034,Domain,,csharp
class_12035,OrderManagerClass_12035,Domain,,csharp
class_12036,OrderManagerClass_12036,Domain,,csharp
class_12037,OrderManagerClass_12037,Domain,,csharp
class_12038,OrderManagerClass_12038,Domain,,csharp
class_12039,OrderManagerClass_12039,Domain,,csharp
class_12040,OrderManagerClass_12040,Domain,,csharp
class_12041,OrderManagerClass_12041,Domain,,csharp
class_12042,OrderManagerClass_12042,Domain,,csharp
class_12043,OrderManagerClass_12043,Domain,,csharp
class_12044,OrderManagerClass_12044,Domain,,csharp
class_12045,OrderManagerClass_12045,Domain,,csharp
class_12046,OrderManagerClass_12046,Domain,,csharp
class_12047,OrderManagerClass_12047,Domain,,csharp
class_12048,OrderManagerClass_12048,Domain,,csharp
class_12049,OrderManagerClass_12049,Domain,,csharp
class_12050,OrderManagerClass_12050,Domain,,csharp
class_12051,OrderManagerClass_12051,Domain,,csharp
class_12052,OrderManagerClass_12052,Domain,,csharp
class_12053,OrderManagerClass_12053,Domain,,csharp
class_12054,OrderManagerClass_12054,Domain,,csharp
class_12055,OrderManagerClass_12055,Domain,,csharp
class_12056,OrderManagerClass_12056,Domain,,csharp
class_12057,OrderManagerClass_12057,Domain,,csharp
class_12058,OrderManagerClass_12058,Domain,,csharp
class_12059,OrderManagerClass_12059,Domain,,csharp
class_12060,OrderManagerClass_12060,Domain,,csharp
class_12061,OrderManagerClass_12061,Domain,,csharp
class_12062,OrderManagerClass_12062,Domain,,csharp
class_12063,OrderManagerClass_12063,Domain,,csharp
class_12064,OrderManagerClass_12064,Domain,,csharp
class_12065,OrderManagerClass_12065,Domain,,csharp
class_12066,OrderManagerClass_12066,Domain,,csharp
class_12067,OrderManagerClass_12067,Domain,,csharp
class_12068,OrderManagerClass_12068,Domain,,csharp
class_12069,OrderManagerClass_12069,Domain,,csharp
class_12070,OrderManagerClass_12070,Domain,,csharp
class_12071,OrderManagerClass_12071,Domain,,csharp
class_12072,OrderManagerClass_12072,Domain,,csharp
class_12073,OrderManagerClass_12073,Domain,,csharp
class_12074,OrderManagerClass_12074,Domain,,csharp
class_12075,OrderManagerClass_12075,Domain,,csharp
class_12076,OrderManagerClass_12076,Domain,,csharp
class_12077,OrderManagerClass_12077,Domain,,csharp
class_12078,OrderManagerClass_12078,Domain,,csharp
class_12079,OrderManagerClass_12079,Domain,,csharp
class_12080,OrderManagerClass_12080,Domain,,csharp
class_12081,OrderManagerClass_12081,Domain,,csharp
class_12082,OrderManagerClass_12082,Domain,,csharp
class_12083,OrderManagerClass_12083,Domain,,csharp
class_12084,OrderManagerClass_12084,Domain,,csharp
class_12085,OrderManagerClass_12085,Domain,,csharp
class_12086,OrderManagerClass_12086,Domain,,csharp
class_12087,OrderManagerClass_12087,Domain,,csharp
class_12088,OrderManagerClass_12088,Domain,,csharp
class_12089,OrderManagerClass_12089,Domain,,csharp
class_12090,OrderManagerClass_12090,Domain,,csharp
class_12091,OrderManagerClass_12091,Domain,,csharp
class_12092,OrderManagerClass_12092,Domain,,csharp
class_12093,OrderManagerClass_12093,Domain,,csharp
class_12094,OrderManagerClass_12094,Domain,,csharp
class_12095,OrderManagerClass_12095,Domain,,csharp
class_12096,OrderManagerClass_12096,Domain,,csharp
class_12097,OrderManagerClass_12097,Domain,,csharp
class_12098,OrderManagerClass_12098,Domain,,csharp
class_12099,OrderManagerClass_12099,Domain,,csharp
class_12100,OrderManagerClass_12100,Domain,,csharp
class_12101,OrderManagerClass_12101,Domain,,csharp
class_12102,OrderManagerClass_12102,Domain,,csharp
class_12103,OrderManagerClass_12103,Domain,,csharp
class_12104,OrderManagerClass_12104,Domain,,csharp
class_12105,OrderManagerClass_12105,Domain,,csharp
class_12106,OrderManagerClass_12106,Domain,,csharp
class_12107,OrderManagerClass_12107,Domain,,csharp
class_12108,OrderManagerClass_12108,Domain,,csharp
class_12109,OrderManagerClass_12109,Domain,,csharp
class_12110,OrderManagerClass_12110,Domain,,csharp
class_12111,OrderManagerClass_12111,Domain,,csharp
class_12112,OrderManagerClass_12112,Domain,,csharp
class_12113,OrderManagerClass_12113,Domain,,csharp
class_12114,OrderManagerClass_12114,Domain,,csharp
class_12115,OrderManagerClass_12115,Domain,,csharp
class_12116,OrderManagerClass_12116,Domain,,csharp
class_12117,OrderManagerClass_12117,Domain,,csharp
class_12118,OrderManagerClass_12118,Domain,,csharp
class_12119,OrderManagerClass_12119,Domain,,csharp
class_12120,OrderManagerClass_12120,Domain,,csharp
class_12121,OrderManagerClass_12121,Domain,,csharp
class_12122,OrderManagerClass_12122,Domain,,csharp
class_12123,OrderManagerClass_12123,Domain,,csharp
class_12124,OrderManagerClass_12124,Domain,,csharp
class_12125,OrderManagerClass_12125,Domain,,csharp
class_12126,OrderManagerClass_12126,Domain,,csharp
class_12127,OrderManagerClass_12127,Domain,,csharp
class_12128,OrderManagerClass_12128,Domain,,csharp
class_12129,OrderManagerClass_12129,Domain,,csharp
class_12130,OrderManagerClass_12130,Domain,,csharp
class_12131,OrderManagerClass_12131,Domain,,csharp
class_12132,OrderManagerClass_12132,Domain,,csharp
class_12133,OrderManagerClass_12133,Domain,,csharp
class_12134,OrderManagerClass_12134,Domain,,csharp
class_12135,OrderManagerClass_12135,Domain,,csharp
class_12136,OrderManagerClass_12136,Domain,,csharp
class_12137,OrderManagerClass_12137,Domain,,csharp
class_12138,OrderManagerClass_12138,Domain,,csharp
class_12139,OrderManagerClass_12139,Domain,,csharp
class_12140,OrderManagerClass_12140,Domain,,csharp
class_12141,OrderManagerClass_12141,Domain,,csharp
class_12142,OrderManagerClass_12142,Domain,,csharp
class_12143,OrderManagerClass_12143,Domain,,csharp
class_12144,OrderManagerClass_12144,Domain,,csharp
class_12145,OrderManagerClass_12145,Domain,,csharp
class_12146,OrderManagerClass_12146,Domain,,csharp
class_12147,OrderManagerClass_12147,Domain,,csharp
class_12148,OrderManagerClass_12148,Domain,,csharp
class_12149,OrderManagerClass_12149,Domain,,csharp
class_12150,OrderManagerClass_12150,Domain,,csharp
class_12151,OrderManagerClass_12151,Domain,,csharp
class_12152,OrderManagerClass_12152,Domain,,csharp
class_12153,OrderManagerClass_12153,Domain,,csharp
class_12154,OrderManagerClass_12154,Domain,,csharp
class_12155,OrderManagerClass_12155,Domain,,csharp
class_12156,OrderManagerClass_12156,Domain,,csharp
class_12157,OrderManagerClass_12157,Domain,,csharp
class_12158,OrderManagerClass_12158,Domain,,csharp
class_12159,OrderManagerClass_12159,Domain,,csharp
class_12160,OrderManagerClass_12160,Domain,,csharp
class_12161,OrderManagerClass_12161,Domain,,csharp
class_12162,OrderManagerClass_12162,Domain,,csharp
class_12163,OrderManagerClass_12163,Domain,,csharp
class_12164,OrderManagerClass_12164,Domain,,csharp
class_12165,OrderManagerClass_12165,Domain,,csharp
class_12166,OrderManagerClass_12166,Domain,,csharp
class_12167,OrderManagerClass_12167,Domain,,csharp
class_12168,OrderManagerClass_12168,Domain,,csharp
class_12169,OrderManagerClass_12169,Domain,,csharp
class_12170,OrderManagerClass_12170,Domain,,csharp
class_12171,OrderManagerClass_12171,Domain,,csharp
class_12172,OrderManagerClass_12172,Domain,,csharp
class_12173,OrderManagerClass_12173,Domain,,csharp
class_12174,OrderManagerClass_12174,Domain,,csharp
class_12175,OrderManagerClass_12175,Domain,,csharp
class_12176,OrderManagerClass_12176,Domain,,csharp
class_12177,OrderManagerClass_12177,Domain,,csharp
class_12178,OrderManagerClass_12178,Domain,,csharp
class_12179,OrderManagerClass_12179,Domain,,csharp
class_12180,OrderManagerClass_12180,Domain,,csharp
class_12181,OrderManagerClass_12181,Domain,,csharp
class_12182,OrderManagerClass_12182,Domain,,csharp
class_12183,OrderManagerClass_12183,Domain,,csharp
class_12184,OrderManagerClass_12184,Domain,,csharp
class_12185,OrderManagerClass_12185,Domain,,csharp
class_12186,OrderManagerClass_12186,Domain,,csharp
class_12187,OrderManagerClass_12187,Domain,,csharp
class_12188,OrderManagerClass_12188,Domain,,csharp
class_12189,OrderManagerClass_12189,Domain,,csharp
class_12190,OrderManagerClass_12190,Domain,,csharp
class_12191,OrderManagerClass_12191,Domain,,csharp
class_12192,OrderManagerClass_12192,Domain,,csharp
class_12193,OrderManagerClass_12193,Domain,,csharp
class_12194,OrderManagerClass_12194,Domain,,csharp
class_12195,OrderManagerClass_12195,Domain,,csharp
class_12196,OrderManagerClass_12196,Domain,,csharp
class_12197,OrderManagerClass_12197,Domain,,csharp
class_12198,OrderManagerClass_12198,Domain,,csharp
class_12199,OrderManagerClass_12199,Domain,,csharp
class_12200,OrderManagerClass_12200,Domain,,csharp
class_12201,OrderManagerClass_12201,Domain,,csharp
class_12202,OrderManagerClass_12202,Domain,,csharp
class_12203,OrderManagerClass_12203,Domain,,csharp
class_12204,OrderManagerClass_12204,Domain,,csharp
class_12205,OrderManagerClass_12205,Domain,,csharp
class_12206,OrderManagerClass_12206,Domain,,csharp
class_12207,OrderManagerClass_12207,Domain,,csharp
class_12208,OrderManagerClass_12208,Domain,,csharp
class_12209,OrderManagerClass_12209,Domain,,csharp
class_12210,OrderManagerClass_12210,Domain,,csharp
class_12211,OrderManagerClass_12211,Domain,,csharp
class_12212,OrderManagerClass_12212,Domain,,csharp
class_12213,OrderManagerClass_12213,Domain,,csharp
class_12214,OrderManagerClass_12214,Domain,,csharp
class_12215,OrderManagerClass_12215,Domain,,csharp
class_12216,OrderManagerClass_12216,Domain,,csharp
class_12217,OrderManagerClass_12217,Domain,,csharp
class_12218,OrderManagerClass_12218,Domain,,csharp
class_12219,OrderManagerClass_12219,Domain,,csharp
class_12220,OrderManagerClass_12220,Domain,,csharp
class_12221,OrderManagerClass_12221,Domain,,csharp
class_12222,OrderManagerClass_12222,Domain,,csharp
class_12223,OrderManagerClass_12223,Domain,,csharp
class_12224,OrderManagerClass_12224,Domain,,csharp
class_12225,OrderManagerClass_12225,Domain,,csharp
class_12226,OrderManagerClass_12226,Domain,,csharp
class_12227,OrderManagerClass_12227,Domain,,csharp
class_12228,OrderManagerClass_12228,Domain,,csharp
class_12229,OrderManagerClass_12229,Domain,,csharp
class_12230,OrderManagerClass_12230,Domain,,csharp
class_12231,OrderManagerClass_12231,Domain,,csharp
class_12232,OrderManagerClass_12232,Domain,,csharp
class_12233,OrderManagerClass_12233,Domain,,csharp
class_12234,OrderManagerClass_12234,Domain,,csharp
class_12235,OrderManagerClass_12235,Domain,,csharp
class_12236,OrderManagerClass_12236,Domain,,csharp
class_12237,OrderManagerClass_12237,Domain,,csharp
class_12238,OrderManagerClass_12238,Domain,,csharp
class_12239,OrderManagerClass_12239,Domain,,csharp
class_12240,OrderManagerClass_12240,Domain,,csharp
class_12241,OrderManagerClass_12241,Domain,,csharp
class_12242,OrderManagerClass_12242,Domain,,csharp
class_12243,OrderManagerClass_12243,Domain,,csharp
class_12244,OrderManagerClass_12244,Domain,,csharp
class_12245,OrderManagerClass_12245,Domain,,csharp
class_12246,OrderManagerClass_12246,Domain,,csharp
class_12247,OrderManagerClass_12247,Domain,,csharp
class_12248,OrderManagerClass_12248,Domain,,csharp
class_12249,OrderManagerClass_12249,Domain,,csharp
class_12250,OrderManagerClass_12250,Domain,,csharp
class_12251,OrderManagerClass_12251,Domain,,csharp
class_12252,OrderManagerClass_12252,Domain,,csharp
class_12253,OrderManagerClass_12253,Domain,,csharp
class_12254,OrderManagerClass_12254,Domain,,csharp
class_12255,OrderManagerClass_12255,Domain,,csharp
class_12256,OrderManagerClass_12256,Domain,,csharp
class_12257,OrderManagerClass_12257,Domain,,csharp
class_12258,OrderManagerClass_12258,Domain,,csharp
class_12259,OrderManagerClass_12259,Domain,,csharp
class_12260,OrderManagerClass_12260,Domain,,csharp
class_12261,OrderManagerClass_12261,Domain,,csharp
class_12262,OrderManagerClass_12262,Domain,,csharp
class_12263,OrderManagerClass_12263,Domain,,csharp
class_12264,OrderManagerClass_12264,Domain,,csharp
class_12265,OrderManagerClass_12265,Domain,,csharp
class_12266,OrderManagerClass_12266,Domain,,csharp
class_12267,OrderManagerClass_12267,Domain,,csharp
class_12268,OrderManagerClass_12268,Domain,,csharp
class_12269,OrderManagerClass_12269,Domain,,csharp
class_12270,OrderManagerClass_12270,Domain,,csharp
class_12271,OrderManagerClass_12271,Domain,,csharp
class_12272,OrderManagerClass_12272,Domain,,csharp
class_12273,OrderManagerClass_12273,Domain,,csharp
class_12274,OrderManagerClass_12274,Domain,,csharp
class_12275,OrderManagerClass_12275,Domain,,csharp
class_12276,OrderManagerClass_12276,Domain,,csharp
class_12277,OrderManagerClass_12277,Domain,,csharp
class_12278,OrderManagerClass_12278,Domain,,csharp
class_12279,OrderManagerClass_12279,Domain,,csharp
class_12280,OrderManagerClass_12280,Domain,,csharp
class_12281,OrderManagerClass_12281,Domain,,csharp
class_12282,OrderManagerClass_12282,Domain,,csharp
class_12283,OrderManagerClass_12283,Domain,,csharp
class_12284,OrderManagerClass_12284,Domain,,csharp
class_12285,OrderManagerClass_12285,Domain,,csharp
class_12286,OrderManagerClass_12286,Domain,,csharp
class_12287,OrderManagerClass_12287,Domain,,csharp
class_12288,OrderManagerClass_12288,Domain,,csharp
class_12289,OrderManagerClass_12289,Domain,,csharp
class_12290,OrderManagerClass_12290,Domain,,csharp
class_12291,OrderManagerClass_12291,Domain,,csharp
class_12292,OrderManagerClass_12292,Domain,,csharp
class_12293,OrderManagerClass_12293,Domain,,csharp
class_12294,OrderManagerClass_12294,Domain,,csharp
class_12295,OrderManagerClass_12295,Domain,,csharp
class_12296,OrderManagerClass_12296,Domain,,csharp
class_12297,OrderManagerClass_12297,Domain,,csharp
class_12298,OrderManagerClass_12298,Domain,,csharp
class_12299,OrderManagerClass_12299,Domain,,csharp
class_12300,OrderManagerClass_12300,Domain,,csharp
class_12301,OrderManagerClass_12301,Domain,,csharp
class_12302,OrderManagerClass_12302,Domain,,csharp
class_12303,OrderManagerClass_12303,Domain,,csharp
class_12304,OrderManagerClass_12304,Domain,,csharp
class_12305,OrderManagerClass_12305,Domain,,csharp
class_12306,OrderManagerClass_12306,Domain,,csharp
class_12307,OrderManagerClass_12307,Domain,,csharp
class_12308,OrderManagerClass_12308,Domain,,csharp
class_12309,OrderManagerClass_12309,Domain,,csharp
class_12310,OrderManagerClass_12310,Domain,,csharp
class_12311,OrderManagerClass_12311,Domain,,csharp
class_12312,OrderManagerClass_12312,Domain,,csharp
class_12313,OrderManagerClass_12313,Domain,,csharp
class_12314,OrderManagerClass_12314,Domain,,csharp
class_12315,OrderManagerClass_12315,Domain,,csharp
class_12316,OrderManagerClass_12316,Domain,,csharp
class_12317,OrderManagerClass_12317,Domain,,csharp
class_12318,OrderManagerClass_12318,Domain,,csharp
class_12319,OrderManagerClass_12319,Domain,,csharp
class_12320,OrderManagerClass_12320,Domain,,csharp
class_12321,OrderManagerClass_12321,Domain,,csharp
class_12322,OrderManagerClass_12322,Domain,,csharp
class_12323,OrderManagerClass_12323,Domain,,csharp
class_12324,OrderManagerClass_12324,Domain,,csharp
class_12325,OrderManagerClass_12325,Domain,,csharp
class_12326,OrderManagerClass_12326,Domain,,csharp
class_12327,OrderManagerClass_12327,Domain,,csharp
class_12328,OrderManagerClass_12328,Domain,,csharp
class_12329,OrderManagerClass_12329,Domain,,csharp
class_12330,OrderManagerClass_12330,Domain,,csharp
class_12331,OrderManagerClass_12331,Domain,,csharp
class_12332,OrderManagerClass_12332,Domain,,csharp
class_12333,OrderManagerClass_12333,Domain,,csharp
class_12334,OrderManagerClass_12334,Domain,,csharp
class_12335,OrderManagerClass_12335,Domain,,csharp
class_12336,OrderManagerClass_12336,Domain,,csharp
class_12337,OrderManagerClass_12337,Domain,,csharp
class_12338,OrderManagerClass_12338,Domain,,csharp
class_12339,OrderManagerClass_12339,Domain,,csharp
class_12340,OrderManagerClass_12340,Domain,,csharp
class_12341,OrderManagerClass_12341,Domain,,csharp
class_12342,OrderManagerClass_12342,Domain,,csharp
class_12343,OrderManagerClass_12343,Domain,,csharp
class_12344,OrderManagerClass_12344,Domain,,csharp
class_12345,OrderManagerClass_12345,Domain,,csharp
class_12346,OrderManagerClass_12346,Domain,,csharp
class_12347,OrderManagerClass_12347,Domain,,csharp
class_12348,OrderManagerClass_12348,Domain,,csharp
class_12349,OrderManagerClass_12349,Domain,,csharp
class_12350,OrderManagerClass_12350,Domain,,csharp
class_12351,OrderManagerClass_12351,Domain,,csharp
class_12352,OrderManagerClass_12352,Domain,,csharp
class_12353,OrderManagerClass_12353,Domain,,csharp
class_12354,OrderManagerClass_12354,Domain,,csharp
class_12355,OrderManagerClass_12355,Domain,,csharp
class_12356,OrderManagerClass_12356,Domain,,csharp
class_12357,OrderManagerClass_12357,Domain,,csharp
class_12358,OrderManagerClass_12358,Domain,,csharp
class_12359,OrderManagerClass_12359,Domain,,csharp
class_12360,OrderManagerClass_12360,Domain,,csharp
class_12361,OrderManagerClass_12361,Domain,,csharp
class_12362,OrderManagerClass_12362,Domain,,csharp
class_12363,OrderManagerClass_12363,Domain,,csharp
class_12364,OrderManagerClass_12364,Domain,,csharp
class_12365,OrderManagerClass_12365,Domain,,csharp
class_12366,OrderManagerClass_12366,Domain,,csharp
class_12367,OrderManagerClass_12367,Domain,,csharp
class_12368,OrderManagerClass_12368,Domain,,csharp
class_12369,OrderManagerClass_12369,Domain,,csharp
class_12370,OrderManagerClass_12370,Domain,,csharp
class_12371,OrderManagerClass_12371,Domain,,csharp
class_12372,OrderManagerClass_12372,Domain,,csharp
class_12373,OrderManagerClass_12373,Domain,,csharp
class_12374,OrderManagerClass_12374,Domain,,csharp
class_12375,OrderManagerClass_12375,Domain,,csharp
class_12376,OrderManagerClass_12376,Domain,,csharp
class_12377,OrderManagerClass_12377,Domain,,csharp
class_12378,OrderManagerClass_12378,Domain,,csharp
class_12379,OrderManagerClass_12379,Domain,,csharp
class_12380,OrderManagerClass_12380,Domain,,csharp
class_12381,OrderManagerClass_12381,Domain,,csharp
class_12382,OrderManagerClass_12382,Domain,,csharp
class_12383,OrderManagerClass_12383,Domain,,csharp
class_12384,OrderManagerClass_12384,Domain,,csharp
class_12385,OrderManagerClass_12385,Domain,,csharp
class_12386,OrderManagerClass_12386,Domain,,csharp
class_12387,OrderManagerClass_12387,Domain,,csharp
class_12388,OrderManagerClass_12388,Domain,,csharp
class_12389,OrderManagerClass_12389,Domain,,csharp
class_12390,OrderManagerClass_12390,Domain,,csharp
class_12391,OrderManagerClass_12391,Domain,,csharp
class_12392,OrderManagerClass_12392,Domain,,csharp
class_12393,OrderManagerClass_12393,Domain,,csharp
class_12394,OrderManagerClass_12394,Domain,,csharp
class_12395,OrderManagerClass_12395,Domain,,csharp
class_12396,OrderManagerClass_12396,Domain,,csharp
class_12397,OrderManagerClass_12397,Domain,,csharp
class_12398,OrderManagerClass_12398,Domain,,csharp
class_12399,OrderManagerClass_12399,Domain,,csharp
class_12400,OrderManagerClass_12400,Domain,,csharp
class_12401,OrderManagerClass_12401,Domain,,csharp
class_12402,OrderManagerClass_12402,Domain,,csharp
class_12403,OrderManagerClass_12403,Domain,,csharp
class_12404,OrderManagerClass_12404,Domain,,csharp
class_12405,OrderManagerClass_12405,Domain,,csharp
class_12406,OrderManagerClass_12406,Domain,,csharp
class_12407,OrderManagerClass_12407,Domain,,csharp
class_12408,OrderManagerClass_12408,Domain,,csharp
class_12409,OrderManagerClass_12409,Domain,,csharp
class_12410,OrderManagerClass_12410,Domain,,csharp
class_12411,OrderManagerClass_12411,Domain,,csharp
class_12412,OrderManagerClass_12412,Domain,,csharp
class_12413,OrderManagerClass_12413,Domain,,csharp
class_12414,OrderManagerClass_12414,Domain,,csharp
class_12415,OrderManagerClass_12415,Domain,,csharp
class_12416,OrderManagerClass_12416,Domain,,csharp
class_12417,OrderManagerClass_12417,Domain,,csharp
class_12418,OrderManagerClass_12418,Domain,,csharp
class_12419,OrderManagerClass_12419,Domain,,csharp
class_12420,OrderManagerClass_12420,Domain,,csharp
class_12421,OrderManagerClass_12421,Domain,,csharp
class_12422,OrderManagerClass_12422,Domain,,csharp
class_12423,OrderManagerClass_12423,Domain,,csharp
class_12424,OrderManagerClass_12424,Domain,,csharp
class_12425,OrderManagerClass_12425,Domain,,csharp
class_12426,OrderManagerClass_12426,Domain,,csharp
class_12427,OrderManagerClass_12427,Domain,,csharp
class_12428,OrderManagerClass_12428,Domain,,csharp
class_12429,OrderManagerClass_12429,Domain,,csharp
class_12430,OrderManagerClass_12430,Domain,,csharp
class_12431,OrderManagerClass_12431,Domain,,csharp
class_12432,OrderManagerClass_12432,Domain,,csharp
class_12433,OrderManagerClass_12433,Domain,,csharp
class_12434,OrderManagerClass_12434,Domain,,csharp
class_12435,OrderManagerClass_12435,Domain,,csharp
class_12436,OrderManagerClass_12436,Domain,,csharp
class_12437,OrderManagerClass_12437,Domain,,csharp
class_12438,OrderManagerClass_12438,Domain,,csharp
class_12439,OrderManagerClass_12439,Domain,,csharp
class_12440,OrderManagerClass_12440,Domain,,csharp
class_12441,OrderManagerClass_12441,Domain,,csharp
class_12442,OrderManagerClass_12442,Domain,,csharp
class_12443,OrderManagerClass_12443,Domain,,csharp
class_12444,OrderManagerClass_12444,Domain,,csharp
class_12445,OrderManagerClass_12445,Domain,,csharp
class_12446,OrderManagerClass_12446,Domain,,csharp
class_12447,OrderManagerClass_12447,Domain,,csharp
class_12448,OrderManagerClass_12448,Domain,,csharp
class_12449,OrderManagerClass_12449,Domain,,csharp
class_12450,OrderManagerClass_12450,Domain,,csharp
class_12451,OrderManagerClass_12451,Domain,,csharp
class_12452,OrderManagerClass_12452,Domain,,csharp
class_12453,OrderManagerClass_12453,Domain,,csharp
class_12454,OrderManagerClass_12454,Domain,,csharp
class_12455,OrderManagerClass_12455,Domain,,csharp
class_12456,OrderManagerClass_12456,Domain,,csharp
class_12457,OrderManagerClass_12457,Domain,,csharp
class_12458,OrderManagerClass_12458,Domain,,csharp
class_12459,OrderManagerClass_12459,Domain,,csharp
class_12460,OrderManagerClass_12460,Domain,,csharp
class_12461,OrderManagerClass_12461,Domain,,csharp
class_12462,OrderManagerClass_12462,Domain,,csharp
class_12463,OrderManagerClass_12463,Domain,,csharp
class_12464,OrderManagerClass_12464,Domain,,csharp
class_12465,OrderManagerClass_12465,Domain,,csharp
class_12466,OrderManagerClass_12466,Domain,,csharp
class_12467,OrderManagerClass_12467,Domain,,csharp
class_12468,OrderManagerClass_12468,Domain,,csharp
class_12469,OrderManagerClass_12469,Domain,,csharp
class_12470,OrderManagerClass_12470,Domain,,csharp
class_12471,OrderManagerClass_12471,Domain,,csharp
class_12472,OrderManagerClass_12472,Domain,,csharp
class_12473,OrderManagerClass_12473,Domain,,csharp
class_12474,OrderManagerClass_12474,Domain,,csharp
class_12475,OrderManagerClass_12475,Domain,,csharp
class_12476,OrderManagerClass_12476,Domain,,csharp
class_12477,OrderManagerClass_12477,Domain,,csharp
class_12478,OrderManagerClass_12478,Domain,,csharp
class_12479,OrderManagerClass_12479,Domain,,csharp
class_12480,OrderManagerClass_12480,Domain,,csharp
class_12481,OrderManagerClass_12481,Domain,,csharp
class_12482,OrderManagerClass_12482,Domain,,csharp
class_12483,OrderManagerClass_12483,Domain,,csharp
class_12484,OrderManagerClass_12484,Domain,,csharp
class_12485,OrderManagerClass_12485,Domain,,csharp
class_12486,OrderManagerClass_12486,Domain,,csharp
class_12487,OrderManagerClass_12487,Domain,,csharp
class_12488,OrderManagerClass_12488,Domain,,csharp
class_12489,OrderManagerClass_12489,Domain,,csharp
class_12490,OrderManagerClass_12490,Domain,,csharp
class_12491,OrderManagerClass_12491,Domain,,csharp
class_12492,OrderManagerClass_12492,Domain,,csharp
class_12493,OrderManagerClass_12493,Domain,,csharp
class_12494,OrderManagerClass_12494,Domain,,csharp
class_12495,OrderManagerClass_12495,Domain,,csharp
class_12496,OrderManagerClass_12496,Domain,,csharp
class_12497,OrderManagerClass_12497,Domain,,csharp
class_12498,OrderManagerClass_12498,Domain,,csharp
class_12499,OrderManagerClass_12499,Domain,,csharp
class_12500,OrderManagerClass_12500,Domain,,csharp
class_12501,OrderManagerClass_12501,Domain,,csharp
class_12502,OrderManagerClass_12502,Domain,,csharp
class_12503,OrderManagerClass_12503,Domain,,csharp
class_12504,OrderManagerClass_12504,Domain,,csharp
class_12505,OrderManagerClass_12505,Domain,,csharp
class_12506,OrderManagerClass_12506,Domain,,csharp
class_12507,OrderManagerClass_12507,Domain,,csharp
class_12508,OrderManagerClass_12508,Domain,,csharp
class_12509,OrderManagerClass_12509,Domain,,csharp
class_12510,OrderManagerClass_12510,Domain,,csharp
class_12511,OrderManagerClass_12511,Domain,,csharp
class_12512,OrderManagerClass_12512,Domain,,csharp
class_12513,OrderManagerClass_12513,Domain,,csharp
class_12514,OrderManagerClass_12514,Domain,,csharp
class_12515,OrderManagerClass_12515,Domain,,csharp
class_12516,OrderManagerClass_12516,Domain,,csharp
class_12517,OrderManagerClass_12517,Domain,,csharp
class_12518,OrderManagerClass_12518,Domain,,csharp
class_12519,OrderManagerClass_12519,Domain,,csharp
class_12520,OrderManagerClass_12520,Domain,,csharp
class_12521,OrderManagerClass_12521,Domain,,csharp
class_12522,OrderManagerClass_12522,Domain,,csharp
class_12523,OrderManagerClass_12523,Domain,,csharp
class_12524,OrderManagerClass_12524,Domain,,csharp
class_12525,OrderManagerClass_12525,Domain,,csharp
class_12526,OrderManagerClass_12526,Domain,,csharp
class_12527,OrderManagerClass_12527,Domain,,csharp
class_12528,OrderManagerClass_12528,Domain,,csharp
class_12529,OrderManagerClass_12529,Domain,,csharp
class_12530,OrderManagerClass_12530,Domain,,csharp
class_12531,OrderManagerClass_12531,Domain,,csharp
class_12532,OrderManagerClass_12532,Domain,,csharp
class_12533,OrderManagerClass_12533,Domain,,csharp
class_12534,OrderManagerClass_12534,Domain,,csharp
class_12535,OrderManagerClass_12535,Domain,,csharp
class_12536,OrderManagerClass_12536,Domain,,csharp
class_12537,OrderManagerClass_12537,Domain,,csharp
class_12538,OrderManagerClass_12538,Domain,,csharp
class_12539,OrderManagerClass_12539,Domain,,csharp
class_12540,OrderManagerClass_12540,Domain,,csharp
class_12541,OrderManagerClass_12541,Domain,,csharp
class_12542,OrderManagerClass_12542,Domain,,csharp
class_12543,OrderManagerClass_12543,Domain,,csharp
class_12544,OrderManagerClass_12544,Domain,,csharp
class_12545,OrderManagerClass_12545,Domain,,csharp
class_12546,OrderManagerClass_12546,Domain,,csharp
class_12547,OrderManagerClass_12547,Domain,,csharp
class_12548,OrderManagerClass_12548,Domain,,csharp
class_12549,OrderManagerClass_12549,Domain,,csharp
class_12550,OrderManagerClass_12550,Domain,,csharp
class_12551,OrderManagerClass_12551,Domain,,csharp
class_12552,OrderManagerClass_12552,Domain,,csharp
class_12553,OrderManagerClass_12553,Domain,,csharp
class_12554,OrderManagerClass_12554,Domain,,csharp
class_12555,OrderManagerClass_12555,Domain,,csharp
class_12556,OrderManagerClass_12556,Domain,,csharp
class_12557,OrderManagerClass_12557,Domain,,csharp
class_12558,OrderManagerClass_12558,Domain,,csharp
class_12559,OrderManagerClass_12559,Domain,,csharp
class_12560,OrderManagerClass_12560,Domain,,csharp
class_12561,OrderManagerClass_12561,Domain,,csharp
class_12562,OrderManagerClass_12562,Domain,,csharp
class_12563,OrderManagerClass_12563,Domain,,csharp
class_12564,OrderManagerClass_12564,Domain,,csharp
class_12565,OrderManagerClass_12565,Domain,,csharp
class_12566,OrderManagerClass_12566,Domain,,csharp
class_12567,OrderManagerClass_12567,Domain,,csharp
class_12568,OrderManagerClass_12568,Domain,,csharp
class_12569,OrderManagerClass_12569,Domain,,csharp
class_12570,OrderManagerClass_12570,Domain,,csharp
class_12571,OrderManagerClass_12571,Domain,,csharp
class_12572,OrderManagerClass_12572,Domain,,csharp
class_12573,OrderManagerClass_12573,Domain,,csharp
class_12574,OrderManagerClass_12574,Domain,,csharp
class_12575,OrderManagerClass_12575,Domain,,csharp
class_12576,OrderManagerClass_12576,Domain,,csharp
class_12577,OrderManagerClass_12577,Domain,,csharp
class_12578,OrderManagerClass_12578,Domain,,csharp
class_12579,OrderManagerClass_12579,Domain,,csharp
class_12580,OrderManagerClass_12580,Domain,,csharp
class_12581,OrderManagerClass_12581,Domain,,csharp
class_12582,OrderManagerClass_12582,Domain,,csharp
class_12583,OrderManagerClass_12583,Domain,,csharp
class_12584,OrderManagerClass_12584,Domain,,csharp
class_12585,OrderManagerClass_12585,Domain,,csharp
class_12586,OrderManagerClass_12586,Domain,,csharp
class_12587,OrderManagerClass_12587,Domain,,csharp
class_12588,OrderManagerClass_12588,Domain,,csharp
class_12589,OrderManagerClass_12589,Domain,,csharp
class_12590,OrderManagerClass_12590,Domain,,csharp
class_12591,OrderManagerClass_12591,Domain,,csharp
class_12592,OrderManagerClass_12592,Domain,,csharp
class_12593,OrderManagerClass_12593,Domain,,csharp
class_12594,OrderManagerClass_12594,Domain,,csharp
class_12595,OrderManagerClass_12595,Domain,,csharp
class_12596,OrderManagerClass_12596,Domain,,csharp
class_12597,OrderManagerClass_12597,Domain,,csharp
class_12598,OrderManagerClass_12598,Domain,,csharp
class_12599,OrderManagerClass_12599,Domain,,csharp
class_12600,OrderManagerClass_12600,Domain,,csharp
class_12601,OrderManagerClass_12601,Domain,,csharp
class_12602,OrderManagerClass_12602,Domain,,csharp
class_12603,OrderManagerClass_12603,Domain,,csharp
class_12604,OrderManagerClass_12604,Domain,,csharp
class_12605,OrderManagerClass_12605,Domain,,csharp
class_12606,OrderManagerClass_12606,Domain,,csharp
class_12607,OrderManagerClass_12607,Domain,,csharp
class_12608,OrderManagerClass_12608,Domain,,csharp
class_12609,OrderManagerClass_12609,Domain,,csharp
class_12610,OrderManagerClass_12610,Domain,,csharp
class_12611,OrderManagerClass_12611,Domain,,csharp
class_12612,OrderManagerClass_12612,Domain,,csharp
class_12613,OrderManagerClass_12613,Domain,,csharp
class_12614,OrderManagerClass_12614,Domain,,csharp
class_12615,OrderManagerClass_12615,Domain,,csharp
class_12616,OrderManagerClass_12616,Domain,,csharp
class_12617,OrderManagerClass_12617,Domain,,csharp
class_12618,OrderManagerClass_12618,Domain,,csharp
class_12619,OrderManagerClass_12619,Domain,,csharp
class_12620,OrderManagerClass_12620,Domain,,csharp
class_12621,OrderManagerClass_12621,Domain,,csharp
class_12622,OrderManagerClass_12622,Domain,,csharp
class_12623,OrderManagerClass_12623,Domain,,csharp
class_12624,OrderManagerClass_12624,Domain,,csharp
class_12625,OrderManagerClass_12625,Domain,,csharp
class_12626,OrderManagerClass_12626,Domain,,csharp
class_12627,OrderManagerClass_12627,Domain,,csharp
class_12628,OrderManagerClass_12628,Domain,,csharp
class_12629,OrderManagerClass_12629,Domain,,csharp
class_12630,OrderManagerClass_12630,Domain,,csharp
class_12631,OrderManagerClass_12631,Domain,,csharp
class_12632,OrderManagerClass_12632,Domain,,csharp
class_12633,OrderManagerClass_12633,Domain,,csharp
class_12634,OrderManagerClass_12634,Domain,,csharp
class_12635,OrderManagerClass_12635,Domain,,csharp
class_12636,OrderManagerClass_12636,Domain,,csharp
class_12637,OrderManagerClass_12637,Domain,,csharp
class_12638,OrderManagerClass_12638,Domain,,csharp
class_12639,OrderManagerClass_12639,Domain,,csharp
class_12640,OrderManagerClass_12640,Domain,,csharp
class_12641,OrderManagerClass_12641,Domain,,csharp
class_12642,OrderManagerClass_12642,Domain,,csharp
class_12643,OrderManagerClass_12643,Domain,,csharp
class_12644,OrderManagerClass_12644,Domain,,csharp
class_12645,OrderManagerClass_12645,Domain,,csharp
class_12646,OrderManagerClass_12646,Domain,,csharp
class_12647,OrderManagerClass_12647,Domain,,csharp
class_12648,OrderManagerClass_12648,Domain,,csharp
class_12649,OrderManagerClass_12649,Domain,,csharp
class_12650,OrderManagerClass_12650,Domain,,csharp
class_12651,OrderManagerClass_12651,Domain,,csharp
class_12652,OrderManagerClass_12652,Domain,,csharp
class_12653,OrderManagerClass_12653,Domain,,csharp
class_12654,OrderManagerClass_12654,Domain,,csharp
class_12655,OrderManagerClass_12655,Domain,,csharp
class_12656,OrderManagerClass_12656,Domain,,csharp
class_12657,OrderManagerClass_12657,Domain,,csharp
class_12658,OrderManagerClass_12658,Domain,,csharp
class_12659,OrderManagerClass_12659,Domain,,csharp
class_12660,OrderManagerClass_12660,Domain,,csharp
class_12661,OrderManagerClass_12661,Domain,,csharp
class_12662,OrderManagerClass_12662,Domain,,csharp
class_12663,OrderManagerClass_12663,Domain,,csharp
class_12664,OrderManagerClass_12664,Domain,,csharp
class_12665,OrderManagerClass_12665,Domain,,csharp
class_12666,OrderManagerClass_12666,Domain,,csharp
class_12667,OrderManagerClass_12667,Domain,,csharp
class_12668,OrderManagerClass_12668,Domain,,csharp
class_12669,OrderManagerClass_12669,Domain,,csharp
class_12670,OrderManagerClass_12670,Domain,,csharp
class_12671,OrderManagerClass_12671,Domain,,csharp
class_12672,OrderManagerClass_12672,Domain,,csharp
class_12673,OrderManagerClass_12673,Domain,,csharp
class_12674,OrderManagerClass_12674,Domain,,csharp
class_12675,OrderManagerClass_12675,Domain,,csharp
class_12676,OrderManagerClass_12676,Domain,,csharp
class_12677,OrderManagerClass_12677,Domain,,csharp
class_12678,OrderManagerClass_12678,Domain,,csharp
class_12679,OrderManagerClass_12679,Domain,,csharp
class_12680,OrderManagerClass_12680,Domain,,csharp
class_12681,OrderManagerClass_12681,Domain,,csharp
class_12682,OrderManagerClass_12682,Domain,,csharp
class_12683,OrderManagerClass_12683,Domain,,csharp
class_12684,OrderManagerClass_12684,Domain,,csharp
class_12685,OrderManagerClass_12685,Domain,,csharp
class_12686,OrderManagerClass_12686,Domain,,csharp
class_12687,OrderManagerClass_12687,Domain,,csharp
class_12688,OrderManagerClass_12688,Domain,,csharp
class_12689,OrderManagerClass_12689,Domain,,csharp
class_12690,OrderManagerClass_12690,Domain,,csharp
class_12691,OrderManagerClass_12691,Domain,,csharp
class_12692,OrderManagerClass_12692,Domain,,csharp
class_12693,OrderManagerClass_12693,Domain,,csharp
class_12694,OrderManagerClass_12694,Domain,,csharp
class_12695,OrderManagerClass_12695,Domain,,csharp
class_12696,OrderManagerClass_12696,Domain,,csharp
class_12697,OrderManagerClass_12697,Domain,,csharp
class_12698,OrderManagerClass_12698,Domain,,csharp
class_12699,OrderManagerClass_12699,Domain,,csharp
class_12700,OrderManagerClass_12700,Domain,,csharp
class_12701,OrderManagerClass_12701,Domain,,csharp
class_12702,OrderManagerClass_12702,Domain,,csharp
class_12703,OrderManagerClass_12703,Domain,,csharp
class_12704,OrderManagerClass_12704,Domain,,csharp
class_12705,OrderManagerClass_12705,Domain,,csharp
class_12706,OrderManagerClass_12706,Domain,,csharp
class_12707,OrderManagerClass_12707,Domain,,csharp
class_12708,OrderManagerClass_12708,Domain,,csharp
class_12709,OrderManagerClass_12709,Domain,,csharp
class_12710,OrderManagerClass_12710,Domain,,csharp
class_12711,OrderManagerClass_12711,Domain,,csharp
class_12712,OrderManagerClass_12712,Domain,,csharp
class_12713,OrderManagerClass_12713,Domain,,csharp
class_12714,OrderManagerClass_12714,Domain,,csharp
class_12715,OrderManagerClass_12715,Domain,,csharp
class_12716,OrderManagerClass_12716,Domain,,csharp
class_12717,OrderManagerClass_12717,Domain,,csharp
class_12718,OrderManagerClass_12718,Domain,,csharp
class_12719,OrderManagerClass_12719,Domain,,csharp
class_12720,OrderManagerClass_12720,Domain,,csharp
class_12721,OrderManagerClass_12721,Domain,,csharp
class_12722,OrderManagerClass_12722,Domain,,csharp
class_12723,OrderManagerClass_12723,Domain,,csharp
class_12724,OrderManagerClass_12724,Domain,,csharp
class_12725,OrderManagerClass_12725,Domain,,csharp
class_12726,OrderManagerClass_12726,Domain,,csharp
class_12727,OrderManagerClass_12727,Domain,,csharp
class_12728,OrderManagerClass_12728,Domain,,csharp
class_12729,OrderManagerClass_12729,Domain,,csharp
class_12730,OrderManagerClass_12730,Domain,,csharp
class_12731,OrderManagerClass_12731,Domain,,csharp
class_12732,OrderManagerClass_12732,Domain,,csharp
class_12733,OrderManagerClass_12733,Domain,,csharp
class_12734,OrderManagerClass_12734,Domain,,csharp
class_12735,OrderManagerClass_12735,Domain,,csharp
class_12736,OrderManagerClass_12736,Domain,,csharp
class_12737,OrderManagerClass_12737,Domain,,csharp
class_12738,OrderManagerClass_12738,Domain,,csharp
class_12739,OrderManagerClass_12739,Domain,,csharp
class_12740,OrderManagerClass_12740,Domain,,csharp
class_12741,OrderManagerClass_12741,Domain,,csharp
class_12742,OrderManagerClass_12742,Domain,,csharp
class_12743,OrderManagerClass_12743,Domain,,csharp
class_12744,OrderManagerClass_12744,Domain,,csharp
class_12745,OrderManagerClass_12745,Domain,,csharp
class_12746,OrderManagerClass_12746,Domain,,csharp
class_12747,OrderManagerClass_12747,Domain,,csharp
class_12748,OrderManagerClass_12748,Domain,,csharp
class_12749,OrderManagerClass_12749,Domain,,csharp
class_12750,OrderManagerClass_12750,Domain,,csharp
class_12751,OrderManagerClass_12751,Domain,,csharp
class_12752,OrderManagerClass_12752,Domain,,csharp
class_12753,OrderManagerClass_12753,Domain,,csharp
class_12754,OrderManagerClass_12754,Domain,,csharp
class_12755,OrderManagerClass_12755,Domain,,csharp
class_12756,OrderManagerClass_12756,Domain,,csharp
class_12757,OrderManagerClass_12757,Domain,,csharp
class_12758,OrderManagerClass_12758,Domain,,csharp
class_12759,OrderManagerClass_12759,Domain,,csharp
class_12760,OrderManagerClass_12760,Domain,,csharp
class_12761,OrderManagerClass_12761,Domain,,csharp
class_12762,OrderManagerClass_12762,Domain,,csharp
class_12763,OrderManagerClass_12763,Domain,,csharp
class_12764,OrderManagerClass_12764,Domain,,csharp
class_12765,OrderManagerClass_12765,Domain,,csharp
class_12766,OrderManagerClass_12766,Domain,,csharp
class_12767,OrderManagerClass_12767,Domain,,csharp
class_12768,OrderManagerClass_12768,Domain,,csharp
class_12769,OrderManagerClass_12769,Domain,,csharp
class_12770,OrderManagerClass_12770,Domain,,csharp
class_12771,OrderManagerClass_12771,Domain,,csharp
class_12772,OrderManagerClass_12772,Domain,,csharp
class_12773,OrderManagerClass_12773,Domain,,csharp
class_12774,OrderManagerClass_12774,Domain,,csharp
class_12775,OrderManagerClass_12775,Domain,,csharp
class_12776,OrderManagerClass_12776,Domain,,csharp
class_12777,OrderManagerClass_12777,Domain,,csharp
class_12778,OrderManagerClass_12778,Domain,,csharp
class_12779,OrderManagerClass_12779,Domain,,csharp
class_12780,OrderManagerClass_12780,Domain,,csharp
class_12781,OrderManagerClass_12781,Domain,,csharp
class_12782,OrderManagerClass_12782,Domain,,csharp
class_12783,OrderManagerClass_12783,Domain,,csharp
class_12784,OrderManagerClass_12784,Domain,,csharp
class_12785,OrderManagerClass_12785,Domain,,csharp
class_12786,OrderManagerClass_12786,Domain,,csharp
class_12787,OrderManagerClass_12787,Domain,,csharp
class_12788,OrderManagerClass_12788,Domain,,csharp
class_12789,OrderManagerClass_12789,Domain,,csharp
class_12790,OrderManagerClass_12790,Domain,,csharp
class_12791,OrderManagerClass_12791,Domain,,csharp
class_12792,OrderManagerClass_12792,Domain,,csharp
class_12793,OrderManagerClass_12793,Domain,,csharp
class_12794,OrderManagerClass_12794,Domain,,csharp
class_12795,OrderManagerClass_12795,Domain,,csharp
class_12796,OrderManagerClass_12796,Domain,,csharp
class_12797,OrderManagerClass_12797,Domain,,csharp
class_12798,OrderManagerClass_12798,Domain,,csharp
class_12799,OrderManagerClass_12799,Domain,,csharp
class_12800,OrderManagerClass_12800,Domain,,csharp
class_12801,OrderManagerClass_12801,Domain,,csharp
class_12802,OrderManagerClass_12802,Domain,,csharp
class_12803,OrderManagerClass_12803,Domain,,csharp
class_12804,OrderManagerClass_12804,Domain,,csharp
class_12805,OrderManagerClass_12805,Domain,,csharp
class_12806,OrderManagerClass_12806,Domain,,csharp
class_12807,OrderManagerClass_12807,Domain,,csharp
class_12808,OrderManagerClass_12808,Domain,,csharp
class_12809,OrderManagerClass_12809,Domain,,csharp
class_12810,OrderManagerClass_12810,Domain,,csharp
class_12811,OrderManagerClass_12811,Domain,,csharp
class_12812,OrderManagerClass_12812,Domain,,csharp
class_12813,OrderManagerClass_12813,Domain,,csharp
class_12814,OrderManagerClass_12814,Domain,,csharp
class_12815,OrderManagerClass_12815,Domain,,csharp
class_12816,OrderManagerClass_12816,Domain,,csharp
class_12817,OrderManagerClass_12817,Domain,,csharp
class_12818,OrderManagerClass_12818,Domain,,csharp
class_12819,OrderManagerClass_12819,Domain,,csharp
class_12820,OrderManagerClass_12820,Domain,,csharp
class_12821,OrderManagerClass_12821,Domain,,csharp
class_12822,OrderManagerClass_12822,Domain,,csharp
class_12823,OrderManagerClass_12823,Domain,,csharp
class_12824,OrderManagerClass_12824,Domain,,csharp
class_12825,OrderManagerClass_12825,Domain,,csharp
class_12826,OrderManagerClass_12826,Domain,,csharp
class_12827,OrderManagerClass_12827,Domain,,csharp
class_12828,OrderManagerClass_12828,Domain,,csharp
class_12829,OrderManagerClass_12829,Domain,,csharp
class_12830,OrderManagerClass_12830,Domain,,csharp
class_12831,OrderManagerClass_12831,Domain,,csharp
class_12832,OrderManagerClass_12832,Domain,,csharp
class_12833,OrderManagerClass_12833,Domain,,csharp
class_12834,OrderManagerClass_12834,Domain,,csharp
class_12835,OrderManagerClass_12835,Domain,,csharp
class_12836,OrderManagerClass_12836,Domain,,csharp
class_12837,OrderManagerClass_12837,Domain,,csharp
class_12838,OrderManagerClass_12838,Domain,,csharp
class_12839,OrderManagerClass_12839,Domain,,csharp
class_12840,OrderManagerClass_12840,Domain,,csharp
class_12841,OrderManagerClass_12841,Domain,,csharp
class_12842,OrderManagerClass_12842,Domain,,csharp
class_12843,OrderManagerClass_12843,Domain,,csharp
class_12844,OrderManagerClass_12844,Domain,,csharp
class_12845,OrderManagerClass_12845,Domain,,csharp
class_12846,OrderManagerClass_12846,Domain,,csharp
class_12847,OrderManagerClass_12847,Domain,,csharp
class_12848,OrderManagerClass_12848,Domain,,csharp
class_12849,OrderManagerClass_12849,Domain,,csharp
class_12850,OrderManagerClass_12850,Domain,,csharp
class_12851,OrderManagerClass_12851,Domain,,csharp
class_12852,OrderManagerClass_12852,Domain,,csharp
class_12853,OrderManagerClass_12853,Domain,,csharp
class_12854,OrderManagerClass_12854,Domain,,csharp
class_12855,OrderManagerClass_12855,Domain,,csharp
class_12856,OrderManagerClass_12856,Domain,,csharp
class_12857,OrderManagerClass_12857,Domain,,csharp
class_12858,OrderManagerClass_12858,Domain,,csharp
class_12859,OrderManagerClass_12859,Domain,,csharp
class_12860,OrderManagerClass_12860,Domain,,csharp
class_12861,OrderManagerClass_12861,Domain,,csharp
class_12862,OrderManagerClass_12862,Domain,,csharp
class_12863,OrderManagerClass_12863,Domain,,csharp
class_12864,OrderManagerClass_12864,Domain,,csharp
class_12865,OrderManagerClass_12865,Domain,,csharp
class_12866,OrderManagerClass_12866,Domain,,csharp
class_12867,OrderManagerClass_12867,Domain,,csharp
class_12868,OrderManagerClass_12868,Domain,,csharp
class_12869,OrderManagerClass_12869,Domain,,csharp
class_12870,OrderManagerClass_12870,Domain,,csharp
class_12871,OrderManagerClass_12871,Domain,,csharp
class_12872,OrderManagerClass_12872,Domain,,csharp
class_12873,OrderManagerClass_12873,Domain,,csharp
class_12874,OrderManagerClass_12874,Domain,,csharp
class_12875,OrderManagerClass_12875,Domain,,csharp
class_12876,OrderManagerClass_12876,Domain,,csharp
class_12877,OrderManagerClass_12877,Domain,,csharp
class_12878,OrderManagerClass_12878,Domain,,csharp
class_12879,OrderManagerClass_12879,Domain,,csharp
class_12880,OrderManagerClass_12880,Domain,,csharp
class_12881,OrderManagerClass_12881,Domain,,csharp
class_12882,OrderManagerClass_12882,Domain,,csharp
class_12883,OrderManagerClass_12883,Domain,,csharp
class_12884,OrderManagerClass_12884,Domain,,csharp
class_12885,OrderManagerClass_12885,Domain,,csharp
class_12886,OrderManagerClass_12886,Domain,,csharp
class_12887,OrderManagerClass_12887,Domain,,csharp
class_12888,OrderManagerClass_12888,Domain,,csharp
class_12889,OrderManagerClass_12889,Domain,,csharp
class_12890,OrderManagerClass_12890,Domain,,csharp
class_12891,OrderManagerClass_12891,Domain,,csharp
class_12892,OrderManagerClass_12892,Domain,,csharp
class_12893,OrderManagerClass_12893,Domain,,csharp
class_12894,OrderManagerClass_12894,Domain,,csharp
class_12895,OrderManagerClass_12895,Domain,,csharp
class_12896,OrderManagerClass_12896,Domain,,csharp
class_12897,OrderManagerClass_12897,Domain,,csharp
class_12898,OrderManagerClass_12898,Domain,,csharp
class_12899,OrderManagerClass_12899,Domain,,csharp
class_12900,OrderManagerClass_12900,Domain,,csharp
class_12901,OrderManagerClass_12901,Domain,,csharp
class_12902,OrderManagerClass_12902,Domain,,csharp
class_12903,OrderManagerClass_12903,Domain,,csharp
class_12904,OrderManagerClass_12904,Domain,,csharp
class_12905,OrderManagerClass_12905,Domain,,csharp
class_12906,OrderManagerClass_12906,Domain,,csharp
class_12907,OrderManagerClass_12907,Domain,,csharp
class_12908,OrderManagerClass_12908,Domain,,csharp
class_12909,OrderManagerClass_12909,Domain,,csharp
class_12910,OrderManagerClass_12910,Domain,,csharp
class_12911,OrderManagerClass_12911,Domain,,csharp
class_12912,OrderManagerClass_12912,Domain,,csharp
class_12913,OrderManagerClass_12913,Domain,,csharp
class_12914,OrderManagerClass_12914,Domain,,csharp
class_12915,OrderManagerClass_12915,Domain,,csharp
class_12916,OrderManagerClass_12916,Domain,,csharp
class_12917,OrderManagerClass_12917,Domain,,csharp
class_12918,OrderManagerClass_12918,Domain,,csharp
class_12919,OrderManagerClass_12919,Domain,,csharp
class_12920,OrderManagerClass_12920,Domain,,csharp
class_12921,OrderManagerClass_12921,Domain,,csharp
class_12922,OrderManagerClass_12922,Domain,,csharp
class_12923,OrderManagerClass_12923,Domain,,csharp
class_12924,OrderManagerClass_12924,Domain,,csharp
class_12925,OrderManagerClass_12925,Domain,,csharp
class_12926,OrderManagerClass_12926,Domain,,csharp
class_12927,OrderManagerClass_12927,Domain,,csharp
class_12928,OrderManagerClass_12928,Domain,,csharp
class_12929,OrderManagerClass_12929,Domain,,csharp
class_12930,OrderManagerClass_12930,Domain,,csharp
class_12931,OrderManagerClass_12931,Domain,,csharp
class_12932,OrderManagerClass_12932,Domain,,csharp
class_12933,OrderManagerClass_12933,Domain,,csharp
class_12934,OrderManagerClass_12934,Domain,,csharp
class_12935,OrderManagerClass_12935,Domain,,csharp
class_12936,OrderManagerClass_12936,Domain,,csharp
class_12937,OrderManagerClass_12937,Domain,,csharp
class_12938,OrderManagerClass_12938,Domain,,csharp
class_12939,OrderManagerClass_12939,Domain,,csharp
class_12940,OrderManagerClass_12940,Domain,,csharp
class_12941,OrderManagerClass_12941,Domain,,csharp
class_12942,OrderManagerClass_12942,Domain,,csharp
class_12943,OrderManagerClass_12943,Domain,,csharp
class_12944,OrderManagerClass_12944,Domain,,csharp
class_12945,OrderManagerClass_12945,Domain,,csharp
class_12946,OrderManagerClass_12946,Domain,,csharp
class_12947,OrderManagerClass_12947,Domain,,csharp
class_12948,OrderManagerClass_12948,Domain,,csharp
class_12949,OrderManagerClass_12949,Domain,,csharp
class_12950,OrderManagerClass_12950,Domain,,csharp
class_12951,OrderManagerClass_12951,Domain,,csharp
class_12952,OrderManagerClass_12952,Domain,,csharp
class_12953,OrderManagerClass_12953,Domain,,csharp
class_12954,OrderManagerClass_12954,Domain,,csharp
class_12955,OrderManagerClass_12955,Domain,,csharp
class_12956,OrderManagerClass_12956,Domain,,csharp
class_12957,OrderManagerClass_12957,Domain,,csharp
class_12958,OrderManagerClass_12958,Domain,,csharp
class_12959,OrderManagerClass_12959,Domain,,csharp
class_12960,OrderManagerClass_12960,Domain,,csharp
class_12961,OrderManagerClass_12961,Domain,,csharp
class_12962,OrderManagerClass_12962,Domain,,csharp
class_12963,OrderManagerClass_12963,Domain,,csharp
class_12964,OrderManagerClass_12964,Domain,,csharp
class_12965,OrderManagerClass_12965,Domain,,csharp
class_12966,OrderManagerClass_12966,Domain,,csharp
class_12967,OrderManagerClass_12967,Domain,,csharp
class_12968,OrderManagerClass_12968,Domain,,csharp
class_12969,OrderManagerClass_12969,Domain,,csharp
class_12970,OrderManagerClass_12970,Domain,,csharp
class_12971,OrderManagerClass_12971,Domain,,csharp
class_12972,OrderManagerClass_12972,Domain,,csharp
class_12973,OrderManagerClass_12973,Domain,,csharp
class_12974,OrderManagerClass_12974,Domain,,csharp
class_12975,OrderManagerClass_12975,Domain,,csharp
class_12976,OrderManagerClass_12976,Domain,,csharp
class_12977,OrderManagerClass_12977,Domain,,csharp
class_12978,OrderManagerClass_12978,Domain,,csharp
class_12979,OrderManagerClass_12979,Domain,,csharp
class_12980,OrderManagerClass_12980,Domain,,csharp
class_12981,OrderManagerClass_12981,Domain,,csharp
class_12982,OrderManagerClass_12982,Domain,,csharp
class_12983,OrderManagerClass_12983,Domain,,csharp
class_12984,OrderManagerClass_12984,Domain,,csharp
class_12985,OrderManagerClass_12985,Domain,,csharp
class_12986,OrderManagerClass_12986,Domain,,csharp
class_12987,OrderManagerClass_12987,Domain,,csharp
class_12988,OrderManagerClass_12988,Domain,,csharp
class_12989,OrderManagerClass_12989,Domain,,csharp
class_12990,OrderManagerClass_12990,Domain,,csharp
class_12991,OrderManagerClass_12991,Domain,,csharp
class_12992,OrderManagerClass_12992,Domain,,csharp
class_12993,OrderManagerClass_12993,Domain,,csharp
class_12994,OrderManagerClass_12994,Domain,,csharp
class_12995,OrderManagerClass_12995,Domain,,csharp
class_12996,OrderManagerClass_12996,Domain,,csharp
class_12997,OrderManagerClass_12997,Domain,,csharp
class_12998,OrderManagerClass_12998,Domain,,csharp
class_12999,OrderManagerClass_12999,Domain,,csharp
class_13000,OrderManagerClass_13000,Domain,,csharp
class_13001,OrderManagerClass_13001,Domain,,csharp
class_13002,OrderManagerClass_13002,Domain,,csharp
class_13003,OrderManagerClass_13003,Domain,,csharp
class_13004,OrderManagerClass_13004,Domain,,csharp
class_13005,OrderManagerClass_13005,Domain,,csharp
class_13006,OrderManagerClass_13006,Domain,,csharp
class_13007,OrderManagerClass_13007,Domain,,csharp
class_13008,OrderManagerClass_13008,Domain,,csharp
class_13009,OrderManagerClass_13009,Domain,,csharp
class_13010,OrderManagerClass_13010,Domain,,csharp
class_13011,OrderManagerClass_13011,Domain,,csharp
class_13012,OrderManagerClass_13012,Domain,,csharp
class_13013,OrderManagerClass_13013,Domain,,csharp
class_13014,OrderManagerClass_13014,Domain,,csharp
class_13015,OrderManagerClass_13015,Domain,,csharp
class_13016,OrderManagerClass_13016,Domain,,csharp
class_13017,OrderManagerClass_13017,Domain,,csharp
class_13018,OrderManagerClass_13018,Domain,,csharp
class_13019,OrderManagerClass_13019,Domain,,csharp
class_13020,OrderManagerClass_13020,Domain,,csharp
class_13021,OrderManagerClass_13021,Domain,,csharp
class_13022,OrderManagerClass_13022,Domain,,csharp
class_13023,OrderManagerClass_13023,Domain,,csharp
class_13024,OrderManagerClass_13024,Domain,,csharp
class_13025,OrderManagerClass_13025,Domain,,csharp
class_13026,OrderManagerClass_13026,Domain,,csharp
class_13027,OrderManagerClass_13027,Domain,,csharp
class_13028,OrderManagerClass_13028,Domain,,csharp
class_13029,OrderManagerClass_13029,Domain,,csharp
class_13030,OrderManagerClass_13030,Domain,,csharp
class_13031,OrderManagerClass_13031,Domain,,csharp
class_13032,OrderManagerClass_13032,Domain,,csharp
class_13033,OrderManagerClass_13033,Domain,,csharp
class_13034,OrderManagerClass_13034,Domain,,csharp
class_13035,OrderManagerClass_13035,Domain,,csharp
class_13036,OrderManagerClass_13036,Domain,,csharp
class_13037,OrderManagerClass_13037,Domain,,csharp
class_13038,OrderManagerClass_13038,Domain,,csharp
class_13039,OrderManagerClass_13039,Domain,,csharp
class_13040,OrderManagerClass_13040,Domain,,csharp
class_13041,OrderManagerClass_13041,Domain,,csharp
class_13042,OrderManagerClass_13042,Domain,,csharp
class_13043,OrderManagerClass_13043,Domain,,csharp
class_13044,OrderManagerClass_13044,Domain,,csharp
class_13045,OrderManagerClass_13045,Domain,,csharp
class_13046,OrderManagerClass_13046,Domain,,csharp
class_13047,OrderManagerClass_13047,Domain,,csharp
class_13048,OrderManagerClass_13048,Domain,,csharp
class_13049,OrderManagerClass_13049,Domain,,csharp
class_13050,OrderManagerClass_13050,Domain,,csharp
class_13051,OrderManagerClass_13051,Domain,,csharp
class_13052,OrderManagerClass_13052,Domain,,csharp
class_13053,OrderManagerClass_13053,Domain,,csharp
class_13054,OrderManagerClass_13054,Domain,,csharp
class_13055,OrderManagerClass_13055,Domain,,csharp
class_13056,OrderManagerClass_13056,Domain,,csharp
class_13057,OrderManagerClass_13057,Domain,,csharp
class_13058,OrderManagerClass_13058,Domain,,csharp
class_13059,OrderManagerClass_13059,Domain,,csharp
class_13060,OrderManagerClass_13060,Domain,,csharp
class_13061,OrderManagerClass_13061,Domain,,csharp
class_13062,OrderManagerClass_13062,Domain,,csharp
class_13063,OrderManagerClass_13063,Domain,,csharp
class_13064,OrderManagerClass_13064,Domain,,csharp
class_13065,OrderManagerClass_13065,Domain,,csharp
class_13066,OrderManagerClass_13066,Domain,,csharp
class_13067,OrderManagerClass_13067,Domain,,csharp
class_13068,OrderManagerClass_13068,Domain,,csharp
class_13069,OrderManagerClass_13069,Domain,,csharp
class_13070,OrderManagerClass_13070,Domain,,csharp
class_13071,OrderManagerClass_13071,Domain,,csharp
class_13072,OrderManagerClass_13072,Domain,,csharp
class_13073,OrderManagerClass_13073,Domain,,csharp
class_13074,OrderManagerClass_13074,Domain,,csharp
class_13075,OrderManagerClass_13075,Domain,,csharp
class_13076,OrderManagerClass_13076,Domain,,csharp
class_13077,OrderManagerClass_13077,Domain,,csharp
class_13078,OrderManagerClass_13078,Domain,,csharp
class_13079,OrderManagerClass_13079,Domain,,csharp
class_13080,OrderManagerClass_13080,Domain,,csharp
class_13081,OrderManagerClass_13081,Domain,,csharp
class_13082,OrderManagerClass_13082,Domain,,csharp
class_13083,OrderManagerClass_13083,Domain,,csharp
class_13084,OrderManagerClass_13084,Domain,,csharp
class_13085,OrderManagerClass_13085,Domain,,csharp
class_13086,OrderManagerClass_13086,Domain,,csharp
class_13087,OrderManagerClass_13087,Domain,,csharp
class_13088,OrderManagerClass_13088,Domain,,csharp
class_13089,OrderManagerClass_13089,Domain,,csharp
class_13090,OrderManagerClass_13090,Domain,,csharp
class_13091,OrderManagerClass_13091,Domain,,csharp
class_13092,OrderManagerClass_13092,Domain,,csharp
class_13093,OrderManagerClass_13093,Domain,,csharp
class_13094,OrderManagerClass_13094,Domain,,csharp
class_13095,OrderManagerClass_13095,Domain,,csharp
class_13096,OrderManagerClass_13096,Domain,,csharp
class_13097,OrderManagerClass_13097,Domain,,csharp
class_13098,OrderManagerClass_13098,Domain,,csharp
class_13099,OrderManagerClass_13099,Domain,,csharp
class_13100,OrderManagerClass_13100,Domain,,csharp
class_13101,OrderManagerClass_13101,Domain,,csharp
class_13102,OrderManagerClass_13102,Domain,,csharp
class_13103,OrderManagerClass_13103,Domain,,csharp
class_13104,OrderManagerClass_13104,Domain,,csharp
class_13105,OrderManagerClass_13105,Domain,,csharp
class_13106,OrderManagerClass_13106,Domain,,csharp
class_13107,OrderManagerClass_13107,Domain,,csharp
class_13108,OrderManagerClass_13108,Domain,,csharp
class_13109,OrderManagerClass_13109,Domain,,csharp
class_13110,OrderManagerClass_13110,Domain,,csharp
class_13111,OrderManagerClass_13111,Domain,,csharp
class_13112,OrderManagerClass_13112,Domain,,csharp
class_13113,OrderManagerClass_13113,Domain,,csharp
class_13114,OrderManagerClass_13114,Domain,,csharp
class_13115,OrderManagerClass_13115,Domain,,csharp
class_13116,OrderManagerClass_13116,Domain,,csharp
class_13117,OrderManagerClass_13117,Domain,,csharp
class_13118,OrderManagerClass_13118,Domain,,csharp
class_13119,OrderManagerClass_13119,Domain,,csharp
class_13120,OrderManagerClass_13120,Domain,,csharp
class_13121,OrderManagerClass_13121,Domain,,csharp
class_13122,OrderManagerClass_13122,Domain,,csharp
class_13123,OrderManagerClass_13123,Domain,,csharp
class_13124,OrderManagerClass_13124,Domain,,csharp
class_13125,OrderManagerClass_13125,Domain,,csharp
class_13126,OrderManagerClass_13126,Domain,,csharp
class_13127,OrderManagerClass_13127,Domain,,csharp
class_13128,OrderManagerClass_13128,Domain,,csharp
class_13129,OrderManagerClass_13129,Domain,,csharp
class_13130,OrderManagerClass_13130,Domain,,csharp
class_13131,OrderManagerClass_13131,Domain,,csharp
class_13132,OrderManagerClass_13132,Domain,,csharp
class_13133,OrderManagerClass_13133,Domain,,csharp
class_13134,OrderManagerClass_13134,Domain,,csharp
class_13135,OrderManagerClass_13135,Domain,,csharp
class_13136,OrderManagerClass_13136,Domain,,csharp
class_13137,OrderManagerClass_13137,Domain,,csharp
class_13138,OrderManagerClass_13138,Domain,,csharp
class_13139,OrderManagerClass_13139,Domain,,csharp
class_13140,OrderManagerClass_13140,Domain,,csharp
class_13141,OrderManagerClass_13141,Domain,,csharp
class_13142,OrderManagerClass_13142,Domain,,csharp
class_13143,OrderManagerClass_13143,Domain,,csharp
class_13144,OrderManagerClass_13144,Domain,,csharp
class_13145,OrderManagerClass_13145,Domain,,csharp
class_13146,OrderManagerClass_13146,Domain,,csharp
class_13147,OrderManagerClass_13147,Domain,,csharp
class_13148,OrderManagerClass_13148,Domain,,csharp
class_13149,OrderManagerClass_13149,Domain,,csharp
class_13150,OrderManagerClass_13150,Domain,,csharp
class_13151,OrderManagerClass_13151,Domain,,csharp
class_13152,OrderManagerClass_13152,Domain,,csharp
class_13153,OrderManagerClass_13153,Domain,,csharp
class_13154,OrderManagerClass_13154,Domain,,csharp
class_13155,OrderManagerClass_13155,Domain,,csharp
class_13156,OrderManagerClass_13156,Domain,,csharp
class_13157,OrderManagerClass_13157,Domain,,csharp
class_13158,OrderManagerClass_13158,Domain,,csharp
class_13159,OrderManagerClass_13159,Domain,,csharp
class_13160,OrderManagerClass_13160,Domain,,csharp
class_13161,OrderManagerClass_13161,Domain,,csharp
class_13162,OrderManagerClass_13162,Domain,,csharp
class_13163,OrderManagerClass_13163,Domain,,csharp
class_13164,OrderManagerClass_13164,Domain,,csharp
class_13165,OrderManagerClass_13165,Domain,,csharp
class_13166,OrderManagerClass_13166,Domain,,csharp
class_13167,OrderManagerClass_13167,Domain,,csharp
class_13168,OrderManagerClass_13168,Domain,,csharp
class_13169,OrderManagerClass_13169,Domain,,csharp
class_13170,OrderManagerClass_13170,Domain,,csharp
class_13171,OrderManagerClass_13171,Domain,,csharp
class_13172,OrderManagerClass_13172,Domain,,csharp
class_13173,OrderManagerClass_13173,Domain,,csharp
class_13174,OrderManagerClass_13174,Domain,,csharp
class_13175,OrderManagerClass_13175,Domain,,csharp
class_13176,OrderManagerClass_13176,Domain,,csharp
class_13177,OrderManagerClass_13177,Domain,,csharp
class_13178,OrderManagerClass_13178,Domain,,csharp
class_13179,OrderManagerClass_13179,Domain,,csharp
class_13180,OrderManagerClass_13180,Domain,,csharp
class_13181,OrderManagerClass_13181,Domain,,csharp
class_13182,OrderManagerClass_13182,Domain,,csharp
class_13183,OrderManagerClass_13183,Domain,,csharp
class_13184,OrderManagerClass_13184,Domain,,csharp
class_13185,OrderManagerClass_13185,Domain,,csharp
class_13186,OrderManagerClass_13186,Domain,,csharp
class_13187,OrderManagerClass_13187,Domain,,csharp
class_13188,OrderManagerClass_13188,Domain,,csharp
class_13189,OrderManagerClass_13189,Domain,,csharp
class_13190,OrderManagerClass_13190,Domain,,csharp
class_13191,OrderManagerClass_13191,Domain,,csharp
class_13192,OrderManagerClass_13192,Domain,,csharp
class_13193,OrderManagerClass_13193,Domain,,csharp
class_13194,OrderManagerClass_13194,Domain,,csharp
class_13195,OrderManagerClass_13195,Domain,,csharp
class_13196,OrderManagerClass_13196,Domain,,csharp
class_13197,OrderManagerClass_13197,Domain,,csharp
class_13198,OrderManagerClass_13198,Domain,,csharp
class_13199,OrderManagerClass_13199,Domain,,csharp
class_13200,OrderManagerClass_13200,Domain,,csharp
class_13201,OrderManagerClass_13201,Domain,,csharp
class_13202,OrderManagerClass_13202,Domain,,csharp
class_13203,OrderManagerClass_13203,Domain,,csharp
class_13204,OrderManagerClass_13204,Domain,,csharp
class_13205,OrderManagerClass_13205,Domain,,csharp
class_13206,OrderManagerClass_13206,Domain,,csharp
class_13207,OrderManagerClass_13207,Domain,,csharp
class_13208,OrderManagerClass_13208,Domain,,csharp
class_13209,OrderManagerClass_13209,Domain,,csharp
class_13210,OrderManagerClass_13210,Domain,,csharp
class_13211,OrderManagerClass_13211,Domain,,csharp
class_13212,OrderManagerClass_13212,Domain,,csharp
class_13213,OrderManagerClass_13213,Domain,,csharp
class_13214,OrderManagerClass_13214,Domain,,csharp
class_13215,OrderManagerClass_13215,Domain,,csharp
class_13216,OrderManagerClass_13216,Domain,,csharp
class_13217,OrderManagerClass_13217,Domain,,csharp
class_13218,OrderManagerClass_13218,Domain,,csharp
class_13219,OrderManagerClass_13219,Domain,,csharp
class_13220,OrderManagerClass_13220,Domain,,csharp
class_13221,OrderManagerClass_13221,Domain,,csharp
class_13222,OrderManagerClass_13222,Domain,,csharp
class_13223,OrderManagerClass_13223,Domain,,csharp
class_13224,OrderManagerClass_13224,Domain,,csharp
class_13225,OrderManagerClass_13225,Domain,,csharp
class_13226,OrderManagerClass_13226,Domain,,csharp
class_13227,OrderManagerClass_13227,Domain,,csharp
class_13228,OrderManagerClass_13228,Domain,,csharp
class_13229,OrderManagerClass_13229,Domain,,csharp
class_13230,OrderManagerClass_13230,Domain,,csharp
class_13231,OrderManagerClass_13231,Domain,,csharp
class_13232,OrderManagerClass_13232,Domain,,csharp
class_13233,OrderManagerClass_13233,Domain,,csharp
class_13234,OrderManagerClass_13234,Domain,,csharp
class_13235,OrderManagerClass_13235,Domain,,csharp
class_13236,OrderManagerClass_13236,Domain,,csharp
class_13237,OrderManagerClass_13237,Domain,,csharp
class_13238,OrderManagerClass_13238,Domain,,csharp
class_13239,OrderManagerClass_13239,Domain,,csharp
class_13240,OrderManagerClass_13240,Domain,,csharp
class_13241,OrderManagerClass_13241,Domain,,csharp
class_13242,OrderManagerClass_13242,Domain,,csharp
class_13243,OrderManagerClass_13243,Domain,,csharp
class_13244,OrderManagerClass_13244,Domain,,csharp
class_13245,OrderManagerClass_13245,Domain,,csharp
class_13246,OrderManagerClass_13246,Domain,,csharp
class_13247,OrderManagerClass_13247,Domain,,csharp
class_13248,OrderManagerClass_13248,Domain,,csharp
class_13249,OrderManagerClass_13249,Domain,,csharp
class_13250,OrderManagerClass_13250,Domain,,csharp
class_13251,OrderManagerClass_13251,Domain,,csharp
class_13252,OrderManagerClass_13252,Domain,,csharp
class_13253,OrderManagerClass_13253,Domain,,csharp
class_13254,OrderManagerClass_13254,Domain,,csharp
class_13255,OrderManagerClass_13255,Domain,,csharp
class_13256,OrderManagerClass_13256,Domain,,csharp
class_13257,OrderManagerClass_13257,Domain,,csharp
class_13258,OrderManagerClass_13258,Domain,,csharp
class_13259,OrderManagerClass_13259,Domain,,csharp
class_13260,OrderManagerClass_13260,Domain,,csharp
class_13261,OrderManagerClass_13261,Domain,,csharp
class_13262,OrderManagerClass_13262,Domain,,csharp
class_13263,OrderManagerClass_13263,Domain,,csharp
class_13264,OrderManagerClass_13264,Domain,,csharp
class_13265,OrderManagerClass_13265,Domain,,csharp
class_13266,OrderManagerClass_13266,Domain,,csharp
class_13267,OrderManagerClass_13267,Domain,,csharp
class_13268,OrderManagerClass_13268,Domain,,csharp
class_13269,OrderManagerClass_13269,Domain,,csharp
class_13270,OrderManagerClass_13270,Domain,,csharp
class_13271,OrderManagerClass_13271,Domain,,csharp
class_13272,OrderManagerClass_13272,Domain,,csharp
class_13273,OrderManagerClass_13273,Domain,,csharp
class_13274,OrderManagerClass_13274,Domain,,csharp
class_13275,OrderManagerClass_13275,Domain,,csharp
class_13276,OrderManagerClass_13276,Domain,,csharp
class_13277,OrderManagerClass_13277,Domain,,csharp
class_13278,OrderManagerClass_13278,Domain,,csharp
class_13279,OrderManagerClass_13279,Domain,,csharp
class_13280,OrderManagerClass_13280,Domain,,csharp
class_13281,OrderManagerClass_13281,Domain,,csharp
class_13282,OrderManagerClass_13282,Domain,,csharp
class_13283,OrderManagerClass_13283,Domain,,csharp
class_13284,OrderManagerClass_13284,Domain,,csharp
class_13285,OrderManagerClass_13285,Domain,,csharp
class_13286,OrderManagerClass_13286,Domain,,csharp
class_13287,OrderManagerClass_13287,Domain,,csharp
class_13288,OrderManagerClass_13288,Domain,,csharp
class_13289,OrderManagerClass_13289,Domain,,csharp
class_13290,OrderManagerClass_13290,Domain,,csharp
class_13291,OrderManagerClass_13291,Domain,,csharp
class_13292,OrderManagerClass_13292,Domain,,csharp
class_13293,OrderManagerClass_13293,Domain,,csharp
class_13294,OrderManagerClass_13294,Domain,,csharp
class_13295,OrderManagerClass_13295,Domain,,csharp
class_13296,OrderManagerClass_13296,Domain,,csharp
class_13297,OrderManagerClass_13297,Domain,,csharp
class_13298,OrderManagerClass_13298,Domain,,csharp
class_13299,OrderManagerClass_13299,Domain,,csharp
class_13300,OrderManagerClass_13300,Domain,,csharp
class_13301,OrderManagerClass_13301,Domain,,csharp
class_13302,OrderManagerClass_13302,Domain,,csharp
class_13303,OrderManagerClass_13303,Domain,,csharp
class_13304,OrderManagerClass_13304,Domain,,csharp
class_13305,OrderManagerClass_13305,Domain,,csharp
class_13306,OrderManagerClass_13306,Domain,,csharp
class_13307,OrderManagerClass_13307,Domain,,csharp
class_13308,OrderManagerClass_13308,Domain,,csharp
class_13309,OrderManagerClass_13309,Domain,,csharp
class_13310,OrderManagerClass_13310,Domain,,csharp
class_13311,OrderManagerClass_13311,Domain,,csharp
class_13312,OrderManagerClass_13312,Domain,,csharp
class_13313,OrderManagerClass_13313,Domain,,csharp
class_13314,OrderManagerClass_13314,Domain,,csharp
class_13315,OrderManagerClass_13315,Domain,,csharp
class_13316,OrderManagerClass_13316,Domain,,csharp
class_13317,OrderManagerClass_13317,Domain,,csharp
class_13318,OrderManagerClass_13318,Domain,,csharp
class_13319,OrderManagerClass_13319,Domain,,csharp
class_13320,OrderManagerClass_13320,Domain,,csharp
class_13321,OrderManagerClass_13321,Domain,,csharp
class_13322,OrderManagerClass_13322,Domain,,csharp
class_13323,OrderManagerClass_13323,Domain,,csharp
class_13324,OrderManagerClass_13324,Domain,,csharp
class_13325,OrderManagerClass_13325,Domain,,csharp
class_13326,OrderManagerClass_13326,Domain,,csharp
class_13327,OrderManagerClass_13327,Domain,,csharp
class_13328,OrderManagerClass_13328,Domain,,csharp
class_13329,OrderManagerClass_13329,Domain,,csharp
class_13330,OrderManagerClass_13330,Domain,,csharp
class_13331,OrderManagerClass_13331,Domain,,csharp
class_13332,OrderManagerClass_13332,Domain,,csharp
class_13333,OrderManagerClass_13333,Domain,,csharp
class_13334,OrderManagerClass_13334,Domain,,csharp
class_13335,OrderManagerClass_13335,Domain,,csharp
class_13336,OrderManagerClass_13336,Domain,,csharp
class_13337,OrderManagerClass_13337,Domain,,csharp
class_13338,OrderManagerClass_13338,Domain,,csharp
class_13339,OrderManagerClass_13339,Domain,,csharp
class_13340,OrderManagerClass_13340,Domain,,csharp
class_13341,OrderManagerClass_13341,Domain,,csharp
class_13342,OrderManagerClass_13342,Domain,,csharp
class_13343,OrderManagerClass_13343,Domain,,csharp
class_13344,OrderManagerClass_13344,Domain,,csharp
class_13345,OrderManagerClass_13345,Domain,,csharp
class_13346,OrderManagerClass_13346,Domain,,csharp
class_13347,OrderManagerClass_13347,Domain,,csharp
class_13348,OrderManagerClass_13348,Domain,,csharp
class_13349,OrderManagerClass_13349,Domain,,csharp
class_13350,OrderManagerClass_13350,Domain,,csharp
class_13351,OrderManagerClass_13351,Domain,,csharp
class_13352,OrderManagerClass_13352,Domain,,csharp
class_13353,OrderManagerClass_13353,Domain,,csharp
class_13354,OrderManagerClass_13354,Domain,,csharp
class_13355,OrderManagerClass_13355,Domain,,csharp
class_13356,OrderManagerClass_13356,Domain,,csharp
class_13357,OrderManagerClass_13357,Domain,,csharp
class_13358,OrderManagerClass_13358,Domain,,csharp
class_13359,OrderManagerClass_13359,Domain,,csharp
class_13360,OrderManagerClass_13360,Domain,,csharp
class_13361,OrderManagerClass_13361,Domain,,csharp
class_13362,OrderManagerClass_13362,Domain,,csharp
class_13363,OrderManagerClass_13363,Domain,,csharp
class_13364,OrderManagerClass_13364,Domain,,csharp
class_13365,OrderManagerClass_13365,Domain,,csharp
class_13366,OrderManagerClass_13366,Domain,,csharp
class_13367,OrderManagerClass_13367,Domain,,csharp
class_13368,OrderManagerClass_13368,Domain,,csharp
class_13369,OrderManagerClass_13369,Domain,,csharp
class_13370,OrderManagerClass_13370,Domain,,csharp
class_13371,OrderManagerClass_13371,Domain,,csharp
class_13372,OrderManagerClass_13372,Domain,,csharp
class_13373,OrderManagerClass_13373,Domain,,csharp
class_13374,OrderManagerClass_13374,Domain,,csharp
class_13375,OrderManagerClass_13375,Domain,,csharp
class_13376,OrderManagerClass_13376,Domain,,csharp
class_13377,OrderManagerClass_13377,Domain,,csharp
class_13378,OrderManagerClass_13378,Domain,,csharp
class_13379,OrderManagerClass_13379,Domain,,csharp
class_13380,OrderManagerClass_13380,Domain,,csharp
class_13381,OrderManagerClass_13381,Domain,,csharp
class_13382,OrderManagerClass_13382,Domain,,csharp
class_13383,OrderManagerClass_13383,Domain,,csharp
class_13384,OrderManagerClass_13384,Domain,,csharp
class_13385,OrderManagerClass_13385,Domain,,csharp
class_13386,OrderManagerClass_13386,Domain,,csharp
class_13387,OrderManagerClass_13387,Domain,,csharp
class_13388,OrderManagerClass_13388,Domain,,csharp
class_13389,OrderManagerClass_13389,Domain,,csharp
class_13390,OrderManagerClass_13390,Domain,,csharp
class_13391,OrderManagerClass_13391,Domain,,csharp
class_13392,OrderManagerClass_13392,Domain,,csharp
class_13393,OrderManagerClass_13393,Domain,,csharp
class_13394,OrderManagerClass_13394,Domain,,csharp
class_13395,OrderManagerClass_13395,Domain,,csharp
class_13396,OrderManagerClass_13396,Domain,,csharp
class_13397,OrderManagerClass_13397,Domain,,csharp
class_13398,OrderManagerClass_13398,Domain,,csharp
class_13399,OrderManagerClass_13399,Domain,,csharp
class_13400,OrderManagerClass_13400,Domain,,csharp
class_13401,OrderManagerClass_13401,Domain,,csharp
class_13402,OrderManagerClass_13402,Domain,,csharp
class_13403,OrderManagerClass_13403,Domain,,csharp
class_13404,OrderManagerClass_13404,Domain,,csharp
class_13405,OrderManagerClass_13405,Domain,,csharp
class_13406,OrderManagerClass_13406,Domain,,csharp
class_13407,OrderManagerClass_13407,Domain,,csharp
class_13408,OrderManagerClass_13408,Domain,,csharp
class_13409,OrderManagerClass_13409,Domain,,csharp
class_13410,OrderManagerClass_13410,Domain,,csharp
class_13411,OrderManagerClass_13411,Domain,,csharp
class_13412,OrderManagerClass_13412,Domain,,csharp
class_13413,OrderManagerClass_13413,Domain,,csharp
class_13414,OrderManagerClass_13414,Domain,,csharp
class_13415,OrderManagerClass_13415,Domain,,csharp
class_13416,OrderManagerClass_13416,Domain,,csharp
class_13417,OrderManagerClass_13417,Domain,,csharp
class_13418,OrderManagerClass_13418,Domain,,csharp
class_13419,OrderManagerClass_13419,Domain,,csharp
class_13420,OrderManagerClass_13420,Domain,,csharp
class_13421,OrderManagerClass_13421,Domain,,csharp
class_13422,OrderManagerClass_13422,Domain,,csharp
class_13423,OrderManagerClass_13423,Domain,,csharp
class_13424,OrderManagerClass_13424,Domain,,csharp
class_13425,OrderManagerClass_13425,Domain,,csharp
class_13426,OrderManagerClass_13426,Domain,,csharp
class_13427,OrderManagerClass_13427,Domain,,csharp
class_13428,OrderManagerClass_13428,Domain,,csharp
class_13429,OrderManagerClass_13429,Domain,,csharp
class_13430,OrderManagerClass_13430,Domain,,csharp
class_13431,OrderManagerClass_13431,Domain,,csharp
class_13432,OrderManagerClass_13432,Domain,,csharp
class_13433,OrderManagerClass_13433,Domain,,csharp
class_13434,OrderManagerClass_13434,Domain,,csharp
class_13435,OrderManagerClass_13435,Domain,,csharp
class_13436,OrderManagerClass_13436,Domain,,csharp
class_13437,OrderManagerClass_13437,Domain,,csharp
class_13438,OrderManagerClass_13438,Domain,,csharp
class_13439,OrderManagerClass_13439,Domain,,csharp
class_13440,OrderManagerClass_13440,Domain,,csharp
class_13441,OrderManagerClass_13441,Domain,,csharp
class_13442,OrderManagerClass_13442,Domain,,csharp
class_13443,OrderManagerClass_13443,Domain,,csharp
class_13444,OrderManagerClass_13444,Domain,,csharp
class_13445,OrderManagerClass_13445,Domain,,csharp
class_13446,OrderManagerClass_13446,Domain,,csharp
class_13447,OrderManagerClass_13447,Domain,,csharp
class_13448,OrderManagerClass_13448,Domain,,csharp
class_13449,OrderManagerClass_13449,Domain,,csharp
class_13450,OrderManagerClass_13450,Domain,,csharp
class_13451,OrderManagerClass_13451,Domain,,csharp
class_13452,OrderManagerClass_13452,Domain,,csharp
class_13453,OrderManagerClass_13453,Domain,,csharp
class_13454,OrderManagerClass_13454,Domain,,csharp
class_13455,OrderManagerClass_13455,Domain,,csharp
class_13456,OrderManagerClass_13456,Domain,,csharp
class_13457,OrderManagerClass_13457,Domain,,csharp
class_13458,OrderManagerClass_13458,Domain,,csharp
class_13459,OrderManagerClass_13459,Domain,,csharp
class_13460,OrderManagerClass_13460,Domain,,csharp
class_13461,OrderManagerClass_13461,Domain,,csharp
class_13462,OrderManagerClass_13462,Domain,,csharp
class_13463,OrderManagerClass_13463,Domain,,csharp
class_13464,OrderManagerClass_13464,Domain,,csharp
class_13465,OrderManagerClass_13465,Domain,,csharp
class_13466,OrderManagerClass_13466,Domain,,csharp
class_13467,OrderManagerClass_13467,Domain,,csharp
class_13468,OrderManagerClass_13468,Domain,,csharp
class_13469,OrderManagerClass_13469,Domain,,csharp
class_13470,OrderManagerClass_13470,Domain,,csharp
class_13471,OrderManagerClass_13471,Domain,,csharp
class_13472,OrderManagerClass_13472,Domain,,csharp
class_13473,OrderManagerClass_13473,Domain,,csharp
class_13474,OrderManagerClass_13474,Domain,,csharp
class_13475,OrderManagerClass_13475,Domain,,csharp
class_13476,OrderManagerClass_13476,Domain,,csharp
class_13477,OrderManagerClass_13477,Domain,,csharp
class_13478,OrderManagerClass_13478,Domain,,csharp
class_13479,OrderManagerClass_13479,Domain,,csharp
class_13480,OrderManagerClass_13480,Domain,,csharp
class_13481,OrderManagerClass_13481,Domain,,csharp
class_13482,OrderManagerClass_13482,Domain,,csharp
class_13483,OrderManagerClass_13483,Domain,,csharp
class_13484,OrderManagerClass_13484,Domain,,csharp
class_13485,OrderManagerClass_13485,Domain,,csharp
class_13486,OrderManagerClass_13486,Domain,,csharp
class_13487,OrderManagerClass_13487,Domain,,csharp
class_13488,OrderManagerClass_13488,Domain,,csharp
class_13489,OrderManagerClass_13489,Domain,,csharp
class_13490,OrderManagerClass_13490,Domain,,csharp
class_13491,OrderManagerClass_13491,Domain,,csharp
class_13492,OrderManagerClass_13492,Domain,,csharp
class_13493,OrderManagerClass_13493,Domain,,csharp
class_13494,OrderManagerClass_13494,Domain,,csharp
class_13495,OrderManagerClass_13495,Domain,,csharp
class_13496,OrderManagerClass_13496,Domain,,csharp
class_13497,OrderManagerClass_13497,Domain,,csharp
class_13498,OrderManagerClass_13498,Domain,,csharp
class_13499,OrderManagerClass_13499,Domain,,csharp
class_13500,OrderManagerClass_13500,Domain,,csharp
class_13501,OrderManagerClass_13501,Domain,,csharp
class_13502,OrderManagerClass_13502,Domain,,csharp
class_13503,OrderManagerClass_13503,Domain,,csharp
class_13504,OrderManagerClass_13504,Domain,,csharp
class_13505,OrderManagerClass_13505,Domain,,csharp
class_13506,OrderManagerClass_13506,Domain,,csharp
class_13507,OrderManagerClass_13507,Domain,,csharp
class_13508,OrderManagerClass_13508,Domain,,csharp
class_13509,OrderManagerClass_13509,Domain,,csharp
class_13510,OrderManagerClass_13510,Domain,,csharp
class_13511,OrderManagerClass_13511,Domain,,csharp
class_13512,OrderManagerClass_13512,Domain,,csharp
class_13513,OrderManagerClass_13513,Domain,,csharp
class_13514,OrderManagerClass_13514,Domain,,csharp
class_13515,OrderManagerClass_13515,Domain,,csharp
class_13516,OrderManagerClass_13516,Domain,,csharp
class_13517,OrderManagerClass_13517,Domain,,csharp
class_13518,OrderManagerClass_13518,Domain,,csharp
class_13519,OrderManagerClass_13519,Domain,,csharp
class_13520,OrderManagerClass_13520,Domain,,csharp
class_13521,OrderManagerClass_13521,Domain,,csharp
class_13522,OrderManagerClass_13522,Domain,,csharp
class_13523,OrderManagerClass_13523,Domain,,csharp
class_13524,OrderManagerClass_13524,Domain,,csharp
class_13525,OrderManagerClass_13525,Domain,,csharp
class_13526,OrderManagerClass_13526,Domain,,csharp
class_13527,OrderManagerClass_13527,Domain,,csharp
class_13528,OrderManagerClass_13528,Domain,,csharp
class_13529,OrderManagerClass_13529,Domain,,csharp
class_13530,OrderManagerClass_13530,Domain,,csharp
class_13531,OrderManagerClass_13531,Domain,,csharp
class_13532,OrderManagerClass_13532,Domain,,csharp
class_13533,OrderManagerClass_13533,Domain,,csharp
class_13534,OrderManagerClass_13534,Domain,,csharp
class_13535,OrderManagerClass_13535,Domain,,csharp
class_13536,OrderManagerClass_13536,Domain,,csharp
class_13537,OrderManagerClass_13537,Domain,,csharp
class_13538,OrderManagerClass_13538,Domain,,csharp
class_13539,OrderManagerClass_13539,Domain,,csharp
class_13540,OrderManagerClass_13540,Domain,,csharp
class_13541,OrderManagerClass_13541,Domain,,csharp
class_13542,OrderManagerClass_13542,Domain,,csharp
class_13543,OrderManagerClass_13543,Domain,,csharp
class_13544,OrderManagerClass_13544,Domain,,csharp
class_13545,OrderManagerClass_13545,Domain,,csharp
class_13546,OrderManagerClass_13546,Domain,,csharp
class_13547,OrderManagerClass_13547,Domain,,csharp
class_13548,OrderManagerClass_13548,Domain,,csharp
class_13549,OrderManagerClass_13549,Domain,,csharp
class_13550,OrderManagerClass_13550,Domain,,csharp
class_13551,OrderManagerClass_13551,Domain,,csharp
class_13552,OrderManagerClass_13552,Domain,,csharp
class_13553,OrderManagerClass_13553,Domain,,csharp
class_13554,OrderManagerClass_13554,Domain,,csharp
class_13555,OrderManagerClass_13555,Domain,,csharp
class_13556,OrderManagerClass_13556,Domain,,csharp
class_13557,OrderManagerClass_13557,Domain,,csharp
class_13558,OrderManagerClass_13558,Domain,,csharp
class_13559,OrderManagerClass_13559,Domain,,csharp
class_13560,OrderManagerClass_13560,Domain,,csharp
class_13561,OrderManagerClass_13561,Domain,,csharp
class_13562,OrderManagerClass_13562,Domain,,csharp
class_13563,OrderManagerClass_13563,Domain,,csharp
class_13564,OrderManagerClass_13564,Domain,,csharp
class_13565,OrderManagerClass_13565,Domain,,csharp
class_13566,OrderManagerClass_13566,Domain,,csharp
class_13567,OrderManagerClass_13567,Domain,,csharp
class_13568,OrderManagerClass_13568,Domain,,csharp
class_13569,OrderManagerClass_13569,Domain,,csharp
class_13570,OrderManagerClass_13570,Domain,,csharp
class_13571,OrderManagerClass_13571,Domain,,csharp
class_13572,OrderManagerClass_13572,Domain,,csharp
class_13573,OrderManagerClass_13573,Domain,,csharp
class_13574,OrderManagerClass_13574,Domain,,csharp
class_13575,OrderManagerClass_13575,Domain,,csharp
class_13576,OrderManagerClass_13576,Domain,,csharp
class_13577,OrderManagerClass_13577,Domain,,csharp
class_13578,OrderManagerClass_13578,Domain,,csharp
class_13579,OrderManagerClass_13579,Domain,,csharp
class_13580,OrderManagerClass_13580,Domain,,csharp
class_13581,OrderManagerClass_13581,Domain,,csharp
class_13582,OrderManagerClass_13582,Domain,,csharp
class_13583,OrderManagerClass_13583,Domain,,csharp
class_13584,OrderManagerClass_13584,Domain,,csharp
class_13585,OrderManagerClass_13585,Domain,,csharp
class_13586,OrderManagerClass_13586,Domain,,csharp
class_13587,OrderManagerClass_13587,Domain,,csharp
class_13588,OrderManagerClass_13588,Domain,,csharp
class_13589,OrderManagerClass_13589,Domain,,csharp
class_13590,OrderManagerClass_13590,Domain,,csharp
class_13591,OrderManagerClass_13591,Domain,,csharp
class_13592,OrderManagerClass_13592,Domain,,csharp
class_13593,OrderManagerClass_13593,Domain,,csharp
class_13594,OrderManagerClass_13594,Domain,,csharp
class_13595,OrderManagerClass_13595,Domain,,csharp
class_13596,OrderManagerClass_13596,Domain,,csharp
class_13597,OrderManagerClass_13597,Domain,,csharp
class_13598,OrderManagerClass_13598,Domain,,csharp
class_13599,OrderManagerClass_13599,Domain,,csharp
class_13600,OrderManagerClass_13600,Domain,,csharp
class_13601,OrderManagerClass_13601,Domain,,csharp
class_13602,OrderManagerClass_13602,Domain,,csharp
class_13603,OrderManagerClass_13603,Domain,,csharp
class_13604,OrderManagerClass_13604,Domain,,csharp
class_13605,OrderManagerClass_13605,Domain,,csharp
class_13606,OrderManagerClass_13606,Domain,,csharp
class_13607,OrderManagerClass_13607,Domain,,csharp
class_13608,OrderManagerClass_13608,Domain,,csharp
class_13609,OrderManagerClass_13609,Domain,,csharp
class_13610,OrderManagerClass_13610,Domain,,csharp
class_13611,OrderManagerClass_13611,Domain,,csharp
class_13612,OrderManagerClass_13612,Domain,,csharp
class_13613,OrderManagerClass_13613,Domain,,csharp
class_13614,OrderManagerClass_13614,Domain,,csharp
class_13615,OrderManagerClass_13615,Domain,,csharp
class_13616,OrderManagerClass_13616,Domain,,csharp
class_13617,OrderManagerClass_13617,Domain,,csharp
class_13618,OrderManagerClass_13618,Domain,,csharp
class_13619,OrderManagerClass_13619,Domain,,csharp
class_13620,OrderManagerClass_13620,Domain,,csharp
class_13621,OrderManagerClass_13621,Domain,,csharp
class_13622,OrderManagerClass_13622,Domain,,csharp
class_13623,OrderManagerClass_13623,Domain,,csharp
class_13624,OrderManagerClass_13624,Domain,,csharp
class_13625,OrderManagerClass_13625,Domain,,csharp
class_13626,OrderManagerClass_13626,Domain,,csharp
class_13627,OrderManagerClass_13627,Domain,,csharp
class_13628,OrderManagerClass_13628,Domain,,csharp
class_13629,OrderManagerClass_13629,Domain,,csharp
class_13630,OrderManagerClass_13630,Domain,,csharp
class_13631,OrderManagerClass_13631,Domain,,csharp
class_13632,OrderManagerClass_13632,Domain,,csharp
class_13633,OrderManagerClass_13633,Domain,,csharp
class_13634,OrderManagerClass_13634,Domain,,csharp
class_13635,OrderManagerClass_13635,Domain,,csharp
class_13636,OrderManagerClass_13636,Domain,,csharp
class_13637,OrderManagerClass_13637,Domain,,csharp
class_13638,OrderManagerClass_13638,Domain,,csharp
class_13639,OrderManagerClass_13639,Domain,,csharp
class_13640,OrderManagerClass_13640,Domain,,csharp
class_13641,OrderManagerClass_13641,Domain,,csharp
class_13642,OrderManagerClass_13642,Domain,,csharp
class_13643,OrderManagerClass_13643,Domain,,csharp
class_13644,OrderManagerClass_13644,Domain,,csharp
class_13645,OrderManagerClass_13645,Domain,,csharp
class_13646,OrderManagerClass_13646,Domain,,csharp
class_13647,OrderManagerClass_13647,Domain,,csharp
class_13648,OrderManagerClass_13648,Domain,,csharp
class_13649,OrderManagerClass_13649,Domain,,csharp
class_13650,OrderManagerClass_13650,Domain,,csharp
class_13651,OrderManagerClass_13651,Domain,,csharp
class_13652,OrderManagerClass_13652,Domain,,csharp
class_13653,OrderManagerClass_13653,Domain,,csharp
class_13654,OrderManagerClass_13654,Domain,,csharp
class_13655,OrderManagerClass_13655,Domain,,csharp
class_13656,OrderManagerClass_13656,Domain,,csharp
class_13657,OrderManagerClass_13657,Domain,,csharp
class_13658,OrderManagerClass_13658,Domain,,csharp
class_13659,OrderManagerClass_13659,Domain,,csharp
class_13660,OrderManagerClass_13660,Domain,,csharp
class_13661,OrderManagerClass_13661,Domain,,csharp
class_13662,OrderManagerClass_13662,Domain,,csharp
class_13663,OrderManagerClass_13663,Domain,,csharp
class_13664,OrderManagerClass_13664,Domain,,csharp
class_13665,OrderManagerClass_13665,Domain,,csharp
class_13666,OrderManagerClass_13666,Domain,,csharp
class_13667,OrderManagerClass_13667,Domain,,csharp
class_13668,OrderManagerClass_13668,Domain,,csharp
class_13669,OrderManagerClass_13669,Domain,,csharp
class_13670,OrderManagerClass_13670,Domain,,csharp
class_13671,OrderManagerClass_13671,Domain,,csharp
class_13672,OrderManagerClass_13672,Domain,,csharp
class_13673,OrderManagerClass_13673,Domain,,csharp
class_13674,OrderManagerClass_13674,Domain,,csharp
class_13675,OrderManagerClass_13675,Domain,,csharp
class_13676,OrderManagerClass_13676,Domain,,csharp
class_13677,OrderManagerClass_13677,Domain,,csharp
class_13678,OrderManagerClass_13678,Domain,,csharp
class_13679,OrderManagerClass_13679,Domain,,csharp
class_13680,OrderManagerClass_13680,Domain,,csharp
class_13681,OrderManagerClass_13681,Domain,,csharp
class_13682,OrderManagerClass_13682,Domain,,csharp
class_13683,OrderManagerClass_13683,Domain,,csharp
class_13684,OrderManagerClass_13684,Domain,,csharp
class_13685,OrderManagerClass_13685,Domain,,csharp
class_13686,OrderManagerClass_13686,Domain,,csharp
class_13687,OrderManagerClass_13687,Domain,,csharp
class_13688,OrderManagerClass_13688,Domain,,csharp
class_13689,OrderManagerClass_13689,Domain,,csharp
class_13690,OrderManagerClass_13690,Domain,,csharp
class_13691,OrderManagerClass_13691,Domain,,csharp
class_13692,OrderManagerClass_13692,Domain,,csharp
class_13693,OrderManagerClass_13693,Domain,,csharp
class_13694,OrderManagerClass_13694,Domain,,csharp
class_13695,OrderManagerClass_13695,Domain,,csharp
class_13696,OrderManagerClass_13696,Domain,,csharp
class_13697,OrderManagerClass_13697,Domain,,csharp
class_13698,OrderManagerClass_13698,Domain,,csharp
class_13699,OrderManagerClass_13699,Domain,,csharp
class_13700,OrderManagerClass_13700,Domain,,csharp
class_13701,OrderManagerClass_13701,Domain,,csharp
class_13702,OrderManagerClass_13702,Domain,,csharp
class_13703,OrderManagerClass_13703,Domain,,csharp
class_13704,OrderManagerClass_13704,Domain,,csharp
class_13705,OrderManagerClass_13705,Domain,,csharp
class_13706,OrderManagerClass_13706,Domain,,csharp
class_13707,OrderManagerClass_13707,Domain,,csharp
class_13708,OrderManagerClass_13708,Domain,,csharp
class_13709,OrderManagerClass_13709,Domain,,csharp
class_13710,OrderManagerClass_13710,Domain,,csharp
class_13711,OrderManagerClass_13711,Domain,,csharp
class_13712,OrderManagerClass_13712,Domain,,csharp
class_13713,OrderManagerClass_13713,Domain,,csharp
class_13714,OrderManagerClass_13714,Domain,,csharp
class_13715,OrderManagerClass_13715,Domain,,csharp
class_13716,OrderManagerClass_13716,Domain,,csharp
class_13717,OrderManagerClass_13717,Domain,,csharp
class_13718,OrderManagerClass_13718,Domain,,csharp
class_13719,OrderManagerClass_13719,Domain,,csharp
class_13720,OrderManagerClass_13720,Domain,,csharp
class_13721,OrderManagerClass_13721,Domain,,csharp
class_13722,OrderManagerClass_13722,Domain,,csharp
class_13723,OrderManagerClass_13723,Domain,,csharp
class_13724,OrderManagerClass_13724,Domain,,csharp
class_13725,OrderManagerClass_13725,Domain,,csharp
class_13726,OrderManagerClass_13726,Domain,,csharp
class_13727,OrderManagerClass_13727,Domain,,csharp
class_13728,OrderManagerClass_13728,Domain,,csharp
class_13729,OrderManagerClass_13729,Domain,,csharp
class_13730,OrderManagerClass_13730,Domain,,csharp
class_13731,OrderManagerClass_13731,Domain,,csharp
class_13732,OrderManagerClass_13732,Domain,,csharp
class_13733,OrderManagerClass_13733,Domain,,csharp
class_13734,OrderManagerClass_13734,Domain,,csharp
class_13735,OrderManagerClass_13735,Domain,,csharp
class_13736,OrderManagerClass_13736,Domain,,csharp
class_13737,OrderManagerClass_13737,Domain,,csharp
class_13738,OrderManagerClass_13738,Domain,,csharp
class_13739,OrderManagerClass_13739,Domain,,csharp
class_13740,OrderManagerClass_13740,Domain,,csharp
class_13741,OrderManagerClass_13741,Domain,,csharp
class_13742,OrderManagerClass_13742,Domain,,csharp
class_13743,OrderManagerClass_13743,Domain,,csharp
class_13744,OrderManagerClass_13744,Domain,,csharp
class_13745,OrderManagerClass_13745,Domain,,csharp
class_13746,OrderManagerClass_13746,Domain,,csharp
class_13747,OrderManagerClass_13747,Domain,,csharp
class_13748,OrderManagerClass_13748,Domain,,csharp
class_13749,OrderManagerClass_13749,Domain,,csharp
class_13750,OrderManagerClass_13750,Domain,,csharp
class_13751,OrderManagerClass_13751,Domain,,csharp
class_13752,OrderManagerClass_13752,Domain,,csharp
class_13753,OrderManagerClass_13753,Domain,,csharp
class_13754,OrderManagerClass_13754,Domain,,csharp
class_13755,OrderManagerClass_13755,Domain,,csharp
class_13756,OrderManagerClass_13756,Domain,,csharp
class_13757,OrderManagerClass_13757,Domain,,csharp
class_13758,OrderManagerClass_13758,Domain,,csharp
class_13759,OrderManagerClass_13759,Domain,,csharp
class_13760,OrderManagerClass_13760,Domain,,csharp
class_13761,OrderManagerClass_13761,Domain,,csharp
class_13762,OrderManagerClass_13762,Domain,,csharp
class_13763,OrderManagerClass_13763,Domain,,csharp
class_13764,OrderManagerClass_13764,Domain,,csharp
class_13765,OrderManagerClass_13765,Domain,,csharp
class_13766,OrderManagerClass_13766,Domain,,csharp
class_13767,OrderManagerClass_13767,Domain,,csharp
class_13768,OrderManagerClass_13768,Domain,,csharp
class_13769,OrderManagerClass_13769,Domain,,csharp
class_13770,OrderManagerClass_13770,Domain,,csharp
class_13771,OrderManagerClass_13771,Domain,,csharp
class_13772,OrderManagerClass_13772,Domain,,csharp
class_13773,OrderManagerClass_13773,Domain,,csharp
class_13774,OrderManagerClass_13774,Domain,,csharp
class_13775,OrderManagerClass_13775,Domain,,csharp
class_13776,OrderManagerClass_13776,Domain,,csharp
class_13777,OrderManagerClass_13777,Domain,,csharp
class_13778,OrderManagerClass_13778,Domain,,csharp
class_13779,OrderManagerClass_13779,Domain,,csharp
class_13780,OrderManagerClass_13780,Domain,,csharp
class_13781,OrderManagerClass_13781,Domain,,csharp
class_13782,OrderManagerClass_13782,Domain,,csharp
class_13783,OrderManagerClass_13783,Domain,,csharp
class_13784,OrderManagerClass_13784,Domain,,csharp
class_13785,OrderManagerClass_13785,Domain,,csharp
class_13786,OrderManagerClass_13786,Domain,,csharp
class_13787,OrderManagerClass_13787,Domain,,csharp
class_13788,OrderManagerClass_13788,Domain,,csharp
class_13789,OrderManagerClass_13789,Domain,,csharp
class_13790,OrderManagerClass_13790,Domain,,csharp
class_13791,OrderManagerClass_13791,Domain,,csharp
class_13792,OrderManagerClass_13792,Domain,,csharp
class_13793,OrderManagerClass_13793,Domain,,csharp
class_13794,OrderManagerClass_13794,Domain,,csharp
class_13795,OrderManagerClass_13795,Domain,,csharp
class_13796,OrderManagerClass_13796,Domain,,csharp
class_13797,OrderManagerClass_13797,Domain,,csharp
class_13798,OrderManagerClass_13798,Domain,,csharp
class_13799,OrderManagerClass_13799,Domain,,csharp
class_13800,OrderManagerClass_13800,Domain,,csharp
class_13801,OrderManagerClass_13801,Domain,,csharp
class_13802,OrderManagerClass_13802,Domain,,csharp
class_13803,OrderManagerClass_13803,Domain,,csharp
class_13804,OrderManagerClass_13804,Domain,,csharp
class_13805,OrderManagerClass_13805,Domain,,csharp
class_13806,OrderManagerClass_13806,Domain,,csharp
class_13807,OrderManagerClass_13807,Domain,,csharp
class_13808,OrderManagerClass_13808,Domain,,csharp
class_13809,OrderManagerClass_13809,Domain,,csharp
class_13810,OrderManagerClass_13810,Domain,,csharp
class_13811,OrderManagerClass_13811,Domain,,csharp
class_13812,OrderManagerClass_13812,Domain,,csharp
class_13813,OrderManagerClass_13813,Domain,,csharp
class_13814,OrderManagerClass_13814,Domain,,csharp
class_13815,OrderManagerClass_13815,Domain,,csharp
class_13816,OrderManagerClass_13816,Domain,,csharp
class_13817,OrderManagerClass_13817,Domain,,csharp
class_13818,OrderManagerClass_13818,Domain,,csharp
class_13819,OrderManagerClass_13819,Domain,,csharp
class_13820,OrderManagerClass_13820,Domain,,csharp
class_13821,OrderManagerClass_13821,Domain,,csharp
class_13822,OrderManagerClass_13822,Domain,,csharp
class_13823,OrderManagerClass_13823,Domain,,csharp
class_13824,OrderManagerClass_13824,Domain,,csharp
class_13825,OrderManagerClass_13825,Domain,,csharp
class_13826,OrderManagerClass_13826,Domain,,csharp
class_13827,OrderManagerClass_13827,Domain,,csharp
class_13828,OrderManagerClass_13828,Domain,,csharp
class_13829,OrderManagerClass_13829,Domain,,csharp
class_13830,OrderManagerClass_13830,Domain,,csharp
class_13831,OrderManagerClass_13831,Domain,,csharp
class_13832,OrderManagerClass_13832,Domain,,csharp
class_13833,OrderManagerClass_13833,Domain,,csharp
class_13834,OrderManagerClass_13834,Domain,,csharp
class_13835,OrderManagerClass_13835,Domain,,csharp
class_13836,OrderManagerClass_13836,Domain,,csharp
class_13837,OrderManagerClass_13837,Domain,,csharp
class_13838,OrderManagerClass_13838,Domain,,csharp
class_13839,OrderManagerClass_13839,Domain,,csharp
class_13840,OrderManagerClass_13840,Domain,,csharp
class_13841,OrderManagerClass_13841,Domain,,csharp
class_13842,OrderManagerClass_13842,Domain,,csharp
class_13843,OrderManagerClass_13843,Domain,,csharp
class_13844,OrderManagerClass_13844,Domain,,csharp
class_13845,OrderManagerClass_13845,Domain,,csharp
class_13846,OrderManagerClass_13846,Domain,,csharp
class_13847,OrderManagerClass_13847,Domain,,csharp
class_13848,OrderManagerClass_13848,Domain,,csharp
class_13849,OrderManagerClass_13849,Domain,,csharp
class_13850,OrderManagerClass_13850,Domain,,csharp
class_13851,OrderManagerClass_13851,Domain,,csharp
class_13852,OrderManagerClass_13852,Domain,,csharp
class_13853,OrderManagerClass_13853,Domain,,csharp
class_13854,OrderManagerClass_13854,Domain,,csharp
class_13855,OrderManagerClass_13855,Domain,,csharp
class_13856,OrderManagerClass_13856,Domain,,csharp
class_13857,OrderManagerClass_13857,Domain,,csharp
class_13858,OrderManagerClass_13858,Domain,,csharp
class_13859,OrderManagerClass_13859,Domain,,csharp
class_13860,OrderManagerClass_13860,Domain,,csharp
class_13861,OrderManagerClass_13861,Domain,,csharp
class_13862,OrderManagerClass_13862,Domain,,csharp
class_13863,OrderManagerClass_13863,Domain,,csharp
class_13864,OrderManagerClass_13864,Domain,,csharp
class_13865,OrderManagerClass_13865,Domain,,csharp
class_13866,OrderManagerClass_13866,Domain,,csharp
class_13867,OrderManagerClass_13867,Domain,,csharp
class_13868,OrderManagerClass_13868,Domain,,csharp
class_13869,OrderManagerClass_13869,Domain,,csharp
class_13870,OrderManagerClass_13870,Domain,,csharp
class_13871,OrderManagerClass_13871,Domain,,csharp
class_13872,OrderManagerClass_13872,Domain,,csharp
class_13873,OrderManagerClass_13873,Domain,,csharp
class_13874,OrderManagerClass_13874,Domain,,csharp
class_13875,OrderManagerClass_13875,Domain,,csharp
class_13876,OrderManagerClass_13876,Domain,,csharp
class_13877,OrderManagerClass_13877,Domain,,csharp
class_13878,OrderManagerClass_13878,Domain,,csharp
class_13879,OrderManagerClass_13879,Domain,,csharp
class_13880,OrderManagerClass_13880,Domain,,csharp
class_13881,OrderManagerClass_13881,Domain,,csharp
class_13882,OrderManagerClass_13882,Domain,,csharp
class_13883,OrderManagerClass_13883,Domain,,csharp
class_13884,OrderManagerClass_13884,Domain,,csharp
class_13885,OrderManagerClass_13885,Domain,,csharp
class_13886,OrderManagerClass_13886,Domain,,csharp
class_13887,OrderManagerClass_13887,Domain,,csharp
class_13888,OrderManagerClass_13888,Domain,,csharp
class_13889,OrderManagerClass_13889,Domain,,csharp
class_13890,OrderManagerClass_13890,Domain,,csharp
class_13891,OrderManagerClass_13891,Domain,,csharp
class_13892,OrderManagerClass_13892,Domain,,csharp
class_13893,OrderManagerClass_13893,Domain,,csharp
class_13894,OrderManagerClass_13894,Domain,,csharp
class_13895,OrderManagerClass_13895,Domain,,csharp
class_13896,OrderManagerClass_13896,Domain,,csharp
class_13897,OrderManagerClass_13897,Domain,,csharp
class_13898,OrderManagerClass_13898,Domain,,csharp
class_13899,OrderManagerClass_13899,Domain,,csharp
class_13900,OrderManagerClass_13900,Domain,,csharp
class_13901,OrderManagerClass_13901,Domain,,csharp
class_13902,OrderManagerClass_13902,Domain,,csharp
class_13903,OrderManagerClass_13903,Domain,,csharp
class_13904,OrderManagerClass_13904,Domain,,csharp
class_13905,OrderManagerClass_13905,Domain,,csharp
class_13906,OrderManagerClass_13906,Domain,,csharp
class_13907,OrderManagerClass_13907,Domain,,csharp
class_13908,OrderManagerClass_13908,Domain,,csharp
class_13909,OrderManagerClass_13909,Domain,,csharp
class_13910,OrderManagerClass_13910,Domain,,csharp
class_13911,OrderManagerClass_13911,Domain,,csharp
class_13912,OrderManagerClass_13912,Domain,,csharp
class_13913,OrderManagerClass_13913,Domain,,csharp
class_13914,OrderManagerClass_13914,Domain,,csharp
class_13915,OrderManagerClass_13915,Domain,,csharp
class_13916,OrderManagerClass_13916,Domain,,csharp
class_13917,OrderManagerClass_13917,Domain,,csharp
class_13918,OrderManagerClass_13918,Domain,,csharp
class_13919,OrderManagerClass_13919,Domain,,csharp
class_13920,OrderManagerClass_13920,Domain,,csharp
class_13921,OrderManagerClass_13921,Domain,,csharp
class_13922,OrderManagerClass_13922,Domain,,csharp
class_13923,OrderManagerClass_13923,Domain,,csharp
class_13924,OrderManagerClass_13924,Domain,,csharp
class_13925,OrderManagerClass_13925,Domain,,csharp
class_13926,OrderManagerClass_13926,Domain,,csharp
class_13927,OrderManagerClass_13927,Domain,,csharp
class_13928,OrderManagerClass_13928,Domain,,csharp
class_13929,OrderManagerClass_13929,Domain,,csharp
class_13930,OrderManagerClass_13930,Domain,,csharp
class_13931,OrderManagerClass_13931,Domain,,csharp
class_13932,OrderManagerClass_13932,Domain,,csharp
class_13933,OrderManagerClass_13933,Domain,,csharp
class_13934,OrderManagerClass_13934,Domain,,csharp
class_13935,OrderManagerClass_13935,Domain,,csharp
class_13936,OrderManagerClass_13936,Domain,,csharp
class_13937,OrderManagerClass_13937,Domain,,csharp
class_13938,OrderManagerClass_13938,Domain,,csharp
class_13939,OrderManagerClass_13939,Domain,,csharp
class_13940,OrderManagerClass_13940,Domain,,csharp
class_13941,OrderManagerClass_13941,Domain,,csharp
class_13942,OrderManagerClass_13942,Domain,,csharp
class_13943,OrderManagerClass_13943,Domain,,csharp
class_13944,OrderManagerClass_13944,Domain,,csharp
class_13945,OrderManagerClass_13945,Domain,,csharp
class_13946,OrderManagerClass_13946,Domain,,csharp
class_13947,OrderManagerClass_13947,Domain,,csharp
class_13948,OrderManagerClass_13948,Domain,,csharp
class_13949,OrderManagerClass_13949,Domain,,csharp
class_13950,OrderManagerClass_13950,Domain,,csharp
class_13951,OrderManagerClass_13951,Domain,,csharp
class_13952,OrderManagerClass_13952,Domain,,csharp
class_13953,OrderManagerClass_13953,Domain,,csharp
class_13954,OrderManagerClass_13954,Domain,,csharp
class_13955,OrderManagerClass_13955,Domain,,csharp
class_13956,OrderManagerClass_13956,Domain,,csharp
class_13957,OrderManagerClass_13957,Domain,,csharp
class_13958,OrderManagerClass_13958,Domain,,csharp
class_13959,OrderManagerClass_13959,Domain,,csharp
class_13960,OrderManagerClass_13960,Domain,,csharp
class_13961,OrderManagerClass_13961,Domain,,csharp
class_13962,OrderManagerClass_13962,Domain,,csharp
class_13963,OrderManagerClass_13963,Domain,,csharp
class_13964,OrderManagerClass_13964,Domain,,csharp
class_13965,OrderManagerClass_13965,Domain,,csharp
class_13966,OrderManagerClass_13966,Domain,,csharp
class_13967,OrderManagerClass_13967,Domain,,csharp
class_13968,OrderManagerClass_13968,Domain,,csharp
class_13969,OrderManagerClass_13969,Domain,,csharp
class_13970,OrderManagerClass_13970,Domain,,csharp
class_13971,OrderManagerClass_13971,Domain,,csharp
class_13972,OrderManagerClass_13972,Domain,,csharp
class_13973,OrderManagerClass_13973,Domain,,csharp
class_13974,OrderManagerClass_13974,Domain,,csharp
class_13975,OrderManagerClass_13975,Domain,,csharp
class_13976,OrderManagerClass_13976,Domain,,csharp
class_13977,OrderManagerClass_13977,Domain,,csharp
class_13978,OrderManagerClass_13978,Domain,,csharp
class_13979,OrderManagerClass_13979,Domain,,csharp
class_13980,OrderManagerClass_13980,Domain,,csharp
class_13981,OrderManagerClass_13981,Domain,,csharp
class_13982,OrderManagerClass_13982,Domain,,csharp
class_13983,OrderManagerClass_13983,Domain,,csharp
class_13984,OrderManagerClass_13984,Domain,,csharp
class_13985,OrderManagerClass_13985,Domain,,csharp
class_13986,OrderManagerClass_13986,Domain,,csharp
class_13987,OrderManagerClass_13987,Domain,,csharp
class_13988,OrderManagerClass_13988,Domain,,csharp
class_13989,OrderManagerClass_13989,Domain,,csharp
class_13990,OrderManagerClass_13990,Domain,,csharp
class_13991,OrderManagerClass_13991,Domain,,csharp
class_13992,OrderManagerClass_13992,Domain,,csharp
class_13993,OrderManagerClass_13993,Domain,,csharp
class_13994,OrderManagerClass_13994,Domain,,csharp
class_13995,OrderManagerClass_13995,Domain,,csharp
class_13996,OrderManagerClass_13996,Domain,,csharp
class_13997,OrderManagerClass_13997,Domain,,csharp
class_13998,OrderManagerClass_13998,Domain,,csharp
class_13999,OrderManagerClass_13999,Domain,,csharp
class_14000,OrderManagerClass_14000,Domain,,csharp
class_14001,OrderManagerClass_14001,Domain,,csharp
class_14002,OrderManagerClass_14002,Domain,,csharp
class_14003,OrderManagerClass_14003,Domain,,csharp
class_14004,OrderManagerClass_14004,Domain,,csharp
class_14005,OrderManagerClass_14005,Domain,,csharp
class_14006,OrderManagerClass_14006,Domain,,csharp
class_14007,OrderManagerClass_14007,Domain,,csharp
class_14008,OrderManagerClass_14008,Domain,,csharp
class_14009,OrderManagerClass_14009,Domain,,csharp
class_14010,OrderManagerClass_14010,Domain,,csharp
class_14011,OrderManagerClass_14011,Domain,,csharp
class_14012,OrderManagerClass_14012,Domain,,csharp
class_14013,OrderManagerClass_14013,Domain,,csharp
class_14014,OrderManagerClass_14014,Domain,,csharp
class_14015,OrderManagerClass_14015,Domain,,csharp
class_14016,OrderManagerClass_14016,Domain,,csharp
class_14017,OrderManagerClass_14017,Domain,,csharp
class_14018,OrderManagerClass_14018,Domain,,csharp
class_14019,OrderManagerClass_14019,Domain,,csharp
class_14020,OrderManagerClass_14020,Domain,,csharp
class_14021,OrderManagerClass_14021,Domain,,csharp
class_14022,OrderManagerClass_14022,Domain,,csharp
class_14023,OrderManagerClass_14023,Domain,,csharp
class_14024,OrderManagerClass_14024,Domain,,csharp
class_14025,OrderManagerClass_14025,Domain,,csharp
class_14026,OrderManagerClass_14026,Domain,,csharp
class_14027,OrderManagerClass_14027,Domain,,csharp
class_14028,OrderManagerClass_14028,Domain,,csharp
class_14029,OrderManagerClass_14029,Domain,,csharp
class_14030,OrderManagerClass_14030,Domain,,csharp
class_14031,OrderManagerClass_14031,Domain,,csharp
class_14032,OrderManagerClass_14032,Domain,,csharp
class_14033,OrderManagerClass_14033,Domain,,csharp
class_14034,OrderManagerClass_14034,Domain,,csharp
class_14035,OrderManagerClass_14035,Domain,,csharp
class_14036,OrderManagerClass_14036,Domain,,csharp
class_14037,OrderManagerClass_14037,Domain,,csharp
class_14038,OrderManagerClass_14038,Domain,,csharp
class_14039,OrderManagerClass_14039,Domain,,csharp
class_14040,OrderManagerClass_14040,Domain,,csharp
class_14041,OrderManagerClass_14041,Domain,,csharp
class_14042,OrderManagerClass_14042,Domain,,csharp
class_14043,OrderManagerClass_14043,Domain,,csharp
class_14044,OrderManagerClass_14044,Domain,,csharp
class_14045,OrderManagerClass_14045,Domain,,csharp
class_14046,OrderManagerClass_14046,Domain,,csharp
class_14047,OrderManagerClass_14047,Domain,,csharp
class_14048,OrderManagerClass_14048,Domain,,csharp
class_14049,OrderManagerClass_14049,Domain,,csharp
class_14050,OrderManagerClass_14050,Domain,,csharp
class_14051,OrderManagerClass_14051,Domain,,csharp
class_14052,OrderManagerClass_14052,Domain,,csharp
class_14053,OrderManagerClass_14053,Domain,,csharp
class_14054,OrderManagerClass_14054,Domain,,csharp
class_14055,OrderManagerClass_14055,Domain,,csharp
class_14056,OrderManagerClass_14056,Domain,,csharp
class_14057,OrderManagerClass_14057,Domain,,csharp
class_14058,OrderManagerClass_14058,Domain,,csharp
class_14059,OrderManagerClass_14059,Domain,,csharp
class_14060,OrderManagerClass_14060,Domain,,csharp
class_14061,OrderManagerClass_14061,Domain,,csharp
class_14062,OrderManagerClass_14062,Domain,,csharp
class_14063,OrderManagerClass_14063,Domain,,csharp
class_14064,OrderManagerClass_14064,Domain,,csharp
class_14065,OrderManagerClass_14065,Domain,,csharp
class_14066,OrderManagerClass_14066,Domain,,csharp
class_14067,OrderManagerClass_14067,Domain,,csharp
class_14068,OrderManagerClass_14068,Domain,,csharp
class_14069,OrderManagerClass_14069,Domain,,csharp
class_14070,OrderManagerClass_14070,Domain,,csharp
class_14071,OrderManagerClass_14071,Domain,,csharp
class_14072,OrderManagerClass_14072,Domain,,csharp
class_14073,OrderManagerClass_14073,Domain,,csharp
class_14074,OrderManagerClass_14074,Domain,,csharp
class_14075,OrderManagerClass_14075,Domain,,csharp
class_14076,OrderManagerClass_14076,Domain,,csharp
class_14077,OrderManagerClass_14077,Domain,,csharp
class_14078,OrderManagerClass_14078,Domain,,csharp
class_14079,OrderManagerClass_14079,Domain,,csharp
class_14080,OrderManagerClass_14080,Domain,,csharp
class_14081,OrderManagerClass_14081,Domain,,csharp
class_14082,OrderManagerClass_14082,Domain,,csharp
class_14083,OrderManagerClass_14083,Domain,,csharp
class_14084,OrderManagerClass_14084,Domain,,csharp
class_14085,OrderManagerClass_14085,Domain,,csharp
class_14086,OrderManagerClass_14086,Domain,,csharp
class_14087,OrderManagerClass_14087,Domain,,csharp
class_14088,OrderManagerClass_14088,Domain,,csharp
class_14089,OrderManagerClass_14089,Domain,,csharp
class_14090,OrderManagerClass_14090,Domain,,csharp
class_14091,OrderManagerClass_14091,Domain,,csharp
class_14092,OrderManagerClass_14092,Domain,,csharp
class_14093,OrderManagerClass_14093,Domain,,csharp
class_14094,OrderManagerClass_14094,Domain,,csharp
class_14095,OrderManagerClass_14095,Domain,,csharp
class_14096,OrderManagerClass_14096,Domain,,csharp
class_14097,OrderManagerClass_14097,Domain,,csharp
class_14098,OrderManagerClass_14098,Domain,,csharp
class_14099,OrderManagerClass_14099,Domain,,csharp
class_14100,OrderManagerClass_14100,Domain,,csharp
class_14101,OrderManagerClass_14101,Domain,,csharp
class_14102,OrderManagerClass_14102,Domain,,csharp
class_14103,OrderManagerClass_14103,Domain,,csharp
class_14104,OrderManagerClass_14104,Domain,,csharp
class_14105,OrderManagerClass_14105,Domain,,csharp
class_14106,OrderManagerClass_14106,Domain,,csharp
class_14107,OrderManagerClass_14107,Domain,,csharp
class_14108,OrderManagerClass_14108,Domain,,csharp
class_14109,OrderManagerClass_14109,Domain,,csharp
class_14110,OrderManagerClass_14110,Domain,,csharp
class_14111,OrderManagerClass_14111,Domain,,csharp
class_14112,OrderManagerClass_14112,Domain,,csharp
class_14113,OrderManagerClass_14113,Domain,,csharp
class_14114,OrderManagerClass_14114,Domain,,csharp
class_14115,OrderManagerClass_14115,Domain,,csharp
class_14116,OrderManagerClass_14116,Domain,,csharp
class_14117,OrderManagerClass_14117,Domain,,csharp
class_14118,OrderManagerClass_14118,Domain,,csharp
class_14119,OrderManagerClass_14119,Domain,,csharp
class_14120,OrderManagerClass_14120,Domain,,csharp
class_14121,OrderManagerClass_14121,Domain,,csharp
class_14122,OrderManagerClass_14122,Domain,,csharp
class_14123,OrderManagerClass_14123,Domain,,csharp
class_14124,OrderManagerClass_14124,Domain,,csharp
class_14125,OrderManagerClass_14125,Domain,,csharp
class_14126,OrderManagerClass_14126,Domain,,csharp
class_14127,OrderManagerClass_14127,Domain,,csharp
class_14128,OrderManagerClass_14128,Domain,,csharp
class_14129,OrderManagerClass_14129,Domain,,csharp
class_14130,OrderManagerClass_14130,Domain,,csharp
class_14131,OrderManagerClass_14131,Domain,,csharp
class_14132,OrderManagerClass_14132,Domain,,csharp
class_14133,OrderManagerClass_14133,Domain,,csharp
class_14134,OrderManagerClass_14134,Domain,,csharp
class_14135,OrderManagerClass_14135,Domain,,csharp
class_14136,OrderManagerClass_14136,Domain,,csharp
class_14137,OrderManagerClass_14137,Domain,,csharp
class_14138,OrderManagerClass_14138,Domain,,csharp
class_14139,OrderManagerClass_14139,Domain,,csharp
class_14140,OrderManagerClass_14140,Domain,,csharp
class_14141,OrderManagerClass_14141,Domain,,csharp
class_14142,OrderManagerClass_14142,Domain,,csharp
class_14143,OrderManagerClass_14143,Domain,,csharp
class_14144,OrderManagerClass_14144,Domain,,csharp
class_14145,OrderManagerClass_14145,Domain,,csharp
class_14146,OrderManagerClass_14146,Domain,,csharp
class_14147,OrderManagerClass_14147,Domain,,csharp
class_14148,OrderManagerClass_14148,Domain,,csharp
class_14149,OrderManagerClass_14149,Domain,,csharp
class_14150,OrderManagerClass_14150,Domain,,csharp
class_14151,OrderManagerClass_14151,Domain,,csharp
class_14152,OrderManagerClass_14152,Domain,,csharp
class_14153,OrderManagerClass_14153,Domain,,csharp
class_14154,OrderManagerClass_14154,Domain,,csharp
class_14155,OrderManagerClass_14155,Domain,,csharp
class_14156,OrderManagerClass_14156,Domain,,csharp
class_14157,OrderManagerClass_14157,Domain,,csharp
class_14158,OrderManagerClass_14158,Domain,,csharp
class_14159,OrderManagerClass_14159,Domain,,csharp
class_14160,OrderManagerClass_14160,Domain,,csharp
class_14161,OrderManagerClass_14161,Domain,,csharp
class_14162,OrderManagerClass_14162,Domain,,csharp
class_14163,OrderManagerClass_14163,Domain,,csharp
class_14164,OrderManagerClass_14164,Domain,,csharp
class_14165,OrderManagerClass_14165,Domain,,csharp
class_14166,OrderManagerClass_14166,Domain,,csharp
class_14167,OrderManagerClass_14167,Domain,,csharp
class_14168,OrderManagerClass_14168,Domain,,csharp
class_14169,OrderManagerClass_14169,Domain,,csharp
class_14170,OrderManagerClass_14170,Domain,,csharp
class_14171,OrderManagerClass_14171,Domain,,csharp
class_14172,OrderManagerClass_14172,Domain,,csharp
class_14173,OrderManagerClass_14173,Domain,,csharp
class_14174,OrderManagerClass_14174,Domain,,csharp
class_14175,OrderManagerClass_14175,Domain,,csharp
class_14176,OrderManagerClass_14176,Domain,,csharp
class_14177,OrderManagerClass_14177,Domain,,csharp
class_14178,OrderManagerClass_14178,Domain,,csharp
class_14179,OrderManagerClass_14179,Domain,,csharp
class_14180,OrderManagerClass_14180,Domain,,csharp
class_14181,OrderManagerClass_14181,Domain,,csharp
class_14182,OrderManagerClass_14182,Domain,,csharp
class_14183,OrderManagerClass_14183,Domain,,csharp
class_14184,OrderManagerClass_14184,Domain,,csharp
class_14185,OrderManagerClass_14185,Domain,,csharp
class_14186,OrderManagerClass_14186,Domain,,csharp
class_14187,OrderManagerClass_14187,Domain,,csharp
class_14188,OrderManagerClass_14188,Domain,,csharp
class_14189,OrderManagerClass_14189,Domain,,csharp
class_14190,OrderManagerClass_14190,Domain,,csharp
class_14191,OrderManagerClass_14191,Domain,,csharp
class_14192,OrderManagerClass_14192,Domain,,csharp
class_14193,OrderManagerClass_14193,Domain,,csharp
class_14194,OrderManagerClass_14194,Domain,,csharp
class_14195,OrderManagerClass_14195,Domain,,csharp
class_14196,OrderManagerClass_14196,Domain,,csharp
class_14197,OrderManagerClass_14197,Domain,,csharp
class_14198,OrderManagerClass_14198,Domain,,csharp
class_14199,OrderManagerClass_14199,Domain,,csharp
class_14200,OrderManagerClass_14200,Domain,,csharp
class_14201,OrderManagerClass_14201,Domain,,csharp
class_14202,OrderManagerClass_14202,Domain,,csharp
class_14203,OrderManagerClass_14203,Domain,,csharp
class_14204,OrderManagerClass_14204,Domain,,csharp
class_14205,OrderManagerClass_14205,Domain,,csharp
class_14206,OrderManagerClass_14206,Domain,,csharp
class_14207,OrderManagerClass_14207,Domain,,csharp
class_14208,OrderManagerClass_14208,Domain,,csharp
class_14209,OrderManagerClass_14209,Domain,,csharp
class_14210,OrderManagerClass_14210,Domain,,csharp
class_14211,OrderManagerClass_14211,Domain,,csharp
class_14212,OrderManagerClass_14212,Domain,,csharp
class_14213,OrderManagerClass_14213,Domain,,csharp
class_14214,OrderManagerClass_14214,Domain,,csharp
class_14215,OrderManagerClass_14215,Domain,,csharp
class_14216,OrderManagerClass_14216,Domain,,csharp
class_14217,OrderManagerClass_14217,Domain,,csharp
class_14218,OrderManagerClass_14218,Domain,,csharp
class_14219,OrderManagerClass_14219,Domain,,csharp
class_14220,OrderManagerClass_14220,Domain,,csharp
class_14221,OrderManagerClass_14221,Domain,,csharp
class_14222,OrderManagerClass_14222,Domain,,csharp
class_14223,OrderManagerClass_14223,Domain,,csharp
class_14224,OrderManagerClass_14224,Domain,,csharp
class_14225,OrderManagerClass_14225,Domain,,csharp
class_14226,OrderManagerClass_14226,Domain,,csharp
class_14227,OrderManagerClass_14227,Domain,,csharp
class_14228,OrderManagerClass_14228,Domain,,csharp
class_14229,OrderManagerClass_14229,Domain,,csharp
class_14230,OrderManagerClass_14230,Domain,,csharp
class_14231,OrderManagerClass_14231,Domain,,csharp
class_14232,OrderManagerClass_14232,Domain,,csharp
class_14233,OrderManagerClass_14233,Domain,,csharp
class_14234,OrderManagerClass_14234,Domain,,csharp
class_14235,OrderManagerClass_14235,Domain,,csharp
class_14236,OrderManagerClass_14236,Domain,,csharp
class_14237,OrderManagerClass_14237,Domain,,csharp
class_14238,OrderManagerClass_14238,Domain,,csharp
class_14239,OrderManagerClass_14239,Domain,,csharp
class_14240,OrderManagerClass_14240,Domain,,csharp
class_14241,OrderManagerClass_14241,Domain,,csharp
class_14242,OrderManagerClass_14242,Domain,,csharp
class_14243,OrderManagerClass_14243,Domain,,csharp
class_14244,OrderManagerClass_14244,Domain,,csharp
class_14245,OrderManagerClass_14245,Domain,,csharp
class_14246,OrderManagerClass_14246,Domain,,csharp
class_14247,OrderManagerClass_14247,Domain,,csharp
class_14248,OrderManagerClass_14248,Domain,,csharp
class_14249,OrderManagerClass_14249,Domain,,csharp
class_14250,OrderManagerClass_14250,Domain,,csharp
class_14251,OrderManagerClass_14251,Domain,,csharp
class_14252,OrderManagerClass_14252,Domain,,csharp
class_14253,OrderManagerClass_14253,Domain,,csharp
class_14254,OrderManagerClass_14254,Domain,,csharp
class_14255,OrderManagerClass_14255,Domain,,csharp
class_14256,OrderManagerClass_14256,Domain,,csharp
class_14257,OrderManagerClass_14257,Domain,,csharp
class_14258,OrderManagerClass_14258,Domain,,csharp
class_14259,OrderManagerClass_14259,Domain,,csharp
class_14260,OrderManagerClass_14260,Domain,,csharp
class_14261,OrderManagerClass_14261,Domain,,csharp
class_14262,OrderManagerClass_14262,Domain,,csharp
class_14263,OrderManagerClass_14263,Domain,,csharp
class_14264,OrderManagerClass_14264,Domain,,csharp
class_14265,OrderManagerClass_14265,Domain,,csharp
class_14266,OrderManagerClass_14266,Domain,,csharp
class_14267,OrderManagerClass_14267,Domain,,csharp
class_14268,OrderManagerClass_14268,Domain,,csharp
class_14269,OrderManagerClass_14269,Domain,,csharp
class_14270,OrderManagerClass_14270,Domain,,csharp
class_14271,OrderManagerClass_14271,Domain,,csharp
class_14272,OrderManagerClass_14272,Domain,,csharp
class_14273,OrderManagerClass_14273,Domain,,csharp
class_14274,OrderManagerClass_14274,Domain,,csharp
class_14275,OrderManagerClass_14275,Domain,,csharp
class_14276,OrderManagerClass_14276,Domain,,csharp
class_14277,OrderManagerClass_14277,Domain,,csharp
class_14278,OrderManagerClass_14278,Domain,,csharp
class_14279,OrderManagerClass_14279,Domain,,csharp
class_14280,OrderManagerClass_14280,Domain,,csharp
class_14281,OrderManagerClass_14281,Domain,,csharp
class_14282,OrderManagerClass_14282,Domain,,csharp
class_14283,OrderManagerClass_14283,Domain,,csharp
class_14284,OrderManagerClass_14284,Domain,,csharp
class_14285,OrderManagerClass_14285,Domain,,csharp
class_14286,OrderManagerClass_14286,Domain,,csharp
class_14287,OrderManagerClass_14287,Domain,,csharp
class_14288,OrderManagerClass_14288,Domain,,csharp
class_14289,OrderManagerClass_14289,Domain,,csharp
class_14290,OrderManagerClass_14290,Domain,,csharp
class_14291,OrderManagerClass_14291,Domain,,csharp
class_14292,OrderManagerClass_14292,Domain,,csharp
class_14293,OrderManagerClass_14293,Domain,,csharp
class_14294,OrderManagerClass_14294,Domain,,csharp
class_14295,OrderManagerClass_14295,Domain,,csharp
class_14296,OrderManagerClass_14296,Domain,,csharp
class_14297,OrderManagerClass_14297,Domain,,csharp
class_14298,OrderManagerClass_14298,Domain,,csharp
class_14299,OrderManagerClass_14299,Domain,,csharp
class_14300,OrderManagerClass_14300,Domain,,csharp
class_14301,OrderManagerClass_14301,Domain,,csharp
class_14302,OrderManagerClass_14302,Domain,,csharp
class_14303,OrderManagerClass_14303,Domain,,csharp
class_14304,OrderManagerClass_14304,Domain,,csharp
class_14305,OrderManagerClass_14305,Domain,,csharp
class_14306,OrderManagerClass_14306,Domain,,csharp
class_14307,OrderManagerClass_14307,Domain,,csharp
class_14308,OrderManagerClass_14308,Domain,,csharp
class_14309,OrderManagerClass_14309,Domain,,csharp
class_14310,OrderManagerClass_14310,Domain,,csharp
class_14311,OrderManagerClass_14311,Domain,,csharp
class_14312,OrderManagerClass_14312,Domain,,csharp
class_14313,OrderManagerClass_14313,Domain,,csharp
class_14314,OrderManagerClass_14314,Domain,,csharp
class_14315,OrderManagerClass_14315,Domain,,csharp
class_14316,OrderManagerClass_14316,Domain,,csharp
class_14317,OrderManagerClass_14317,Domain,,csharp
class_14318,OrderManagerClass_14318,Domain,,csharp
class_14319,OrderManagerClass_14319,Domain,,csharp
class_14320,OrderManagerClass_14320,Domain,,csharp
class_14321,OrderManagerClass_14321,Domain,,csharp
class_14322,OrderManagerClass_14322,Domain,,csharp
class_14323,OrderManagerClass_14323,Domain,,csharp
class_14324,OrderManagerClass_14324,Domain,,csharp
class_14325,OrderManagerClass_14325,Domain,,csharp
class_14326,OrderManagerClass_14326,Domain,,csharp
class_14327,OrderManagerClass_14327,Domain,,csharp
class_14328,OrderManagerClass_14328,Domain,,csharp
class_14329,OrderManagerClass_14329,Domain,,csharp
class_14330,OrderManagerClass_14330,Domain,,csharp
class_14331,OrderManagerClass_14331,Domain,,csharp
class_14332,OrderManagerClass_14332,Domain,,csharp
class_14333,OrderManagerClass_14333,Domain,,csharp
class_14334,OrderManagerClass_14334,Domain,,csharp
class_14335,OrderManagerClass_14335,Domain,,csharp
class_14336,OrderManagerClass_14336,Domain,,csharp
class_14337,OrderManagerClass_14337,Domain,,csharp
class_14338,OrderManagerClass_14338,Domain,,csharp
class_14339,OrderManagerClass_14339,Domain,,csharp
class_14340,OrderManagerClass_14340,Domain,,csharp
class_14341,OrderManagerClass_14341,Domain,,csharp
class_14342,OrderManagerClass_14342,Domain,,csharp
class_14343,OrderManagerClass_14343,Domain,,csharp
class_14344,OrderManagerClass_14344,Domain,,csharp
class_14345,OrderManagerClass_14345,Domain,,csharp
class_14346,OrderManagerClass_14346,Domain,,csharp
class_14347,OrderManagerClass_14347,Domain,,csharp
class_14348,OrderManagerClass_14348,Domain,,csharp
class_14349,OrderManagerClass_14349,Domain,,csharp
class_14350,OrderManagerClass_14350,Domain,,csharp
class_14351,OrderManagerClass_14351,Domain,,csharp
class_14352,OrderManagerClass_14352,Domain,,csharp
class_14353,OrderManagerClass_14353,Domain,,csharp
class_14354,OrderManagerClass_14354,Domain,,csharp
class_14355,OrderManagerClass_14355,Domain,,csharp
class_14356,OrderManagerClass_14356,Domain,,csharp
class_14357,OrderManagerClass_14357,Domain,,csharp
class_14358,OrderManagerClass_14358,Domain,,csharp
class_14359,OrderManagerClass_14359,Domain,,csharp
class_14360,OrderManagerClass_14360,Domain,,csharp
class_14361,OrderManagerClass_14361,Domain,,csharp
class_14362,OrderManagerClass_14362,Domain,,csharp
class_14363,OrderManagerClass_14363,Domain,,csharp
class_14364,OrderManagerClass_14364,Domain,,csharp
class_14365,OrderManagerClass_14365,Domain,,csharp
class_14366,OrderManagerClass_14366,Domain,,csharp
class_14367,OrderManagerClass_14367,Domain,,csharp
class_14368,OrderManagerClass_14368,Domain,,csharp
class_14369,OrderManagerClass_14369,Domain,,csharp
class_14370,OrderManagerClass_14370,Domain,,csharp
class_14371,OrderManagerClass_14371,Domain,,csharp
class_14372,OrderManagerClass_14372,Domain,,csharp
class_14373,OrderManagerClass_14373,Domain,,csharp
class_14374,OrderManagerClass_14374,Domain,,csharp
class_14375,OrderManagerClass_14375,Domain,,csharp
class_14376,OrderManagerClass_14376,Domain,,csharp
class_14377,OrderManagerClass_14377,Domain,,csharp
class_14378,OrderManagerClass_14378,Domain,,csharp
class_14379,OrderManagerClass_14379,Domain,,csharp
class_14380,OrderManagerClass_14380,Domain,,csharp
class_14381,OrderManagerClass_14381,Domain,,csharp
class_14382,OrderManagerClass_14382,Domain,,csharp
class_14383,OrderManagerClass_14383,Domain,,csharp
class_14384,OrderManagerClass_14384,Domain,,csharp
class_14385,OrderManagerClass_14385,Domain,,csharp
class_14386,OrderManagerClass_14386,Domain,,csharp
class_14387,OrderManagerClass_14387,Domain,,csharp
class_14388,OrderManagerClass_14388,Domain,,csharp
class_14389,OrderManagerClass_14389,Domain,,csharp
class_14390,OrderManagerClass_14390,Domain,,csharp
class_14391,OrderManagerClass_14391,Domain,,csharp
class_14392,OrderManagerClass_14392,Domain,,csharp
class_14393,OrderManagerClass_14393,Domain,,csharp
class_14394,OrderManagerClass_14394,Domain,,csharp
class_14395,OrderManagerClass_14395,Domain,,csharp
class_14396,OrderManagerClass_14396,Domain,,csharp
class_14397,OrderManagerClass_14397,Domain,,csharp
class_14398,OrderManagerClass_14398,Domain,,csharp
class_14399,OrderManagerClass_14399,Domain,,csharp
class_14400,OrderManagerClass_14400,Domain,,csharp
class_14401,OrderManagerClass_14401,Domain,,csharp
class_14402,OrderManagerClass_14402,Domain,,csharp
class_14403,OrderManagerClass_14403,Domain,,csharp
class_14404,OrderManagerClass_14404,Domain,,csharp
class_14405,OrderManagerClass_14405,Domain,,csharp
class_14406,OrderManagerClass_14406,Domain,,csharp
class_14407,OrderManagerClass_14407,Domain,,csharp
class_14408,OrderManagerClass_14408,Domain,,csharp
class_14409,OrderManagerClass_14409,Domain,,csharp
class_14410,OrderManagerClass_14410,Domain,,csharp
class_14411,OrderManagerClass_14411,Domain,,csharp
class_14412,OrderManagerClass_14412,Domain,,csharp
class_14413,OrderManagerClass_14413,Domain,,csharp
class_14414,OrderManagerClass_14414,Domain,,csharp
class_14415,OrderManagerClass_14415,Domain,,csharp
class_14416,OrderManagerClass_14416,Domain,,csharp
class_14417,OrderManagerClass_14417,Domain,,csharp
class_14418,OrderManagerClass_14418,Domain,,csharp
class_14419,OrderManagerClass_14419,Domain,,csharp
class_14420,OrderManagerClass_14420,Domain,,csharp
class_14421,OrderManagerClass_14421,Domain,,csharp
class_14422,OrderManagerClass_14422,Domain,,csharp
class_14423,OrderManagerClass_14423,Domain,,csharp
class_14424,OrderManagerClass_14424,Domain,,csharp
class_14425,OrderManagerClass_14425,Domain,,csharp
class_14426,OrderManagerClass_14426,Domain,,csharp
class_14427,OrderManagerClass_14427,Domain,,csharp
class_14428,OrderManagerClass_14428,Domain,,csharp
class_14429,OrderManagerClass_14429,Domain,,csharp
class_14430,OrderManagerClass_14430,Domain,,csharp
class_14431,OrderManagerClass_14431,Domain,,csharp
class_14432,OrderManagerClass_14432,Domain,,csharp
class_14433,OrderManagerClass_14433,Domain,,csharp
class_14434,OrderManagerClass_14434,Domain,,csharp
class_14435,OrderManagerClass_14435,Domain,,csharp
class_14436,OrderManagerClass_14436,Domain,,csharp
class_14437,OrderManagerClass_14437,Domain,,csharp
class_14438,OrderManagerClass_14438,Domain,,csharp
class_14439,OrderManagerClass_14439,Domain,,csharp
class_14440,OrderManagerClass_14440,Domain,,csharp
class_14441,OrderManagerClass_14441,Domain,,csharp
class_14442,OrderManagerClass_14442,Domain,,csharp
class_14443,OrderManagerClass_14443,Domain,,csharp
class_14444,OrderManagerClass_14444,Domain,,csharp
class_14445,OrderManagerClass_14445,Domain,,csharp
class_14446,OrderManagerClass_14446,Domain,,csharp
class_14447,OrderManagerClass_14447,Domain,,csharp
class_14448,OrderManagerClass_14448,Domain,,csharp
class_14449,OrderManagerClass_14449,Domain,,csharp
class_14450,OrderManagerClass_14450,Domain,,csharp
class_14451,OrderManagerClass_14451,Domain,,csharp
class_14452,OrderManagerClass_14452,Domain,,csharp
class_14453,OrderManagerClass_14453,Domain,,csharp
class_14454,OrderManagerClass_14454,Domain,,csharp
class_14455,OrderManagerClass_14455,Domain,,csharp
class_14456,OrderManagerClass_14456,Domain,,csharp
class_14457,OrderManagerClass_14457,Domain,,csharp
class_14458,OrderManagerClass_14458,Domain,,csharp
class_14459,OrderManagerClass_14459,Domain,,csharp
class_14460,OrderManagerClass_14460,Domain,,csharp
class_14461,OrderManagerClass_14461,Domain,,csharp
class_14462,OrderManagerClass_14462,Domain,,csharp
class_14463,OrderManagerClass_14463,Domain,,csharp
class_14464,OrderManagerClass_14464,Domain,,csharp
class_14465,OrderManagerClass_14465,Domain,,csharp
class_14466,OrderManagerClass_14466,Domain,,csharp
class_14467,OrderManagerClass_14467,Domain,,csharp
class_14468,OrderManagerClass_14468,Domain,,csharp
class_14469,OrderManagerClass_14469,Domain,,csharp
class_14470,OrderManagerClass_14470,Domain,,csharp
class_14471,OrderManagerClass_14471,Domain,,csharp
class_14472,OrderManagerClass_14472,Domain,,csharp
class_14473,OrderManagerClass_14473,Domain,,csharp
class_14474,OrderManagerClass_14474,Domain,,csharp
class_14475,OrderManagerClass_14475,Domain,,csharp
class_14476,OrderManagerClass_14476,Domain,,csharp
class_14477,OrderManagerClass_14477,Domain,,csharp
class_14478,OrderManagerClass_14478,Domain,,csharp
class_14479,OrderManagerClass_14479,Domain,,csharp
class_14480,OrderManagerClass_14480,Domain,,csharp
class_14481,OrderManagerClass_14481,Domain,,csharp
class_14482,OrderManagerClass_14482,Domain,,csharp
class_14483,OrderManagerClass_14483,Domain,,csharp
class_14484,OrderManagerClass_14484,Domain,,csharp
class_14485,OrderManagerClass_14485,Domain,,csharp
class_14486,OrderManagerClass_14486,Domain,,csharp
class_14487,OrderManagerClass_14487,Domain,,csharp
class_14488,OrderManagerClass_14488,Domain,,csharp
class_14489,OrderManagerClass_14489,Domain,,csharp
class_14490,OrderManagerClass_14490,Domain,,csharp
class_14491,OrderManagerClass_14491,Domain,,csharp
class_14492,OrderManagerClass_14492,Domain,,csharp
class_14493,OrderManagerClass_14493,Domain,,csharp
class_14494,OrderManagerClass_14494,Domain,,csharp
class_14495,OrderManagerClass_14495,Domain,,csharp
class_14496,OrderManagerClass_14496,Domain,,csharp
class_14497,OrderManagerClass_14497,Domain,,csharp
class_14498,OrderManagerClass_14498,Domain,,csharp
class_14499,OrderManagerClass_14499,Domain,,csharp
class_14500,OrderManagerClass_14500,Domain,,csharp
class_14501,OrderManagerClass_14501,Domain,,csharp
class_14502,OrderManagerClass_14502,Domain,,csharp
class_14503,OrderManagerClass_14503,Domain,,csharp
class_14504,OrderManagerClass_14504,Domain,,csharp
class_14505,OrderManagerClass_14505,Domain,,csharp
class_14506,OrderManagerClass_14506,Domain,,csharp
class_14507,OrderManagerClass_14507,Domain,,csharp
class_14508,OrderManagerClass_14508,Domain,,csharp
class_14509,OrderManagerClass_14509,Domain,,csharp
class_14510,OrderManagerClass_14510,Domain,,csharp
class_14511,OrderManagerClass_14511,Domain,,csharp
class_14512,OrderManagerClass_14512,Domain,,csharp
class_14513,OrderManagerClass_14513,Domain,,csharp
class_14514,OrderManagerClass_14514,Domain,,csharp
class_14515,OrderManagerClass_14515,Domain,,csharp
class_14516,OrderManagerClass_14516,Domain,,csharp
class_14517,OrderManagerClass_14517,Domain,,csharp
class_14518,OrderManagerClass_14518,Domain,,csharp
class_14519,OrderManagerClass_14519,Domain,,csharp
class_14520,OrderManagerClass_14520,Domain,,csharp
class_14521,OrderManagerClass_14521,Domain,,csharp
class_14522,OrderManagerClass_14522,Domain,,csharp
class_14523,OrderManagerClass_14523,Domain,,csharp
class_14524,OrderManagerClass_14524,Domain,,csharp
class_14525,OrderManagerClass_14525,Domain,,csharp
class_14526,OrderManagerClass_14526,Domain,,csharp
class_14527,OrderManagerClass_14527,Domain,,csharp
class_14528,OrderManagerClass_14528,Domain,,csharp
class_14529,OrderManagerClass_14529,Domain,,csharp
class_14530,OrderManagerClass_14530,Domain,,csharp
class_14531,OrderManagerClass_14531,Domain,,csharp
class_14532,OrderManagerClass_14532,Domain,,csharp
class_14533,OrderManagerClass_14533,Domain,,csharp
class_14534,OrderManagerClass_14534,Domain,,csharp
class_14535,OrderManagerClass_14535,Domain,,csharp
class_14536,OrderManagerClass_14536,Domain,,csharp
class_14537,OrderManagerClass_14537,Domain,,csharp
class_14538,OrderManagerClass_14538,Domain,,csharp
class_14539,OrderManagerClass_14539,Domain,,csharp
class_14540,OrderManagerClass_14540,Domain,,csharp
class_14541,OrderManagerClass_14541,Domain,,csharp
class_14542,OrderManagerClass_14542,Domain,,csharp
class_14543,OrderManagerClass_14543,Domain,,csharp
class_14544,OrderManagerClass_14544,Domain,,csharp
class_14545,OrderManagerClass_14545,Domain,,csharp
class_14546,OrderManagerClass_14546,Domain,,csharp
class_14547,OrderManagerClass_14547,Domain,,csharp
class_14548,OrderManagerClass_14548,Domain,,csharp
class_14549,OrderManagerClass_14549,Domain,,csharp
class_14550,OrderManagerClass_14550,Domain,,csharp
class_14551,OrderManagerClass_14551,Domain,,csharp
class_14552,OrderManagerClass_14552,Domain,,csharp
class_14553,OrderManagerClass_14553,Domain,,csharp
class_14554,OrderManagerClass_14554,Domain,,csharp
class_14555,OrderManagerClass_14555,Domain,,csharp
class_14556,OrderManagerClass_14556,Domain,,csharp
class_14557,OrderManagerClass_14557,Domain,,csharp
class_14558,OrderManagerClass_14558,Domain,,csharp
class_14559,OrderManagerClass_14559,Domain,,csharp
class_14560,OrderManagerClass_14560,Domain,,csharp
class_14561,OrderManagerClass_14561,Domain,,csharp
class_14562,OrderManagerClass_14562,Domain,,csharp
class_14563,OrderManagerClass_14563,Domain,,csharp
class_14564,OrderManagerClass_14564,Domain,,csharp
class_14565,OrderManagerClass_14565,Domain,,csharp
class_14566,OrderManagerClass_14566,Domain,,csharp
class_14567,OrderManagerClass_14567,Domain,,csharp
class_14568,OrderManagerClass_14568,Domain,,csharp
class_14569,OrderManagerClass_14569,Domain,,csharp
class_14570,OrderManagerClass_14570,Domain,,csharp
class_14571,OrderManagerClass_14571,Domain,,csharp
class_14572,OrderManagerClass_14572,Domain,,csharp
class_14573,OrderManagerClass_14573,Domain,,csharp
class_14574,OrderManagerClass_14574,Domain,,csharp
class_14575,OrderManagerClass_14575,Domain,,csharp
class_14576,OrderManagerClass_14576,Domain,,csharp
class_14577,OrderManagerClass_14577,Domain,,csharp
class_14578,OrderManagerClass_14578,Domain,,csharp
class_14579,OrderManagerClass_14579,Domain,,csharp
class_14580,OrderManagerClass_14580,Domain,,csharp
class_14581,OrderManagerClass_14581,Domain,,csharp
class_14582,OrderManagerClass_14582,Domain,,csharp
class_14583,OrderManagerClass_14583,Domain,,csharp
class_14584,OrderManagerClass_14584,Domain,,csharp
class_14585,OrderManagerClass_14585,Domain,,csharp
class_14586,OrderManagerClass_14586,Domain,,csharp
class_14587,OrderManagerClass_14587,Domain,,csharp
class_14588,OrderManagerClass_14588,Domain,,csharp
class_14589,OrderManagerClass_14589,Domain,,csharp
class_14590,OrderManagerClass_14590,Domain,,csharp
class_14591,OrderManagerClass_14591,Domain,,csharp
class_14592,OrderManagerClass_14592,Domain,,csharp
class_14593,OrderManagerClass_14593,Domain,,csharp
class_14594,OrderManagerClass_14594,Domain,,csharp
class_14595,OrderManagerClass_14595,Domain,,csharp
class_14596,OrderManagerClass_14596,Domain,,csharp
class_14597,OrderManagerClass_14597,Domain,,csharp
class_14598,OrderManagerClass_14598,Domain,,csharp
class_14599,OrderManagerClass_14599,Domain,,csharp
class_14600,OrderManagerClass_14600,Domain,,csharp
class_14601,OrderManagerClass_14601,Domain,,csharp
class_14602,OrderManagerClass_14602,Domain,,csharp
class_14603,OrderManagerClass_14603,Domain,,csharp
class_14604,OrderManagerClass_14604,Domain,,csharp
class_14605,OrderManagerClass_14605,Domain,,csharp
class_14606,OrderManagerClass_14606,Domain,,csharp
class_14607,OrderManagerClass_14607,Domain,,csharp
class_14608,OrderManagerClass_14608,Domain,,csharp
class_14609,OrderManagerClass_14609,Domain,,csharp
class_14610,OrderManagerClass_14610,Domain,,csharp
class_14611,OrderManagerClass_14611,Domain,,csharp
class_14612,OrderManagerClass_14612,Domain,,csharp
class_14613,OrderManagerClass_14613,Domain,,csharp
class_14614,OrderManagerClass_14614,Domain,,csharp
class_14615,OrderManagerClass_14615,Domain,,csharp
class_14616,OrderManagerClass_14616,Domain,,csharp
class_14617,OrderManagerClass_14617,Domain,,csharp
class_14618,OrderManagerClass_14618,Domain,,csharp
class_14619,OrderManagerClass_14619,Domain,,csharp
class_14620,OrderManagerClass_14620,Domain,,csharp
class_14621,OrderManagerClass_14621,Domain,,csharp
class_14622,OrderManagerClass_14622,Domain,,csharp
class_14623,OrderManagerClass_14623,Domain,,csharp
class_14624,OrderManagerClass_14624,Domain,,csharp
class_14625,OrderManagerClass_14625,Domain,,csharp
class_14626,OrderManagerClass_14626,Domain,,csharp
class_14627,OrderManagerClass_14627,Domain,,csharp
class_14628,OrderManagerClass_14628,Domain,,csharp
class_14629,OrderManagerClass_14629,Domain,,csharp
class_14630,OrderManagerClass_14630,Domain,,csharp
class_14631,OrderManagerClass_14631,Domain,,csharp
class_14632,OrderManagerClass_14632,Domain,,csharp
class_14633,OrderManagerClass_14633,Domain,,csharp
class_14634,OrderManagerClass_14634,Domain,,csharp
class_14635,OrderManagerClass_14635,Domain,,csharp
class_14636,OrderManagerClass_14636,Domain,,csharp
class_14637,OrderManagerClass_14637,Domain,,csharp
class_14638,OrderManagerClass_14638,Domain,,csharp
class_14639,OrderManagerClass_14639,Domain,,csharp
class_14640,OrderManagerClass_14640,Domain,,csharp
class_14641,OrderManagerClass_14641,Domain,,csharp
class_14642,OrderManagerClass_14642,Domain,,csharp
class_14643,OrderManagerClass_14643,Domain,,csharp
class_14644,OrderManagerClass_14644,Domain,,csharp
class_14645,OrderManagerClass_14645,Domain,,csharp
class_14646,OrderManagerClass_14646,Domain,,csharp
class_14647,OrderManagerClass_14647,Domain,,csharp
class_14648,OrderManagerClass_14648,Domain,,csharp
class_14649,OrderManagerClass_14649,Domain,,csharp
class_14650,OrderManagerClass_14650,Domain,,csharp
class_14651,OrderManagerClass_14651,Domain,,csharp
class_14652,OrderManagerClass_14652,Domain,,csharp
class_14653,OrderManagerClass_14653,Domain,,csharp
class_14654,OrderManagerClass_14654,Domain,,csharp
class_14655,OrderManagerClass_14655,Domain,,csharp
class_14656,OrderManagerClass_14656,Domain,,csharp
class_14657,OrderManagerClass_14657,Domain,,csharp
class_14658,OrderManagerClass_14658,Domain,,csharp
class_14659,OrderManagerClass_14659,Domain,,csharp
class_14660,OrderManagerClass_14660,Domain,,csharp
class_14661,OrderManagerClass_14661,Domain,,csharp
class_14662,OrderManagerClass_14662,Domain,,csharp
class_14663,OrderManagerClass_14663,Domain,,csharp
class_14664,OrderManagerClass_14664,Domain,,csharp
class_14665,OrderManagerClass_14665,Domain,,csharp
class_14666,OrderManagerClass_14666,Domain,,csharp
class_14667,OrderManagerClass_14667,Domain,,csharp
class_14668,OrderManagerClass_14668,Domain,,csharp
class_14669,OrderManagerClass_14669,Domain,,csharp
class_14670,OrderManagerClass_14670,Domain,,csharp
class_14671,OrderManagerClass_14671,Domain,,csharp
class_14672,OrderManagerClass_14672,Domain,,csharp
class_14673,OrderManagerClass_14673,Domain,,csharp
class_14674,OrderManagerClass_14674,Domain,,csharp
class_14675,OrderManagerClass_14675,Domain,,csharp
class_14676,OrderManagerClass_14676,Domain,,csharp
class_14677,OrderManagerClass_14677,Domain,,csharp
class_14678,OrderManagerClass_14678,Domain,,csharp
class_14679,OrderManagerClass_14679,Domain,,csharp
class_14680,OrderManagerClass_14680,Domain,,csharp
class_14681,OrderManagerClass_14681,Domain,,csharp
class_14682,OrderManagerClass_14682,Domain,,csharp
class_14683,OrderManagerClass_14683,Domain,,csharp
class_14684,OrderManagerClass_14684,Domain,,csharp
class_14685,OrderManagerClass_14685,Domain,,csharp
class_14686,OrderManagerClass_14686,Domain,,csharp
class_14687,OrderManagerClass_14687,Domain,,csharp
class_14688,OrderManagerClass_14688,Domain,,csharp
class_14689,OrderManagerClass_14689,Domain,,csharp
class_14690,OrderManagerClass_14690,Domain,,csharp
class_14691,OrderManagerClass_14691,Domain,,csharp
class_14692,OrderManagerClass_14692,Domain,,csharp
class_14693,OrderManagerClass_14693,Domain,,csharp
class_14694,OrderManagerClass_14694,Domain,,csharp
class_14695,OrderManagerClass_14695,Domain,,csharp
class_14696,OrderManagerClass_14696,Domain,,csharp
class_14697,OrderManagerClass_14697,Domain,,csharp
class_14698,OrderManagerClass_14698,Domain,,csharp
class_14699,OrderManagerClass_14699,Domain,,csharp
class_14700,OrderManagerClass_14700,Domain,,csharp
class_14701,OrderManagerClass_14701,Domain,,csharp
class_14702,OrderManagerClass_14702,Domain,,csharp
class_14703,OrderManagerClass_14703,Domain,,csharp
class_14704,OrderManagerClass_14704,Domain,,csharp
class_14705,OrderManagerClass_14705,Domain,,csharp
class_14706,OrderManagerClass_14706,Domain,,csharp
class_14707,OrderManagerClass_14707,Domain,,csharp
class_14708,OrderManagerClass_14708,Domain,,csharp
class_14709,OrderManagerClass_14709,Domain,,csharp
class_14710,OrderManagerClass_14710,Domain,,csharp
class_14711,OrderManagerClass_14711,Domain,,csharp
class_14712,OrderManagerClass_14712,Domain,,csharp
class_14713,OrderManagerClass_14713,Domain,,csharp
class_14714,OrderManagerClass_14714,Domain,,csharp
class_14715,OrderManagerClass_14715,Domain,,csharp
class_14716,OrderManagerClass_14716,Domain,,csharp
class_14717,OrderManagerClass_14717,Domain,,csharp
class_14718,OrderManagerClass_14718,Domain,,csharp
class_14719,OrderManagerClass_14719,Domain,,csharp
class_14720,OrderManagerClass_14720,Domain,,csharp
class_14721,OrderManagerClass_14721,Domain,,csharp
class_14722,OrderManagerClass_14722,Domain,,csharp
class_14723,OrderManagerClass_14723,Domain,,csharp
class_14724,OrderManagerClass_14724,Domain,,csharp
class_14725,OrderManagerClass_14725,Domain,,csharp
class_14726,OrderManagerClass_14726,Domain,,csharp
class_14727,OrderManagerClass_14727,Domain,,csharp
class_14728,OrderManagerClass_14728,Domain,,csharp
class_14729,OrderManagerClass_14729,Domain,,csharp
class_14730,OrderManagerClass_14730,Domain,,csharp
class_14731,OrderManagerClass_14731,Domain,,csharp
class_14732,OrderManagerClass_14732,Domain,,csharp
class_14733,OrderManagerClass_14733,Domain,,csharp
class_14734,OrderManagerClass_14734,Domain,,csharp
class_14735,OrderManagerClass_14735,Domain,,csharp
class_14736,OrderManagerClass_14736,Domain,,csharp
class_14737,OrderManagerClass_14737,Domain,,csharp
class_14738,OrderManagerClass_14738,Domain,,csharp
class_14739,OrderManagerClass_14739,Domain,,csharp
class_14740,OrderManagerClass_14740,Domain,,csharp
class_14741,OrderManagerClass_14741,Domain,,csharp
class_14742,OrderManagerClass_14742,Domain,,csharp
class_14743,OrderManagerClass_14743,Domain,,csharp
class_14744,OrderManagerClass_14744,Domain,,csharp
class_14745,OrderManagerClass_14745,Domain,,csharp
class_14746,OrderManagerClass_14746,Domain,,csharp
class_14747,OrderManagerClass_14747,Domain,,csharp
class_14748,OrderManagerClass_14748,Domain,,csharp
class_14749,OrderManagerClass_14749,Domain,,csharp
class_14750,OrderManagerClass_14750,Domain,,csharp
class_14751,OrderManagerClass_14751,Domain,,csharp
class_14752,OrderManagerClass_14752,Domain,,csharp
class_14753,OrderManagerClass_14753,Domain,,csharp
class_14754,OrderManagerClass_14754,Domain,,csharp
class_14755,OrderManagerClass_14755,Domain,,csharp
class_14756,OrderManagerClass_14756,Domain,,csharp
class_14757,OrderManagerClass_14757,Domain,,csharp
class_14758,OrderManagerClass_14758,Domain,,csharp
class_14759,OrderManagerClass_14759,Domain,,csharp
class_14760,OrderManagerClass_14760,Domain,,csharp
class_14761,OrderManagerClass_14761,Domain,,csharp
class_14762,OrderManagerClass_14762,Domain,,csharp
class_14763,OrderManagerClass_14763,Domain,,csharp
class_14764,OrderManagerClass_14764,Domain,,csharp
class_14765,OrderManagerClass_14765,Domain,,csharp
class_14766,OrderManagerClass_14766,Domain,,csharp
class_14767,OrderManagerClass_14767,Domain,,csharp
class_14768,OrderManagerClass_14768,Domain,,csharp
class_14769,OrderManagerClass_14769,Domain,,csharp
class_14770,OrderManagerClass_14770,Domain,,csharp
class_14771,OrderManagerClass_14771,Domain,,csharp
class_14772,OrderManagerClass_14772,Domain,,csharp
class_14773,OrderManagerClass_14773,Domain,,csharp
class_14774,OrderManagerClass_14774,Domain,,csharp
class_14775,OrderManagerClass_14775,Domain,,csharp
class_14776,OrderManagerClass_14776,Domain,,csharp
class_14777,OrderManagerClass_14777,Domain,,csharp
class_14778,OrderManagerClass_14778,Domain,,csharp
class_14779,OrderManagerClass_14779,Domain,,csharp
class_14780,OrderManagerClass_14780,Domain,,csharp
class_14781,OrderManagerClass_14781,Domain,,csharp
class_14782,OrderManagerClass_14782,Domain,,csharp
class_14783,OrderManagerClass_14783,Domain,,csharp
class_14784,OrderManagerClass_14784,Domain,,csharp
class_14785,OrderManagerClass_14785,Domain,,csharp
class_14786,OrderManagerClass_14786,Domain,,csharp
class_14787,OrderManagerClass_14787,Domain,,csharp
class_14788,OrderManagerClass_14788,Domain,,csharp
class_14789,OrderManagerClass_14789,Domain,,csharp
class_14790,OrderManagerClass_14790,Domain,,csharp
class_14791,OrderManagerClass_14791,Domain,,csharp
class_14792,OrderManagerClass_14792,Domain,,csharp
class_14793,OrderManagerClass_14793,Domain,,csharp
class_14794,OrderManagerClass_14794,Domain,,csharp
class_14795,OrderManagerClass_14795,Domain,,csharp
class_14796,OrderManagerClass_14796,Domain,,csharp
class_14797,OrderManagerClass_14797,Domain,,csharp
class_14798,OrderManagerClass_14798,Domain,,csharp
class_14799,OrderManagerClass_14799,Domain,,csharp
class_14800,OrderManagerClass_14800,Domain,,csharp
class_14801,OrderManagerClass_14801,Domain,,csharp
class_14802,OrderManagerClass_14802,Domain,,csharp
class_14803,OrderManagerClass_14803,Domain,,csharp
class_14804,OrderManagerClass_14804,Domain,,csharp
class_14805,OrderManagerClass_14805,Domain,,csharp
class_14806,OrderManagerClass_14806,Domain,,csharp
class_14807,OrderManagerClass_14807,Domain,,csharp
class_14808,OrderManagerClass_14808,Domain,,csharp
class_14809,OrderManagerClass_14809,Domain,,csharp
class_14810,OrderManagerClass_14810,Domain,,csharp
class_14811,OrderManagerClass_14811,Domain,,csharp
class_14812,OrderManagerClass_14812,Domain,,csharp
class_14813,OrderManagerClass_14813,Domain,,csharp
class_14814,OrderManagerClass_14814,Domain,,csharp
class_14815,OrderManagerClass_14815,Domain,,csharp
class_14816,OrderManagerClass_14816,Domain,,csharp
class_14817,OrderManagerClass_14817,Domain,,csharp
class_14818,OrderManagerClass_14818,Domain,,csharp
class_14819,OrderManagerClass_14819,Domain,,csharp
class_14820,OrderManagerClass_14820,Domain,,csharp
class_14821,OrderManagerClass_14821,Domain,,csharp
class_14822,OrderManagerClass_14822,Domain,,csharp
class_14823,OrderManagerClass_14823,Domain,,csharp
class_14824,OrderManagerClass_14824,Domain,,csharp
class_14825,OrderManagerClass_14825,Domain,,csharp
class_14826,OrderManagerClass_14826,Domain,,csharp
class_14827,OrderManagerClass_14827,Domain,,csharp
class_14828,OrderManagerClass_14828,Domain,,csharp
class_14829,OrderManagerClass_14829,Domain,,csharp
class_14830,OrderManagerClass_14830,Domain,,csharp
class_14831,OrderManagerClass_14831,Domain,,csharp
class_14832,OrderManagerClass_14832,Domain,,csharp
class_14833,OrderManagerClass_14833,Domain,,csharp
class_14834,OrderManagerClass_14834,Domain,,csharp
class_14835,OrderManagerClass_14835,Domain,,csharp
class_14836,OrderManagerClass_14836,Domain,,csharp
class_14837,OrderManagerClass_14837,Domain,,csharp
class_14838,OrderManagerClass_14838,Domain,,csharp
class_14839,OrderManagerClass_14839,Domain,,csharp
class_14840,OrderManagerClass_14840,Domain,,csharp
class_14841,OrderManagerClass_14841,Domain,,csharp
class_14842,OrderManagerClass_14842,Domain,,csharp
class_14843,OrderManagerClass_14843,Domain,,csharp
class_14844,OrderManagerClass_14844,Domain,,csharp
class_14845,OrderManagerClass_14845,Domain,,csharp
class_14846,OrderManagerClass_14846,Domain,,csharp
class_14847,OrderManagerClass_14847,Domain,,csharp
class_14848,OrderManagerClass_14848,Domain,,csharp
class_14849,OrderManagerClass_14849,Domain,,csharp
class_14850,OrderManagerClass_14850,Domain,,csharp
class_14851,OrderManagerClass_14851,Domain,,csharp
class_14852,OrderManagerClass_14852,Domain,,csharp
class_14853,OrderManagerClass_14853,Domain,,csharp
class_14854,OrderManagerClass_14854,Domain,,csharp
class_14855,OrderManagerClass_14855,Domain,,csharp
class_14856,OrderManagerClass_14856,Domain,,csharp
class_14857,OrderManagerClass_14857,Domain,,csharp
class_14858,OrderManagerClass_14858,Domain,,csharp
class_14859,OrderManagerClass_14859,Domain,,csharp
class_14860,OrderManagerClass_14860,Domain,,csharp
class_14861,OrderManagerClass_14861,Domain,,csharp
class_14862,OrderManagerClass_14862,Domain,,csharp
class_14863,OrderManagerClass_14863,Domain,,csharp
class_14864,OrderManagerClass_14864,Domain,,csharp
class_14865,OrderManagerClass_14865,Domain,,csharp
class_14866,OrderManagerClass_14866,Domain,,csharp
class_14867,OrderManagerClass_14867,Domain,,csharp
class_14868,OrderManagerClass_14868,Domain,,csharp
class_14869,OrderManagerClass_14869,Domain,,csharp
class_14870,OrderManagerClass_14870,Domain,,csharp
class_14871,OrderManagerClass_14871,Domain,,csharp
class_14872,OrderManagerClass_14872,Domain,,csharp
class_14873,OrderManagerClass_14873,Domain,,csharp
class_14874,OrderManagerClass_14874,Domain,,csharp
class_14875,OrderManagerClass_14875,Domain,,csharp
class_14876,OrderManagerClass_14876,Domain,,csharp
class_14877,OrderManagerClass_14877,Domain,,csharp
class_14878,OrderManagerClass_14878,Domain,,csharp
class_14879,OrderManagerClass_14879,Domain,,csharp
class_14880,OrderManagerClass_14880,Domain,,csharp
class_14881,OrderManagerClass_14881,Domain,,csharp
class_14882,OrderManagerClass_14882,Domain,,csharp
class_14883,OrderManagerClass_14883,Domain,,csharp
class_14884,OrderManagerClass_14884,Domain,,csharp
class_14885,OrderManagerClass_14885,Domain,,csharp
class_14886,OrderManagerClass_14886,Domain,,csharp
class_14887,OrderManagerClass_14887,Domain,,csharp
class_14888,OrderManagerClass_14888,Domain,,csharp
class_14889,OrderManagerClass_14889,Domain,,csharp
class_14890,OrderManagerClass_14890,Domain,,csharp
class_14891,OrderManagerClass_14891,Domain,,csharp
class_14892,OrderManagerClass_14892,Domain,,csharp
class_14893,OrderManagerClass_14893,Domain,,csharp
class_14894,OrderManagerClass_14894,Domain,,csharp
class_14895,OrderManagerClass_14895,Domain,,csharp
class_14896,OrderManagerClass_14896,Domain,,csharp
class_14897,OrderManagerClass_14897,Domain,,csharp
class_14898,OrderManagerClass_14898,Domain,,csharp
class_14899,OrderManagerClass_14899,Domain,,csharp
class_14900,OrderManagerClass_14900,Domain,,csharp
class_14901,OrderManagerClass_14901,Domain,,csharp
class_14902,OrderManagerClass_14902,Domain,,csharp
class_14903,OrderManagerClass_14903,Domain,,csharp
class_14904,OrderManagerClass_14904,Domain,,csharp
class_14905,OrderManagerClass_14905,Domain,,csharp
class_14906,OrderManagerClass_14906,Domain,,csharp
class_14907,OrderManagerClass_14907,Domain,,csharp
class_14908,OrderManagerClass_14908,Domain,,csharp
class_14909,OrderManagerClass_14909,Domain,,csharp
class_14910,OrderManagerClass_14910,Domain,,csharp
class_14911,OrderManagerClass_14911,Domain,,csharp
class_14912,OrderManagerClass_14912,Domain,,csharp
class_14913,OrderManagerClass_14913,Domain,,csharp
class_14914,OrderManagerClass_14914,Domain,,csharp
class_14915,OrderManagerClass_14915,Domain,,csharp
class_14916,OrderManagerClass_14916,Domain,,csharp
class_14917,OrderManagerClass_14917,Domain,,csharp
class_14918,OrderManagerClass_14918,Domain,,csharp
class_14919,OrderManagerClass_14919,Domain,,csharp
class_14920,OrderManagerClass_14920,Domain,,csharp
class_14921,OrderManagerClass_14921,Domain,,csharp
class_14922,OrderManagerClass_14922,Domain,,csharp
class_14923,OrderManagerClass_14923,Domain,,csharp
class_14924,OrderManagerClass_14924,Domain,,csharp
class_14925,OrderManagerClass_14925,Domain,,csharp
class_14926,OrderManagerClass_14926,Domain,,csharp
class_14927,OrderManagerClass_14927,Domain,,csharp
class_14928,OrderManagerClass_14928,Domain,,csharp
class_14929,OrderManagerClass_14929,Domain,,csharp
class_14930,OrderManagerClass_14930,Domain,,csharp
class_14931,OrderManagerClass_14931,Domain,,csharp
class_14932,OrderManagerClass_14932,Domain,,csharp
class_14933,OrderManagerClass_14933,Domain,,csharp
class_14934,OrderManagerClass_14934,Domain,,csharp
class_14935,OrderManagerClass_14935,Domain,,csharp
class_14936,OrderManagerClass_14936,Domain,,csharp
class_14937,OrderManagerClass_14937,Domain,,csharp
class_14938,OrderManagerClass_14938,Domain,,csharp
class_14939,OrderManagerClass_14939,Domain,,csharp
class_14940,OrderManagerClass_14940,Domain,,csharp
class_14941,OrderManagerClass_14941,Domain,,csharp
class_14942,OrderManagerClass_14942,Domain,,csharp
class_14943,OrderManagerClass_14943,Domain,,csharp
class_14944,OrderManagerClass_14944,Domain,,csharp
class_14945,OrderManagerClass_14945,Domain,,csharp
class_14946,OrderManagerClass_14946,Domain,,csharp
class_14947,OrderManagerClass_14947,Domain,,csharp
class_14948,OrderManagerClass_14948,Domain,,csharp
class_14949,OrderManagerClass_14949,Domain,,csharp
class_14950,OrderManagerClass_14950,Domain,,csharp
class_14951,OrderManagerClass_14951,Domain,,csharp
class_14952,OrderManagerClass_14952,Domain,,csharp
class_14953,OrderManagerClass_14953,Domain,,csharp
class_14954,OrderManagerClass_14954,Domain,,csharp
class_14955,OrderManagerClass_14955,Domain,,csharp
class_14956,OrderManagerClass_14956,Domain,,csharp
class_14957,OrderManagerClass_14957,Domain,,csharp
class_14958,OrderManagerClass_14958,Domain,,csharp
class_14959,OrderManagerClass_14959,Domain,,csharp
class_14960,OrderManagerClass_14960,Domain,,csharp
class_14961,OrderManagerClass_14961,Domain,,csharp
class_14962,OrderManagerClass_14962,Domain,,csharp
class_14963,OrderManagerClass_14963,Domain,,csharp
class_14964,OrderManagerClass_14964,Domain,,csharp
class_14965,OrderManagerClass_14965,Domain,,csharp
class_14966,OrderManagerClass_14966,Domain,,csharp
class_14967,OrderManagerClass_14967,Domain,,csharp
class_14968,OrderManagerClass_14968,Domain,,csharp
class_14969,OrderManagerClass_14969,Domain,,csharp
class_14970,OrderManagerClass_14970,Domain,,csharp
class_14971,OrderManagerClass_14971,Domain,,csharp
class_14972,OrderManagerClass_14972,Domain,,csharp
class_14973,OrderManagerClass_14973,Domain,,csharp
class_14974,OrderManagerClass_14974,Domain,,csharp
class_14975,OrderManagerClass_14975,Domain,,csharp
class_14976,OrderManagerClass_14976,Domain,,csharp
class_14977,OrderManagerClass_14977,Domain,,csharp
class_14978,OrderManagerClass_14978,Domain,,csharp
class_14979,OrderManagerClass_14979,Domain,,csharp
class_14980,OrderManagerClass_14980,Domain,,csharp
class_14981,OrderManagerClass_14981,Domain,,csharp
class_14982,OrderManagerClass_14982,Domain,,csharp
class_14983,OrderManagerClass_14983,Domain,,csharp
class_14984,OrderManagerClass_14984,Domain,,csharp
class_14985,OrderManagerClass_14985,Domain,,csharp
class_14986,OrderManagerClass_14986,Domain,,csharp
class_14987,OrderManagerClass_14987,Domain,,csharp
class_14988,OrderManagerClass_14988,Domain,,csharp
class_14989,OrderManagerClass_14989,Domain,,csharp
class_14990,OrderManagerClass_14990,Domain,,csharp
class_14991,OrderManagerClass_14991,Domain,,csharp
class_14992,OrderManagerClass_14992,Domain,,csharp
class_14993,OrderManagerClass_14993,Domain,,csharp
class_14994,OrderManagerClass_14994,Domain,,csharp
class_14995,OrderManagerClass_14995,Domain,,csharp
class_14996,OrderManagerClass_14996,Domain,,csharp
class_14997,OrderManagerClass_14997,Domain,,csharp
class_14998,OrderManagerClass_14998,Domain,,csharp
class_14999,OrderManagerClass_14999,Domain,,csharp
class_15000,OrderManagerClass_15000,Domain,,csharp
class_15001,OrderManagerClass_15001,Domain,,csharp
class_15002,OrderManagerClass_15002,Domain,,csharp
class_15003,OrderManagerClass_15003,Domain,,csharp
class_15004,OrderManagerClass_15004,Domain,,csharp
class_15005,OrderManagerClass_15005,Domain,,csharp
class_15006,OrderManagerClass_15006,Domain,,csharp
class_15007,OrderManagerClass_15007,Domain,,csharp
class_15008,OrderManagerClass_15008,Domain,,csharp
class_15009,OrderManagerClass_15009,Domain,,csharp
class_15010,OrderManagerClass_15010,Domain,,csharp
class_15011,OrderManagerClass_15011,Domain,,csharp
class_15012,OrderManagerClass_15012,Domain,,csharp
class_15013,OrderManagerClass_15013,Domain,,csharp
class_15014,OrderManagerClass_15014,Domain,,csharp
class_15015,OrderManagerClass_15015,Domain,,csharp
class_15016,OrderManagerClass_15016,Domain,,csharp
class_15017,OrderManagerClass_15017,Domain,,csharp
class_15018,OrderManagerClass_15018,Domain,,csharp
class_15019,OrderManagerClass_15019,Domain,,csharp
class_15020,OrderManagerClass_15020,Domain,,csharp
class_15021,OrderManagerClass_15021,Domain,,csharp
class_15022,OrderManagerClass_15022,Domain,,csharp
class_15023,OrderManagerClass_15023,Domain,,csharp
class_15024,OrderManagerClass_15024,Domain,,csharp
class_15025,OrderManagerClass_15025,Domain,,csharp
class_15026,OrderManagerClass_15026,Domain,,csharp
class_15027,OrderManagerClass_15027,Domain,,csharp
class_15028,OrderManagerClass_15028,Domain,,csharp
class_15029,OrderManagerClass_15029,Domain,,csharp
class_15030,OrderManagerClass_15030,Domain,,csharp
class_15031,OrderManagerClass_15031,Domain,,csharp
class_15032,OrderManagerClass_15032,Domain,,csharp
class_15033,OrderManagerClass_15033,Domain,,csharp
class_15034,OrderManagerClass_15034,Domain,,csharp
class_15035,OrderManagerClass_15035,Domain,,csharp
class_15036,OrderManagerClass_15036,Domain,,csharp
class_15037,OrderManagerClass_15037,Domain,,csharp
class_15038,OrderManagerClass_15038,Domain,,csharp
class_15039,OrderManagerClass_15039,Domain,,csharp
class_15040,OrderManagerClass_15040,Domain,,csharp
class_15041,OrderManagerClass_15041,Domain,,csharp
class_15042,OrderManagerClass_15042,Domain,,csharp
class_15043,OrderManagerClass_15043,Domain,,csharp
class_15044,OrderManagerClass_15044,Domain,,csharp
class_15045,OrderManagerClass_15045,Domain,,csharp
class_15046,OrderManagerClass_15046,Domain,,csharp
class_15047,OrderManagerClass_15047,Domain,,csharp
class_15048,OrderManagerClass_15048,Domain,,csharp
class_15049,OrderManagerClass_15049,Domain,,csharp
class_15050,OrderManagerClass_15050,Domain,,csharp
class_15051,OrderManagerClass_15051,Domain,,csharp
class_15052,OrderManagerClass_15052,Domain,,csharp
class_15053,OrderManagerClass_15053,Domain,,csharp
class_15054,OrderManagerClass_15054,Domain,,csharp
class_15055,OrderManagerClass_15055,Domain,,csharp
class_15056,OrderManagerClass_15056,Domain,,csharp
class_15057,OrderManagerClass_15057,Domain,,csharp
class_15058,OrderManagerClass_15058,Domain,,csharp
class_15059,OrderManagerClass_15059,Domain,,csharp
class_15060,OrderManagerClass_15060,Domain,,csharp
class_15061,OrderManagerClass_15061,Domain,,csharp
class_15062,OrderManagerClass_15062,Domain,,csharp
class_15063,OrderManagerClass_15063,Domain,,csharp
class_15064,OrderManagerClass_15064,Domain,,csharp
class_15065,OrderManagerClass_15065,Domain,,csharp
class_15066,OrderManagerClass_15066,Domain,,csharp
class_15067,OrderManagerClass_15067,Domain,,csharp
class_15068,OrderManagerClass_15068,Domain,,csharp
class_15069,OrderManagerClass_15069,Domain,,csharp
class_15070,OrderManagerClass_15070,Domain,,csharp
class_15071,OrderManagerClass_15071,Domain,,csharp
class_15072,OrderManagerClass_15072,Domain,,csharp
class_15073,OrderManagerClass_15073,Domain,,csharp
class_15074,OrderManagerClass_15074,Domain,,csharp
class_15075,OrderManagerClass_15075,Domain,,csharp
class_15076,OrderManagerClass_15076,Domain,,csharp
class_15077,OrderManagerClass_15077,Domain,,csharp
class_15078,OrderManagerClass_15078,Domain,,csharp
class_15079,OrderManagerClass_15079,Domain,,csharp
class_15080,OrderManagerClass_15080,Domain,,csharp
class_15081,OrderManagerClass_15081,Domain,,csharp
class_15082,OrderManagerClass_15082,Domain,,csharp
class_15083,OrderManagerClass_15083,Domain,,csharp
class_15084,OrderManagerClass_15084,Domain,,csharp
class_15085,OrderManagerClass_15085,Domain,,csharp
class_15086,OrderManagerClass_15086,Domain,,csharp
class_15087,OrderManagerClass_15087,Domain,,csharp
class_15088,OrderManagerClass_15088,Domain,,csharp
class_15089,OrderManagerClass_15089,Domain,,csharp
class_15090,OrderManagerClass_15090,Domain,,csharp
class_15091,OrderManagerClass_15091,Domain,,csharp
class_15092,OrderManagerClass_15092,Domain,,csharp
class_15093,OrderManagerClass_15093,Domain,,csharp
class_15094,OrderManagerClass_15094,Domain,,csharp
class_15095,OrderManagerClass_15095,Domain,,csharp
class_15096,OrderManagerClass_15096,Domain,,csharp
class_15097,OrderManagerClass_15097,Domain,,csharp
class_15098,OrderManagerClass_15098,Domain,,csharp
class_15099,OrderManagerClass_15099,Domain,,csharp
class_15100,OrderManagerClass_15100,Domain,,csharp
class_15101,OrderManagerClass_15101,Domain,,csharp
class_15102,OrderManagerClass_15102,Domain,,csharp
class_15103,OrderManagerClass_15103,Domain,,csharp
class_15104,OrderManagerClass_15104,Domain,,csharp
class_15105,OrderManagerClass_15105,Domain,,csharp
class_15106,OrderManagerClass_15106,Domain,,csharp
class_15107,OrderManagerClass_15107,Domain,,csharp
class_15108,OrderManagerClass_15108,Domain,,csharp
class_15109,OrderManagerClass_15109,Domain,,csharp
class_15110,OrderManagerClass_15110,Domain,,csharp
class_15111,OrderManagerClass_15111,Domain,,csharp
class_15112,OrderManagerClass_15112,Domain,,csharp
class_15113,OrderManagerClass_15113,Domain,,csharp
class_15114,OrderManagerClass_15114,Domain,,csharp
class_15115,OrderManagerClass_15115,Domain,,csharp
class_15116,OrderManagerClass_15116,Domain,,csharp
class_15117,OrderManagerClass_15117,Domain,,csharp
class_15118,OrderManagerClass_15118,Domain,,csharp
class_15119,OrderManagerClass_15119,Domain,,csharp
class_15120,OrderManagerClass_15120,Domain,,csharp
class_15121,OrderManagerClass_15121,Domain,,csharp
class_15122,OrderManagerClass_15122,Domain,,csharp
class_15123,OrderManagerClass_15123,Domain,,csharp
class_15124,OrderManagerClass_15124,Domain,,csharp
class_15125,OrderManagerClass_15125,Domain,,csharp
class_15126,OrderManagerClass_15126,Domain,,csharp
class_15127,OrderManagerClass_15127,Domain,,csharp
class_15128,OrderManagerClass_15128,Domain,,csharp
class_15129,OrderManagerClass_15129,Domain,,csharp
class_15130,OrderManagerClass_15130,Domain,,csharp
class_15131,OrderManagerClass_15131,Domain,,csharp
class_15132,OrderManagerClass_15132,Domain,,csharp
class_15133,OrderManagerClass_15133,Domain,,csharp
class_15134,OrderManagerClass_15134,Domain,,csharp
class_15135,OrderManagerClass_15135,Domain,,csharp
class_15136,OrderManagerClass_15136,Domain,,csharp
class_15137,OrderManagerClass_15137,Domain,,csharp
class_15138,OrderManagerClass_15138,Domain,,csharp
class_15139,OrderManagerClass_15139,Domain,,csharp
class_15140,OrderManagerClass_15140,Domain,,csharp
class_15141,OrderManagerClass_15141,Domain,,csharp
class_15142,OrderManagerClass_15142,Domain,,csharp
class_15143,OrderManagerClass_15143,Domain,,csharp
class_15144,OrderManagerClass_15144,Domain,,csharp
class_15145,OrderManagerClass_15145,Domain,,csharp
class_15146,OrderManagerClass_15146,Domain,,csharp
class_15147,OrderManagerClass_15147,Domain,,csharp
class_15148,OrderManagerClass_15148,Domain,,csharp
class_15149,OrderManagerClass_15149,Domain,,csharp
class_15150,OrderManagerClass_15150,Domain,,csharp
class_15151,OrderManagerClass_15151,Domain,,csharp
class_15152,OrderManagerClass_15152,Domain,,csharp
class_15153,OrderManagerClass_15153,Domain,,csharp
class_15154,OrderManagerClass_15154,Domain,,csharp
class_15155,OrderManagerClass_15155,Domain,,csharp
class_15156,OrderManagerClass_15156,Domain,,csharp
class_15157,OrderManagerClass_15157,Domain,,csharp
class_15158,OrderManagerClass_15158,Domain,,csharp
class_15159,OrderManagerClass_15159,Domain,,csharp
class_15160,OrderManagerClass_15160,Domain,,csharp
class_15161,OrderManagerClass_15161,Domain,,csharp
class_15162,OrderManagerClass_15162,Domain,,csharp
class_15163,OrderManagerClass_15163,Domain,,csharp
class_15164,OrderManagerClass_15164,Domain,,csharp
class_15165,OrderManagerClass_15165,Domain,,csharp
class_15166,OrderManagerClass_15166,Domain,,csharp
class_15167,OrderManagerClass_15167,Domain,,csharp
class_15168,OrderManagerClass_15168,Domain,,csharp
class_15169,OrderManagerClass_15169,Domain,,csharp
class_15170,OrderManagerClass_15170,Domain,,csharp
class_15171,OrderManagerClass_15171,Domain,,csharp
class_15172,OrderManagerClass_15172,Domain,,csharp
class_15173,OrderManagerClass_15173,Domain,,csharp
class_15174,OrderManagerClass_15174,Domain,,csharp
class_15175,OrderManagerClass_15175,Domain,,csharp
class_15176,OrderManagerClass_15176,Domain,,csharp
class_15177,OrderManagerClass_15177,Domain,,csharp
class_15178,OrderManagerClass_15178,Domain,,csharp
class_15179,OrderManagerClass_15179,Domain,,csharp
class_15180,OrderManagerClass_15180,Domain,,csharp
class_15181,OrderManagerClass_15181,Domain,,csharp
class_15182,OrderManagerClass_15182,Domain,,csharp
class_15183,OrderManagerClass_15183,Domain,,csharp
class_15184,OrderManagerClass_15184,Domain,,csharp
class_15185,OrderManagerClass_15185,Domain,,csharp
class_15186,OrderManagerClass_15186,Domain,,csharp
class_15187,OrderManagerClass_15187,Domain,,csharp
class_15188,OrderManagerClass_15188,Domain,,csharp
class_15189,OrderManagerClass_15189,Domain,,csharp
class_15190,OrderManagerClass_15190,Domain,,csharp
class_15191,OrderManagerClass_15191,Domain,,csharp
class_15192,OrderManagerClass_15192,Domain,,csharp
class_15193,OrderManagerClass_15193,Domain,,csharp
class_15194,OrderManagerClass_15194,Domain,,csharp
class_15195,OrderManagerClass_15195,Domain,,csharp
class_15196,OrderManagerClass_15196,Domain,,csharp
class_15197,OrderManagerClass_15197,Domain,,csharp
class_15198,OrderManagerClass_15198,Domain,,csharp
class_15199,OrderManagerClass_15199,Domain,,csharp
class_15200,OrderManagerClass_15200,Domain,,csharp
class_15201,OrderManagerClass_15201,Domain,,csharp
class_15202,OrderManagerClass_15202,Domain,,csharp
class_15203,OrderManagerClass_15203,Domain,,csharp
class_15204,OrderManagerClass_15204,Domain,,csharp
class_15205,OrderManagerClass_15205,Domain,,csharp
class_15206,OrderManagerClass_15206,Domain,,csharp
class_15207,OrderManagerClass_15207,Domain,,csharp
class_15208,OrderManagerClass_15208,Domain,,csharp
class_15209,OrderManagerClass_15209,Domain,,csharp
class_15210,OrderManagerClass_15210,Domain,,csharp
class_15211,OrderManagerClass_15211,Domain,,csharp
class_15212,OrderManagerClass_15212,Domain,,csharp
class_15213,OrderManagerClass_15213,Domain,,csharp
class_15214,OrderManagerClass_15214,Domain,,csharp
class_15215,OrderManagerClass_15215,Domain,,csharp
class_15216,OrderManagerClass_15216,Domain,,csharp
class_15217,OrderManagerClass_15217,Domain,,csharp
class_15218,OrderManagerClass_15218,Domain,,csharp
class_15219,OrderManagerClass_15219,Domain,,csharp
class_15220,OrderManagerClass_15220,Domain,,csharp
class_15221,OrderManagerClass_15221,Domain,,csharp
class_15222,OrderManagerClass_15222,Domain,,csharp
class_15223,OrderManagerClass_15223,Domain,,csharp
class_15224,OrderManagerClass_15224,Domain,,csharp
class_15225,OrderManagerClass_15225,Domain,,csharp
class_15226,OrderManagerClass_15226,Domain,,csharp
class_15227,OrderManagerClass_15227,Domain,,csharp
class_15228,OrderManagerClass_15228,Domain,,csharp
class_15229,OrderManagerClass_15229,Domain,,csharp
class_15230,OrderManagerClass_15230,Domain,,csharp
class_15231,OrderManagerClass_15231,Domain,,csharp
class_15232,OrderManagerClass_15232,Domain,,csharp
class_15233,OrderManagerClass_15233,Domain,,csharp
class_15234,OrderManagerClass_15234,Domain,,csharp
class_15235,OrderManagerClass_15235,Domain,,csharp
class_15236,OrderManagerClass_15236,Domain,,csharp
class_15237,OrderManagerClass_15237,Domain,,csharp
class_15238,OrderManagerClass_15238,Domain,,csharp
class_15239,OrderManagerClass_15239,Domain,,csharp
class_15240,OrderManagerClass_15240,Domain,,csharp
class_15241,OrderManagerClass_15241,Domain,,csharp
class_15242,OrderManagerClass_15242,Domain,,csharp
class_15243,OrderManagerClass_15243,Domain,,csharp
class_15244,OrderManagerClass_15244,Domain,,csharp
class_15245,OrderManagerClass_15245,Domain,,csharp
class_15246,OrderManagerClass_15246,Domain,,csharp
class_15247,OrderManagerClass_15247,Domain,,csharp
class_15248,OrderManagerClass_15248,Domain,,csharp
class_15249,OrderManagerClass_15249,Domain,,csharp
class_15250,OrderManagerClass_15250,Domain,,csharp
class_15251,OrderManagerClass_15251,Domain,,csharp
class_15252,OrderManagerClass_15252,Domain,,csharp
class_15253,OrderManagerClass_15253,Domain,,csharp
class_15254,OrderManagerClass_15254,Domain,,csharp
class_15255,OrderManagerClass_15255,Domain,,csharp
class_15256,OrderManagerClass_15256,Domain,,csharp
class_15257,OrderManagerClass_15257,Domain,,csharp
class_15258,OrderManagerClass_15258,Domain,,csharp
class_15259,OrderManagerClass_15259,Domain,,csharp
class_15260,OrderManagerClass_15260,Domain,,csharp
class_15261,OrderManagerClass_15261,Domain,,csharp
class_15262,OrderManagerClass_15262,Domain,,csharp
class_15263,OrderManagerClass_15263,Domain,,csharp
class_15264,OrderManagerClass_15264,Domain,,csharp
class_15265,OrderManagerClass_15265,Domain,,csharp
class_15266,OrderManagerClass_15266,Domain,,csharp
class_15267,OrderManagerClass_15267,Domain,,csharp
class_15268,OrderManagerClass_15268,Domain,,csharp
class_15269,OrderManagerClass_15269,Domain,,csharp
class_15270,OrderManagerClass_15270,Domain,,csharp
class_15271,OrderManagerClass_15271,Domain,,csharp
class_15272,OrderManagerClass_15272,Domain,,csharp
class_15273,OrderManagerClass_15273,Domain,,csharp
class_15274,OrderManagerClass_15274,Domain,,csharp
class_15275,OrderManagerClass_15275,Domain,,csharp
class_15276,OrderManagerClass_15276,Domain,,csharp
class_15277,OrderManagerClass_15277,Domain,,csharp
class_15278,OrderManagerClass_15278,Domain,,csharp
class_15279,OrderManagerClass_15279,Domain,,csharp
class_15280,OrderManagerClass_15280,Domain,,csharp
class_15281,OrderManagerClass_15281,Domain,,csharp
class_15282,OrderManagerClass_15282,Domain,,csharp
class_15283,OrderManagerClass_15283,Domain,,csharp
class_15284,OrderManagerClass_15284,Domain,,csharp
class_15285,OrderManagerClass_15285,Domain,,csharp
class_15286,OrderManagerClass_15286,Domain,,csharp
class_15287,OrderManagerClass_15287,Domain,,csharp
class_15288,OrderManagerClass_15288,Domain,,csharp
class_15289,OrderManagerClass_15289,Domain,,csharp
class_15290,OrderManagerClass_15290,Domain,,csharp
class_15291,OrderManagerClass_15291,Domain,,csharp
class_15292,OrderManagerClass_15292,Domain,,csharp
class_15293,OrderManagerClass_15293,Domain,,csharp
class_15294,OrderManagerClass_15294,Domain,,csharp
class_15295,OrderManagerClass_15295,Domain,,csharp
class_15296,OrderManagerClass_15296,Domain,,csharp
class_15297,OrderManagerClass_15297,Domain,,csharp
class_15298,OrderManagerClass_15298,Domain,,csharp
class_15299,OrderManagerClass_15299,Domain,,csharp
class_15300,OrderManagerClass_15300,Domain,,csharp
class_15301,OrderManagerClass_15301,Domain,,csharp
class_15302,OrderManagerClass_15302,Domain,,csharp
class_15303,OrderManagerClass_15303,Domain,,csharp
class_15304,OrderManagerClass_15304,Domain,,csharp
class_15305,OrderManagerClass_15305,Domain,,csharp
class_15306,OrderManagerClass_15306,Domain,,csharp
class_15307,OrderManagerClass_15307,Domain,,csharp
class_15308,OrderManagerClass_15308,Domain,,csharp
class_15309,OrderManagerClass_15309,Domain,,csharp
class_15310,OrderManagerClass_15310,Domain,,csharp
class_15311,OrderManagerClass_15311,Domain,,csharp
class_15312,OrderManagerClass_15312,Domain,,csharp
class_15313,OrderManagerClass_15313,Domain,,csharp
class_15314,OrderManagerClass_15314,Domain,,csharp
class_15315,OrderManagerClass_15315,Domain,,csharp
class_15316,OrderManagerClass_15316,Domain,,csharp
class_15317,OrderManagerClass_15317,Domain,,csharp
class_15318,OrderManagerClass_15318,Domain,,csharp
class_15319,OrderManagerClass_15319,Domain,,csharp
class_15320,OrderManagerClass_15320,Domain,,csharp
class_15321,OrderManagerClass_15321,Domain,,csharp
class_15322,OrderManagerClass_15322,Domain,,csharp
class_15323,OrderManagerClass_15323,Domain,,csharp
class_15324,OrderManagerClass_15324,Domain,,csharp
class_15325,OrderManagerClass_15325,Domain,,csharp
class_15326,OrderManagerClass_15326,Domain,,csharp
class_15327,OrderManagerClass_15327,Domain,,csharp
class_15328,OrderManagerClass_15328,Domain,,csharp
class_15329,OrderManagerClass_15329,Domain,,csharp
class_15330,OrderManagerClass_15330,Domain,,csharp
class_15331,OrderManagerClass_15331,Domain,,csharp
class_15332,OrderManagerClass_15332,Domain,,csharp
class_15333,OrderManagerClass_15333,Domain,,csharp
class_15334,OrderManagerClass_15334,Domain,,csharp
class_15335,OrderManagerClass_15335,Domain,,csharp
class_15336,OrderManagerClass_15336,Domain,,csharp
class_15337,OrderManagerClass_15337,Domain,,csharp
class_15338,OrderManagerClass_15338,Domain,,csharp
class_15339,OrderManagerClass_15339,Domain,,csharp
class_15340,OrderManagerClass_15340,Domain,,csharp
class_15341,OrderManagerClass_15341,Domain,,csharp
class_15342,OrderManagerClass_15342,Domain,,csharp
class_15343,OrderManagerClass_15343,Domain,,csharp
class_15344,OrderManagerClass_15344,Domain,,csharp
class_15345,OrderManagerClass_15345,Domain,,csharp
class_15346,OrderManagerClass_15346,Domain,,csharp
class_15347,OrderManagerClass_15347,Domain,,csharp
class_15348,OrderManagerClass_15348,Domain,,csharp
class_15349,OrderManagerClass_15349,Domain,,csharp
class_15350,OrderManagerClass_15350,Domain,,csharp
class_15351,OrderManagerClass_15351,Domain,,csharp
class_15352,OrderManagerClass_15352,Domain,,csharp
class_15353,OrderManagerClass_15353,Domain,,csharp
class_15354,OrderManagerClass_15354,Domain,,csharp
class_15355,OrderManagerClass_15355,Domain,,csharp
class_15356,OrderManagerClass_15356,Domain,,csharp
class_15357,OrderManagerClass_15357,Domain,,csharp
class_15358,OrderManagerClass_15358,Domain,,csharp
class_15359,OrderManagerClass_15359,Domain,,csharp
class_15360,OrderManagerClass_15360,Domain,,csharp
class_15361,OrderManagerClass_15361,Domain,,csharp
class_15362,OrderManagerClass_15362,Domain,,csharp
class_15363,OrderManagerClass_15363,Domain,,csharp
class_15364,OrderManagerClass_15364,Domain,,csharp
class_15365,OrderManagerClass_15365,Domain,,csharp
class_15366,OrderManagerClass_15366,Domain,,csharp
class_15367,OrderManagerClass_15367,Domain,,csharp
class_15368,OrderManagerClass_15368,Domain,,csharp
class_15369,OrderManagerClass_15369,Domain,,csharp
class_15370,OrderManagerClass_15370,Domain,,csharp
class_15371,OrderManagerClass_15371,Domain,,csharp
class_15372,OrderManagerClass_15372,Domain,,csharp
class_15373,OrderManagerClass_15373,Domain,,csharp
class_15374,OrderManagerClass_15374,Domain,,csharp
class_15375,OrderManagerClass_15375,Domain,,csharp
class_15376,OrderManagerClass_15376,Domain,,csharp
class_15377,OrderManagerClass_15377,Domain,,csharp
class_15378,OrderManagerClass_15378,Domain,,csharp
class_15379,OrderManagerClass_15379,Domain,,csharp
class_15380,OrderManagerClass_15380,Domain,,csharp
class_15381,OrderManagerClass_15381,Domain,,csharp
class_15382,OrderManagerClass_15382,Domain,,csharp
class_15383,OrderManagerClass_15383,Domain,,csharp
class_15384,OrderManagerClass_15384,Domain,,csharp
class_15385,OrderManagerClass_15385,Domain,,csharp
class_15386,OrderManagerClass_15386,Domain,,csharp
class_15387,OrderManagerClass_15387,Domain,,csharp
class_15388,OrderManagerClass_15388,Domain,,csharp
class_15389,OrderManagerClass_15389,Domain,,csharp
class_15390,OrderManagerClass_15390,Domain,,csharp
class_15391,OrderManagerClass_15391,Domain,,csharp
class_15392,OrderManagerClass_15392,Domain,,csharp
class_15393,OrderManagerClass_15393,Domain,,csharp
class_15394,OrderManagerClass_15394,Domain,,csharp
class_15395,OrderManagerClass_15395,Domain,,csharp
class_15396,OrderManagerClass_15396,Domain,,csharp
class_15397,OrderManagerClass_15397,Domain,,csharp
class_15398,OrderManagerClass_15398,Domain,,csharp
class_15399,OrderManagerClass_15399,Domain,,csharp
class_15400,OrderManagerClass_15400,Domain,,csharp
class_15401,OrderManagerClass_15401,Domain,,csharp
class_15402,OrderManagerClass_15402,Domain,,csharp
class_15403,OrderManagerClass_15403,Domain,,csharp
class_15404,OrderManagerClass_15404,Domain,,csharp
class_15405,OrderManagerClass_15405,Domain,,csharp
class_15406,OrderManagerClass_15406,Domain,,csharp
class_15407,OrderManagerClass_15407,Domain,,csharp
class_15408,OrderManagerClass_15408,Domain,,csharp
class_15409,OrderManagerClass_15409,Domain,,csharp
class_15410,OrderManagerClass_15410,Domain,,csharp
class_15411,OrderManagerClass_15411,Domain,,csharp
class_15412,OrderManagerClass_15412,Domain,,csharp
class_15413,OrderManagerClass_15413,Domain,,csharp
class_15414,OrderManagerClass_15414,Domain,,csharp
class_15415,OrderManagerClass_15415,Domain,,csharp
class_15416,OrderManagerClass_15416,Domain,,csharp
class_15417,OrderManagerClass_15417,Domain,,csharp
class_15418,OrderManagerClass_15418,Domain,,csharp
class_15419,OrderManagerClass_15419,Domain,,csharp
class_15420,OrderManagerClass_15420,Domain,,csharp
class_15421,OrderManagerClass_15421,Domain,,csharp
class_15422,OrderManagerClass_15422,Domain,,csharp
class_15423,OrderManagerClass_15423,Domain,,csharp
class_15424,OrderManagerClass_15424,Domain,,csharp
class_15425,OrderManagerClass_15425,Domain,,csharp
class_15426,OrderManagerClass_15426,Domain,,csharp
class_15427,OrderManagerClass_15427,Domain,,csharp
class_15428,OrderManagerClass_15428,Domain,,csharp
class_15429,OrderManagerClass_15429,Domain,,csharp
class_15430,OrderManagerClass_15430,Domain,,csharp
class_15431,OrderManagerClass_15431,Domain,,csharp
class_15432,OrderManagerClass_15432,Domain,,csharp
class_15433,OrderManagerClass_15433,Domain,,csharp
class_15434,OrderManagerClass_15434,Domain,,csharp
class_15435,OrderManagerClass_15435,Domain,,csharp
class_15436,OrderManagerClass_15436,Domain,,csharp
class_15437,OrderManagerClass_15437,Domain,,csharp
class_15438,OrderManagerClass_15438,Domain,,csharp
class_15439,OrderManagerClass_15439,Domain,,csharp
class_15440,OrderManagerClass_15440,Domain,,csharp
class_15441,OrderManagerClass_15441,Domain,,csharp
class_15442,OrderManagerClass_15442,Domain,,csharp
class_15443,OrderManagerClass_15443,Domain,,csharp
class_15444,OrderManagerClass_15444,Domain,,csharp
class_15445,OrderManagerClass_15445,Domain,,csharp
class_15446,OrderManagerClass_15446,Domain,,csharp
class_15447,OrderManagerClass_15447,Domain,,csharp
class_15448,OrderManagerClass_15448,Domain,,csharp
class_15449,OrderManagerClass_15449,Domain,,csharp
class_15450,OrderManagerClass_15450,Domain,,csharp
class_15451,OrderManagerClass_15451,Domain,,csharp
class_15452,OrderManagerClass_15452,Domain,,csharp
class_15453,OrderManagerClass_15453,Domain,,csharp
class_15454,OrderManagerClass_15454,Domain,,csharp
class_15455,OrderManagerClass_15455,Domain,,csharp
class_15456,OrderManagerClass_15456,Domain,,csharp
class_15457,OrderManagerClass_15457,Domain,,csharp
class_15458,OrderManagerClass_15458,Domain,,csharp
class_15459,OrderManagerClass_15459,Domain,,csharp
class_15460,OrderManagerClass_15460,Domain,,csharp
class_15461,OrderManagerClass_15461,Domain,,csharp
class_15462,OrderManagerClass_15462,Domain,,csharp
class_15463,OrderManagerClass_15463,Domain,,csharp
class_15464,OrderManagerClass_15464,Domain,,csharp
class_15465,OrderManagerClass_15465,Domain,,csharp
class_15466,OrderManagerClass_15466,Domain,,csharp
class_15467,OrderManagerClass_15467,Domain,,csharp
class_15468,OrderManagerClass_15468,Domain,,csharp
class_15469,OrderManagerClass_15469,Domain,,csharp
class_15470,OrderManagerClass_15470,Domain,,csharp
class_15471,OrderManagerClass_15471,Domain,,csharp
class_15472,OrderManagerClass_15472,Domain,,csharp
class_15473,OrderManagerClass_15473,Domain,,csharp
class_15474,OrderManagerClass_15474,Domain,,csharp
class_15475,OrderManagerClass_15475,Domain,,csharp
class_15476,OrderManagerClass_15476,Domain,,csharp
class_15477,OrderManagerClass_15477,Domain,,csharp
class_15478,OrderManagerClass_15478,Domain,,csharp
class_15479,OrderManagerClass_15479,Domain,,csharp
class_15480,OrderManagerClass_15480,Domain,,csharp
class_15481,OrderManagerClass_15481,Domain,,csharp
class_15482,OrderManagerClass_15482,Domain,,csharp
class_15483,OrderManagerClass_15483,Domain,,csharp
class_15484,OrderManagerClass_15484,Domain,,csharp
class_15485,OrderManagerClass_15485,Domain,,csharp
class_15486,OrderManagerClass_15486,Domain,,csharp
class_15487,OrderManagerClass_15487,Domain,,csharp
class_15488,OrderManagerClass_15488,Domain,,csharp
class_15489,OrderManagerClass_15489,Domain,,csharp
class_15490,OrderManagerClass_15490,Domain,,csharp
class_15491,OrderManagerClass_15491,Domain,,csharp
class_15492,OrderManagerClass_15492,Domain,,csharp
class_15493,OrderManagerClass_15493,Domain,,csharp
class_15494,OrderManagerClass_15494,Domain,,csharp
class_15495,OrderManagerClass_15495,Domain,,csharp
class_15496,OrderManagerClass_15496,Domain,,csharp
class_15497,OrderManagerClass_15497,Domain,,csharp
class_15498,OrderManagerClass_15498,Domain,,csharp
class_15499,OrderManagerClass_15499,Domain,,csharp
class_15500,OrderManagerClass_15500,Domain,,csharp
class_15501,OrderManagerClass_15501,Domain,,csharp
class_15502,OrderManagerClass_15502,Domain,,csharp
class_15503,OrderManagerClass_15503,Domain,,csharp
class_15504,OrderManagerClass_15504,Domain,,csharp
class_15505,OrderManagerClass_15505,Domain,,csharp
class_15506,OrderManagerClass_15506,Domain,,csharp
class_15507,OrderManagerClass_15507,Domain,,csharp
class_15508,OrderManagerClass_15508,Domain,,csharp
class_15509,OrderManagerClass_15509,Domain,,csharp
class_15510,OrderManagerClass_15510,Domain,,csharp
class_15511,OrderManagerClass_15511,Domain,,csharp
class_15512,OrderManagerClass_15512,Domain,,csharp
class_15513,OrderManagerClass_15513,Domain,,csharp
class_15514,OrderManagerClass_15514,Domain,,csharp
class_15515,OrderManagerClass_15515,Domain,,csharp
class_15516,OrderManagerClass_15516,Domain,,csharp
class_15517,OrderManagerClass_15517,Domain,,csharp
class_15518,OrderManagerClass_15518,Domain,,csharp
class_15519,OrderManagerClass_15519,Domain,,csharp
class_15520,OrderManagerClass_15520,Domain,,csharp
class_15521,OrderManagerClass_15521,Domain,,csharp
class_15522,OrderManagerClass_15522,Domain,,csharp
class_15523,OrderManagerClass_15523,Domain,,csharp
class_15524,OrderManagerClass_15524,Domain,,csharp
class_15525,OrderManagerClass_15525,Domain,,csharp
class_15526,OrderManagerClass_15526,Domain,,csharp
class_15527,OrderManagerClass_15527,Domain,,csharp
class_15528,OrderManagerClass_15528,Domain,,csharp
class_15529,OrderManagerClass_15529,Domain,,csharp
class_15530,OrderManagerClass_15530,Domain,,csharp
class_15531,OrderManagerClass_15531,Domain,,csharp
class_15532,OrderManagerClass_15532,Domain,,csharp
class_15533,OrderManagerClass_15533,Domain,,csharp
class_15534,OrderManagerClass_15534,Domain,,csharp
class_15535,OrderManagerClass_15535,Domain,,csharp
class_15536,OrderManagerClass_15536,Domain,,csharp
class_15537,OrderManagerClass_15537,Domain,,csharp
class_15538,OrderManagerClass_15538,Domain,,csharp
class_15539,OrderManagerClass_15539,Domain,,csharp
class_15540,OrderManagerClass_15540,Domain,,csharp
class_15541,OrderManagerClass_15541,Domain,,csharp
class_15542,OrderManagerClass_15542,Domain,,csharp
class_15543,OrderManagerClass_15543,Domain,,csharp
class_15544,OrderManagerClass_15544,Domain,,csharp
class_15545,OrderManagerClass_15545,Domain,,csharp
class_15546,OrderManagerClass_15546,Domain,,csharp
class_15547,OrderManagerClass_15547,Domain,,csharp
class_15548,OrderManagerClass_15548,Domain,,csharp
class_15549,OrderManagerClass_15549,Domain,,csharp
class_15550,OrderManagerClass_15550,Domain,,csharp
class_15551,OrderManagerClass_15551,Domain,,csharp
class_15552,OrderManagerClass_15552,Domain,,csharp
class_15553,OrderManagerClass_15553,Domain,,csharp
class_15554,OrderManagerClass_15554,Domain,,csharp
class_15555,OrderManagerClass_15555,Domain,,csharp
class_15556,OrderManagerClass_15556,Domain,,csharp
class_15557,OrderManagerClass_15557,Domain,,csharp
class_15558,OrderManagerClass_15558,Domain,,csharp
class_15559,OrderManagerClass_15559,Domain,,csharp
class_15560,OrderManagerClass_15560,Domain,,csharp
class_15561,OrderManagerClass_15561,Domain,,csharp
class_15562,OrderManagerClass_15562,Domain,,csharp
class_15563,OrderManagerClass_15563,Domain,,csharp
class_15564,OrderManagerClass_15564,Domain,,csharp
class_15565,OrderManagerClass_15565,Domain,,csharp
class_15566,OrderManagerClass_15566,Domain,,csharp
class_15567,OrderManagerClass_15567,Domain,,csharp
class_15568,OrderManagerClass_15568,Domain,,csharp
class_15569,OrderManagerClass_15569,Domain,,csharp
class_15570,OrderManagerClass_15570,Domain,,csharp
class_15571,OrderManagerClass_15571,Domain,,csharp
class_15572,OrderManagerClass_15572,Domain,,csharp
class_15573,OrderManagerClass_15573,Domain,,csharp
class_15574,OrderManagerClass_15574,Domain,,csharp
class_15575,OrderManagerClass_15575,Domain,,csharp
class_15576,OrderManagerClass_15576,Domain,,csharp
class_15577,OrderManagerClass_15577,Domain,,csharp
class_15578,OrderManagerClass_15578,Domain,,csharp
class_15579,OrderManagerClass_15579,Domain,,csharp
class_15580,OrderManagerClass_15580,Domain,,csharp
class_15581,OrderManagerClass_15581,Domain,,csharp
class_15582,OrderManagerClass_15582,Domain,,csharp
class_15583,OrderManagerClass_15583,Domain,,csharp
class_15584,OrderManagerClass_15584,Domain,,csharp
class_15585,OrderManagerClass_15585,Domain,,csharp
class_15586,OrderManagerClass_15586,Domain,,csharp
class_15587,OrderManagerClass_15587,Domain,,csharp
class_15588,OrderManagerClass_15588,Domain,,csharp
class_15589,OrderManagerClass_15589,Domain,,csharp
class_15590,OrderManagerClass_15590,Domain,,csharp
class_15591,OrderManagerClass_15591,Domain,,csharp
class_15592,OrderManagerClass_15592,Domain,,csharp
class_15593,OrderManagerClass_15593,Domain,,csharp
class_15594,OrderManagerClass_15594,Domain,,csharp
class_15595,OrderManagerClass_15595,Domain,,csharp
class_15596,OrderManagerClass_15596,Domain,,csharp
class_15597,OrderManagerClass_15597,Domain,,csharp
class_15598,OrderManagerClass_15598,Domain,,csharp
class_15599,OrderManagerClass_15599,Domain,,csharp
class_15600,OrderManagerClass_15600,Domain,,csharp
class_15601,OrderManagerClass_15601,Domain,,csharp
class_15602,OrderManagerClass_15602,Domain,,csharp
class_15603,OrderManagerClass_15603,Domain,,csharp
class_15604,OrderManagerClass_15604,Domain,,csharp
class_15605,OrderManagerClass_15605,Domain,,csharp
class_15606,OrderManagerClass_15606,Domain,,csharp
class_15607,OrderManagerClass_15607,Domain,,csharp
class_15608,OrderManagerClass_15608,Domain,,csharp
class_15609,OrderManagerClass_15609,Domain,,csharp
class_15610,OrderManagerClass_15610,Domain,,csharp
class_15611,OrderManagerClass_15611,Domain,,csharp
class_15612,OrderManagerClass_15612,Domain,,csharp
class_15613,OrderManagerClass_15613,Domain,,csharp
class_15614,OrderManagerClass_15614,Domain,,csharp
class_15615,OrderManagerClass_15615,Domain,,csharp
class_15616,OrderManagerClass_15616,Domain,,csharp
class_15617,OrderManagerClass_15617,Domain,,csharp
class_15618,OrderManagerClass_15618,Domain,,csharp
class_15619,OrderManagerClass_15619,Domain,,csharp
class_15620,OrderManagerClass_15620,Domain,,csharp
class_15621,OrderManagerClass_15621,Domain,,csharp
class_15622,OrderManagerClass_15622,Domain,,csharp
class_15623,OrderManagerClass_15623,Domain,,csharp
class_15624,OrderManagerClass_15624,Domain,,csharp
class_15625,OrderManagerClass_15625,Domain,,csharp
class_15626,OrderManagerClass_15626,Domain,,csharp
class_15627,OrderManagerClass_15627,Domain,,csharp
class_15628,OrderManagerClass_15628,Domain,,csharp
class_15629,OrderManagerClass_15629,Domain,,csharp
class_15630,OrderManagerClass_15630,Domain,,csharp
class_15631,OrderManagerClass_15631,Domain,,csharp
class_15632,OrderManagerClass_15632,Domain,,csharp
class_15633,OrderManagerClass_15633,Domain,,csharp
class_15634,OrderManagerClass_15634,Domain,,csharp
class_15635,OrderManagerClass_15635,Domain,,csharp
class_15636,OrderManagerClass_15636,Domain,,csharp
class_15637,OrderManagerClass_15637,Domain,,csharp
class_15638,OrderManagerClass_15638,Domain,,csharp
class_15639,OrderManagerClass_15639,Domain,,csharp
class_15640,OrderManagerClass_15640,Domain,,csharp
class_15641,OrderManagerClass_15641,Domain,,csharp
class_15642,OrderManagerClass_15642,Domain,,csharp
class_15643,OrderManagerClass_15643,Domain,,csharp
class_15644,OrderManagerClass_15644,Domain,,csharp
class_15645,OrderManagerClass_15645,Domain,,csharp
class_15646,OrderManagerClass_15646,Domain,,csharp
class_15647,OrderManagerClass_15647,Domain,,csharp
class_15648,OrderManagerClass_15648,Domain,,csharp
class_15649,OrderManagerClass_15649,Domain,,csharp
class_15650,OrderManagerClass_15650,Domain,,csharp
class_15651,OrderManagerClass_15651,Domain,,csharp
class_15652,OrderManagerClass_15652,Domain,,csharp
class_15653,OrderManagerClass_15653,Domain,,csharp
class_15654,OrderManagerClass_15654,Domain,,csharp
class_15655,OrderManagerClass_15655,Domain,,csharp
class_15656,OrderManagerClass_15656,Domain,,csharp
class_15657,OrderManagerClass_15657,Domain,,csharp
class_15658,OrderManagerClass_15658,Domain,,csharp
class_15659,OrderManagerClass_15659,Domain,,csharp
class_15660,OrderManagerClass_15660,Domain,,csharp
class_15661,OrderManagerClass_15661,Domain,,csharp
class_15662,OrderManagerClass_15662,Domain,,csharp
class_15663,OrderManagerClass_15663,Domain,,csharp
class_15664,OrderManagerClass_15664,Domain,,csharp
class_15665,OrderManagerClass_15665,Domain,,csharp
class_15666,OrderManagerClass_15666,Domain,,csharp
class_15667,OrderManagerClass_15667,Domain,,csharp
class_15668,OrderManagerClass_15668,Domain,,csharp
class_15669,OrderManagerClass_15669,Domain,,csharp
class_15670,OrderManagerClass_15670,Domain,,csharp
class_15671,OrderManagerClass_15671,Domain,,csharp
class_15672,OrderManagerClass_15672,Domain,,csharp
class_15673,OrderManagerClass_15673,Domain,,csharp
class_15674,OrderManagerClass_15674,Domain,,csharp
class_15675,OrderManagerClass_15675,Domain,,csharp
class_15676,OrderManagerClass_15676,Domain,,csharp
class_15677,OrderManagerClass_15677,Domain,,csharp
class_15678,OrderManagerClass_15678,Domain,,csharp
class_15679,OrderManagerClass_15679,Domain,,csharp
class_15680,OrderManagerClass_15680,Domain,,csharp
class_15681,OrderManagerClass_15681,Domain,,csharp
class_15682,OrderManagerClass_15682,Domain,,csharp
class_15683,OrderManagerClass_15683,Domain,,csharp
class_15684,OrderManagerClass_15684,Domain,,csharp
class_15685,OrderManagerClass_15685,Domain,,csharp
class_15686,OrderManagerClass_15686,Domain,,csharp
class_15687,OrderManagerClass_15687,Domain,,csharp
class_15688,OrderManagerClass_15688,Domain,,csharp
class_15689,OrderManagerClass_15689,Domain,,csharp
class_15690,OrderManagerClass_15690,Domain,,csharp
class_15691,OrderManagerClass_15691,Domain,,csharp
class_15692,OrderManagerClass_15692,Domain,,csharp
class_15693,OrderManagerClass_15693,Domain,,csharp
class_15694,OrderManagerClass_15694,Domain,,csharp
class_15695,OrderManagerClass_15695,Domain,,csharp
class_15696,OrderManagerClass_15696,Domain,,csharp
class_15697,OrderManagerClass_15697,Domain,,csharp
class_15698,OrderManagerClass_15698,Domain,,csharp
class_15699,OrderManagerClass_15699,Domain,,csharp
class_15700,OrderManagerClass_15700,Domain,,csharp
class_15701,OrderManagerClass_15701,Domain,,csharp
class_15702,OrderManagerClass_15702,Domain,,csharp
class_15703,OrderManagerClass_15703,Domain,,csharp
class_15704,OrderManagerClass_15704,Domain,,csharp
class_15705,OrderManagerClass_15705,Domain,,csharp
class_15706,OrderManagerClass_15706,Domain,,csharp
class_15707,OrderManagerClass_15707,Domain,,csharp
class_15708,OrderManagerClass_15708,Domain,,csharp
class_15709,OrderManagerClass_15709,Domain,,csharp
class_15710,OrderManagerClass_15710,Domain,,csharp
class_15711,OrderManagerClass_15711,Domain,,csharp
class_15712,OrderManagerClass_15712,Domain,,csharp
class_15713,OrderManagerClass_15713,Domain,,csharp
class_15714,OrderManagerClass_15714,Domain,,csharp
class_15715,OrderManagerClass_15715,Domain,,csharp
class_15716,OrderManagerClass_15716,Domain,,csharp
class_15717,OrderManagerClass_15717,Domain,,csharp
class_15718,OrderManagerClass_15718,Domain,,csharp
class_15719,OrderManagerClass_15719,Domain,,csharp
class_15720,OrderManagerClass_15720,Domain,,csharp
class_15721,OrderManagerClass_15721,Domain,,csharp
class_15722,OrderManagerClass_15722,Domain,,csharp
class_15723,OrderManagerClass_15723,Domain,,csharp
class_15724,OrderManagerClass_15724,Domain,,csharp
class_15725,OrderManagerClass_15725,Domain,,csharp
class_15726,OrderManagerClass_15726,Domain,,csharp
class_15727,OrderManagerClass_15727,Domain,,csharp
class_15728,OrderManagerClass_15728,Domain,,csharp
class_15729,OrderManagerClass_15729,Domain,,csharp
class_15730,OrderManagerClass_15730,Domain,,csharp
class_15731,OrderManagerClass_15731,Domain,,csharp
class_15732,OrderManagerClass_15732,Domain,,csharp
class_15733,OrderManagerClass_15733,Domain,,csharp
class_15734,OrderManagerClass_15734,Domain,,csharp
class_15735,OrderManagerClass_15735,Domain,,csharp
class_15736,OrderManagerClass_15736,Domain,,csharp
class_15737,OrderManagerClass_15737,Domain,,csharp
class_15738,OrderManagerClass_15738,Domain,,csharp
class_15739,OrderManagerClass_15739,Domain,,csharp
class_15740,OrderManagerClass_15740,Domain,,csharp
class_15741,OrderManagerClass_15741,Domain,,csharp
class_15742,OrderManagerClass_15742,Domain,,csharp
class_15743,OrderManagerClass_15743,Domain,,csharp
class_15744,OrderManagerClass_15744,Domain,,csharp
class_15745,OrderManagerClass_15745,Domain,,csharp
class_15746,OrderManagerClass_15746,Domain,,csharp
class_15747,OrderManagerClass_15747,Domain,,csharp
class_15748,OrderManagerClass_15748,Domain,,csharp
class_15749,OrderManagerClass_15749,Domain,,csharp
class_15750,OrderManagerClass_15750,Domain,,csharp
class_15751,OrderManagerClass_15751,Domain,,csharp
class_15752,OrderManagerClass_15752,Domain,,csharp
class_15753,OrderManagerClass_15753,Domain,,csharp
class_15754,OrderManagerClass_15754,Domain,,csharp
class_15755,OrderManagerClass_15755,Domain,,csharp
class_15756,OrderManagerClass_15756,Domain,,csharp
class_15757,OrderManagerClass_15757,Domain,,csharp
class_15758,OrderManagerClass_15758,Domain,,csharp
class_15759,OrderManagerClass_15759,Domain,,csharp
class_15760,OrderManagerClass_15760,Domain,,csharp
class_15761,OrderManagerClass_15761,Domain,,csharp
class_15762,OrderManagerClass_15762,Domain,,csharp
class_15763,OrderManagerClass_15763,Domain,,csharp
class_15764,OrderManagerClass_15764,Domain,,csharp
class_15765,OrderManagerClass_15765,Domain,,csharp
class_15766,OrderManagerClass_15766,Domain,,csharp
class_15767,OrderManagerClass_15767,Domain,,csharp
class_15768,OrderManagerClass_15768,Domain,,csharp
class_15769,OrderManagerClass_15769,Domain,,csharp
class_15770,OrderManagerClass_15770,Domain,,csharp
class_15771,OrderManagerClass_15771,Domain,,csharp
class_15772,OrderManagerClass_15772,Domain,,csharp
class_15773,OrderManagerClass_15773,Domain,,csharp
class_15774,OrderManagerClass_15774,Domain,,csharp
class_15775,OrderManagerClass_15775,Domain,,csharp
class_15776,OrderManagerClass_15776,Domain,,csharp
class_15777,OrderManagerClass_15777,Domain,,csharp
class_15778,OrderManagerClass_15778,Domain,,csharp
class_15779,OrderManagerClass_15779,Domain,,csharp
class_15780,OrderManagerClass_15780,Domain,,csharp
class_15781,OrderManagerClass_15781,Domain,,csharp
class_15782,OrderManagerClass_15782,Domain,,csharp
class_15783,OrderManagerClass_15783,Domain,,csharp
class_15784,OrderManagerClass_15784,Domain,,csharp
class_15785,OrderManagerClass_15785,Domain,,csharp
class_15786,OrderManagerClass_15786,Domain,,csharp
class_15787,OrderManagerClass_15787,Domain,,csharp
class_15788,OrderManagerClass_15788,Domain,,csharp
class_15789,OrderManagerClass_15789,Domain,,csharp
class_15790,OrderManagerClass_15790,Domain,,csharp
class_15791,OrderManagerClass_15791,Domain,,csharp
class_15792,OrderManagerClass_15792,Domain,,csharp
class_15793,OrderManagerClass_15793,Domain,,csharp
class_15794,OrderManagerClass_15794,Domain,,csharp
class_15795,OrderManagerClass_15795,Domain,,csharp
class_15796,OrderManagerClass_15796,Domain,,csharp
class_15797,OrderManagerClass_15797,Domain,,csharp
class_15798,OrderManagerClass_15798,Domain,,csharp
class_15799,OrderManagerClass_15799,Domain,,csharp
class_15800,OrderManagerClass_15800,Domain,,csharp
class_15801,OrderManagerClass_15801,Domain,,csharp
class_15802,OrderManagerClass_15802,Domain,,csharp
class_15803,OrderManagerClass_15803,Domain,,csharp
class_15804,OrderManagerClass_15804,Domain,,csharp
class_15805,OrderManagerClass_15805,Domain,,csharp
class_15806,OrderManagerClass_15806,Domain,,csharp
class_15807,OrderManagerClass_15807,Domain,,csharp
class_15808,OrderManagerClass_15808,Domain,,csharp
class_15809,OrderManagerClass_15809,Domain,,csharp
class_15810,OrderManagerClass_15810,Domain,,csharp
class_15811,OrderManagerClass_15811,Domain,,csharp
class_15812,OrderManagerClass_15812,Domain,,csharp
class_15813,OrderManagerClass_15813,Domain,,csharp
class_15814,OrderManagerClass_15814,Domain,,csharp
class_15815,OrderManagerClass_15815,Domain,,csharp
class_15816,OrderManagerClass_15816,Domain,,csharp
class_15817,OrderManagerClass_15817,Domain,,csharp
class_15818,OrderManagerClass_15818,Domain,,csharp
class_15819,OrderManagerClass_15819,Domain,,csharp
class_15820,OrderManagerClass_15820,Domain,,csharp
class_15821,OrderManagerClass_15821,Domain,,csharp
class_15822,OrderManagerClass_15822,Domain,,csharp
class_15823,OrderManagerClass_15823,Domain,,csharp
class_15824,OrderManagerClass_15824,Domain,,csharp
class_15825,OrderManagerClass_15825,Domain,,csharp
class_15826,OrderManagerClass_15826,Domain,,csharp
class_15827,OrderManagerClass_15827,Domain,,csharp
class_15828,OrderManagerClass_15828,Domain,,csharp
class_15829,OrderManagerClass_15829,Domain,,csharp
class_15830,OrderManagerClass_15830,Domain,,csharp
class_15831,OrderManagerClass_15831,Domain,,csharp
class_15832,OrderManagerClass_15832,Domain,,csharp
class_15833,OrderManagerClass_15833,Domain,,csharp
class_15834,OrderManagerClass_15834,Domain,,csharp
class_15835,OrderManagerClass_15835,Domain,,csharp
class_15836,OrderManagerClass_15836,Domain,,csharp
class_15837,OrderManagerClass_15837,Domain,,csharp
class_15838,OrderManagerClass_15838,Domain,,csharp
class_15839,OrderManagerClass_15839,Domain,,csharp
class_15840,OrderManagerClass_15840,Domain,,csharp
class_15841,OrderManagerClass_15841,Domain,,csharp
class_15842,OrderManagerClass_15842,Domain,,csharp
class_15843,OrderManagerClass_15843,Domain,,csharp
class_15844,OrderManagerClass_15844,Domain,,csharp
class_15845,OrderManagerClass_15845,Domain,,csharp
class_15846,OrderManagerClass_15846,Domain,,csharp
class_15847,OrderManagerClass_15847,Domain,,csharp
class_15848,OrderManagerClass_15848,Domain,,csharp
class_15849,OrderManagerClass_15849,Domain,,csharp
class_15850,OrderManagerClass_15850,Domain,,csharp
class_15851,OrderManagerClass_15851,Domain,,csharp
class_15852,OrderManagerClass_15852,Domain,,csharp
class_15853,OrderManagerClass_15853,Domain,,csharp
class_15854,OrderManagerClass_15854,Domain,,csharp
class_15855,OrderManagerClass_15855,Domain,,csharp
class_15856,OrderManagerClass_15856,Domain,,csharp
class_15857,OrderManagerClass_15857,Domain,,csharp
class_15858,OrderManagerClass_15858,Domain,,csharp
class_15859,OrderManagerClass_15859,Domain,,csharp
class_15860,OrderManagerClass_15860,Domain,,csharp
class_15861,OrderManagerClass_15861,Domain,,csharp
class_15862,OrderManagerClass_15862,Domain,,csharp
class_15863,OrderManagerClass_15863,Domain,,csharp
class_15864,OrderManagerClass_15864,Domain,,csharp
class_15865,OrderManagerClass_15865,Domain,,csharp
class_15866,OrderManagerClass_15866,Domain,,csharp
class_15867,OrderManagerClass_15867,Domain,,csharp
class_15868,OrderManagerClass_15868,Domain,,csharp
class_15869,OrderManagerClass_15869,Domain,,csharp
class_15870,OrderManagerClass_15870,Domain,,csharp
class_15871,OrderManagerClass_15871,Domain,,csharp
class_15872,OrderManagerClass_15872,Domain,,csharp
class_15873,OrderManagerClass_15873,Domain,,csharp
class_15874,OrderManagerClass_15874,Domain,,csharp
class_15875,OrderManagerClass_15875,Domain,,csharp
class_15876,OrderManagerClass_15876,Domain,,csharp
class_15877,OrderManagerClass_15877,Domain,,csharp
class_15878,OrderManagerClass_15878,Domain,,csharp
class_15879,OrderManagerClass_15879,Domain,,csharp
class_15880,OrderManagerClass_15880,Domain,,csharp
class_15881,OrderManagerClass_15881,Domain,,csharp
class_15882,OrderManagerClass_15882,Domain,,csharp
class_15883,OrderManagerClass_15883,Domain,,csharp
class_15884,OrderManagerClass_15884,Domain,,csharp
class_15885,OrderManagerClass_15885,Domain,,csharp
class_15886,OrderManagerClass_15886,Domain,,csharp
class_15887,OrderManagerClass_15887,Domain,,csharp
class_15888,OrderManagerClass_15888,Domain,,csharp
class_15889,OrderManagerClass_15889,Domain,,csharp
class_15890,OrderManagerClass_15890,Domain,,csharp
class_15891,OrderManagerClass_15891,Domain,,csharp
class_15892,OrderManagerClass_15892,Domain,,csharp
class_15893,OrderManagerClass_15893,Domain,,csharp
class_15894,OrderManagerClass_15894,Domain,,csharp
class_15895,OrderManagerClass_15895,Domain,,csharp
class_15896,OrderManagerClass_15896,Domain,,csharp
class_15897,OrderManagerClass_15897,Domain,,csharp
class_15898,OrderManagerClass_15898,Domain,,csharp
class_15899,OrderManagerClass_15899,Domain,,csharp
class_15900,OrderManagerClass_15900,Domain,,csharp
class_15901,OrderManagerClass_15901,Domain,,csharp
class_15902,OrderManagerClass_15902,Domain,,csharp
class_15903,OrderManagerClass_15903,Domain,,csharp
class_15904,OrderManagerClass_15904,Domain,,csharp
class_15905,OrderManagerClass_15905,Domain,,csharp
class_15906,OrderManagerClass_15906,Domain,,csharp
class_15907,OrderManagerClass_15907,Domain,,csharp
class_15908,OrderManagerClass_15908,Domain,,csharp
class_15909,OrderManagerClass_15909,Domain,,csharp
class_15910,OrderManagerClass_15910,Domain,,csharp
class_15911,OrderManagerClass_15911,Domain,,csharp
class_15912,OrderManagerClass_15912,Domain,,csharp
class_15913,OrderManagerClass_15913,Domain,,csharp
class_15914,OrderManagerClass_15914,Domain,,csharp
class_15915,OrderManagerClass_15915,Domain,,csharp
class_15916,OrderManagerClass_15916,Domain,,csharp
class_15917,OrderManagerClass_15917,Domain,,csharp
class_15918,OrderManagerClass_15918,Domain,,csharp
class_15919,OrderManagerClass_15919,Domain,,csharp
class_15920,OrderManagerClass_15920,Domain,,csharp
class_15921,OrderManagerClass_15921,Domain,,csharp
class_15922,OrderManagerClass_15922,Domain,,csharp
class_15923,OrderManagerClass_15923,Domain,,csharp
class_15924,OrderManagerClass_15924,Domain,,csharp
class_15925,OrderManagerClass_15925,Domain,,csharp
class_15926,OrderManagerClass_15926,Domain,,csharp
class_15927,OrderManagerClass_15927,Domain,,csharp
class_15928,OrderManagerClass_15928,Domain,,csharp
class_15929,OrderManagerClass_15929,Domain,,csharp
class_15930,OrderManagerClass_15930,Domain,,csharp
class_15931,OrderManagerClass_15931,Domain,,csharp
class_15932,OrderManagerClass_15932,Domain,,csharp
class_15933,OrderManagerClass_15933,Domain,,csharp
class_15934,OrderManagerClass_15934,Domain,,csharp
class_15935,OrderManagerClass_15935,Domain,,csharp
class_15936,OrderManagerClass_15936,Domain,,csharp
class_15937,OrderManagerClass_15937,Domain,,csharp
class_15938,OrderManagerClass_15938,Domain,,csharp
class_15939,OrderManagerClass_15939,Domain,,csharp
class_15940,OrderManagerClass_15940,Domain,,csharp
class_15941,OrderManagerClass_15941,Domain,,csharp
class_15942,OrderManagerClass_15942,Domain,,csharp
class_15943,OrderManagerClass_15943,Domain,,csharp
class_15944,OrderManagerClass_15944,Domain,,csharp
class_15945,OrderManagerClass_15945,Domain,,csharp
class_15946,OrderManagerClass_15946,Domain,,csharp
class_15947,OrderManagerClass_15947,Domain,,csharp
class_15948,OrderManagerClass_15948,Domain,,csharp
class_15949,OrderManagerClass_15949,Domain,,csharp
class_15950,OrderManagerClass_15950,Domain,,csharp
class_15951,OrderManagerClass_15951,Domain,,csharp
class_15952,OrderManagerClass_15952,Domain,,csharp
class_15953,OrderManagerClass_15953,Domain,,csharp
class_15954,OrderManagerClass_15954,Domain,,csharp
class_15955,OrderManagerClass_15955,Domain,,csharp
class_15956,OrderManagerClass_15956,Domain,,csharp
class_15957,OrderManagerClass_15957,Domain,,csharp
class_15958,OrderManagerClass_15958,Domain,,csharp
class_15959,OrderManagerClass_15959,Domain,,csharp
class_15960,OrderManagerClass_15960,Domain,,csharp
class_15961,OrderManagerClass_15961,Domain,,csharp
class_15962,OrderManagerClass_15962,Domain,,csharp
class_15963,OrderManagerClass_15963,Domain,,csharp
class_15964,OrderManagerClass_15964,Domain,,csharp
class_15965,OrderManagerClass_15965,Domain,,csharp
class_15966,OrderManagerClass_15966,Domain,,csharp
class_15967,OrderManagerClass_15967,Domain,,csharp
class_15968,OrderManagerClass_15968,Domain,,csharp
class_15969,OrderManagerClass_15969,Domain,,csharp
class_15970,OrderManagerClass_15970,Domain,,csharp
class_15971,OrderManagerClass_15971,Domain,,csharp
class_15972,OrderManagerClass_15972,Domain,,csharp
class_15973,OrderManagerClass_15973,Domain,,csharp
class_15974,OrderManagerClass_15974,Domain,,csharp
class_15975,OrderManagerClass_15975,Domain,,csharp
class_15976,OrderManagerClass_15976,Domain,,csharp
class_15977,OrderManagerClass_15977,Domain,,csharp
class_15978,OrderManagerClass_15978,Domain,,csharp
class_15979,OrderManagerClass_15979,Domain,,csharp
class_15980,OrderManagerClass_15980,Domain,,csharp
class_15981,OrderManagerClass_15981,Domain,,csharp
class_15982,OrderManagerClass_15982,Domain,,csharp
class_15983,OrderManagerClass_15983,Domain,,csharp
class_15984,OrderManagerClass_15984,Domain,,csharp
class_15985,OrderManagerClass_15985,Domain,,csharp
class_15986,OrderManagerClass_15986,Domain,,csharp
class_15987,OrderManagerClass_15987,Domain,,csharp
class_15988,OrderManagerClass_15988,Domain,,csharp
class_15989,OrderManagerClass_15989,Domain,,csharp
class_15990,OrderManagerClass_15990,Domain,,csharp
class_15991,OrderManagerClass_15991,Domain,,csharp
class_15992,OrderManagerClass_15992,Domain,,csharp
class_15993,OrderManagerClass_15993,Domain,,csharp
class_15994,OrderManagerClass_15994,Domain,,csharp
class_15995,OrderManagerClass_15995,Domain,,csharp
class_15996,OrderManagerClass_15996,Domain,,csharp
class_15997,OrderManagerClass_15997,Domain,,csharp
class_15998,OrderManagerClass_15998,Domain,,csharp
class_15999,OrderManagerClass_15999,Domain,,csharp
class_16000,OrderManagerClass_16000,Domain,,csharp
class_16001,OrderManagerClass_16001,Domain,,csharp
class_16002,OrderManagerClass_16002,Domain,,csharp
class_16003,OrderManagerClass_16003,Domain,,csharp
class_16004,OrderManagerClass_16004,Domain,,csharp
class_16005,OrderManagerClass_16005,Domain,,csharp
class_16006,OrderManagerClass_16006,Domain,,csharp
class_16007,OrderManagerClass_16007,Domain,,csharp
class_16008,OrderManagerClass_16008,Domain,,csharp
class_16009,OrderManagerClass_16009,Domain,,csharp
class_16010,OrderManagerClass_16010,Domain,,csharp
class_16011,OrderManagerClass_16011,Domain,,csharp
class_16012,OrderManagerClass_16012,Domain,,csharp
class_16013,OrderManagerClass_16013,Domain,,csharp
class_16014,OrderManagerClass_16014,Domain,,csharp
class_16015,OrderManagerClass_16015,Domain,,csharp
class_16016,OrderManagerClass_16016,Domain,,csharp
class_16017,OrderManagerClass_16017,Domain,,csharp
class_16018,OrderManagerClass_16018,Domain,,csharp
class_16019,OrderManagerClass_16019,Domain,,csharp
class_16020,OrderManagerClass_16020,Domain,,csharp
class_16021,OrderManagerClass_16021,Domain,,csharp
class_16022,OrderManagerClass_16022,Domain,,csharp
class_16023,OrderManagerClass_16023,Domain,,csharp
class_16024,OrderManagerClass_16024,Domain,,csharp
class_16025,OrderManagerClass_16025,Domain,,csharp
class_16026,OrderManagerClass_16026,Domain,,csharp
class_16027,OrderManagerClass_16027,Domain,,csharp
class_16028,OrderManagerClass_16028,Domain,,csharp
class_16029,OrderManagerClass_16029,Domain,,csharp
class_16030,OrderManagerClass_16030,Domain,,csharp
class_16031,OrderManagerClass_16031,Domain,,csharp
class_16032,OrderManagerClass_16032,Domain,,csharp
class_16033,OrderManagerClass_16033,Domain,,csharp
class_16034,OrderManagerClass_16034,Domain,,csharp
class_16035,OrderManagerClass_16035,Domain,,csharp
class_16036,OrderManagerClass_16036,Domain,,csharp
class_16037,OrderManagerClass_16037,Domain,,csharp
class_16038,OrderManagerClass_16038,Domain,,csharp
class_16039,OrderManagerClass_16039,Domain,,csharp
class_16040,OrderManagerClass_16040,Domain,,csharp
class_16041,OrderManagerClass_16041,Domain,,csharp
class_16042,OrderManagerClass_16042,Domain,,csharp
class_16043,OrderManagerClass_16043,Domain,,csharp
class_16044,OrderManagerClass_16044,Domain,,csharp
class_16045,OrderManagerClass_16045,Domain,,csharp
class_16046,OrderManagerClass_16046,Domain,,csharp
class_16047,OrderManagerClass_16047,Domain,,csharp
class_16048,OrderManagerClass_16048,Domain,,csharp
class_16049,OrderManagerClass_16049,Domain,,csharp
class_16050,OrderManagerClass_16050,Domain,,csharp
class_16051,OrderManagerClass_16051,Domain,,csharp
class_16052,OrderManagerClass_16052,Domain,,csharp
class_16053,OrderManagerClass_16053,Domain,,csharp
class_16054,OrderManagerClass_16054,Domain,,csharp
class_16055,OrderManagerClass_16055,Domain,,csharp
class_16056,OrderManagerClass_16056,Domain,,csharp
class_16057,OrderManagerClass_16057,Domain,,csharp
class_16058,OrderManagerClass_16058,Domain,,csharp
class_16059,OrderManagerClass_16059,Domain,,csharp
class_16060,OrderManagerClass_16060,Domain,,csharp
class_16061,OrderManagerClass_16061,Domain,,csharp
class_16062,OrderManagerClass_16062,Domain,,csharp
class_16063,OrderManagerClass_16063,Domain,,csharp
class_16064,OrderManagerClass_16064,Domain,,csharp
class_16065,OrderManagerClass_16065,Domain,,csharp
class_16066,OrderManagerClass_16066,Domain,,csharp
class_16067,OrderManagerClass_16067,Domain,,csharp
class_16068,OrderManagerClass_16068,Domain,,csharp
class_16069,OrderManagerClass_16069,Domain,,csharp
class_16070,OrderManagerClass_16070,Domain,,csharp
class_16071,OrderManagerClass_16071,Domain,,csharp
class_16072,OrderManagerClass_16072,Domain,,csharp
class_16073,OrderManagerClass_16073,Domain,,csharp
class_16074,OrderManagerClass_16074,Domain,,csharp
class_16075,OrderManagerClass_16075,Domain,,csharp
class_16076,OrderManagerClass_16076,Domain,,csharp
class_16077,OrderManagerClass_16077,Domain,,csharp
class_16078,OrderManagerClass_16078,Domain,,csharp
class_16079,OrderManagerClass_16079,Domain,,csharp
class_16080,OrderManagerClass_16080,Domain,,csharp
class_16081,OrderManagerClass_16081,Domain,,csharp
class_16082,OrderManagerClass_16082,Domain,,csharp
class_16083,OrderManagerClass_16083,Domain,,csharp
class_16084,OrderManagerClass_16084,Domain,,csharp
class_16085,OrderManagerClass_16085,Domain,,csharp
class_16086,OrderManagerClass_16086,Domain,,csharp
class_16087,OrderManagerClass_16087,Domain,,csharp
class_16088,OrderManagerClass_16088,Domain,,csharp
class_16089,OrderManagerClass_16089,Domain,,csharp
class_16090,OrderManagerClass_16090,Domain,,csharp
class_16091,OrderManagerClass_16091,Domain,,csharp
class_16092,OrderManagerClass_16092,Domain,,csharp
class_16093,OrderManagerClass_16093,Domain,,csharp
class_16094,OrderManagerClass_16094,Domain,,csharp
class_16095,OrderManagerClass_16095,Domain,,csharp
class_16096,OrderManagerClass_16096,Domain,,csharp
class_16097,OrderManagerClass_16097,Domain,,csharp
class_16098,OrderManagerClass_16098,Domain,,csharp
class_16099,OrderManagerClass_16099,Domain,,csharp
class_16100,OrderManagerClass_16100,Domain,,csharp
class_16101,OrderManagerClass_16101,Domain,,csharp
class_16102,OrderManagerClass_16102,Domain,,csharp
class_16103,OrderManagerClass_16103,Domain,,csharp
class_16104,OrderManagerClass_16104,Domain,,csharp
class_16105,OrderManagerClass_16105,Domain,,csharp
class_16106,OrderManagerClass_16106,Domain,,csharp
class_16107,OrderManagerClass_16107,Domain,,csharp
class_16108,OrderManagerClass_16108,Domain,,csharp
class_16109,OrderManagerClass_16109,Domain,,csharp
class_16110,OrderManagerClass_16110,Domain,,csharp
class_16111,OrderManagerClass_16111,Domain,,csharp
class_16112,OrderManagerClass_16112,Domain,,csharp
class_16113,OrderManagerClass_16113,Domain,,csharp
class_16114,OrderManagerClass_16114,Domain,,csharp
class_16115,OrderManagerClass_16115,Domain,,csharp
class_16116,OrderManagerClass_16116,Domain,,csharp
class_16117,OrderManagerClass_16117,Domain,,csharp
class_16118,OrderManagerClass_16118,Domain,,csharp
class_16119,OrderManagerClass_16119,Domain,,csharp
class_16120,OrderManagerClass_16120,Domain,,csharp
class_16121,OrderManagerClass_16121,Domain,,csharp
class_16122,OrderManagerClass_16122,Domain,,csharp
class_16123,OrderManagerClass_16123,Domain,,csharp
class_16124,OrderManagerClass_16124,Domain,,csharp
class_16125,OrderManagerClass_16125,Domain,,csharp
class_16126,OrderManagerClass_16126,Domain,,csharp
class_16127,OrderManagerClass_16127,Domain,,csharp
class_16128,OrderManagerClass_16128,Domain,,csharp
class_16129,OrderManagerClass_16129,Domain,,csharp
class_16130,OrderManagerClass_16130,Domain,,csharp
class_16131,OrderManagerClass_16131,Domain,,csharp
class_16132,OrderManagerClass_16132,Domain,,csharp
class_16133,OrderManagerClass_16133,Domain,,csharp
class_16134,OrderManagerClass_16134,Domain,,csharp
class_16135,OrderManagerClass_16135,Domain,,csharp
class_16136,OrderManagerClass_16136,Domain,,csharp
class_16137,OrderManagerClass_16137,Domain,,csharp
class_16138,OrderManagerClass_16138,Domain,,csharp
class_16139,OrderManagerClass_16139,Domain,,csharp
class_16140,OrderManagerClass_16140,Domain,,csharp
class_16141,OrderManagerClass_16141,Domain,,csharp
class_16142,OrderManagerClass_16142,Domain,,csharp
class_16143,OrderManagerClass_16143,Domain,,csharp
class_16144,OrderManagerClass_16144,Domain,,csharp
class_16145,OrderManagerClass_16145,Domain,,csharp
class_16146,OrderManagerClass_16146,Domain,,csharp
class_16147,OrderManagerClass_16147,Domain,,csharp
class_16148,OrderManagerClass_16148,Domain,,csharp
class_16149,OrderManagerClass_16149,Domain,,csharp
class_16150,OrderManagerClass_16150,Domain,,csharp
class_16151,OrderManagerClass_16151,Domain,,csharp
class_16152,OrderManagerClass_16152,Domain,,csharp
class_16153,OrderManagerClass_16153,Domain,,csharp
class_16154,OrderManagerClass_16154,Domain,,csharp
class_16155,OrderManagerClass_16155,Domain,,csharp
class_16156,OrderManagerClass_16156,Domain,,csharp
class_16157,OrderManagerClass_16157,Domain,,csharp
class_16158,OrderManagerClass_16158,Domain,,csharp
class_16159,OrderManagerClass_16159,Domain,,csharp
class_16160,OrderManagerClass_16160,Domain,,csharp
class_16161,OrderManagerClass_16161,Domain,,csharp
class_16162,OrderManagerClass_16162,Domain,,csharp
class_16163,OrderManagerClass_16163,Domain,,csharp
class_16164,OrderManagerClass_16164,Domain,,csharp
class_16165,OrderManagerClass_16165,Domain,,csharp
class_16166,OrderManagerClass_16166,Domain,,csharp
class_16167,OrderManagerClass_16167,Domain,,csharp
class_16168,OrderManagerClass_16168,Domain,,csharp
class_16169,OrderManagerClass_16169,Domain,,csharp
class_16170,OrderManagerClass_16170,Domain,,csharp
class_16171,OrderManagerClass_16171,Domain,,csharp
class_16172,OrderManagerClass_16172,Domain,,csharp
class_16173,OrderManagerClass_16173,Domain,,csharp
class_16174,OrderManagerClass_16174,Domain,,csharp
class_16175,OrderManagerClass_16175,Domain,,csharp
class_16176,OrderManagerClass_16176,Domain,,csharp
class_16177,OrderManagerClass_16177,Domain,,csharp
class_16178,OrderManagerClass_16178,Domain,,csharp
class_16179,OrderManagerClass_16179,Domain,,csharp
class_16180,OrderManagerClass_16180,Domain,,csharp
class_16181,OrderManagerClass_16181,Domain,,csharp
class_16182,OrderManagerClass_16182,Domain,,csharp
class_16183,OrderManagerClass_16183,Domain,,csharp
class_16184,OrderManagerClass_16184,Domain,,csharp
class_16185,OrderManagerClass_16185,Domain,,csharp
class_16186,OrderManagerClass_16186,Domain,,csharp
class_16187,OrderManagerClass_16187,Domain,,csharp
class_16188,OrderManagerClass_16188,Domain,,csharp
class_16189,OrderManagerClass_16189,Domain,,csharp
class_16190,OrderManagerClass_16190,Domain,,csharp
class_16191,OrderManagerClass_16191,Domain,,csharp
class_16192,OrderManagerClass_16192,Domain,,csharp
class_16193,OrderManagerClass_16193,Domain,,csharp
class_16194,OrderManagerClass_16194,Domain,,csharp
class_16195,OrderManagerClass_16195,Domain,,csharp
class_16196,OrderManagerClass_16196,Domain,,csharp
class_16197,OrderManagerClass_16197,Domain,,csharp
class_16198,OrderManagerClass_16198,Domain,,csharp
class_16199,OrderManagerClass_16199,Domain,,csharp
class_16200,OrderManagerClass_16200,Domain,,csharp
class_16201,OrderManagerClass_16201,Domain,,csharp
class_16202,OrderManagerClass_16202,Domain,,csharp
class_16203,OrderManagerClass_16203,Domain,,csharp
class_16204,OrderManagerClass_16204,Domain,,csharp
class_16205,OrderManagerClass_16205,Domain,,csharp
class_16206,OrderManagerClass_16206,Domain,,csharp
class_16207,OrderManagerClass_16207,Domain,,csharp
class_16208,OrderManagerClass_16208,Domain,,csharp
class_16209,OrderManagerClass_16209,Domain,,csharp
class_16210,OrderManagerClass_16210,Domain,,csharp
class_16211,OrderManagerClass_16211,Domain,,csharp
class_16212,OrderManagerClass_16212,Domain,,csharp
class_16213,OrderManagerClass_16213,Domain,,csharp
class_16214,OrderManagerClass_16214,Domain,,csharp
class_16215,OrderManagerClass_16215,Domain,,csharp
class_16216,OrderManagerClass_16216,Domain,,csharp
class_16217,OrderManagerClass_16217,Domain,,csharp
class_16218,OrderManagerClass_16218,Domain,,csharp
class_16219,OrderManagerClass_16219,Domain,,csharp
class_16220,OrderManagerClass_16220,Domain,,csharp
class_16221,OrderManagerClass_16221,Domain,,csharp
class_16222,OrderManagerClass_16222,Domain,,csharp
class_16223,OrderManagerClass_16223,Domain,,csharp
class_16224,OrderManagerClass_16224,Domain,,csharp
class_16225,OrderManagerClass_16225,Domain,,csharp
class_16226,OrderManagerClass_16226,Domain,,csharp
class_16227,OrderManagerClass_16227,Domain,,csharp
class_16228,OrderManagerClass_16228,Domain,,csharp
class_16229,OrderManagerClass_16229,Domain,,csharp
class_16230,OrderManagerClass_16230,Domain,,csharp
class_16231,OrderManagerClass_16231,Domain,,csharp
class_16232,OrderManagerClass_16232,Domain,,csharp
class_16233,OrderManagerClass_16233,Domain,,csharp
class_16234,OrderManagerClass_16234,Domain,,csharp
class_16235,OrderManagerClass_16235,Domain,,csharp
class_16236,OrderManagerClass_16236,Domain,,csharp
class_16237,OrderManagerClass_16237,Domain,,csharp
class_16238,OrderManagerClass_16238,Domain,,csharp
class_16239,OrderManagerClass_16239,Domain,,csharp
class_16240,OrderManagerClass_16240,Domain,,csharp
class_16241,OrderManagerClass_16241,Domain,,csharp
class_16242,OrderManagerClass_16242,Domain,,csharp
class_16243,OrderManagerClass_16243,Domain,,csharp
class_16244,OrderManagerClass_16244,Domain,,csharp
class_16245,OrderManagerClass_16245,Domain,,csharp
class_16246,OrderManagerClass_16246,Domain,,csharp
class_16247,OrderManagerClass_16247,Domain,,csharp
class_16248,OrderManagerClass_16248,Domain,,csharp
class_16249,OrderManagerClass_16249,Domain,,csharp
class_16250,OrderManagerClass_16250,Domain,,csharp
class_16251,OrderManagerClass_16251,Domain,,csharp
class_16252,OrderManagerClass_16252,Domain,,csharp
class_16253,OrderManagerClass_16253,Domain,,csharp
class_16254,OrderManagerClass_16254,Domain,,csharp
class_16255,OrderManagerClass_16255,Domain,,csharp
class_16256,OrderManagerClass_16256,Domain,,csharp
class_16257,OrderManagerClass_16257,Domain,,csharp
class_16258,OrderManagerClass_16258,Domain,,csharp
class_16259,OrderManagerClass_16259,Domain,,csharp
class_16260,OrderManagerClass_16260,Domain,,csharp
class_16261,OrderManagerClass_16261,Domain,,csharp
class_16262,OrderManagerClass_16262,Domain,,csharp
class_16263,OrderManagerClass_16263,Domain,,csharp
class_16264,OrderManagerClass_16264,Domain,,csharp
class_16265,OrderManagerClass_16265,Domain,,csharp
class_16266,OrderManagerClass_16266,Domain,,csharp
class_16267,OrderManagerClass_16267,Domain,,csharp
class_16268,OrderManagerClass_16268,Domain,,csharp
class_16269,OrderManagerClass_16269,Domain,,csharp
class_16270,OrderManagerClass_16270,Domain,,csharp
class_16271,OrderManagerClass_16271,Domain,,csharp
class_16272,OrderManagerClass_16272,Domain,,csharp
class_16273,OrderManagerClass_16273,Domain,,csharp
class_16274,OrderManagerClass_16274,Domain,,csharp
class_16275,OrderManagerClass_16275,Domain,,csharp
class_16276,OrderManagerClass_16276,Domain,,csharp
class_16277,OrderManagerClass_16277,Domain,,csharp
class_16278,OrderManagerClass_16278,Domain,,csharp
class_16279,OrderManagerClass_16279,Domain,,csharp
class_16280,OrderManagerClass_16280,Domain,,csharp
class_16281,OrderManagerClass_16281,Domain,,csharp
class_16282,OrderManagerClass_16282,Domain,,csharp
class_16283,OrderManagerClass_16283,Domain,,csharp
class_16284,OrderManagerClass_16284,Domain,,csharp
class_16285,OrderManagerClass_16285,Domain,,csharp
class_16286,OrderManagerClass_16286,Domain,,csharp
class_16287,OrderManagerClass_16287,Domain,,csharp
class_16288,OrderManagerClass_16288,Domain,,csharp
class_16289,OrderManagerClass_16289,Domain,,csharp
class_16290,OrderManagerClass_16290,Domain,,csharp
class_16291,OrderManagerClass_16291,Domain,,csharp
class_16292,OrderManagerClass_16292,Domain,,csharp
class_16293,OrderManagerClass_16293,Domain,,csharp
class_16294,OrderManagerClass_16294,Domain,,csharp
class_16295,OrderManagerClass_16295,Domain,,csharp
class_16296,OrderManagerClass_16296,Domain,,csharp
class_16297,OrderManagerClass_16297,Domain,,csharp
class_16298,OrderManagerClass_16298,Domain,,csharp
class_16299,OrderManagerClass_16299,Domain,,csharp
class_16300,OrderManagerClass_16300,Domain,,csharp
class_16301,OrderManagerClass_16301,Domain,,csharp
class_16302,OrderManagerClass_16302,Domain,,csharp
class_16303,OrderManagerClass_16303,Domain,,csharp
class_16304,OrderManagerClass_16304,Domain,,csharp
class_16305,OrderManagerClass_16305,Domain,,csharp
class_16306,OrderManagerClass_16306,Domain,,csharp
class_16307,OrderManagerClass_16307,Domain,,csharp
class_16308,OrderManagerClass_16308,Domain,,csharp
class_16309,OrderManagerClass_16309,Domain,,csharp
class_16310,OrderManagerClass_16310,Domain,,csharp
class_16311,OrderManagerClass_16311,Domain,,csharp
class_16312,OrderManagerClass_16312,Domain,,csharp
class_16313,OrderManagerClass_16313,Domain,,csharp
class_16314,OrderManagerClass_16314,Domain,,csharp
class_16315,OrderManagerClass_16315,Domain,,csharp
class_16316,OrderManagerClass_16316,Domain,,csharp
class_16317,OrderManagerClass_16317,Domain,,csharp
class_16318,OrderManagerClass_16318,Domain,,csharp
class_16319,OrderManagerClass_16319,Domain,,csharp
class_16320,OrderManagerClass_16320,Domain,,csharp
class_16321,OrderManagerClass_16321,Domain,,csharp
class_16322,OrderManagerClass_16322,Domain,,csharp
class_16323,OrderManagerClass_16323,Domain,,csharp
class_16324,OrderManagerClass_16324,Domain,,csharp
class_16325,OrderManagerClass_16325,Domain,,csharp
class_16326,OrderManagerClass_16326,Domain,,csharp
class_16327,OrderManagerClass_16327,Domain,,csharp
class_16328,OrderManagerClass_16328,Domain,,csharp
class_16329,OrderManagerClass_16329,Domain,,csharp
class_16330,OrderManagerClass_16330,Domain,,csharp
class_16331,OrderManagerClass_16331,Domain,,csharp
class_16332,OrderManagerClass_16332,Domain,,csharp
class_16333,OrderManagerClass_16333,Domain,,csharp
class_16334,OrderManagerClass_16334,Domain,,csharp
class_16335,OrderManagerClass_16335,Domain,,csharp
class_16336,OrderManagerClass_16336,Domain,,csharp
class_16337,OrderManagerClass_16337,Domain,,csharp
class_16338,OrderManagerClass_16338,Domain,,csharp
class_16339,OrderManagerClass_16339,Domain,,csharp
class_16340,OrderManagerClass_16340,Domain,,csharp
class_16341,OrderManagerClass_16341,Domain,,csharp
class_16342,OrderManagerClass_16342,Domain,,csharp
class_16343,OrderManagerClass_16343,Domain,,csharp
class_16344,OrderManagerClass_16344,Domain,,csharp
class_16345,OrderManagerClass_16345,Domain,,csharp
class_16346,OrderManagerClass_16346,Domain,,csharp
class_16347,OrderManagerClass_16347,Domain,,csharp
class_16348,OrderManagerClass_16348,Domain,,csharp
class_16349,OrderManagerClass_16349,Domain,,csharp
class_16350,OrderManagerClass_16350,Domain,,csharp
class_16351,OrderManagerClass_16351,Domain,,csharp
class_16352,OrderManagerClass_16352,Domain,,csharp
class_16353,OrderManagerClass_16353,Domain,,csharp
class_16354,OrderManagerClass_16354,Domain,,csharp
class_16355,OrderManagerClass_16355,Domain,,csharp
class_16356,OrderManagerClass_16356,Domain,,csharp
class_16357,OrderManagerClass_16357,Domain,,csharp
class_16358,OrderManagerClass_16358,Domain,,csharp
class_16359,OrderManagerClass_16359,Domain,,csharp
class_16360,OrderManagerClass_16360,Domain,,csharp
class_16361,OrderManagerClass_16361,Domain,,csharp
class_16362,OrderManagerClass_16362,Domain,,csharp
class_16363,OrderManagerClass_16363,Domain,,csharp
class_16364,OrderManagerClass_16364,Domain,,csharp
class_16365,OrderManagerClass_16365,Domain,,csharp
class_16366,OrderManagerClass_16366,Domain,,csharp
class_16367,OrderManagerClass_16367,Domain,,csharp
class_16368,OrderManagerClass_16368,Domain,,csharp
class_16369,OrderManagerClass_16369,Domain,,csharp
class_16370,OrderManagerClass_16370,Domain,,csharp
class_16371,OrderManagerClass_16371,Domain,,csharp
class_16372,OrderManagerClass_16372,Domain,,csharp
class_16373,OrderManagerClass_16373,Domain,,csharp
class_16374,OrderManagerClass_16374,Domain,,csharp
class_16375,OrderManagerClass_16375,Domain,,csharp
class_16376,OrderManagerClass_16376,Domain,,csharp
class_16377,OrderManagerClass_16377,Domain,,csharp
class_16378,OrderManagerClass_16378,Domain,,csharp
class_16379,OrderManagerClass_16379,Domain,,csharp
class_16380,OrderManagerClass_16380,Domain,,csharp
class_16381,OrderManagerClass_16381,Domain,,csharp
class_16382,OrderManagerClass_16382,Domain,,csharp
class_16383,OrderManagerClass_16383,Domain,,csharp
class_16384,OrderManagerClass_16384,Domain,,csharp
class_16385,OrderManagerClass_16385,Domain,,csharp
class_16386,OrderManagerClass_16386,Domain,,csharp
class_16387,OrderManagerClass_16387,Domain,,csharp
class_16388,OrderManagerClass_16388,Domain,,csharp
class_16389,OrderManagerClass_16389,Domain,,csharp
class_16390,OrderManagerClass_16390,Domain,,csharp
class_16391,OrderManagerClass_16391,Domain,,csharp
class_16392,OrderManagerClass_16392,Domain,,csharp
class_16393,OrderManagerClass_16393,Domain,,csharp
class_16394,OrderManagerClass_16394,Domain,,csharp
class_16395,OrderManagerClass_16395,Domain,,csharp
class_16396,OrderManagerClass_16396,Domain,,csharp
class_16397,OrderManagerClass_16397,Domain,,csharp
class_16398,OrderManagerClass_16398,Domain,,csharp
class_16399,OrderManagerClass_16399,Domain,,csharp
class_16400,OrderManagerClass_16400,Domain,,csharp
class_16401,OrderManagerClass_16401,Domain,,csharp
class_16402,OrderManagerClass_16402,Domain,,csharp
class_16403,OrderManagerClass_16403,Domain,,csharp
class_16404,OrderManagerClass_16404,Domain,,csharp
class_16405,OrderManagerClass_16405,Domain,,csharp
class_16406,OrderManagerClass_16406,Domain,,csharp
class_16407,OrderManagerClass_16407,Domain,,csharp
class_16408,OrderManagerClass_16408,Domain,,csharp
class_16409,OrderManagerClass_16409,Domain,,csharp
class_16410,OrderManagerClass_16410,Domain,,csharp
class_16411,OrderManagerClass_16411,Domain,,csharp
class_16412,OrderManagerClass_16412,Domain,,csharp
class_16413,OrderManagerClass_16413,Domain,,csharp
class_16414,OrderManagerClass_16414,Domain,,csharp
class_16415,OrderManagerClass_16415,Domain,,csharp
class_16416,OrderManagerClass_16416,Domain,,csharp
class_16417,OrderManagerClass_16417,Domain,,csharp
class_16418,OrderManagerClass_16418,Domain,,csharp
class_16419,OrderManagerClass_16419,Domain,,csharp
class_16420,OrderManagerClass_16420,Domain,,csharp
class_16421,OrderManagerClass_16421,Domain,,csharp
class_16422,OrderManagerClass_16422,Domain,,csharp
class_16423,OrderManagerClass_16423,Domain,,csharp
class_16424,OrderManagerClass_16424,Domain,,csharp
class_16425,OrderManagerClass_16425,Domain,,csharp
class_16426,OrderManagerClass_16426,Domain,,csharp
class_16427,OrderManagerClass_16427,Domain,,csharp
class_16428,OrderManagerClass_16428,Domain,,csharp
class_16429,OrderManagerClass_16429,Domain,,csharp
class_16430,OrderManagerClass_16430,Domain,,csharp
class_16431,OrderManagerClass_16431,Domain,,csharp
class_16432,OrderManagerClass_16432,Domain,,csharp
class_16433,OrderManagerClass_16433,Domain,,csharp
class_16434,OrderManagerClass_16434,Domain,,csharp
class_16435,OrderManagerClass_16435,Domain,,csharp
class_16436,OrderManagerClass_16436,Domain,,csharp
class_16437,OrderManagerClass_16437,Domain,,csharp
class_16438,OrderManagerClass_16438,Domain,,csharp
class_16439,OrderManagerClass_16439,Domain,,csharp
class_16440,OrderManagerClass_16440,Domain,,csharp
class_16441,OrderManagerClass_16441,Domain,,csharp
class_16442,OrderManagerClass_16442,Domain,,csharp
class_16443,OrderManagerClass_16443,Domain,,csharp
class_16444,OrderManagerClass_16444,Domain,,csharp
class_16445,OrderManagerClass_16445,Domain,,csharp
class_16446,OrderManagerClass_16446,Domain,,csharp
class_16447,OrderManagerClass_16447,Domain,,csharp
class_16448,OrderManagerClass_16448,Domain,,csharp
class_16449,OrderManagerClass_16449,Domain,,csharp
class_16450,OrderManagerClass_16450,Domain,,csharp
class_16451,OrderManagerClass_16451,Domain,,csharp
class_16452,OrderManagerClass_16452,Domain,,csharp
class_16453,OrderManagerClass_16453,Domain,,csharp
class_16454,OrderManagerClass_16454,Domain,,csharp
class_16455,OrderManagerClass_16455,Domain,,csharp
class_16456,OrderManagerClass_16456,Domain,,csharp
class_16457,OrderManagerClass_16457,Domain,,csharp
class_16458,OrderManagerClass_16458,Domain,,csharp
class_16459,OrderManagerClass_16459,Domain,,csharp
class_16460,OrderManagerClass_16460,Domain,,csharp
class_16461,OrderManagerClass_16461,Domain,,csharp
class_16462,OrderManagerClass_16462,Domain,,csharp
class_16463,OrderManagerClass_16463,Domain,,csharp
class_16464,OrderManagerClass_16464,Domain,,csharp
class_16465,OrderManagerClass_16465,Domain,,csharp
class_16466,OrderManagerClass_16466,Domain,,csharp
class_16467,OrderManagerClass_16467,Domain,,csharp
class_16468,OrderManagerClass_16468,Domain,,csharp
class_16469,OrderManagerClass_16469,Domain,,csharp
class_16470,OrderManagerClass_16470,Domain,,csharp
class_16471,OrderManagerClass_16471,Domain,,csharp
class_16472,OrderManagerClass_16472,Domain,,csharp
class_16473,OrderManagerClass_16473,Domain,,csharp
class_16474,OrderManagerClass_16474,Domain,,csharp
class_16475,OrderManagerClass_16475,Domain,,csharp
class_16476,OrderManagerClass_16476,Domain,,csharp
class_16477,OrderManagerClass_16477,Domain,,csharp
class_16478,OrderManagerClass_16478,Domain,,csharp
class_16479,OrderManagerClass_16479,Domain,,csharp
class_16480,OrderManagerClass_16480,Domain,,csharp
class_16481,OrderManagerClass_16481,Domain,,csharp
class_16482,OrderManagerClass_16482,Domain,,csharp
class_16483,OrderManagerClass_16483,Domain,,csharp
class_16484,OrderManagerClass_16484,Domain,,csharp
class_16485,OrderManagerClass_16485,Domain,,csharp
class_16486,OrderManagerClass_16486,Domain,,csharp
class_16487,OrderManagerClass_16487,Domain,,csharp
class_16488,OrderManagerClass_16488,Domain,,csharp
class_16489,OrderManagerClass_16489,Domain,,csharp
class_16490,OrderManagerClass_16490,Domain,,csharp
class_16491,OrderManagerClass_16491,Domain,,csharp
class_16492,OrderManagerClass_16492,Domain,,csharp
class_16493,OrderManagerClass_16493,Domain,,csharp
class_16494,OrderManagerClass_16494,Domain,,csharp
class_16495,OrderManagerClass_16495,Domain,,csharp
class_16496,OrderManagerClass_16496,Domain,,csharp
class_16497,OrderManagerClass_16497,Domain,,csharp
class_16498,OrderManagerClass_16498,Domain,,csharp
class_16499,OrderManagerClass_16499,Domain,,csharp
class_16500,OrderManagerClass_16500,Domain,,csharp
class_16501,OrderManagerClass_16501,Domain,,csharp
class_16502,OrderManagerClass_16502,Domain,,csharp
class_16503,OrderManagerClass_16503,Domain,,csharp
class_16504,OrderManagerClass_16504,Domain,,csharp
class_16505,OrderManagerClass_16505,Domain,,csharp
class_16506,OrderManagerClass_16506,Domain,,csharp
class_16507,OrderManagerClass_16507,Domain,,csharp
class_16508,OrderManagerClass_16508,Domain,,csharp
class_16509,OrderManagerClass_16509,Domain,,csharp
class_16510,OrderManagerClass_16510,Domain,,csharp
class_16511,OrderManagerClass_16511,Domain,,csharp
class_16512,OrderManagerClass_16512,Domain,,csharp
class_16513,OrderManagerClass_16513,Domain,,csharp
class_16514,OrderManagerClass_16514,Domain,,csharp
class_16515,OrderManagerClass_16515,Domain,,csharp
class_16516,OrderManagerClass_16516,Domain,,csharp
class_16517,OrderManagerClass_16517,Domain,,csharp
class_16518,OrderManagerClass_16518,Domain,,csharp
class_16519,OrderManagerClass_16519,Domain,,csharp
class_16520,OrderManagerClass_16520,Domain,,csharp
class_16521,OrderManagerClass_16521,Domain,,csharp
class_16522,OrderManagerClass_16522,Domain,,csharp
class_16523,OrderManagerClass_16523,Domain,,csharp
class_16524,OrderManagerClass_16524,Domain,,csharp
class_16525,OrderManagerClass_16525,Domain,,csharp
class_16526,OrderManagerClass_16526,Domain,,csharp
class_16527,OrderManagerClass_16527,Domain,,csharp
class_16528,OrderManagerClass_16528,Domain,,csharp
class_16529,OrderManagerClass_16529,Domain,,csharp
class_16530,OrderManagerClass_16530,Domain,,csharp
class_16531,OrderManagerClass_16531,Domain,,csharp
class_16532,OrderManagerClass_16532,Domain,,csharp
class_16533,OrderManagerClass_16533,Domain,,csharp
class_16534,OrderManagerClass_16534,Domain,,csharp
class_16535,OrderManagerClass_16535,Domain,,csharp
class_16536,OrderManagerClass_16536,Domain,,csharp
class_16537,OrderManagerClass_16537,Domain,,csharp
class_16538,OrderManagerClass_16538,Domain,,csharp
class_16539,OrderManagerClass_16539,Domain,,csharp
class_16540,OrderManagerClass_16540,Domain,,csharp
class_16541,OrderManagerClass_16541,Domain,,csharp
class_16542,OrderManagerClass_16542,Domain,,csharp
class_16543,OrderManagerClass_16543,Domain,,csharp
class_16544,OrderManagerClass_16544,Domain,,csharp
class_16545,OrderManagerClass_16545,Domain,,csharp
class_16546,OrderManagerClass_16546,Domain,,csharp
class_16547,OrderManagerClass_16547,Domain,,csharp
class_16548,OrderManagerClass_16548,Domain,,csharp
class_16549,OrderManagerClass_16549,Domain,,csharp
class_16550,OrderManagerClass_16550,Domain,,csharp
class_16551,OrderManagerClass_16551,Domain,,csharp
class_16552,OrderManagerClass_16552,Domain,,csharp
class_16553,OrderManagerClass_16553,Domain,,csharp
class_16554,OrderManagerClass_16554,Domain,,csharp
class_16555,OrderManagerClass_16555,Domain,,csharp
class_16556,OrderManagerClass_16556,Domain,,csharp
class_16557,OrderManagerClass_16557,Domain,,csharp
class_16558,OrderManagerClass_16558,Domain,,csharp
class_16559,OrderManagerClass_16559,Domain,,csharp
class_16560,OrderManagerClass_16560,Domain,,csharp
class_16561,OrderManagerClass_16561,Domain,,csharp
class_16562,OrderManagerClass_16562,Domain,,csharp
class_16563,OrderManagerClass_16563,Domain,,csharp
class_16564,OrderManagerClass_16564,Domain,,csharp
class_16565,OrderManagerClass_16565,Domain,,csharp
class_16566,OrderManagerClass_16566,Domain,,csharp
class_16567,OrderManagerClass_16567,Domain,,csharp
class_16568,OrderManagerClass_16568,Domain,,csharp
class_16569,OrderManagerClass_16569,Domain,,csharp
class_16570,OrderManagerClass_16570,Domain,,csharp
class_16571,OrderManagerClass_16571,Domain,,csharp
class_16572,OrderManagerClass_16572,Domain,,csharp
class_16573,OrderManagerClass_16573,Domain,,csharp
class_16574,OrderManagerClass_16574,Domain,,csharp
class_16575,OrderManagerClass_16575,Domain,,csharp
class_16576,OrderManagerClass_16576,Domain,,csharp
class_16577,OrderManagerClass_16577,Domain,,csharp
class_16578,OrderManagerClass_16578,Domain,,csharp
class_16579,OrderManagerClass_16579,Domain,,csharp
class_16580,OrderManagerClass_16580,Domain,,csharp
class_16581,OrderManagerClass_16581,Domain,,csharp
class_16582,OrderManagerClass_16582,Domain,,csharp
class_16583,OrderManagerClass_16583,Domain,,csharp
class_16584,OrderManagerClass_16584,Domain,,csharp
class_16585,OrderManagerClass_16585,Domain,,csharp
class_16586,OrderManagerClass_16586,Domain,,csharp
class_16587,OrderManagerClass_16587,Domain,,csharp
class_16588,OrderManagerClass_16588,Domain,,csharp
class_16589,OrderManagerClass_16589,Domain,,csharp
class_16590,OrderManagerClass_16590,Domain,,csharp
class_16591,OrderManagerClass_16591,Domain,,csharp
class_16592,OrderManagerClass_16592,Domain,,csharp
class_16593,OrderManagerClass_16593,Domain,,csharp
class_16594,OrderManagerClass_16594,Domain,,csharp
class_16595,OrderManagerClass_16595,Domain,,csharp
class_16596,OrderManagerClass_16596,Domain,,csharp
class_16597,OrderManagerClass_16597,Domain,,csharp
class_16598,OrderManagerClass_16598,Domain,,csharp
class_16599,OrderManagerClass_16599,Domain,,csharp
class_16600,OrderManagerClass_16600,Domain,,csharp
class_16601,OrderManagerClass_16601,Domain,,csharp
class_16602,OrderManagerClass_16602,Domain,,csharp
class_16603,OrderManagerClass_16603,Domain,,csharp
class_16604,OrderManagerClass_16604,Domain,,csharp
class_16605,OrderManagerClass_16605,Domain,,csharp
class_16606,OrderManagerClass_16606,Domain,,csharp
class_16607,OrderManagerClass_16607,Domain,,csharp
class_16608,OrderManagerClass_16608,Domain,,csharp
class_16609,OrderManagerClass_16609,Domain,,csharp
class_16610,OrderManagerClass_16610,Domain,,csharp
class_16611,OrderManagerClass_16611,Domain,,csharp
class_16612,OrderManagerClass_16612,Domain,,csharp
class_16613,OrderManagerClass_16613,Domain,,csharp
class_16614,OrderManagerClass_16614,Domain,,csharp
class_16615,OrderManagerClass_16615,Domain,,csharp
class_16616,OrderManagerClass_16616,Domain,,csharp
class_16617,OrderManagerClass_16617,Domain,,csharp
class_16618,OrderManagerClass_16618,Domain,,csharp
class_16619,OrderManagerClass_16619,Domain,,csharp
class_16620,OrderManagerClass_16620,Domain,,csharp
class_16621,OrderManagerClass_16621,Domain,,csharp
class_16622,OrderManagerClass_16622,Domain,,csharp
class_16623,OrderManagerClass_16623,Domain,,csharp
class_16624,OrderManagerClass_16624,Domain,,csharp
class_16625,OrderManagerClass_16625,Domain,,csharp
class_16626,OrderManagerClass_16626,Domain,,csharp
class_16627,OrderManagerClass_16627,Domain,,csharp
class_16628,OrderManagerClass_16628,Domain,,csharp
class_16629,OrderManagerClass_16629,Domain,,csharp
class_16630,OrderManagerClass_16630,Domain,,csharp
class_16631,OrderManagerClass_16631,Domain,,csharp
class_16632,OrderManagerClass_16632,Domain,,csharp
class_16633,OrderManagerClass_16633,Domain,,csharp
class_16634,OrderManagerClass_16634,Domain,,csharp
class_16635,OrderManagerClass_16635,Domain,,csharp
class_16636,OrderManagerClass_16636,Domain,,csharp
class_16637,OrderManagerClass_16637,Domain,,csharp
class_16638,OrderManagerClass_16638,Domain,,csharp
class_16639,OrderManagerClass_16639,Domain,,csharp
class_16640,OrderManagerClass_16640,Domain,,csharp
class_16641,OrderManagerClass_16641,Domain,,csharp
class_16642,OrderManagerClass_16642,Domain,,csharp
class_16643,OrderManagerClass_16643,Domain,,csharp
class_16644,OrderManagerClass_16644,Domain,,csharp
class_16645,OrderManagerClass_16645,Domain,,csharp
class_16646,OrderManagerClass_16646,Domain,,csharp
class_16647,OrderManagerClass_16647,Domain,,csharp
class_16648,OrderManagerClass_16648,Domain,,csharp
class_16649,OrderManagerClass_16649,Domain,,csharp
class_16650,OrderManagerClass_16650,Domain,,csharp
class_16651,OrderManagerClass_16651,Domain,,csharp
class_16652,OrderManagerClass_16652,Domain,,csharp
class_16653,OrderManagerClass_16653,Domain,,csharp
class_16654,OrderManagerClass_16654,Domain,,csharp
class_16655,OrderManagerClass_16655,Domain,,csharp
class_16656,OrderManagerClass_16656,Domain,,csharp
class_16657,OrderManagerClass_16657,Domain,,csharp
class_16658,OrderManagerClass_16658,Domain,,csharp
class_16659,OrderManagerClass_16659,Domain,,csharp
class_16660,OrderManagerClass_16660,Domain,,csharp
class_16661,OrderManagerClass_16661,Domain,,csharp
class_16662,OrderManagerClass_16662,Domain,,csharp
class_16663,OrderManagerClass_16663,Domain,,csharp
class_16664,OrderManagerClass_16664,Domain,,csharp
class_16665,OrderManagerClass_16665,Domain,,csharp
class_16666,OrderManagerClass_16666,Domain,,csharp
class_16667,OrderManagerClass_16667,Domain,,csharp
class_16668,OrderManagerClass_16668,Domain,,csharp
class_16669,OrderManagerClass_16669,Domain,,csharp
class_16670,OrderManagerClass_16670,Domain,,csharp
class_16671,OrderManagerClass_16671,Domain,,csharp
class_16672,OrderManagerClass_16672,Domain,,csharp
class_16673,OrderManagerClass_16673,Domain,,csharp
class_16674,OrderManagerClass_16674,Domain,,csharp
class_16675,OrderManagerClass_16675,Domain,,csharp
class_16676,OrderManagerClass_16676,Domain,,csharp
class_16677,OrderManagerClass_16677,Domain,,csharp
class_16678,OrderManagerClass_16678,Domain,,csharp
class_16679,OrderManagerClass_16679,Domain,,csharp
class_16680,OrderManagerClass_16680,Domain,,csharp
class_16681,OrderManagerClass_16681,Domain,,csharp
class_16682,OrderManagerClass_16682,Domain,,csharp
class_16683,OrderManagerClass_16683,Domain,,csharp
class_16684,OrderManagerClass_16684,Domain,,csharp
class_16685,OrderManagerClass_16685,Domain,,csharp
class_16686,OrderManagerClass_16686,Domain,,csharp
class_16687,OrderManagerClass_16687,Domain,,csharp
class_16688,OrderManagerClass_16688,Domain,,csharp
class_16689,OrderManagerClass_16689,Domain,,csharp
class_16690,OrderManagerClass_16690,Domain,,csharp
class_16691,OrderManagerClass_16691,Domain,,csharp
class_16692,OrderManagerClass_16692,Domain,,csharp
class_16693,OrderManagerClass_16693,Domain,,csharp
class_16694,OrderManagerClass_16694,Domain,,csharp
class_16695,OrderManagerClass_16695,Domain,,csharp
class_16696,OrderManagerClass_16696,Domain,,csharp
class_16697,OrderManagerClass_16697,Domain,,csharp
class_16698,OrderManagerClass_16698,Domain,,csharp
class_16699,OrderManagerClass_16699,Domain,,csharp
class_16700,OrderManagerClass_16700,Domain,,csharp
class_16701,OrderManagerClass_16701,Domain,,csharp
class_16702,OrderManagerClass_16702,Domain,,csharp
class_16703,OrderManagerClass_16703,Domain,,csharp
class_16704,OrderManagerClass_16704,Domain,,csharp
class_16705,OrderManagerClass_16705,Domain,,csharp
class_16706,OrderManagerClass_16706,Domain,,csharp
class_16707,OrderManagerClass_16707,Domain,,csharp
class_16708,OrderManagerClass_16708,Domain,,csharp
class_16709,OrderManagerClass_16709,Domain,,csharp
class_16710,OrderManagerClass_16710,Domain,,csharp
class_16711,OrderManagerClass_16711,Domain,,csharp
class_16712,OrderManagerClass_16712,Domain,,csharp
class_16713,OrderManagerClass_16713,Domain,,csharp
class_16714,OrderManagerClass_16714,Domain,,csharp
class_16715,OrderManagerClass_16715,Domain,,csharp
class_16716,OrderManagerClass_16716,Domain,,csharp
class_16717,OrderManagerClass_16717,Domain,,csharp
class_16718,OrderManagerClass_16718,Domain,,csharp
class_16719,OrderManagerClass_16719,Domain,,csharp
class_16720,OrderManagerClass_16720,Domain,,csharp
class_16721,OrderManagerClass_16721,Domain,,csharp
class_16722,OrderManagerClass_16722,Domain,,csharp
class_16723,OrderManagerClass_16723,Domain,,csharp
class_16724,OrderManagerClass_16724,Domain,,csharp
class_16725,OrderManagerClass_16725,Domain,,csharp
class_16726,OrderManagerClass_16726,Domain,,csharp
class_16727,OrderManagerClass_16727,Domain,,csharp
class_16728,OrderManagerClass_16728,Domain,,csharp
class_16729,OrderManagerClass_16729,Domain,,csharp
class_16730,OrderManagerClass_16730,Domain,,csharp
class_16731,OrderManagerClass_16731,Domain,,csharp
class_16732,OrderManagerClass_16732,Domain,,csharp
class_16733,OrderManagerClass_16733,Domain,,csharp
class_16734,OrderManagerClass_16734,Domain,,csharp
class_16735,OrderManagerClass_16735,Domain,,csharp
class_16736,OrderManagerClass_16736,Domain,,csharp
class_16737,OrderManagerClass_16737,Domain,,csharp
class_16738,OrderManagerClass_16738,Domain,,csharp
class_16739,OrderManagerClass_16739,Domain,,csharp
class_16740,OrderManagerClass_16740,Domain,,csharp
class_16741,OrderManagerClass_16741,Domain,,csharp
class_16742,OrderManagerClass_16742,Domain,,csharp
class_16743,OrderManagerClass_16743,Domain,,csharp
class_16744,OrderManagerClass_16744,Domain,,csharp
class_16745,OrderManagerClass_16745,Domain,,csharp
class_16746,OrderManagerClass_16746,Domain,,csharp
class_16747,OrderManagerClass_16747,Domain,,csharp
class_16748,OrderManagerClass_16748,Domain,,csharp
class_16749,OrderManagerClass_16749,Domain,,csharp
class_16750,OrderManagerClass_16750,Domain,,csharp
class_16751,OrderManagerClass_16751,Domain,,csharp
class_16752,OrderManagerClass_16752,Domain,,csharp
class_16753,OrderManagerClass_16753,Domain,,csharp
class_16754,OrderManagerClass_16754,Domain,,csharp
class_16755,OrderManagerClass_16755,Domain,,csharp
class_16756,OrderManagerClass_16756,Domain,,csharp
class_16757,OrderManagerClass_16757,Domain,,csharp
class_16758,OrderManagerClass_16758,Domain,,csharp
class_16759,OrderManagerClass_16759,Domain,,csharp
class_16760,OrderManagerClass_16760,Domain,,csharp
class_16761,OrderManagerClass_16761,Domain,,csharp
class_16762,OrderManagerClass_16762,Domain,,csharp
class_16763,OrderManagerClass_16763,Domain,,csharp
class_16764,OrderManagerClass_16764,Domain,,csharp
class_16765,OrderManagerClass_16765,Domain,,csharp
class_16766,OrderManagerClass_16766,Domain,,csharp
class_16767,OrderManagerClass_16767,Domain,,csharp
class_16768,OrderManagerClass_16768,Domain,,csharp
class_16769,OrderManagerClass_16769,Domain,,csharp
class_16770,OrderManagerClass_16770,Domain,,csharp
class_16771,OrderManagerClass_16771,Domain,,csharp
class_16772,OrderManagerClass_16772,Domain,,csharp
class_16773,OrderManagerClass_16773,Domain,,csharp
class_16774,OrderManagerClass_16774,Domain,,csharp
class_16775,OrderManagerClass_16775,Domain,,csharp
class_16776,OrderManagerClass_16776,Domain,,csharp
class_16777,OrderManagerClass_16777,Domain,,csharp
class_16778,OrderManagerClass_16778,Domain,,csharp
class_16779,OrderManagerClass_16779,Domain,,csharp
class_16780,OrderManagerClass_16780,Domain,,csharp
class_16781,OrderManagerClass_16781,Domain,,csharp
class_16782,OrderManagerClass_16782,Domain,,csharp
class_16783,OrderManagerClass_16783,Domain,,csharp
class_16784,OrderManagerClass_16784,Domain,,csharp
class_16785,OrderManagerClass_16785,Domain,,csharp
class_16786,OrderManagerClass_16786,Domain,,csharp
class_16787,OrderManagerClass_16787,Domain,,csharp
class_16788,OrderManagerClass_16788,Domain,,csharp
class_16789,OrderManagerClass_16789,Domain,,csharp
class_16790,OrderManagerClass_16790,Domain,,csharp
class_16791,OrderManagerClass_16791,Domain,,csharp
class_16792,OrderManagerClass_16792,Domain,,csharp
class_16793,OrderManagerClass_16793,Domain,,csharp
class_16794,OrderManagerClass_16794,Domain,,csharp
class_16795,OrderManagerClass_16795,Domain,,csharp
class_16796,OrderManagerClass_16796,Domain,,csharp
class_16797,OrderManagerClass_16797,Domain,,csharp
class_16798,OrderManagerClass_16798,Domain,,csharp
class_16799,OrderManagerClass_16799,Domain,,csharp
class_16800,OrderManagerClass_16800,Domain,,csharp
class_16801,OrderManagerClass_16801,Domain,,csharp
class_16802,OrderManagerClass_16802,Domain,,csharp
class_16803,OrderManagerClass_16803,Domain,,csharp
class_16804,OrderManagerClass_16804,Domain,,csharp
class_16805,OrderManagerClass_16805,Domain,,csharp
class_16806,OrderManagerClass_16806,Domain,,csharp
class_16807,OrderManagerClass_16807,Domain,,csharp
class_16808,OrderManagerClass_16808,Domain,,csharp
class_16809,OrderManagerClass_16809,Domain,,csharp
class_16810,OrderManagerClass_16810,Domain,,csharp
class_16811,OrderManagerClass_16811,Domain,,csharp
class_16812,OrderManagerClass_16812,Domain,,csharp
class_16813,OrderManagerClass_16813,Domain,,csharp
class_16814,OrderManagerClass_16814,Domain,,csharp
class_16815,OrderManagerClass_16815,Domain,,csharp
class_16816,OrderManagerClass_16816,Domain,,csharp
class_16817,OrderManagerClass_16817,Domain,,csharp
class_16818,OrderManagerClass_16818,Domain,,csharp
class_16819,OrderManagerClass_16819,Domain,,csharp
class_16820,OrderManagerClass_16820,Domain,,csharp
class_16821,OrderManagerClass_16821,Domain,,csharp
class_16822,OrderManagerClass_16822,Domain,,csharp
class_16823,OrderManagerClass_16823,Domain,,csharp
class_16824,OrderManagerClass_16824,Domain,,csharp
class_16825,OrderManagerClass_16825,Domain,,csharp
class_16826,OrderManagerClass_16826,Domain,,csharp
class_16827,OrderManagerClass_16827,Domain,,csharp
class_16828,OrderManagerClass_16828,Domain,,csharp
class_16829,OrderManagerClass_16829,Domain,,csharp
class_16830,OrderManagerClass_16830,Domain,,csharp
class_16831,OrderManagerClass_16831,Domain,,csharp
class_16832,OrderManagerClass_16832,Domain,,csharp
class_16833,OrderManagerClass_16833,Domain,,csharp
class_16834,OrderManagerClass_16834,Domain,,csharp
class_16835,OrderManagerClass_16835,Domain,,csharp
class_16836,OrderManagerClass_16836,Domain,,csharp
class_16837,OrderManagerClass_16837,Domain,,csharp
class_16838,OrderManagerClass_16838,Domain,,csharp
class_16839,OrderManagerClass_16839,Domain,,csharp
class_16840,OrderManagerClass_16840,Domain,,csharp
class_16841,OrderManagerClass_16841,Domain,,csharp
class_16842,OrderManagerClass_16842,Domain,,csharp
class_16843,OrderManagerClass_16843,Domain,,csharp
class_16844,OrderManagerClass_16844,Domain,,csharp
class_16845,OrderManagerClass_16845,Domain,,csharp
class_16846,OrderManagerClass_16846,Domain,,csharp
class_16847,OrderManagerClass_16847,Domain,,csharp
class_16848,OrderManagerClass_16848,Domain,,csharp
class_16849,OrderManagerClass_16849,Domain,,csharp
class_16850,OrderManagerClass_16850,Domain,,csharp
class_16851,OrderManagerClass_16851,Domain,,csharp
class_16852,OrderManagerClass_16852,Domain,,csharp
class_16853,OrderManagerClass_16853,Domain,,csharp
class_16854,OrderManagerClass_16854,Domain,,csharp
class_16855,OrderManagerClass_16855,Domain,,csharp
class_16856,OrderManagerClass_16856,Domain,,csharp
class_16857,OrderManagerClass_16857,Domain,,csharp
class_16858,OrderManagerClass_16858,Domain,,csharp
class_16859,OrderManagerClass_16859,Domain,,csharp
class_16860,OrderManagerClass_16860,Domain,,csharp
class_16861,OrderManagerClass_16861,Domain,,csharp
class_16862,OrderManagerClass_16862,Domain,,csharp
class_16863,OrderManagerClass_16863,Domain,,csharp
class_16864,OrderManagerClass_16864,Domain,,csharp
class_16865,OrderManagerClass_16865,Domain,,csharp
class_16866,OrderManagerClass_16866,Domain,,csharp
class_16867,OrderManagerClass_16867,Domain,,csharp
class_16868,OrderManagerClass_16868,Domain,,csharp
class_16869,OrderManagerClass_16869,Domain,,csharp
class_16870,OrderManagerClass_16870,Domain,,csharp
class_16871,OrderManagerClass_16871,Domain,,csharp
class_16872,OrderManagerClass_16872,Domain,,csharp
class_16873,OrderManagerClass_16873,Domain,,csharp
class_16874,OrderManagerClass_16874,Domain,,csharp
class_16875,OrderManagerClass_16875,Domain,,csharp
class_16876,OrderManagerClass_16876,Domain,,csharp
class_16877,OrderManagerClass_16877,Domain,,csharp
class_16878,OrderManagerClass_16878,Domain,,csharp
class_16879,OrderManagerClass_16879,Domain,,csharp
class_16880,OrderManagerClass_16880,Domain,,csharp
class_16881,OrderManagerClass_16881,Domain,,csharp
class_16882,OrderManagerClass_16882,Domain,,csharp
class_16883,OrderManagerClass_16883,Domain,,csharp
class_16884,OrderManagerClass_16884,Domain,,csharp
class_16885,OrderManagerClass_16885,Domain,,csharp
class_16886,OrderManagerClass_16886,Domain,,csharp
class_16887,OrderManagerClass_16887,Domain,,csharp
class_16888,OrderManagerClass_16888,Domain,,csharp
class_16889,OrderManagerClass_16889,Domain,,csharp
class_16890,OrderManagerClass_16890,Domain,,csharp
class_16891,OrderManagerClass_16891,Domain,,csharp
class_16892,OrderManagerClass_16892,Domain,,csharp
class_16893,OrderManagerClass_16893,Domain,,csharp
class_16894,OrderManagerClass_16894,Domain,,csharp
class_16895,OrderManagerClass_16895,Domain,,csharp
class_16896,OrderManagerClass_16896,Domain,,csharp
class_16897,OrderManagerClass_16897,Domain,,csharp
class_16898,OrderManagerClass_16898,Domain,,csharp
class_16899,OrderManagerClass_16899,Domain,,csharp
class_16900,OrderManagerClass_16900,Domain,,csharp
class_16901,OrderManagerClass_16901,Domain,,csharp
class_16902,OrderManagerClass_16902,Domain,,csharp
class_16903,OrderManagerClass_16903,Domain,,csharp
class_16904,OrderManagerClass_16904,Domain,,csharp
class_16905,OrderManagerClass_16905,Domain,,csharp
class_16906,OrderManagerClass_16906,Domain,,csharp
class_16907,OrderManagerClass_16907,Domain,,csharp
class_16908,OrderManagerClass_16908,Domain,,csharp
class_16909,OrderManagerClass_16909,Domain,,csharp
class_16910,OrderManagerClass_16910,Domain,,csharp
class_16911,OrderManagerClass_16911,Domain,,csharp
class_16912,OrderManagerClass_16912,Domain,,csharp
class_16913,OrderManagerClass_16913,Domain,,csharp
class_16914,OrderManagerClass_16914,Domain,,csharp
class_16915,OrderManagerClass_16915,Domain,,csharp
class_16916,OrderManagerClass_16916,Domain,,csharp
class_16917,OrderManagerClass_16917,Domain,,csharp
class_16918,OrderManagerClass_16918,Domain,,csharp
class_16919,OrderManagerClass_16919,Domain,,csharp
class_16920,OrderManagerClass_16920,Domain,,csharp
class_16921,OrderManagerClass_16921,Domain,,csharp
class_16922,OrderManagerClass_16922,Domain,,csharp
class_16923,OrderManagerClass_16923,Domain,,csharp
class_16924,OrderManagerClass_16924,Domain,,csharp
class_16925,OrderManagerClass_16925,Domain,,csharp
class_16926,OrderManagerClass_16926,Domain,,csharp
class_16927,OrderManagerClass_16927,Domain,,csharp
class_16928,OrderManagerClass_16928,Domain,,csharp
class_16929,OrderManagerClass_16929,Domain,,csharp
class_16930,OrderManagerClass_16930,Domain,,csharp
class_16931,OrderManagerClass_16931,Domain,,csharp
class_16932,OrderManagerClass_16932,Domain,,csharp
class_16933,OrderManagerClass_16933,Domain,,csharp
class_16934,OrderManagerClass_16934,Domain,,csharp
class_16935,OrderManagerClass_16935,Domain,,csharp
class_16936,OrderManagerClass_16936,Domain,,csharp
class_16937,OrderManagerClass_16937,Domain,,csharp
class_16938,OrderManagerClass_16938,Domain,,csharp
class_16939,OrderManagerClass_16939,Domain,,csharp
class_16940,OrderManagerClass_16940,Domain,,csharp
class_16941,OrderManagerClass_16941,Domain,,csharp
class_16942,OrderManagerClass_16942,Domain,,csharp
class_16943,OrderManagerClass_16943,Domain,,csharp
class_16944,OrderManagerClass_16944,Domain,,csharp
class_16945,OrderManagerClass_16945,Domain,,csharp
class_16946,OrderManagerClass_16946,Domain,,csharp
class_16947,OrderManagerClass_16947,Domain,,csharp
class_16948,OrderManagerClass_16948,Domain,,csharp
class_16949,OrderManagerClass_16949,Domain,,csharp
class_16950,OrderManagerClass_16950,Domain,,csharp
class_16951,OrderManagerClass_16951,Domain,,csharp
class_16952,OrderManagerClass_16952,Domain,,csharp
class_16953,OrderManagerClass_16953,Domain,,csharp
class_16954,OrderManagerClass_16954,Domain,,csharp
class_16955,OrderManagerClass_16955,Domain,,csharp
class_16956,OrderManagerClass_16956,Domain,,csharp
class_16957,OrderManagerClass_16957,Domain,,csharp
class_16958,OrderManagerClass_16958,Domain,,csharp
class_16959,OrderManagerClass_16959,Domain,,csharp
class_16960,OrderManagerClass_16960,Domain,,csharp
class_16961,OrderManagerClass_16961,Domain,,csharp
class_16962,OrderManagerClass_16962,Domain,,csharp
class_16963,OrderManagerClass_16963,Domain,,csharp
class_16964,OrderManagerClass_16964,Domain,,csharp
class_16965,OrderManagerClass_16965,Domain,,csharp
class_16966,OrderManagerClass_16966,Domain,,csharp
class_16967,OrderManagerClass_16967,Domain,,csharp
class_16968,OrderManagerClass_16968,Domain,,csharp
class_16969,OrderManagerClass_16969,Domain,,csharp
class_16970,OrderManagerClass_16970,Domain,,csharp
class_16971,OrderManagerClass_16971,Domain,,csharp
class_16972,OrderManagerClass_16972,Domain,,csharp
class_16973,OrderManagerClass_16973,Domain,,csharp
class_16974,OrderManagerClass_16974,Domain,,csharp
class_16975,OrderManagerClass_16975,Domain,,csharp
class_16976,OrderManagerClass_16976,Domain,,csharp
class_16977,OrderManagerClass_16977,Domain,,csharp
class_16978,OrderManagerClass_16978,Domain,,csharp
class_16979,OrderManagerClass_16979,Domain,,csharp
class_16980,OrderManagerClass_16980,Domain,,csharp
class_16981,OrderManagerClass_16981,Domain,,csharp
class_16982,OrderManagerClass_16982,Domain,,csharp
class_16983,OrderManagerClass_16983,Domain,,csharp
class_16984,OrderManagerClass_16984,Domain,,csharp
class_16985,OrderManagerClass_16985,Domain,,csharp
class_16986,OrderManagerClass_16986,Domain,,csharp
class_16987,OrderManagerClass_16987,Domain,,csharp
class_16988,OrderManagerClass_16988,Domain,,csharp
class_16989,OrderManagerClass_16989,Domain,,csharp
class_16990,OrderManagerClass_16990,Domain,,csharp
class_16991,OrderManagerClass_16991,Domain,,csharp
class_16992,OrderManagerClass_16992,Domain,,csharp
class_16993,OrderManagerClass_16993,Domain,,csharp
class_16994,OrderManagerClass_16994,Domain,,csharp
class_16995,OrderManagerClass_16995,Domain,,csharp
class_16996,OrderManagerClass_16996,Domain,,csharp
class_16997,OrderManagerClass_16997,Domain,,csharp
class_16998,OrderManagerClass_16998,Domain,,csharp
class_16999,OrderManagerClass_16999,Domain,,csharp
class_17000,OrderManagerClass_17000,Domain,,csharp
class_17001,OrderManagerClass_17001,Domain,,csharp
class_17002,OrderManagerClass_17002,Domain,,csharp
class_17003,OrderManagerClass_17003,Domain,,csharp
class_17004,OrderManagerClass_17004,Domain,,csharp
class_17005,OrderManagerClass_17005,Domain,,csharp
class_17006,OrderManagerClass_17006,Domain,,csharp
class_17007,OrderManagerClass_17007,Domain,,csharp
class_17008,OrderManagerClass_17008,Domain,,csharp
class_17009,OrderManagerClass_17009,Domain,,csharp
class_17010,OrderManagerClass_17010,Domain,,csharp
class_17011,OrderManagerClass_17011,Domain,,csharp
class_17012,OrderManagerClass_17012,Domain,,csharp
class_17013,OrderManagerClass_17013,Domain,,csharp
class_17014,OrderManagerClass_17014,Domain,,csharp
class_17015,OrderManagerClass_17015,Domain,,csharp
class_17016,OrderManagerClass_17016,Domain,,csharp
class_17017,OrderManagerClass_17017,Domain,,csharp
class_17018,OrderManagerClass_17018,Domain,,csharp
class_17019,OrderManagerClass_17019,Domain,,csharp
class_17020,OrderManagerClass_17020,Domain,,csharp
class_17021,OrderManagerClass_17021,Domain,,csharp
class_17022,OrderManagerClass_17022,Domain,,csharp
class_17023,OrderManagerClass_17023,Domain,,csharp
class_17024,OrderManagerClass_17024,Domain,,csharp
class_17025,OrderManagerClass_17025,Domain,,csharp
class_17026,OrderManagerClass_17026,Domain,,csharp
class_17027,OrderManagerClass_17027,Domain,,csharp
class_17028,OrderManagerClass_17028,Domain,,csharp
class_17029,OrderManagerClass_17029,Domain,,csharp
class_17030,OrderManagerClass_17030,Domain,,csharp
class_17031,OrderManagerClass_17031,Domain,,csharp
class_17032,OrderManagerClass_17032,Domain,,csharp
class_17033,OrderManagerClass_17033,Domain,,csharp
class_17034,OrderManagerClass_17034,Domain,,csharp
class_17035,OrderManagerClass_17035,Domain,,csharp
class_17036,OrderManagerClass_17036,Domain,,csharp
class_17037,OrderManagerClass_17037,Domain,,csharp
class_17038,OrderManagerClass_17038,Domain,,csharp
class_17039,OrderManagerClass_17039,Domain,,csharp
class_17040,OrderManagerClass_17040,Domain,,csharp
class_17041,OrderManagerClass_17041,Domain,,csharp
class_17042,OrderManagerClass_17042,Domain,,csharp
class_17043,OrderManagerClass_17043,Domain,,csharp
class_17044,OrderManagerClass_17044,Domain,,csharp
class_17045,OrderManagerClass_17045,Domain,,csharp
class_17046,OrderManagerClass_17046,Domain,,csharp
class_17047,OrderManagerClass_17047,Domain,,csharp
class_17048,OrderManagerClass_17048,Domain,,csharp
class_17049,OrderManagerClass_17049,Domain,,csharp
class_17050,OrderManagerClass_17050,Domain,,csharp
class_17051,OrderManagerClass_17051,Domain,,csharp
class_17052,OrderManagerClass_17052,Domain,,csharp
class_17053,OrderManagerClass_17053,Domain,,csharp
class_17054,OrderManagerClass_17054,Domain,,csharp
class_17055,OrderManagerClass_17055,Domain,,csharp
class_17056,OrderManagerClass_17056,Domain,,csharp
class_17057,OrderManagerClass_17057,Domain,,csharp
class_17058,OrderManagerClass_17058,Domain,,csharp
class_17059,OrderManagerClass_17059,Domain,,csharp
class_17060,OrderManagerClass_17060,Domain,,csharp
class_17061,OrderManagerClass_17061,Domain,,csharp
class_17062,OrderManagerClass_17062,Domain,,csharp
class_17063,OrderManagerClass_17063,Domain,,csharp
class_17064,OrderManagerClass_17064,Domain,,csharp
class_17065,OrderManagerClass_17065,Domain,,csharp
class_17066,OrderManagerClass_17066,Domain,,csharp
class_17067,OrderManagerClass_17067,Domain,,csharp
class_17068,OrderManagerClass_17068,Domain,,csharp
class_17069,OrderManagerClass_17069,Domain,,csharp
class_17070,OrderManagerClass_17070,Domain,,csharp
class_17071,OrderManagerClass_17071,Domain,,csharp
class_17072,OrderManagerClass_17072,Domain,,csharp
class_17073,OrderManagerClass_17073,Domain,,csharp
class_17074,OrderManagerClass_17074,Domain,,csharp
class_17075,OrderManagerClass_17075,Domain,,csharp
class_17076,OrderManagerClass_17076,Domain,,csharp
class_17077,OrderManagerClass_17077,Domain,,csharp
class_17078,OrderManagerClass_17078,Domain,,csharp
class_17079,OrderManagerClass_17079,Domain,,csharp
class_17080,OrderManagerClass_17080,Domain,,csharp
class_17081,OrderManagerClass_17081,Domain,,csharp
class_17082,OrderManagerClass_17082,Domain,,csharp
class_17083,OrderManagerClass_17083,Domain,,csharp
class_17084,OrderManagerClass_17084,Domain,,csharp
class_17085,OrderManagerClass_17085,Domain,,csharp
class_17086,OrderManagerClass_17086,Domain,,csharp
class_17087,OrderManagerClass_17087,Domain,,csharp
class_17088,OrderManagerClass_17088,Domain,,csharp
class_17089,OrderManagerClass_17089,Domain,,csharp
class_17090,OrderManagerClass_17090,Domain,,csharp
class_17091,OrderManagerClass_17091,Domain,,csharp
class_17092,OrderManagerClass_17092,Domain,,csharp
class_17093,OrderManagerClass_17093,Domain,,csharp
class_17094,OrderManagerClass_17094,Domain,,csharp
class_17095,OrderManagerClass_17095,Domain,,csharp
class_17096,OrderManagerClass_17096,Domain,,csharp
class_17097,OrderManagerClass_17097,Domain,,csharp
class_17098,OrderManagerClass_17098,Domain,,csharp
class_17099,OrderManagerClass_17099,Domain,,csharp
class_17100,OrderManagerClass_17100,Domain,,csharp
class_17101,OrderManagerClass_17101,Domain,,csharp
class_17102,OrderManagerClass_17102,Domain,,csharp
class_17103,OrderManagerClass_17103,Domain,,csharp
class_17104,OrderManagerClass_17104,Domain,,csharp
class_17105,OrderManagerClass_17105,Domain,,csharp
class_17106,OrderManagerClass_17106,Domain,,csharp
class_17107,OrderManagerClass_17107,Domain,,csharp
class_17108,OrderManagerClass_17108,Domain,,csharp
class_17109,OrderManagerClass_17109,Domain,,csharp
class_17110,OrderManagerClass_17110,Domain,,csharp
class_17111,OrderManagerClass_17111,Domain,,csharp
class_17112,OrderManagerClass_17112,Domain,,csharp
class_17113,OrderManagerClass_17113,Domain,,csharp
class_17114,OrderManagerClass_17114,Domain,,csharp
class_17115,OrderManagerClass_17115,Domain,,csharp
class_17116,OrderManagerClass_17116,Domain,,csharp
class_17117,OrderManagerClass_17117,Domain,,csharp
class_17118,OrderManagerClass_17118,Domain,,csharp
class_17119,OrderManagerClass_17119,Domain,,csharp
class_17120,OrderManagerClass_17120,Domain,,csharp
class_17121,OrderManagerClass_17121,Domain,,csharp
class_17122,OrderManagerClass_17122,Domain,,csharp
class_17123,OrderManagerClass_17123,Domain,,csharp
class_17124,OrderManagerClass_17124,Domain,,csharp
class_17125,OrderManagerClass_17125,Domain,,csharp
class_17126,OrderManagerClass_17126,Domain,,csharp
class_17127,OrderManagerClass_17127,Domain,,csharp
class_17128,OrderManagerClass_17128,Domain,,csharp
class_17129,OrderManagerClass_17129,Domain,,csharp
class_17130,OrderManagerClass_17130,Domain,,csharp
class_17131,OrderManagerClass_17131,Domain,,csharp
class_17132,OrderManagerClass_17132,Domain,,csharp
class_17133,OrderManagerClass_17133,Domain,,csharp
class_17134,OrderManagerClass_17134,Domain,,csharp
class_17135,OrderManagerClass_17135,Domain,,csharp
class_17136,OrderManagerClass_17136,Domain,,csharp
class_17137,OrderManagerClass_17137,Domain,,csharp
class_17138,OrderManagerClass_17138,Domain,,csharp
class_17139,OrderManagerClass_17139,Domain,,csharp
class_17140,OrderManagerClass_17140,Domain,,csharp
class_17141,OrderManagerClass_17141,Domain,,csharp
class_17142,OrderManagerClass_17142,Domain,,csharp
class_17143,OrderManagerClass_17143,Domain,,csharp
class_17144,OrderManagerClass_17144,Domain,,csharp
class_17145,OrderManagerClass_17145,Domain,,csharp
class_17146,OrderManagerClass_17146,Domain,,csharp
class_17147,OrderManagerClass_17147,Domain,,csharp
class_17148,OrderManagerClass_17148,Domain,,csharp
class_17149,OrderManagerClass_17149,Domain,,csharp
class_17150,OrderManagerClass_17150,Domain,,csharp
class_17151,OrderManagerClass_17151,Domain,,csharp
class_17152,OrderManagerClass_17152,Domain,,csharp
class_17153,OrderManagerClass_17153,Domain,,csharp
class_17154,OrderManagerClass_17154,Domain,,csharp
class_17155,OrderManagerClass_17155,Domain,,csharp
class_17156,OrderManagerClass_17156,Domain,,csharp
class_17157,OrderManagerClass_17157,Domain,,csharp
class_17158,OrderManagerClass_17158,Domain,,csharp
class_17159,OrderManagerClass_17159,Domain,,csharp
class_17160,OrderManagerClass_17160,Domain,,csharp
class_17161,OrderManagerClass_17161,Domain,,csharp
class_17162,OrderManagerClass_17162,Domain,,csharp
class_17163,OrderManagerClass_17163,Domain,,csharp
class_17164,OrderManagerClass_17164,Domain,,csharp
class_17165,OrderManagerClass_17165,Domain,,csharp
class_17166,OrderManagerClass_17166,Domain,,csharp
class_17167,OrderManagerClass_17167,Domain,,csharp
class_17168,OrderManagerClass_17168,Domain,,csharp
class_17169,OrderManagerClass_17169,Domain,,csharp
class_17170,OrderManagerClass_17170,Domain,,csharp
class_17171,OrderManagerClass_17171,Domain,,csharp
class_17172,OrderManagerClass_17172,Domain,,csharp
class_17173,OrderManagerClass_17173,Domain,,csharp
class_17174,OrderManagerClass_17174,Domain,,csharp
class_17175,OrderManagerClass_17175,Domain,,csharp
class_17176,OrderManagerClass_17176,Domain,,csharp
class_17177,OrderManagerClass_17177,Domain,,csharp
class_17178,OrderManagerClass_17178,Domain,,csharp
class_17179,OrderManagerClass_17179,Domain,,csharp
class_17180,OrderManagerClass_17180,Domain,,csharp
class_17181,OrderManagerClass_17181,Domain,,csharp
class_17182,OrderManagerClass_17182,Domain,,csharp
class_17183,OrderManagerClass_17183,Domain,,csharp
class_17184,OrderManagerClass_17184,Domain,,csharp
class_17185,OrderManagerClass_17185,Domain,,csharp
class_17186,OrderManagerClass_17186,Domain,,csharp
class_17187,OrderManagerClass_17187,Domain,,csharp
class_17188,OrderManagerClass_17188,Domain,,csharp
class_17189,OrderManagerClass_17189,Domain,,csharp
class_17190,OrderManagerClass_17190,Domain,,csharp
class_17191,OrderManagerClass_17191,Domain,,csharp
class_17192,OrderManagerClass_17192,Domain,,csharp
class_17193,OrderManagerClass_17193,Domain,,csharp
class_17194,OrderManagerClass_17194,Domain,,csharp
class_17195,OrderManagerClass_17195,Domain,,csharp
class_17196,OrderManagerClass_17196,Domain,,csharp
class_17197,OrderManagerClass_17197,Domain,,csharp
class_17198,OrderManagerClass_17198,Domain,,csharp
class_17199,OrderManagerClass_17199,Domain,,csharp
class_17200,OrderManagerClass_17200,Domain,,csharp
class_17201,OrderManagerClass_17201,Domain,,csharp
class_17202,OrderManagerClass_17202,Domain,,csharp
class_17203,OrderManagerClass_17203,Domain,,csharp
class_17204,OrderManagerClass_17204,Domain,,csharp
class_17205,OrderManagerClass_17205,Domain,,csharp
class_17206,OrderManagerClass_17206,Domain,,csharp
class_17207,OrderManagerClass_17207,Domain,,csharp
class_17208,OrderManagerClass_17208,Domain,,csharp
class_17209,OrderManagerClass_17209,Domain,,csharp
class_17210,OrderManagerClass_17210,Domain,,csharp
class_17211,OrderManagerClass_17211,Domain,,csharp
class_17212,OrderManagerClass_17212,Domain,,csharp
class_17213,OrderManagerClass_17213,Domain,,csharp
class_17214,OrderManagerClass_17214,Domain,,csharp
class_17215,OrderManagerClass_17215,Domain,,csharp
class_17216,OrderManagerClass_17216,Domain,,csharp
class_17217,OrderManagerClass_17217,Domain,,csharp
class_17218,OrderManagerClass_17218,Domain,,csharp
class_17219,OrderManagerClass_17219,Domain,,csharp
class_17220,OrderManagerClass_17220,Domain,,csharp
class_17221,OrderManagerClass_17221,Domain,,csharp
class_17222,OrderManagerClass_17222,Domain,,csharp
class_17223,OrderManagerClass_17223,Domain,,csharp
class_17224,OrderManagerClass_17224,Domain,,csharp
class_17225,OrderManagerClass_17225,Domain,,csharp
class_17226,OrderManagerClass_17226,Domain,,csharp
class_17227,OrderManagerClass_17227,Domain,,csharp
class_17228,OrderManagerClass_17228,Domain,,csharp
class_17229,OrderManagerClass_17229,Domain,,csharp
class_17230,OrderManagerClass_17230,Domain,,csharp
class_17231,OrderManagerClass_17231,Domain,,csharp
class_17232,OrderManagerClass_17232,Domain,,csharp
class_17233,OrderManagerClass_17233,Domain,,csharp
class_17234,OrderManagerClass_17234,Domain,,csharp
class_17235,OrderManagerClass_17235,Domain,,csharp
class_17236,OrderManagerClass_17236,Domain,,csharp
class_17237,OrderManagerClass_17237,Domain,,csharp
class_17238,OrderManagerClass_17238,Domain,,csharp
class_17239,OrderManagerClass_17239,Domain,,csharp
class_17240,OrderManagerClass_17240,Domain,,csharp
class_17241,OrderManagerClass_17241,Domain,,csharp
class_17242,OrderManagerClass_17242,Domain,,csharp
class_17243,OrderManagerClass_17243,Domain,,csharp
class_17244,OrderManagerClass_17244,Domain,,csharp
class_17245,OrderManagerClass_17245,Domain,,csharp
class_17246,OrderManagerClass_17246,Domain,,csharp
class_17247,OrderManagerClass_17247,Domain,,csharp
class_17248,OrderManagerClass_17248,Domain,,csharp
class_17249,OrderManagerClass_17249,Domain,,csharp
class_17250,OrderManagerClass_17250,Domain,,csharp
class_17251,OrderManagerClass_17251,Domain,,csharp
class_17252,OrderManagerClass_17252,Domain,,csharp
class_17253,OrderManagerClass_17253,Domain,,csharp
class_17254,OrderManagerClass_17254,Domain,,csharp
class_17255,OrderManagerClass_17255,Domain,,csharp
class_17256,OrderManagerClass_17256,Domain,,csharp
class_17257,OrderManagerClass_17257,Domain,,csharp
class_17258,OrderManagerClass_17258,Domain,,csharp
class_17259,OrderManagerClass_17259,Domain,,csharp
class_17260,OrderManagerClass_17260,Domain,,csharp
class_17261,OrderManagerClass_17261,Domain,,csharp
class_17262,OrderManagerClass_17262,Domain,,csharp
class_17263,OrderManagerClass_17263,Domain,,csharp
class_17264,OrderManagerClass_17264,Domain,,csharp
class_17265,OrderManagerClass_17265,Domain,,csharp
class_17266,OrderManagerClass_17266,Domain,,csharp
class_17267,OrderManagerClass_17267,Domain,,csharp
class_17268,OrderManagerClass_17268,Domain,,csharp
class_17269,OrderManagerClass_17269,Domain,,csharp
class_17270,OrderManagerClass_17270,Domain,,csharp
class_17271,OrderManagerClass_17271,Domain,,csharp
class_17272,OrderManagerClass_17272,Domain,,csharp
class_17273,OrderManagerClass_17273,Domain,,csharp
class_17274,OrderManagerClass_17274,Domain,,csharp
class_17275,OrderManagerClass_17275,Domain,,csharp
class_17276,OrderManagerClass_17276,Domain,,csharp
class_17277,OrderManagerClass_17277,Domain,,csharp
class_17278,OrderManagerClass_17278,Domain,,csharp
class_17279,OrderManagerClass_17279,Domain,,csharp
class_17280,OrderManagerClass_17280,Domain,,csharp
class_17281,OrderManagerClass_17281,Domain,,csharp
class_17282,OrderManagerClass_17282,Domain,,csharp
class_17283,OrderManagerClass_17283,Domain,,csharp
class_17284,OrderManagerClass_17284,Domain,,csharp
class_17285,OrderManagerClass_17285,Domain,,csharp
class_17286,OrderManagerClass_17286,Domain,,csharp
class_17287,OrderManagerClass_17287,Domain,,csharp
class_17288,OrderManagerClass_17288,Domain,,csharp
class_17289,OrderManagerClass_17289,Domain,,csharp
class_17290,OrderManagerClass_17290,Domain,,csharp
class_17291,OrderManagerClass_17291,Domain,,csharp
class_17292,OrderManagerClass_17292,Domain,,csharp
class_17293,OrderManagerClass_17293,Domain,,csharp
class_17294,OrderManagerClass_17294,Domain,,csharp
class_17295,OrderManagerClass_17295,Domain,,csharp
class_17296,OrderManagerClass_17296,Domain,,csharp
class_17297,OrderManagerClass_17297,Domain,,csharp
class_17298,OrderManagerClass_17298,Domain,,csharp
class_17299,OrderManagerClass_17299,Domain,,csharp
class_17300,OrderManagerClass_17300,Domain,,csharp
class_17301,OrderManagerClass_17301,Domain,,csharp
class_17302,OrderManagerClass_17302,Domain,,csharp
class_17303,OrderManagerClass_17303,Domain,,csharp
class_17304,OrderManagerClass_17304,Domain,,csharp
class_17305,OrderManagerClass_17305,Domain,,csharp
class_17306,OrderManagerClass_17306,Domain,,csharp
class_17307,OrderManagerClass_17307,Domain,,csharp
class_17308,OrderManagerClass_17308,Domain,,csharp
class_17309,OrderManagerClass_17309,Domain,,csharp
class_17310,OrderManagerClass_17310,Domain,,csharp
class_17311,OrderManagerClass_17311,Domain,,csharp
class_17312,OrderManagerClass_17312,Domain,,csharp
class_17313,OrderManagerClass_17313,Domain,,csharp
class_17314,OrderManagerClass_17314,Domain,,csharp
class_17315,OrderManagerClass_17315,Domain,,csharp
class_17316,OrderManagerClass_17316,Domain,,csharp
class_17317,OrderManagerClass_17317,Domain,,csharp
class_17318,OrderManagerClass_17318,Domain,,csharp
class_17319,OrderManagerClass_17319,Domain,,csharp
class_17320,OrderManagerClass_17320,Domain,,csharp
class_17321,OrderManagerClass_17321,Domain,,csharp
class_17322,OrderManagerClass_17322,Domain,,csharp
class_17323,OrderManagerClass_17323,Domain,,csharp
class_17324,OrderManagerClass_17324,Domain,,csharp
class_17325,OrderManagerClass_17325,Domain,,csharp
class_17326,OrderManagerClass_17326,Domain,,csharp
class_17327,OrderManagerClass_17327,Domain,,csharp
class_17328,OrderManagerClass_17328,Domain,,csharp
class_17329,OrderManagerClass_17329,Domain,,csharp
class_17330,OrderManagerClass_17330,Domain,,csharp
class_17331,OrderManagerClass_17331,Domain,,csharp
class_17332,OrderManagerClass_17332,Domain,,csharp
class_17333,OrderManagerClass_17333,Domain,,csharp
class_17334,OrderManagerClass_17334,Domain,,csharp
class_17335,OrderManagerClass_17335,Domain,,csharp
class_17336,OrderManagerClass_17336,Domain,,csharp
class_17337,OrderManagerClass_17337,Domain,,csharp
class_17338,OrderManagerClass_17338,Domain,,csharp
class_17339,OrderManagerClass_17339,Domain,,csharp
class_17340,OrderManagerClass_17340,Domain,,csharp
class_17341,OrderManagerClass_17341,Domain,,csharp
class_17342,OrderManagerClass_17342,Domain,,csharp
class_17343,OrderManagerClass_17343,Domain,,csharp
class_17344,OrderManagerClass_17344,Domain,,csharp
class_17345,OrderManagerClass_17345,Domain,,csharp
class_17346,OrderManagerClass_17346,Domain,,csharp
class_17347,OrderManagerClass_17347,Domain,,csharp
class_17348,OrderManagerClass_17348,Domain,,csharp
class_17349,OrderManagerClass_17349,Domain,,csharp
class_17350,OrderManagerClass_17350,Domain,,csharp
class_17351,OrderManagerClass_17351,Domain,,csharp
class_17352,OrderManagerClass_17352,Domain,,csharp
class_17353,OrderManagerClass_17353,Domain,,csharp
class_17354,OrderManagerClass_17354,Domain,,csharp
class_17355,OrderManagerClass_17355,Domain,,csharp
class_17356,OrderManagerClass_17356,Domain,,csharp
class_17357,OrderManagerClass_17357,Domain,,csharp
class_17358,OrderManagerClass_17358,Domain,,csharp
class_17359,OrderManagerClass_17359,Domain,,csharp
class_17360,OrderManagerClass_17360,Domain,,csharp
class_17361,OrderManagerClass_17361,Domain,,csharp
class_17362,OrderManagerClass_17362,Domain,,csharp
class_17363,OrderManagerClass_17363,Domain,,csharp
class_17364,OrderManagerClass_17364,Domain,,csharp
class_17365,OrderManagerClass_17365,Domain,,csharp
class_17366,OrderManagerClass_17366,Domain,,csharp
class_17367,OrderManagerClass_17367,Domain,,csharp
class_17368,OrderManagerClass_17368,Domain,,csharp
class_17369,OrderManagerClass_17369,Domain,,csharp
class_17370,OrderManagerClass_17370,Domain,,csharp
class_17371,OrderManagerClass_17371,Domain,,csharp
class_17372,OrderManagerClass_17372,Domain,,csharp
class_17373,OrderManagerClass_17373,Domain,,csharp
class_17374,OrderManagerClass_17374,Domain,,csharp
class_17375,OrderManagerClass_17375,Domain,,csharp
class_17376,OrderManagerClass_17376,Domain,,csharp
class_17377,OrderManagerClass_17377,Domain,,csharp
class_17378,OrderManagerClass_17378,Domain,,csharp
class_17379,OrderManagerClass_17379,Domain,,csharp
class_17380,OrderManagerClass_17380,Domain,,csharp
class_17381,OrderManagerClass_17381,Domain,,csharp
class_17382,OrderManagerClass_17382,Domain,,csharp
class_17383,OrderManagerClass_17383,Domain,,csharp
class_17384,OrderManagerClass_17384,Domain,,csharp
class_17385,OrderManagerClass_17385,Domain,,csharp
class_17386,OrderManagerClass_17386,Domain,,csharp
class_17387,OrderManagerClass_17387,Domain,,csharp
class_17388,OrderManagerClass_17388,Domain,,csharp
class_17389,OrderManagerClass_17389,Domain,,csharp
class_17390,OrderManagerClass_17390,Domain,,csharp
class_17391,OrderManagerClass_17391,Domain,,csharp
class_17392,OrderManagerClass_17392,Domain,,csharp
class_17393,OrderManagerClass_17393,Domain,,csharp
class_17394,OrderManagerClass_17394,Domain,,csharp
class_17395,OrderManagerClass_17395,Domain,,csharp
class_17396,OrderManagerClass_17396,Domain,,csharp
class_17397,OrderManagerClass_17397,Domain,,csharp
class_17398,OrderManagerClass_17398,Domain,,csharp
class_17399,OrderManagerClass_17399,Domain,,csharp
class_17400,OrderManagerClass_17400,Domain,,csharp
class_17401,OrderManagerClass_17401,Domain,,csharp
class_17402,OrderManagerClass_17402,Domain,,csharp
class_17403,OrderManagerClass_17403,Domain,,csharp
class_17404,OrderManagerClass_17404,Domain,,csharp
class_17405,OrderManagerClass_17405,Domain,,csharp
class_17406,OrderManagerClass_17406,Domain,,csharp
class_17407,OrderManagerClass_17407,Domain,,csharp
class_17408,OrderManagerClass_17408,Domain,,csharp
class_17409,OrderManagerClass_17409,Domain,,csharp
class_17410,OrderManagerClass_17410,Domain,,csharp
class_17411,OrderManagerClass_17411,Domain,,csharp
class_17412,OrderManagerClass_17412,Domain,,csharp
class_17413,OrderManagerClass_17413,Domain,,csharp
class_17414,OrderManagerClass_17414,Domain,,csharp
class_17415,OrderManagerClass_17415,Domain,,csharp
class_17416,OrderManagerClass_17416,Domain,,csharp
class_17417,OrderManagerClass_17417,Domain,,csharp
class_17418,OrderManagerClass_17418,Domain,,csharp
class_17419,OrderManagerClass_17419,Domain,,csharp
class_17420,OrderManagerClass_17420,Domain,,csharp
class_17421,OrderManagerClass_17421,Domain,,csharp
class_17422,OrderManagerClass_17422,Domain,,csharp
class_17423,OrderManagerClass_17423,Domain,,csharp
class_17424,OrderManagerClass_17424,Domain,,csharp
class_17425,OrderManagerClass_17425,Domain,,csharp
class_17426,OrderManagerClass_17426,Domain,,csharp
class_17427,OrderManagerClass_17427,Domain,,csharp
class_17428,OrderManagerClass_17428,Domain,,csharp
class_17429,OrderManagerClass_17429,Domain,,csharp
class_17430,OrderManagerClass_17430,Domain,,csharp
class_17431,OrderManagerClass_17431,Domain,,csharp
class_17432,OrderManagerClass_17432,Domain,,csharp
class_17433,OrderManagerClass_17433,Domain,,csharp
class_17434,OrderManagerClass_17434,Domain,,csharp
class_17435,OrderManagerClass_17435,Domain,,csharp
class_17436,OrderManagerClass_17436,Domain,,csharp
class_17437,OrderManagerClass_17437,Domain,,csharp
class_17438,OrderManagerClass_17438,Domain,,csharp
class_17439,OrderManagerClass_17439,Domain,,csharp
class_17440,OrderManagerClass_17440,Domain,,csharp
class_17441,OrderManagerClass_17441,Domain,,csharp
class_17442,OrderManagerClass_17442,Domain,,csharp
class_17443,OrderManagerClass_17443,Domain,,csharp
class_17444,OrderManagerClass_17444,Domain,,csharp
class_17445,OrderManagerClass_17445,Domain,,csharp
class_17446,OrderManagerClass_17446,Domain,,csharp
class_17447,OrderManagerClass_17447,Domain,,csharp
class_17448,OrderManagerClass_17448,Domain,,csharp
class_17449,OrderManagerClass_17449,Domain,,csharp
class_17450,OrderManagerClass_17450,Domain,,csharp
class_17451,OrderManagerClass_17451,Domain,,csharp
class_17452,OrderManagerClass_17452,Domain,,csharp
class_17453,OrderManagerClass_17453,Domain,,csharp
class_17454,OrderManagerClass_17454,Domain,,csharp
class_17455,OrderManagerClass_17455,Domain,,csharp
class_17456,OrderManagerClass_17456,Domain,,csharp
class_17457,OrderManagerClass_17457,Domain,,csharp
class_17458,OrderManagerClass_17458,Domain,,csharp
class_17459,OrderManagerClass_17459,Domain,,csharp
class_17460,OrderManagerClass_17460,Domain,,csharp
class_17461,OrderManagerClass_17461,Domain,,csharp
class_17462,OrderManagerClass_17462,Domain,,csharp
class_17463,OrderManagerClass_17463,Domain,,csharp
class_17464,OrderManagerClass_17464,Domain,,csharp
class_17465,OrderManagerClass_17465,Domain,,csharp
class_17466,OrderManagerClass_17466,Domain,,csharp
class_17467,OrderManagerClass_17467,Domain,,csharp
class_17468,OrderManagerClass_17468,Domain,,csharp
class_17469,OrderManagerClass_17469,Domain,,csharp
class_17470,OrderManagerClass_17470,Domain,,csharp
class_17471,OrderManagerClass_17471,Domain,,csharp
class_17472,OrderManagerClass_17472,Domain,,csharp
class_17473,OrderManagerClass_17473,Domain,,csharp
class_17474,OrderManagerClass_17474,Domain,,csharp
class_17475,OrderManagerClass_17475,Domain,,csharp
class_17476,OrderManagerClass_17476,Domain,,csharp
class_17477,OrderManagerClass_17477,Domain,,csharp
class_17478,OrderManagerClass_17478,Domain,,csharp
class_17479,OrderManagerClass_17479,Domain,,csharp
class_17480,OrderManagerClass_17480,Domain,,csharp
class_17481,OrderManagerClass_17481,Domain,,csharp
class_17482,OrderManagerClass_17482,Domain,,csharp
class_17483,OrderManagerClass_17483,Domain,,csharp
class_17484,OrderManagerClass_17484,Domain,,csharp
class_17485,OrderManagerClass_17485,Domain,,csharp
class_17486,OrderManagerClass_17486,Domain,,csharp
class_17487,OrderManagerClass_17487,Domain,,csharp
class_17488,OrderManagerClass_17488,Domain,,csharp
class_17489,OrderManagerClass_17489,Domain,,csharp
class_17490,OrderManagerClass_17490,Domain,,csharp
class_17491,OrderManagerClass_17491,Domain,,csharp
class_17492,OrderManagerClass_17492,Domain,,csharp
class_17493,OrderManagerClass_17493,Domain,,csharp
class_17494,OrderManagerClass_17494,Domain,,csharp
class_17495,OrderManagerClass_17495,Domain,,csharp
class_17496,OrderManagerClass_17496,Domain,,csharp
class_17497,OrderManagerClass_17497,Domain,,csharp
class_17498,OrderManagerClass_17498,Domain,,csharp
class_17499,OrderManagerClass_17499,Domain,,csharp
class_17500,OrderManagerClass_17500,Domain,,csharp
class_17501,OrderManagerClass_17501,Domain,,csharp
class_17502,OrderManagerClass_17502,Domain,,csharp
class_17503,OrderManagerClass_17503,Domain,,csharp
class_17504,OrderManagerClass_17504,Domain,,csharp
class_17505,OrderManagerClass_17505,Domain,,csharp
class_17506,OrderManagerClass_17506,Domain,,csharp
class_17507,OrderManagerClass_17507,Domain,,csharp
class_17508,OrderManagerClass_17508,Domain,,csharp
class_17509,OrderManagerClass_17509,Domain,,csharp
class_17510,OrderManagerClass_17510,Domain,,csharp
class_17511,OrderManagerClass_17511,Domain,,csharp
class_17512,OrderManagerClass_17512,Domain,,csharp
class_17513,OrderManagerClass_17513,Domain,,csharp
class_17514,OrderManagerClass_17514,Domain,,csharp
class_17515,OrderManagerClass_17515,Domain,,csharp
class_17516,OrderManagerClass_17516,Domain,,csharp
class_17517,OrderManagerClass_17517,Domain,,csharp
class_17518,OrderManagerClass_17518,Domain,,csharp
class_17519,OrderManagerClass_17519,Domain,,csharp
class_17520,OrderManagerClass_17520,Domain,,csharp
class_17521,OrderManagerClass_17521,Domain,,csharp
class_17522,OrderManagerClass_17522,Domain,,csharp
class_17523,OrderManagerClass_17523,Domain,,csharp
class_17524,OrderManagerClass_17524,Domain,,csharp
class_17525,OrderManagerClass_17525,Domain,,csharp
class_17526,OrderManagerClass_17526,Domain,,csharp
class_17527,OrderManagerClass_17527,Domain,,csharp
class_17528,OrderManagerClass_17528,Domain,,csharp
class_17529,OrderManagerClass_17529,Domain,,csharp
class_17530,OrderManagerClass_17530,Domain,,csharp
class_17531,OrderManagerClass_17531,Domain,,csharp
class_17532,OrderManagerClass_17532,Domain,,csharp
class_17533,OrderManagerClass_17533,Domain,,csharp
class_17534,OrderManagerClass_17534,Domain,,csharp
class_17535,OrderManagerClass_17535,Domain,,csharp
class_17536,OrderManagerClass_17536,Domain,,csharp
class_17537,OrderManagerClass_17537,Domain,,csharp
class_17538,OrderManagerClass_17538,Domain,,csharp
class_17539,OrderManagerClass_17539,Domain,,csharp
class_17540,OrderManagerClass_17540,Domain,,csharp
class_17541,OrderManagerClass_17541,Domain,,csharp
class_17542,OrderManagerClass_17542,Domain,,csharp
class_17543,OrderManagerClass_17543,Domain,,csharp
class_17544,OrderManagerClass_17544,Domain,,csharp
class_17545,OrderManagerClass_17545,Domain,,csharp
class_17546,OrderManagerClass_17546,Domain,,csharp
class_17547,OrderManagerClass_17547,Domain,,csharp
class_17548,OrderManagerClass_17548,Domain,,csharp
class_17549,OrderManagerClass_17549,Domain,,csharp
class_17550,OrderManagerClass_17550,Domain,,csharp
class_17551,OrderManagerClass_17551,Domain,,csharp
class_17552,OrderManagerClass_17552,Domain,,csharp
class_17553,OrderManagerClass_17553,Domain,,csharp
class_17554,OrderManagerClass_17554,Domain,,csharp
class_17555,OrderManagerClass_17555,Domain,,csharp
class_17556,OrderManagerClass_17556,Domain,,csharp
class_17557,OrderManagerClass_17557,Domain,,csharp
class_17558,OrderManagerClass_17558,Domain,,csharp
class_17559,OrderManagerClass_17559,Domain,,csharp
class_17560,OrderManagerClass_17560,Domain,,csharp
class_17561,OrderManagerClass_17561,Domain,,csharp
class_17562,OrderManagerClass_17562,Domain,,csharp
class_17563,OrderManagerClass_17563,Domain,,csharp
class_17564,OrderManagerClass_17564,Domain,,csharp
class_17565,OrderManagerClass_17565,Domain,,csharp
class_17566,OrderManagerClass_17566,Domain,,csharp
class_17567,OrderManagerClass_17567,Domain,,csharp
class_17568,OrderManagerClass_17568,Domain,,csharp
class_17569,OrderManagerClass_17569,Domain,,csharp
class_17570,OrderManagerClass_17570,Domain,,csharp
class_17571,OrderManagerClass_17571,Domain,,csharp
class_17572,OrderManagerClass_17572,Domain,,csharp
class_17573,OrderManagerClass_17573,Domain,,csharp
class_17574,OrderManagerClass_17574,Domain,,csharp
class_17575,OrderManagerClass_17575,Domain,,csharp
class_17576,OrderManagerClass_17576,Domain,,csharp
class_17577,OrderManagerClass_17577,Domain,,csharp
class_17578,OrderManagerClass_17578,Domain,,csharp
class_17579,OrderManagerClass_17579,Domain,,csharp
class_17580,OrderManagerClass_17580,Domain,,csharp
class_17581,OrderManagerClass_17581,Domain,,csharp
class_17582,OrderManagerClass_17582,Domain,,csharp
class_17583,OrderManagerClass_17583,Domain,,csharp
class_17584,OrderManagerClass_17584,Domain,,csharp
class_17585,OrderManagerClass_17585,Domain,,csharp
class_17586,OrderManagerClass_17586,Domain,,csharp
class_17587,OrderManagerClass_17587,Domain,,csharp
class_17588,OrderManagerClass_17588,Domain,,csharp
class_17589,OrderManagerClass_17589,Domain,,csharp
class_17590,OrderManagerClass_17590,Domain,,csharp
class_17591,OrderManagerClass_17591,Domain,,csharp
class_17592,OrderManagerClass_17592,Domain,,csharp
class_17593,OrderManagerClass_17593,Domain,,csharp
class_17594,OrderManagerClass_17594,Domain,,csharp
class_17595,OrderManagerClass_17595,Domain,,csharp
class_17596,OrderManagerClass_17596,Domain,,csharp
class_17597,OrderManagerClass_17597,Domain,,csharp
class_17598,OrderManagerClass_17598,Domain,,csharp
class_17599,OrderManagerClass_17599,Domain,,csharp
class_17600,OrderManagerClass_17600,Domain,,csharp
class_17601,OrderManagerClass_17601,Domain,,csharp
class_17602,OrderManagerClass_17602,Domain,,csharp
class_17603,OrderManagerClass_17603,Domain,,csharp
class_17604,OrderManagerClass_17604,Domain,,csharp
class_17605,OrderManagerClass_17605,Domain,,csharp
class_17606,OrderManagerClass_17606,Domain,,csharp
class_17607,OrderManagerClass_17607,Domain,,csharp
class_17608,OrderManagerClass_17608,Domain,,csharp
class_17609,OrderManagerClass_17609,Domain,,csharp
class_17610,OrderManagerClass_17610,Domain,,csharp
class_17611,OrderManagerClass_17611,Domain,,csharp
class_17612,OrderManagerClass_17612,Domain,,csharp
class_17613,OrderManagerClass_17613,Domain,,csharp
class_17614,OrderManagerClass_17614,Domain,,csharp
class_17615,OrderManagerClass_17615,Domain,,csharp
class_17616,OrderManagerClass_17616,Domain,,csharp
class_17617,OrderManagerClass_17617,Domain,,csharp
class_17618,OrderManagerClass_17618,Domain,,csharp
class_17619,OrderManagerClass_17619,Domain,,csharp
class_17620,OrderManagerClass_17620,Domain,,csharp
class_17621,OrderManagerClass_17621,Domain,,csharp
class_17622,OrderManagerClass_17622,Domain,,csharp
class_17623,OrderManagerClass_17623,Domain,,csharp
class_17624,OrderManagerClass_17624,Domain,,csharp
class_17625,OrderManagerClass_17625,Domain,,csharp
class_17626,OrderManagerClass_17626,Domain,,csharp
class_17627,OrderManagerClass_17627,Domain,,csharp
class_17628,OrderManagerClass_17628,Domain,,csharp
class_17629,OrderManagerClass_17629,Domain,,csharp
class_17630,OrderManagerClass_17630,Domain,,csharp
class_17631,OrderManagerClass_17631,Domain,,csharp
class_17632,OrderManagerClass_17632,Domain,,csharp
class_17633,OrderManagerClass_17633,Domain,,csharp
class_17634,OrderManagerClass_17634,Domain,,csharp
class_17635,OrderManagerClass_17635,Domain,,csharp
class_17636,OrderManagerClass_17636,Domain,,csharp
class_17637,OrderManagerClass_17637,Domain,,csharp
class_17638,OrderManagerClass_17638,Domain,,csharp
class_17639,OrderManagerClass_17639,Domain,,csharp
class_17640,OrderManagerClass_17640,Domain,,csharp
class_17641,OrderManagerClass_17641,Domain,,csharp
class_17642,OrderManagerClass_17642,Domain,,csharp
class_17643,OrderManagerClass_17643,Domain,,csharp
class_17644,OrderManagerClass_17644,Domain,,csharp
class_17645,OrderManagerClass_17645,Domain,,csharp
class_17646,OrderManagerClass_17646,Domain,,csharp
class_17647,OrderManagerClass_17647,Domain,,csharp
class_17648,OrderManagerClass_17648,Domain,,csharp
class_17649,OrderManagerClass_17649,Domain,,csharp
class_17650,OrderManagerClass_17650,Domain,,csharp
class_17651,OrderManagerClass_17651,Domain,,csharp
class_17652,OrderManagerClass_17652,Domain,,csharp
class_17653,OrderManagerClass_17653,Domain,,csharp
class_17654,OrderManagerClass_17654,Domain,,csharp
class_17655,OrderManagerClass_17655,Domain,,csharp
class_17656,OrderManagerClass_17656,Domain,,csharp
class_17657,OrderManagerClass_17657,Domain,,csharp
class_17658,OrderManagerClass_17658,Domain,,csharp
class_17659,OrderManagerClass_17659,Domain,,csharp
class_17660,OrderManagerClass_17660,Domain,,csharp
class_17661,OrderManagerClass_17661,Domain,,csharp
class_17662,OrderManagerClass_17662,Domain,,csharp
class_17663,OrderManagerClass_17663,Domain,,csharp
class_17664,OrderManagerClass_17664,Domain,,csharp
class_17665,OrderManagerClass_17665,Domain,,csharp
class_17666,OrderManagerClass_17666,Domain,,csharp
class_17667,OrderManagerClass_17667,Domain,,csharp
class_17668,OrderManagerClass_17668,Domain,,csharp
class_17669,OrderManagerClass_17669,Domain,,csharp
class_17670,OrderManagerClass_17670,Domain,,csharp
class_17671,OrderManagerClass_17671,Domain,,csharp
class_17672,OrderManagerClass_17672,Domain,,csharp
class_17673,OrderManagerClass_17673,Domain,,csharp
class_17674,OrderManagerClass_17674,Domain,,csharp
class_17675,OrderManagerClass_17675,Domain,,csharp
class_17676,OrderManagerClass_17676,Domain,,csharp
class_17677,OrderManagerClass_17677,Domain,,csharp
class_17678,OrderManagerClass_17678,Domain,,csharp
class_17679,OrderManagerClass_17679,Domain,,csharp
class_17680,OrderManagerClass_17680,Domain,,csharp
class_17681,OrderManagerClass_17681,Domain,,csharp
class_17682,OrderManagerClass_17682,Domain,,csharp
class_17683,OrderManagerClass_17683,Domain,,csharp
class_17684,OrderManagerClass_17684,Domain,,csharp
class_17685,OrderManagerClass_17685,Domain,,csharp
class_17686,OrderManagerClass_17686,Domain,,csharp
class_17687,OrderManagerClass_17687,Domain,,csharp
class_17688,OrderManagerClass_17688,Domain,,csharp
class_17689,OrderManagerClass_17689,Domain,,csharp
class_17690,OrderManagerClass_17690,Domain,,csharp
class_17691,OrderManagerClass_17691,Domain,,csharp
class_17692,OrderManagerClass_17692,Domain,,csharp
class_17693,OrderManagerClass_17693,Domain,,csharp
class_17694,OrderManagerClass_17694,Domain,,csharp
class_17695,OrderManagerClass_17695,Domain,,csharp
class_17696,OrderManagerClass_17696,Domain,,csharp
class_17697,OrderManagerClass_17697,Domain,,csharp
class_17698,OrderManagerClass_17698,Domain,,csharp
class_17699,OrderManagerClass_17699,Domain,,csharp
class_17700,OrderManagerClass_17700,Domain,,csharp
class_17701,OrderManagerClass_17701,Domain,,csharp
class_17702,OrderManagerClass_17702,Domain,,csharp
class_17703,OrderManagerClass_17703,Domain,,csharp
class_17704,OrderManagerClass_17704,Domain,,csharp
class_17705,OrderManagerClass_17705,Domain,,csharp
class_17706,OrderManagerClass_17706,Domain,,csharp
class_17707,OrderManagerClass_17707,Domain,,csharp
class_17708,OrderManagerClass_17708,Domain,,csharp
class_17709,OrderManagerClass_17709,Domain,,csharp
class_17710,OrderManagerClass_17710,Domain,,csharp
class_17711,OrderManagerClass_17711,Domain,,csharp
class_17712,OrderManagerClass_17712,Domain,,csharp
class_17713,OrderManagerClass_17713,Domain,,csharp
class_17714,OrderManagerClass_17714,Domain,,csharp
class_17715,OrderManagerClass_17715,Domain,,csharp
class_17716,OrderManagerClass_17716,Domain,,csharp
class_17717,OrderManagerClass_17717,Domain,,csharp
class_17718,OrderManagerClass_17718,Domain,,csharp
class_17719,OrderManagerClass_17719,Domain,,csharp
class_17720,OrderManagerClass_17720,Domain,,csharp
class_17721,OrderManagerClass_17721,Domain,,csharp
class_17722,OrderManagerClass_17722,Domain,,csharp
class_17723,OrderManagerClass_17723,Domain,,csharp
class_17724,OrderManagerClass_17724,Domain,,csharp
class_17725,OrderManagerClass_17725,Domain,,csharp
class_17726,OrderManagerClass_17726,Domain,,csharp
class_17727,OrderManagerClass_17727,Domain,,csharp
class_17728,OrderManagerClass_17728,Domain,,csharp
class_17729,OrderManagerClass_17729,Domain,,csharp
class_17730,OrderManagerClass_17730,Domain,,csharp
class_17731,OrderManagerClass_17731,Domain,,csharp
class_17732,OrderManagerClass_17732,Domain,,csharp
class_17733,OrderManagerClass_17733,Domain,,csharp
class_17734,OrderManagerClass_17734,Domain,,csharp
class_17735,OrderManagerClass_17735,Domain,,csharp
class_17736,OrderManagerClass_17736,Domain,,csharp
class_17737,OrderManagerClass_17737,Domain,,csharp
class_17738,OrderManagerClass_17738,Domain,,csharp
class_17739,OrderManagerClass_17739,Domain,,csharp
class_17740,OrderManagerClass_17740,Domain,,csharp
class_17741,OrderManagerClass_17741,Domain,,csharp
class_17742,OrderManagerClass_17742,Domain,,csharp
class_17743,OrderManagerClass_17743,Domain,,csharp
class_17744,OrderManagerClass_17744,Domain,,csharp
class_17745,OrderManagerClass_17745,Domain,,csharp
class_17746,OrderManagerClass_17746,Domain,,csharp
class_17747,OrderManagerClass_17747,Domain,,csharp
class_17748,OrderManagerClass_17748,Domain,,csharp
class_17749,OrderManagerClass_17749,Domain,,csharp
class_17750,OrderManagerClass_17750,Domain,,csharp
class_17751,OrderManagerClass_17751,Domain,,csharp
class_17752,OrderManagerClass_17752,Domain,,csharp
class_17753,OrderManagerClass_17753,Domain,,csharp
class_17754,OrderManagerClass_17754,Domain,,csharp
class_17755,OrderManagerClass_17755,Domain,,csharp
class_17756,OrderManagerClass_17756,Domain,,csharp
class_17757,OrderManagerClass_17757,Domain,,csharp
class_17758,OrderManagerClass_17758,Domain,,csharp
class_17759,OrderManagerClass_17759,Domain,,csharp
class_17760,OrderManagerClass_17760,Domain,,csharp
class_17761,OrderManagerClass_17761,Domain,,csharp
class_17762,OrderManagerClass_17762,Domain,,csharp
class_17763,OrderManagerClass_17763,Domain,,csharp
class_17764,OrderManagerClass_17764,Domain,,csharp
class_17765,OrderManagerClass_17765,Domain,,csharp
class_17766,OrderManagerClass_17766,Domain,,csharp
class_17767,OrderManagerClass_17767,Domain,,csharp
class_17768,OrderManagerClass_17768,Domain,,csharp
class_17769,OrderManagerClass_17769,Domain,,csharp
class_17770,OrderManagerClass_17770,Domain,,csharp
class_17771,OrderManagerClass_17771,Domain,,csharp
class_17772,OrderManagerClass_17772,Domain,,csharp
class_17773,OrderManagerClass_17773,Domain,,csharp
class_17774,OrderManagerClass_17774,Domain,,csharp
class_17775,OrderManagerClass_17775,Domain,,csharp
class_17776,OrderManagerClass_17776,Domain,,csharp
class_17777,OrderManagerClass_17777,Domain,,csharp
class_17778,OrderManagerClass_17778,Domain,,csharp
class_17779,OrderManagerClass_17779,Domain,,csharp
class_17780,OrderManagerClass_17780,Domain,,csharp
class_17781,OrderManagerClass_17781,Domain,,csharp
class_17782,OrderManagerClass_17782,Domain,,csharp
class_17783,OrderManagerClass_17783,Domain,,csharp
class_17784,OrderManagerClass_17784,Domain,,csharp
class_17785,OrderManagerClass_17785,Domain,,csharp
class_17786,OrderManagerClass_17786,Domain,,csharp
class_17787,OrderManagerClass_17787,Domain,,csharp
class_17788,OrderManagerClass_17788,Domain,,csharp
class_17789,OrderManagerClass_17789,Domain,,csharp
class_17790,OrderManagerClass_17790,Domain,,csharp
class_17791,OrderManagerClass_17791,Domain,,csharp
class_17792,OrderManagerClass_17792,Domain,,csharp
class_17793,OrderManagerClass_17793,Domain,,csharp
class_17794,OrderManagerClass_17794,Domain,,csharp
class_17795,OrderManagerClass_17795,Domain,,csharp
class_17796,OrderManagerClass_17796,Domain,,csharp
class_17797,OrderManagerClass_17797,Domain,,csharp
class_17798,OrderManagerClass_17798,Domain,,csharp
class_17799,OrderManagerClass_17799,Domain,,csharp
class_17800,OrderManagerClass_17800,Domain,,csharp
class_17801,OrderManagerClass_17801,Domain,,csharp
class_17802,OrderManagerClass_17802,Domain,,csharp
class_17803,OrderManagerClass_17803,Domain,,csharp
class_17804,OrderManagerClass_17804,Domain,,csharp
class_17805,OrderManagerClass_17805,Domain,,csharp
class_17806,OrderManagerClass_17806,Domain,,csharp
class_17807,OrderManagerClass_17807,Domain,,csharp
class_17808,OrderManagerClass_17808,Domain,,csharp
class_17809,OrderManagerClass_17809,Domain,,csharp
class_17810,OrderManagerClass_17810,Domain,,csharp
class_17811,OrderManagerClass_17811,Domain,,csharp
class_17812,OrderManagerClass_17812,Domain,,csharp
class_17813,OrderManagerClass_17813,Domain,,csharp
class_17814,OrderManagerClass_17814,Domain,,csharp
class_17815,OrderManagerClass_17815,Domain,,csharp
class_17816,OrderManagerClass_17816,Domain,,csharp
class_17817,OrderManagerClass_17817,Domain,,csharp
class_17818,OrderManagerClass_17818,Domain,,csharp
class_17819,OrderManagerClass_17819,Domain,,csharp
class_17820,OrderManagerClass_17820,Domain,,csharp
class_17821,OrderManagerClass_17821,Domain,,csharp
class_17822,OrderManagerClass_17822,Domain,,csharp
class_17823,OrderManagerClass_17823,Domain,,csharp
class_17824,OrderManagerClass_17824,Domain,,csharp
class_17825,OrderManagerClass_17825,Domain,,csharp
class_17826,OrderManagerClass_17826,Domain,,csharp
class_17827,OrderManagerClass_17827,Domain,,csharp
class_17828,OrderManagerClass_17828,Domain,,csharp
class_17829,OrderManagerClass_17829,Domain,,csharp
class_17830,OrderManagerClass_17830,Domain,,csharp
class_17831,OrderManagerClass_17831,Domain,,csharp
class_17832,OrderManagerClass_17832,Domain,,csharp
class_17833,OrderManagerClass_17833,Domain,,csharp
class_17834,OrderManagerClass_17834,Domain,,csharp
class_17835,OrderManagerClass_17835,Domain,,csharp
class_17836,OrderManagerClass_17836,Domain,,csharp
class_17837,OrderManagerClass_17837,Domain,,csharp
class_17838,OrderManagerClass_17838,Domain,,csharp
class_17839,OrderManagerClass_17839,Domain,,csharp
class_17840,OrderManagerClass_17840,Domain,,csharp
class_17841,OrderManagerClass_17841,Domain,,csharp
class_17842,OrderManagerClass_17842,Domain,,csharp
class_17843,OrderManagerClass_17843,Domain,,csharp
class_17844,OrderManagerClass_17844,Domain,,csharp
class_17845,OrderManagerClass_17845,Domain,,csharp
class_17846,OrderManagerClass_17846,Domain,,csharp
class_17847,OrderManagerClass_17847,Domain,,csharp
class_17848,OrderManagerClass_17848,Domain,,csharp
class_17849,OrderManagerClass_17849,Domain,,csharp
class_17850,OrderManagerClass_17850,Domain,,csharp
class_17851,OrderManagerClass_17851,Domain,,csharp
class_17852,OrderManagerClass_17852,Domain,,csharp
class_17853,OrderManagerClass_17853,Domain,,csharp
class_17854,OrderManagerClass_17854,Domain,,csharp
class_17855,OrderManagerClass_17855,Domain,,csharp
class_17856,OrderManagerClass_17856,Domain,,csharp
class_17857,OrderManagerClass_17857,Domain,,csharp
class_17858,OrderManagerClass_17858,Domain,,csharp
class_17859,OrderManagerClass_17859,Domain,,csharp
class_17860,OrderManagerClass_17860,Domain,,csharp
class_17861,OrderManagerClass_17861,Domain,,csharp
class_17862,OrderManagerClass_17862,Domain,,csharp
class_17863,OrderManagerClass_17863,Domain,,csharp
class_17864,OrderManagerClass_17864,Domain,,csharp
class_17865,OrderManagerClass_17865,Domain,,csharp
class_17866,OrderManagerClass_17866,Domain,,csharp
class_17867,OrderManagerClass_17867,Domain,,csharp
class_17868,OrderManagerClass_17868,Domain,,csharp
class_17869,OrderManagerClass_17869,Domain,,csharp
class_17870,OrderManagerClass_17870,Domain,,csharp
class_17871,OrderManagerClass_17871,Domain,,csharp
class_17872,OrderManagerClass_17872,Domain,,csharp
class_17873,OrderManagerClass_17873,Domain,,csharp
class_17874,OrderManagerClass_17874,Domain,,csharp
class_17875,OrderManagerClass_17875,Domain,,csharp
class_17876,OrderManagerClass_17876,Domain,,csharp
class_17877,OrderManagerClass_17877,Domain,,csharp
class_17878,OrderManagerClass_17878,Domain,,csharp
class_17879,OrderManagerClass_17879,Domain,,csharp
class_17880,OrderManagerClass_17880,Domain,,csharp
class_17881,OrderManagerClass_17881,Domain,,csharp
class_17882,OrderManagerClass_17882,Domain,,csharp
class_17883,OrderManagerClass_17883,Domain,,csharp
class_17884,OrderManagerClass_17884,Domain,,csharp
class_17885,OrderManagerClass_17885,Domain,,csharp
class_17886,OrderManagerClass_17886,Domain,,csharp
class_17887,OrderManagerClass_17887,Domain,,csharp
class_17888,OrderManagerClass_17888,Domain,,csharp
class_17889,OrderManagerClass_17889,Domain,,csharp
class_17890,OrderManagerClass_17890,Domain,,csharp
class_17891,OrderManagerClass_17891,Domain,,csharp
class_17892,OrderManagerClass_17892,Domain,,csharp
class_17893,OrderManagerClass_17893,Domain,,csharp
class_17894,OrderManagerClass_17894,Domain,,csharp
class_17895,OrderManagerClass_17895,Domain,,csharp
class_17896,OrderManagerClass_17896,Domain,,csharp
class_17897,OrderManagerClass_17897,Domain,,csharp
class_17898,OrderManagerClass_17898,Domain,,csharp
class_17899,OrderManagerClass_17899,Domain,,csharp
class_17900,OrderManagerClass_17900,Domain,,csharp
class_17901,OrderManagerClass_17901,Domain,,csharp
class_17902,OrderManagerClass_17902,Domain,,csharp
class_17903,OrderManagerClass_17903,Domain,,csharp
class_17904,OrderManagerClass_17904,Domain,,csharp
class_17905,OrderManagerClass_17905,Domain,,csharp
class_17906,OrderManagerClass_17906,Domain,,csharp
class_17907,OrderManagerClass_17907,Domain,,csharp
class_17908,OrderManagerClass_17908,Domain,,csharp
class_17909,OrderManagerClass_17909,Domain,,csharp
class_17910,OrderManagerClass_17910,Domain,,csharp
class_17911,OrderManagerClass_17911,Domain,,csharp
class_17912,OrderManagerClass_17912,Domain,,csharp
class_17913,OrderManagerClass_17913,Domain,,csharp
class_17914,OrderManagerClass_17914,Domain,,csharp
class_17915,OrderManagerClass_17915,Domain,,csharp
class_17916,OrderManagerClass_17916,Domain,,csharp
class_17917,OrderManagerClass_17917,Domain,,csharp
class_17918,OrderManagerClass_17918,Domain,,csharp
class_17919,OrderManagerClass_17919,Domain,,csharp
class_17920,OrderManagerClass_17920,Domain,,csharp
class_17921,OrderManagerClass_17921,Domain,,csharp
class_17922,OrderManagerClass_17922,Domain,,csharp
class_17923,OrderManagerClass_17923,Domain,,csharp
class_17924,OrderManagerClass_17924,Domain,,csharp
class_17925,OrderManagerClass_17925,Domain,,csharp
class_17926,OrderManagerClass_17926,Domain,,csharp
class_17927,OrderManagerClass_17927,Domain,,csharp
class_17928,OrderManagerClass_17928,Domain,,csharp
class_17929,OrderManagerClass_17929,Domain,,csharp
class_17930,OrderManagerClass_17930,Domain,,csharp
class_17931,OrderManagerClass_17931,Domain,,csharp
class_17932,OrderManagerClass_17932,Domain,,csharp
class_17933,OrderManagerClass_17933,Domain,,csharp
class_17934,OrderManagerClass_17934,Domain,,csharp
class_17935,OrderManagerClass_17935,Domain,,csharp
class_17936,OrderManagerClass_17936,Domain,,csharp
class_17937,OrderManagerClass_17937,Domain,,csharp
class_17938,OrderManagerClass_17938,Domain,,csharp
class_17939,OrderManagerClass_17939,Domain,,csharp
class_17940,OrderManagerClass_17940,Domain,,csharp
class_17941,OrderManagerClass_17941,Domain,,csharp
class_17942,OrderManagerClass_17942,Domain,,csharp
class_17943,OrderManagerClass_17943,Domain,,csharp
class_17944,OrderManagerClass_17944,Domain,,csharp
class_17945,OrderManagerClass_17945,Domain,,csharp
class_17946,OrderManagerClass_17946,Domain,,csharp
class_17947,OrderManagerClass_17947,Domain,,csharp
class_17948,OrderManagerClass_17948,Domain,,csharp
class_17949,OrderManagerClass_17949,Domain,,csharp
class_17950,OrderManagerClass_17950,Domain,,csharp
class_17951,OrderManagerClass_17951,Domain,,csharp
class_17952,OrderManagerClass_17952,Domain,,csharp
class_17953,OrderManagerClass_17953,Domain,,csharp
class_17954,OrderManagerClass_17954,Domain,,csharp
class_17955,OrderManagerClass_17955,Domain,,csharp
class_17956,OrderManagerClass_17956,Domain,,csharp
class_17957,OrderManagerClass_17957,Domain,,csharp
class_17958,OrderManagerClass_17958,Domain,,csharp
class_17959,OrderManagerClass_17959,Domain,,csharp
class_17960,OrderManagerClass_17960,Domain,,csharp
class_17961,OrderManagerClass_17961,Domain,,csharp
class_17962,OrderManagerClass_17962,Domain,,csharp
class_17963,OrderManagerClass_17963,Domain,,csharp
class_17964,OrderManagerClass_17964,Domain,,csharp
class_17965,OrderManagerClass_17965,Domain,,csharp
class_17966,OrderManagerClass_17966,Domain,,csharp
class_17967,OrderManagerClass_17967,Domain,,csharp
class_17968,OrderManagerClass_17968,Domain,,csharp
class_17969,OrderManagerClass_17969,Domain,,csharp
class_17970,OrderManagerClass_17970,Domain,,csharp
class_17971,OrderManagerClass_17971,Domain,,csharp
class_17972,OrderManagerClass_17972,Domain,,csharp
class_17973,OrderManagerClass_17973,Domain,,csharp
class_17974,OrderManagerClass_17974,Domain,,csharp
class_17975,OrderManagerClass_17975,Domain,,csharp
class_17976,OrderManagerClass_17976,Domain,,csharp
class_17977,OrderManagerClass_17977,Domain,,csharp
class_17978,OrderManagerClass_17978,Domain,,csharp
class_17979,OrderManagerClass_17979,Domain,,csharp
class_17980,OrderManagerClass_17980,Domain,,csharp
class_17981,OrderManagerClass_17981,Domain,,csharp
class_17982,OrderManagerClass_17982,Domain,,csharp
class_17983,OrderManagerClass_17983,Domain,,csharp
class_17984,OrderManagerClass_17984,Domain,,csharp
class_17985,OrderManagerClass_17985,Domain,,csharp
class_17986,OrderManagerClass_17986,Domain,,csharp
class_17987,OrderManagerClass_17987,Domain,,csharp
class_17988,OrderManagerClass_17988,Domain,,csharp
class_17989,OrderManagerClass_17989,Domain,,csharp
class_17990,OrderManagerClass_17990,Domain,,csharp
class_17991,OrderManagerClass_17991,Domain,,csharp
class_17992,OrderManagerClass_17992,Domain,,csharp
class_17993,OrderManagerClass_17993,Domain,,csharp
class_17994,OrderManagerClass_17994,Domain,,csharp
class_17995,OrderManagerClass_17995,Domain,,csharp
class_17996,OrderManagerClass_17996,Domain,,csharp
class_17997,OrderManagerClass_17997,Domain,,csharp
class_17998,OrderManagerClass_17998,Domain,,csharp
class_17999,OrderManagerClass_17999,Domain,,csharp
class_18000,OrderManagerClass_18000,Domain,,csharp
class_18001,OrderManagerClass_18001,Domain,,csharp
class_18002,OrderManagerClass_18002,Domain,,csharp
class_18003,OrderManagerClass_18003,Domain,,csharp
class_18004,OrderManagerClass_18004,Domain,,csharp
class_18005,OrderManagerClass_18005,Domain,,csharp
class_18006,OrderManagerClass_18006,Domain,,csharp
class_18007,OrderManagerClass_18007,Domain,,csharp
class_18008,OrderManagerClass_18008,Domain,,csharp
class_18009,OrderManagerClass_18009,Domain,,csharp
class_18010,OrderManagerClass_18010,Domain,,csharp
class_18011,OrderManagerClass_18011,Domain,,csharp
class_18012,OrderManagerClass_18012,Domain,,csharp
class_18013,OrderManagerClass_18013,Domain,,csharp
class_18014,OrderManagerClass_18014,Domain,,csharp
class_18015,OrderManagerClass_18015,Domain,,csharp
class_18016,OrderManagerClass_18016,Domain,,csharp
class_18017,OrderManagerClass_18017,Domain,,csharp
class_18018,OrderManagerClass_18018,Domain,,csharp
class_18019,OrderManagerClass_18019,Domain,,csharp
class_18020,OrderManagerClass_18020,Domain,,csharp
class_18021,OrderManagerClass_18021,Domain,,csharp
class_18022,OrderManagerClass_18022,Domain,,csharp
class_18023,OrderManagerClass_18023,Domain,,csharp
class_18024,OrderManagerClass_18024,Domain,,csharp
class_18025,OrderManagerClass_18025,Domain,,csharp
class_18026,OrderManagerClass_18026,Domain,,csharp
class_18027,OrderManagerClass_18027,Domain,,csharp
class_18028,OrderManagerClass_18028,Domain,,csharp
class_18029,OrderManagerClass_18029,Domain,,csharp
class_18030,OrderManagerClass_18030,Domain,,csharp
class_18031,OrderManagerClass_18031,Domain,,csharp
class_18032,OrderManagerClass_18032,Domain,,csharp
class_18033,OrderManagerClass_18033,Domain,,csharp
class_18034,OrderManagerClass_18034,Domain,,csharp
class_18035,OrderManagerClass_18035,Domain,,csharp
class_18036,OrderManagerClass_18036,Domain,,csharp
class_18037,OrderManagerClass_18037,Domain,,csharp
class_18038,OrderManagerClass_18038,Domain,,csharp
class_18039,OrderManagerClass_18039,Domain,,csharp
class_18040,OrderManagerClass_18040,Domain,,csharp
class_18041,OrderManagerClass_18041,Domain,,csharp
class_18042,OrderManagerClass_18042,Domain,,csharp
class_18043,OrderManagerClass_18043,Domain,,csharp
class_18044,OrderManagerClass_18044,Domain,,csharp
class_18045,OrderManagerClass_18045,Domain,,csharp
class_18046,OrderManagerClass_18046,Domain,,csharp
class_18047,OrderManagerClass_18047,Domain,,csharp
class_18048,OrderManagerClass_18048,Domain,,csharp
class_18049,OrderManagerClass_18049,Domain,,csharp
class_18050,OrderManagerClass_18050,Domain,,csharp
class_18051,OrderManagerClass_18051,Domain,,csharp
class_18052,OrderManagerClass_18052,Domain,,csharp
class_18053,OrderManagerClass_18053,Domain,,csharp
class_18054,OrderManagerClass_18054,Domain,,csharp
class_18055,OrderManagerClass_18055,Domain,,csharp
class_18056,OrderManagerClass_18056,Domain,,csharp
class_18057,OrderManagerClass_18057,Domain,,csharp
class_18058,OrderManagerClass_18058,Domain,,csharp
class_18059,OrderManagerClass_18059,Domain,,csharp
class_18060,OrderManagerClass_18060,Domain,,csharp
class_18061,OrderManagerClass_18061,Domain,,csharp
class_18062,OrderManagerClass_18062,Domain,,csharp
class_18063,OrderManagerClass_18063,Domain,,csharp
class_18064,OrderManagerClass_18064,Domain,,csharp
class_18065,OrderManagerClass_18065,Domain,,csharp
class_18066,OrderManagerClass_18066,Domain,,csharp
class_18067,OrderManagerClass_18067,Domain,,csharp
class_18068,OrderManagerClass_18068,Domain,,csharp
class_18069,OrderManagerClass_18069,Domain,,csharp
class_18070,OrderManagerClass_18070,Domain,,csharp
class_18071,OrderManagerClass_18071,Domain,,csharp
class_18072,OrderManagerClass_18072,Domain,,csharp
class_18073,OrderManagerClass_18073,Domain,,csharp
class_18074,OrderManagerClass_18074,Domain,,csharp
class_18075,OrderManagerClass_18075,Domain,,csharp
class_18076,OrderManagerClass_18076,Domain,,csharp
class_18077,OrderManagerClass_18077,Domain,,csharp
class_18078,OrderManagerClass_18078,Domain,,csharp
class_18079,OrderManagerClass_18079,Domain,,csharp
class_18080,OrderManagerClass_18080,Domain,,csharp
class_18081,OrderManagerClass_18081,Domain,,csharp
class_18082,OrderManagerClass_18082,Domain,,csharp
class_18083,OrderManagerClass_18083,Domain,,csharp
class_18084,OrderManagerClass_18084,Domain,,csharp
class_18085,OrderManagerClass_18085,Domain,,csharp
class_18086,OrderManagerClass_18086,Domain,,csharp
class_18087,OrderManagerClass_18087,Domain,,csharp
class_18088,OrderManagerClass_18088,Domain,,csharp
class_18089,OrderManagerClass_18089,Domain,,csharp
class_18090,OrderManagerClass_18090,Domain,,csharp
class_18091,OrderManagerClass_18091,Domain,,csharp
class_18092,OrderManagerClass_18092,Domain,,csharp
class_18093,OrderManagerClass_18093,Domain,,csharp
class_18094,OrderManagerClass_18094,Domain,,csharp
class_18095,OrderManagerClass_18095,Domain,,csharp
class_18096,OrderManagerClass_18096,Domain,,csharp
class_18097,OrderManagerClass_18097,Domain,,csharp
class_18098,OrderManagerClass_18098,Domain,,csharp
class_18099,OrderManagerClass_18099,Domain,,csharp
class_18100,OrderManagerClass_18100,Domain,,csharp
class_18101,OrderManagerClass_18101,Domain,,csharp
class_18102,OrderManagerClass_18102,Domain,,csharp
class_18103,OrderManagerClass_18103,Domain,,csharp
class_18104,OrderManagerClass_18104,Domain,,csharp
class_18105,OrderManagerClass_18105,Domain,,csharp
class_18106,OrderManagerClass_18106,Domain,,csharp
class_18107,OrderManagerClass_18107,Domain,,csharp
class_18108,OrderManagerClass_18108,Domain,,csharp
class_18109,OrderManagerClass_18109,Domain,,csharp
class_18110,OrderManagerClass_18110,Domain,,csharp
class_18111,OrderManagerClass_18111,Domain,,csharp
class_18112,OrderManagerClass_18112,Domain,,csharp
class_18113,OrderManagerClass_18113,Domain,,csharp
class_18114,OrderManagerClass_18114,Domain,,csharp
class_18115,OrderManagerClass_18115,Domain,,csharp
class_18116,OrderManagerClass_18116,Domain,,csharp
class_18117,OrderManagerClass_18117,Domain,,csharp
class_18118,OrderManagerClass_18118,Domain,,csharp
class_18119,OrderManagerClass_18119,Domain,,csharp
class_18120,OrderManagerClass_18120,Domain,,csharp
class_18121,OrderManagerClass_18121,Domain,,csharp
class_18122,OrderManagerClass_18122,Domain,,csharp
class_18123,OrderManagerClass_18123,Domain,,csharp
class_18124,OrderManagerClass_18124,Domain,,csharp
class_18125,OrderManagerClass_18125,Domain,,csharp
class_18126,OrderManagerClass_18126,Domain,,csharp
class_18127,OrderManagerClass_18127,Domain,,csharp
class_18128,OrderManagerClass_18128,Domain,,csharp
class_18129,OrderManagerClass_18129,Domain,,csharp
class_18130,OrderManagerClass_18130,Domain,,csharp
class_18131,OrderManagerClass_18131,Domain,,csharp
class_18132,OrderManagerClass_18132,Domain,,csharp
class_18133,OrderManagerClass_18133,Domain,,csharp
class_18134,OrderManagerClass_18134,Domain,,csharp
class_18135,OrderManagerClass_18135,Domain,,csharp
class_18136,OrderManagerClass_18136,Domain,,csharp
class_18137,OrderManagerClass_18137,Domain,,csharp
class_18138,OrderManagerClass_18138,Domain,,csharp
class_18139,OrderManagerClass_18139,Domain,,csharp
class_18140,OrderManagerClass_18140,Domain,,csharp
class_18141,OrderManagerClass_18141,Domain,,csharp
class_18142,OrderManagerClass_18142,Domain,,csharp
class_18143,OrderManagerClass_18143,Domain,,csharp
class_18144,OrderManagerClass_18144,Domain,,csharp
class_18145,OrderManagerClass_18145,Domain,,csharp
class_18146,OrderManagerClass_18146,Domain,,csharp
class_18147,OrderManagerClass_18147,Domain,,csharp
class_18148,OrderManagerClass_18148,Domain,,csharp
class_18149,OrderManagerClass_18149,Domain,,csharp
class_18150,OrderManagerClass_18150,Domain,,csharp
class_18151,OrderManagerClass_18151,Domain,,csharp
class_18152,OrderManagerClass_18152,Domain,,csharp
class_18153,OrderManagerClass_18153,Domain,,csharp
class_18154,OrderManagerClass_18154,Domain,,csharp
class_18155,OrderManagerClass_18155,Domain,,csharp
class_18156,OrderManagerClass_18156,Domain,,csharp
class_18157,OrderManagerClass_18157,Domain,,csharp
class_18158,OrderManagerClass_18158,Domain,,csharp
class_18159,OrderManagerClass_18159,Domain,,csharp
class_18160,OrderManagerClass_18160,Domain,,csharp
class_18161,OrderManagerClass_18161,Domain,,csharp
class_18162,OrderManagerClass_18162,Domain,,csharp
class_18163,OrderManagerClass_18163,Domain,,csharp
class_18164,OrderManagerClass_18164,Domain,,csharp
class_18165,OrderManagerClass_18165,Domain,,csharp
class_18166,OrderManagerClass_18166,Domain,,csharp
class_18167,OrderManagerClass_18167,Domain,,csharp
class_18168,OrderManagerClass_18168,Domain,,csharp
class_18169,OrderManagerClass_18169,Domain,,csharp
class_18170,OrderManagerClass_18170,Domain,,csharp
class_18171,OrderManagerClass_18171,Domain,,csharp
class_18172,OrderManagerClass_18172,Domain,,csharp
class_18173,OrderManagerClass_18173,Domain,,csharp
class_18174,OrderManagerClass_18174,Domain,,csharp
class_18175,OrderManagerClass_18175,Domain,,csharp
class_18176,OrderManagerClass_18176,Domain,,csharp
class_18177,OrderManagerClass_18177,Domain,,csharp
class_18178,OrderManagerClass_18178,Domain,,csharp
class_18179,OrderManagerClass_18179,Domain,,csharp
class_18180,OrderManagerClass_18180,Domain,,csharp
class_18181,OrderManagerClass_18181,Domain,,csharp
class_18182,OrderManagerClass_18182,Domain,,csharp
class_18183,OrderManagerClass_18183,Domain,,csharp
class_18184,OrderManagerClass_18184,Domain,,csharp
class_18185,OrderManagerClass_18185,Domain,,csharp
class_18186,OrderManagerClass_18186,Domain,,csharp
class_18187,OrderManagerClass_18187,Domain,,csharp
class_18188,OrderManagerClass_18188,Domain,,csharp
class_18189,OrderManagerClass_18189,Domain,,csharp
class_18190,OrderManagerClass_18190,Domain,,csharp
class_18191,OrderManagerClass_18191,Domain,,csharp
class_18192,OrderManagerClass_18192,Domain,,csharp
class_18193,OrderManagerClass_18193,Domain,,csharp
class_18194,OrderManagerClass_18194,Domain,,csharp
class_18195,OrderManagerClass_18195,Domain,,csharp
class_18196,OrderManagerClass_18196,Domain,,csharp
class_18197,OrderManagerClass_18197,Domain,,csharp
class_18198,OrderManagerClass_18198,Domain,,csharp
class_18199,OrderManagerClass_18199,Domain,,csharp
class_18200,OrderManagerClass_18200,Domain,,csharp
class_18201,OrderManagerClass_18201,Domain,,csharp
class_18202,OrderManagerClass_18202,Domain,,csharp
class_18203,OrderManagerClass_18203,Domain,,csharp
class_18204,OrderManagerClass_18204,Domain,,csharp
class_18205,OrderManagerClass_18205,Domain,,csharp
class_18206,OrderManagerClass_18206,Domain,,csharp
class_18207,OrderManagerClass_18207,Domain,,csharp
class_18208,OrderManagerClass_18208,Domain,,csharp
class_18209,OrderManagerClass_18209,Domain,,csharp
class_18210,OrderManagerClass_18210,Domain,,csharp
class_18211,OrderManagerClass_18211,Domain,,csharp
class_18212,OrderManagerClass_18212,Domain,,csharp
class_18213,OrderManagerClass_18213,Domain,,csharp
class_18214,OrderManagerClass_18214,Domain,,csharp
class_18215,OrderManagerClass_18215,Domain,,csharp
class_18216,OrderManagerClass_18216,Domain,,csharp
class_18217,OrderManagerClass_18217,Domain,,csharp
class_18218,OrderManagerClass_18218,Domain,,csharp
class_18219,OrderManagerClass_18219,Domain,,csharp
class_18220,OrderManagerClass_18220,Domain,,csharp
class_18221,OrderManagerClass_18221,Domain,,csharp
class_18222,OrderManagerClass_18222,Domain,,csharp
class_18223,OrderManagerClass_18223,Domain,,csharp
class_18224,OrderManagerClass_18224,Domain,,csharp
class_18225,OrderManagerClass_18225,Domain,,csharp
class_18226,OrderManagerClass_18226,Domain,,csharp
class_18227,OrderManagerClass_18227,Domain,,csharp
class_18228,OrderManagerClass_18228,Domain,,csharp
class_18229,OrderManagerClass_18229,Domain,,csharp
class_18230,OrderManagerClass_18230,Domain,,csharp
class_18231,OrderManagerClass_18231,Domain,,csharp
class_18232,OrderManagerClass_18232,Domain,,csharp
class_18233,OrderManagerClass_18233,Domain,,csharp
class_18234,OrderManagerClass_18234,Domain,,csharp
class_18235,OrderManagerClass_18235,Domain,,csharp
class_18236,OrderManagerClass_18236,Domain,,csharp
class_18237,OrderManagerClass_18237,Domain,,csharp
class_18238,OrderManagerClass_18238,Domain,,csharp
class_18239,OrderManagerClass_18239,Domain,,csharp
class_18240,OrderManagerClass_18240,Domain,,csharp
class_18241,OrderManagerClass_18241,Domain,,csharp
class_18242,OrderManagerClass_18242,Domain,,csharp
class_18243,OrderManagerClass_18243,Domain,,csharp
class_18244,OrderManagerClass_18244,Domain,,csharp
class_18245,OrderManagerClass_18245,Domain,,csharp
class_18246,OrderManagerClass_18246,Domain,,csharp
class_18247,OrderManagerClass_18247,Domain,,csharp
class_18248,OrderManagerClass_18248,Domain,,csharp
class_18249,OrderManagerClass_18249,Domain,,csharp
class_18250,OrderManagerClass_18250,Domain,,csharp
class_18251,OrderManagerClass_18251,Domain,,csharp
class_18252,OrderManagerClass_18252,Domain,,csharp
class_18253,OrderManagerClass_18253,Domain,,csharp
class_18254,OrderManagerClass_18254,Domain,,csharp
class_18255,OrderManagerClass_18255,Domain,,csharp
class_18256,OrderManagerClass_18256,Domain,,csharp
class_18257,OrderManagerClass_18257,Domain,,csharp
class_18258,OrderManagerClass_18258,Domain,,csharp
class_18259,OrderManagerClass_18259,Domain,,csharp
class_18260,OrderManagerClass_18260,Domain,,csharp
class_18261,OrderManagerClass_18261,Domain,,csharp
class_18262,OrderManagerClass_18262,Domain,,csharp
class_18263,OrderManagerClass_18263,Domain,,csharp
class_18264,OrderManagerClass_18264,Domain,,csharp
class_18265,OrderManagerClass_18265,Domain,,csharp
class_18266,OrderManagerClass_18266,Domain,,csharp
class_18267,OrderManagerClass_18267,Domain,,csharp
class_18268,OrderManagerClass_18268,Domain,,csharp
class_18269,OrderManagerClass_18269,Domain,,csharp
class_18270,OrderManagerClass_18270,Domain,,csharp
class_18271,OrderManagerClass_18271,Domain,,csharp
class_18272,OrderManagerClass_18272,Domain,,csharp
class_18273,OrderManagerClass_18273,Domain,,csharp
class_18274,OrderManagerClass_18274,Domain,,csharp
class_18275,OrderManagerClass_18275,Domain,,csharp
class_18276,OrderManagerClass_18276,Domain,,csharp
class_18277,OrderManagerClass_18277,Domain,,csharp
class_18278,OrderManagerClass_18278,Domain,,csharp
class_18279,OrderManagerClass_18279,Domain,,csharp
class_18280,OrderManagerClass_18280,Domain,,csharp
class_18281,OrderManagerClass_18281,Domain,,csharp
class_18282,OrderManagerClass_18282,Domain,,csharp
class_18283,OrderManagerClass_18283,Domain,,csharp
class_18284,OrderManagerClass_18284,Domain,,csharp
class_18285,OrderManagerClass_18285,Domain,,csharp
class_18286,OrderManagerClass_18286,Domain,,csharp
class_18287,OrderManagerClass_18287,Domain,,csharp
class_18288,OrderManagerClass_18288,Domain,,csharp
class_18289,OrderManagerClass_18289,Domain,,csharp
class_18290,OrderManagerClass_18290,Domain,,csharp
class_18291,OrderManagerClass_18291,Domain,,csharp
class_18292,OrderManagerClass_18292,Domain,,csharp
class_18293,OrderManagerClass_18293,Domain,,csharp
class_18294,OrderManagerClass_18294,Domain,,csharp
class_18295,OrderManagerClass_18295,Domain,,csharp
class_18296,OrderManagerClass_18296,Domain,,csharp
class_18297,OrderManagerClass_18297,Domain,,csharp
class_18298,OrderManagerClass_18298,Domain,,csharp
class_18299,OrderManagerClass_18299,Domain,,csharp
class_18300,OrderManagerClass_18300,Domain,,csharp
class_18301,OrderManagerClass_18301,Domain,,csharp
class_18302,OrderManagerClass_18302,Domain,,csharp
class_18303,OrderManagerClass_18303,Domain,,csharp
class_18304,OrderManagerClass_18304,Domain,,csharp
class_18305,OrderManagerClass_18305,Domain,,csharp
class_18306,OrderManagerClass_18306,Domain,,csharp
class_18307,OrderManagerClass_18307,Domain,,csharp
class_18308,OrderManagerClass_18308,Domain,,csharp
class_18309,OrderManagerClass_18309,Domain,,csharp
class_18310,OrderManagerClass_18310,Domain,,csharp
class_18311,OrderManagerClass_18311,Domain,,csharp
class_18312,OrderManagerClass_18312,Domain,,csharp
class_18313,OrderManagerClass_18313,Domain,,csharp
class_18314,OrderManagerClass_18314,Domain,,csharp
class_18315,OrderManagerClass_18315,Domain,,csharp
class_18316,OrderManagerClass_18316,Domain,,csharp
class_18317,OrderManagerClass_18317,Domain,,csharp
class_18318,OrderManagerClass_18318,Domain,,csharp
class_18319,OrderManagerClass_18319,Domain,,csharp
class_18320,OrderManagerClass_18320,Domain,,csharp
class_18321,OrderManagerClass_18321,Domain,,csharp
class_18322,OrderManagerClass_18322,Domain,,csharp
class_18323,OrderManagerClass_18323,Domain,,csharp
class_18324,OrderManagerClass_18324,Domain,,csharp
class_18325,OrderManagerClass_18325,Domain,,csharp
class_18326,OrderManagerClass_18326,Domain,,csharp
class_18327,OrderManagerClass_18327,Domain,,csharp
class_18328,OrderManagerClass_18328,Domain,,csharp
class_18329,OrderManagerClass_18329,Domain,,csharp
class_18330,OrderManagerClass_18330,Domain,,csharp
class_18331,OrderManagerClass_18331,Domain,,csharp
class_18332,OrderManagerClass_18332,Domain,,csharp
class_18333,OrderManagerClass_18333,Domain,,csharp
class_18334,OrderManagerClass_18334,Domain,,csharp
class_18335,OrderManagerClass_18335,Domain,,csharp
class_18336,OrderManagerClass_18336,Domain,,csharp
class_18337,OrderManagerClass_18337,Domain,,csharp
class_18338,OrderManagerClass_18338,Domain,,csharp
class_18339,OrderManagerClass_18339,Domain,,csharp
class_18340,OrderManagerClass_18340,Domain,,csharp
class_18341,OrderManagerClass_18341,Domain,,csharp
class_18342,OrderManagerClass_18342,Domain,,csharp
class_18343,OrderManagerClass_18343,Domain,,csharp
class_18344,OrderManagerClass_18344,Domain,,csharp
class_18345,OrderManagerClass_18345,Domain,,csharp
class_18346,OrderManagerClass_18346,Domain,,csharp
class_18347,OrderManagerClass_18347,Domain,,csharp
class_18348,OrderManagerClass_18348,Domain,,csharp
class_18349,OrderManagerClass_18349,Domain,,csharp
class_18350,OrderManagerClass_18350,Domain,,csharp
class_18351,OrderManagerClass_18351,Domain,,csharp
class_18352,OrderManagerClass_18352,Domain,,csharp
class_18353,OrderManagerClass_18353,Domain,,csharp
class_18354,OrderManagerClass_18354,Domain,,csharp
class_18355,OrderManagerClass_18355,Domain,,csharp
class_18356,OrderManagerClass_18356,Domain,,csharp
class_18357,OrderManagerClass_18357,Domain,,csharp
class_18358,OrderManagerClass_18358,Domain,,csharp
class_18359,OrderManagerClass_18359,Domain,,csharp
class_18360,OrderManagerClass_18360,Domain,,csharp
class_18361,OrderManagerClass_18361,Domain,,csharp
class_18362,OrderManagerClass_18362,Domain,,csharp
class_18363,OrderManagerClass_18363,Domain,,csharp
class_18364,OrderManagerClass_18364,Domain,,csharp
class_18365,OrderManagerClass_18365,Domain,,csharp
class_18366,OrderManagerClass_18366,Domain,,csharp
class_18367,OrderManagerClass_18367,Domain,,csharp
class_18368,OrderManagerClass_18368,Domain,,csharp
class_18369,OrderManagerClass_18369,Domain,,csharp
class_18370,OrderManagerClass_18370,Domain,,csharp
class_18371,OrderManagerClass_18371,Domain,,csharp
class_18372,OrderManagerClass_18372,Domain,,csharp
class_18373,OrderManagerClass_18373,Domain,,csharp
class_18374,OrderManagerClass_18374,Domain,,csharp
class_18375,OrderManagerClass_18375,Domain,,csharp
class_18376,OrderManagerClass_18376,Domain,,csharp
class_18377,OrderManagerClass_18377,Domain,,csharp
class_18378,OrderManagerClass_18378,Domain,,csharp
class_18379,OrderManagerClass_18379,Domain,,csharp
class_18380,OrderManagerClass_18380,Domain,,csharp
class_18381,OrderManagerClass_18381,Domain,,csharp
class_18382,OrderManagerClass_18382,Domain,,csharp
class_18383,OrderManagerClass_18383,Domain,,csharp
class_18384,OrderManagerClass_18384,Domain,,csharp
class_18385,OrderManagerClass_18385,Domain,,csharp
class_18386,OrderManagerClass_18386,Domain,,csharp
class_18387,OrderManagerClass_18387,Domain,,csharp
class_18388,OrderManagerClass_18388,Domain,,csharp
class_18389,OrderManagerClass_18389,Domain,,csharp
class_18390,OrderManagerClass_18390,Domain,,csharp
class_18391,OrderManagerClass_18391,Domain,,csharp
class_18392,OrderManagerClass_18392,Domain,,csharp
class_18393,OrderManagerClass_18393,Domain,,csharp
class_18394,OrderManagerClass_18394,Domain,,csharp
class_18395,OrderManagerClass_18395,Domain,,csharp
class_18396,OrderManagerClass_18396,Domain,,csharp
class_18397,OrderManagerClass_18397,Domain,,csharp
class_18398,OrderManagerClass_18398,Domain,,csharp
class_18399,OrderManagerClass_18399,Domain,,csharp
class_18400,OrderManagerClass_18400,Domain,,csharp
class_18401,OrderManagerClass_18401,Domain,,csharp
class_18402,OrderManagerClass_18402,Domain,,csharp
class_18403,OrderManagerClass_18403,Domain,,csharp
class_18404,OrderManagerClass_18404,Domain,,csharp
class_18405,OrderManagerClass_18405,Domain,,csharp
class_18406,OrderManagerClass_18406,Domain,,csharp
class_18407,OrderManagerClass_18407,Domain,,csharp
class_18408,OrderManagerClass_18408,Domain,,csharp
class_18409,OrderManagerClass_18409,Domain,,csharp
class_18410,OrderManagerClass_18410,Domain,,csharp
class_18411,OrderManagerClass_18411,Domain,,csharp
class_18412,OrderManagerClass_18412,Domain,,csharp
class_18413,OrderManagerClass_18413,Domain,,csharp
class_18414,OrderManagerClass_18414,Domain,,csharp
class_18415,OrderManagerClass_18415,Domain,,csharp
class_18416,OrderManagerClass_18416,Domain,,csharp
class_18417,OrderManagerClass_18417,Domain,,csharp
class_18418,OrderManagerClass_18418,Domain,,csharp
class_18419,OrderManagerClass_18419,Domain,,csharp
class_18420,OrderManagerClass_18420,Domain,,csharp
class_18421,OrderManagerClass_18421,Domain,,csharp
class_18422,OrderManagerClass_18422,Domain,,csharp
class_18423,OrderManagerClass_18423,Domain,,csharp
class_18424,OrderManagerClass_18424,Domain,,csharp
class_18425,OrderManagerClass_18425,Domain,,csharp
class_18426,OrderManagerClass_18426,Domain,,csharp
class_18427,OrderManagerClass_18427,Domain,,csharp
class_18428,OrderManagerClass_18428,Domain,,csharp
class_18429,OrderManagerClass_18429,Domain,,csharp
class_18430,OrderManagerClass_18430,Domain,,csharp
class_18431,OrderManagerClass_18431,Domain,,csharp
class_18432,OrderManagerClass_18432,Domain,,csharp
class_18433,OrderManagerClass_18433,Domain,,csharp
class_18434,OrderManagerClass_18434,Domain,,csharp
class_18435,OrderManagerClass_18435,Domain,,csharp
class_18436,OrderManagerClass_18436,Domain,,csharp
class_18437,OrderManagerClass_18437,Domain,,csharp
class_18438,OrderManagerClass_18438,Domain,,csharp
class_18439,OrderManagerClass_18439,Domain,,csharp
class_18440,OrderManagerClass_18440,Domain,,csharp
class_18441,OrderManagerClass_18441,Domain,,csharp
class_18442,OrderManagerClass_18442,Domain,,csharp
class_18443,OrderManagerClass_18443,Domain,,csharp
class_18444,OrderManagerClass_18444,Domain,,csharp
class_18445,OrderManagerClass_18445,Domain,,csharp
class_18446,OrderManagerClass_18446,Domain,,csharp
class_18447,OrderManagerClass_18447,Domain,,csharp
class_18448,OrderManagerClass_18448,Domain,,csharp
class_18449,OrderManagerClass_18449,Domain,,csharp
class_18450,OrderManagerClass_18450,Domain,,csharp
class_18451,OrderManagerClass_18451,Domain,,csharp
class_18452,OrderManagerClass_18452,Domain,,csharp
class_18453,OrderManagerClass_18453,Domain,,csharp
class_18454,OrderManagerClass_18454,Domain,,csharp
class_18455,OrderManagerClass_18455,Domain,,csharp
class_18456,OrderManagerClass_18456,Domain,,csharp
class_18457,OrderManagerClass_18457,Domain,,csharp
class_18458,OrderManagerClass_18458,Domain,,csharp
class_18459,OrderManagerClass_18459,Domain,,csharp
class_18460,OrderManagerClass_18460,Domain,,csharp
class_18461,OrderManagerClass_18461,Domain,,csharp
class_18462,OrderManagerClass_18462,Domain,,csharp
class_18463,OrderManagerClass_18463,Domain,,csharp
class_18464,OrderManagerClass_18464,Domain,,csharp
class_18465,OrderManagerClass_18465,Domain,,csharp
class_18466,OrderManagerClass_18466,Domain,,csharp
class_18467,OrderManagerClass_18467,Domain,,csharp
class_18468,OrderManagerClass_18468,Domain,,csharp
class_18469,OrderManagerClass_18469,Domain,,csharp
class_18470,OrderManagerClass_18470,Domain,,csharp
class_18471,OrderManagerClass_18471,Domain,,csharp
class_18472,OrderManagerClass_18472,Domain,,csharp
class_18473,OrderManagerClass_18473,Domain,,csharp
class_18474,OrderManagerClass_18474,Domain,,csharp
class_18475,OrderManagerClass_18475,Domain,,csharp
class_18476,OrderManagerClass_18476,Domain,,csharp
class_18477,OrderManagerClass_18477,Domain,,csharp
class_18478,OrderManagerClass_18478,Domain,,csharp
class_18479,OrderManagerClass_18479,Domain,,csharp
class_18480,OrderManagerClass_18480,Domain,,csharp
class_18481,OrderManagerClass_18481,Domain,,csharp
class_18482,OrderManagerClass_18482,Domain,,csharp
class_18483,OrderManagerClass_18483,Domain,,csharp
class_18484,OrderManagerClass_18484,Domain,,csharp
class_18485,OrderManagerClass_18485,Domain,,csharp
class_18486,OrderManagerClass_18486,Domain,,csharp
class_18487,OrderManagerClass_18487,Domain,,csharp
class_18488,OrderManagerClass_18488,Domain,,csharp
class_18489,OrderManagerClass_18489,Domain,,csharp
class_18490,OrderManagerClass_18490,Domain,,csharp
class_18491,OrderManagerClass_18491,Domain,,csharp
class_18492,OrderManagerClass_18492,Domain,,csharp
class_18493,OrderManagerClass_18493,Domain,,csharp
class_18494,OrderManagerClass_18494,Domain,,csharp
class_18495,OrderManagerClass_18495,Domain,,csharp
class_18496,OrderManagerClass_18496,Domain,,csharp
class_18497,OrderManagerClass_18497,Domain,,csharp
class_18498,OrderManagerClass_18498,Domain,,csharp
class_18499,OrderManagerClass_18499,Domain,,csharp
class_18500,OrderManagerClass_18500,Domain,,csharp
class_18501,OrderManagerClass_18501,Domain,,csharp
class_18502,OrderManagerClass_18502,Domain,,csharp
class_18503,OrderManagerClass_18503,Domain,,csharp
class_18504,OrderManagerClass_18504,Domain,,csharp
class_18505,OrderManagerClass_18505,Domain,,csharp
class_18506,OrderManagerClass_18506,Domain,,csharp
class_18507,OrderManagerClass_18507,Domain,,csharp
class_18508,OrderManagerClass_18508,Domain,,csharp
class_18509,OrderManagerClass_18509,Domain,,csharp
class_18510,OrderManagerClass_18510,Domain,,csharp
class_18511,OrderManagerClass_18511,Domain,,csharp
class_18512,OrderManagerClass_18512,Domain,,csharp
class_18513,OrderManagerClass_18513,Domain,,csharp
class_18514,OrderManagerClass_18514,Domain,,csharp
class_18515,OrderManagerClass_18515,Domain,,csharp
class_18516,OrderManagerClass_18516,Domain,,csharp
class_18517,OrderManagerClass_18517,Domain,,csharp
class_18518,OrderManagerClass_18518,Domain,,csharp
class_18519,OrderManagerClass_18519,Domain,,csharp
class_18520,OrderManagerClass_18520,Domain,,csharp
class_18521,OrderManagerClass_18521,Domain,,csharp
class_18522,OrderManagerClass_18522,Domain,,csharp
class_18523,OrderManagerClass_18523,Domain,,csharp
class_18524,OrderManagerClass_18524,Domain,,csharp
class_18525,OrderManagerClass_18525,Domain,,csharp
class_18526,OrderManagerClass_18526,Domain,,csharp
class_18527,OrderManagerClass_18527,Domain,,csharp
class_18528,OrderManagerClass_18528,Domain,,csharp
class_18529,OrderManagerClass_18529,Domain,,csharp
class_18530,OrderManagerClass_18530,Domain,,csharp
class_18531,OrderManagerClass_18531,Domain,,csharp
class_18532,OrderManagerClass_18532,Domain,,csharp
class_18533,OrderManagerClass_18533,Domain,,csharp
class_18534,OrderManagerClass_18534,Domain,,csharp
class_18535,OrderManagerClass_18535,Domain,,csharp
class_18536,OrderManagerClass_18536,Domain,,csharp
class_18537,OrderManagerClass_18537,Domain,,csharp
class_18538,OrderManagerClass_18538,Domain,,csharp
class_18539,OrderManagerClass_18539,Domain,,csharp
class_18540,OrderManagerClass_18540,Domain,,csharp
class_18541,OrderManagerClass_18541,Domain,,csharp
class_18542,OrderManagerClass_18542,Domain,,csharp
class_18543,OrderManagerClass_18543,Domain,,csharp
class_18544,OrderManagerClass_18544,Domain,,csharp
class_18545,OrderManagerClass_18545,Domain,,csharp
class_18546,OrderManagerClass_18546,Domain,,csharp
class_18547,OrderManagerClass_18547,Domain,,csharp
class_18548,OrderManagerClass_18548,Domain,,csharp
class_18549,OrderManagerClass_18549,Domain,,csharp
class_18550,OrderManagerClass_18550,Domain,,csharp
class_18551,OrderManagerClass_18551,Domain,,csharp
class_18552,OrderManagerClass_18552,Domain,,csharp
class_18553,OrderManagerClass_18553,Domain,,csharp
class_18554,OrderManagerClass_18554,Domain,,csharp
class_18555,OrderManagerClass_18555,Domain,,csharp
class_18556,OrderManagerClass_18556,Domain,,csharp
class_18557,OrderManagerClass_18557,Domain,,csharp
class_18558,OrderManagerClass_18558,Domain,,csharp
class_18559,OrderManagerClass_18559,Domain,,csharp
class_18560,OrderManagerClass_18560,Domain,,csharp
class_18561,OrderManagerClass_18561,Domain,,csharp
class_18562,OrderManagerClass_18562,Domain,,csharp
class_18563,OrderManagerClass_18563,Domain,,csharp
class_18564,OrderManagerClass_18564,Domain,,csharp
class_18565,OrderManagerClass_18565,Domain,,csharp
class_18566,OrderManagerClass_18566,Domain,,csharp
class_18567,OrderManagerClass_18567,Domain,,csharp
class_18568,OrderManagerClass_18568,Domain,,csharp
class_18569,OrderManagerClass_18569,Domain,,csharp
class_18570,OrderManagerClass_18570,Domain,,csharp
class_18571,OrderManagerClass_18571,Domain,,csharp
class_18572,OrderManagerClass_18572,Domain,,csharp
class_18573,OrderManagerClass_18573,Domain,,csharp
class_18574,OrderManagerClass_18574,Domain,,csharp
class_18575,OrderManagerClass_18575,Domain,,csharp
class_18576,OrderManagerClass_18576,Domain,,csharp
class_18577,OrderManagerClass_18577,Domain,,csharp
class_18578,OrderManagerClass_18578,Domain,,csharp
class_18579,OrderManagerClass_18579,Domain,,csharp
class_18580,OrderManagerClass_18580,Domain,,csharp
class_18581,OrderManagerClass_18581,Domain,,csharp
class_18582,OrderManagerClass_18582,Domain,,csharp
class_18583,OrderManagerClass_18583,Domain,,csharp
class_18584,OrderManagerClass_18584,Domain,,csharp
class_18585,OrderManagerClass_18585,Domain,,csharp
class_18586,OrderManagerClass_18586,Domain,,csharp
class_18587,OrderManagerClass_18587,Domain,,csharp
class_18588,OrderManagerClass_18588,Domain,,csharp
class_18589,OrderManagerClass_18589,Domain,,csharp
class_18590,OrderManagerClass_18590,Domain,,csharp
class_18591,OrderManagerClass_18591,Domain,,csharp
class_18592,OrderManagerClass_18592,Domain,,csharp
class_18593,OrderManagerClass_18593,Domain,,csharp
class_18594,OrderManagerClass_18594,Domain,,csharp
class_18595,OrderManagerClass_18595,Domain,,csharp
class_18596,OrderManagerClass_18596,Domain,,csharp
class_18597,OrderManagerClass_18597,Domain,,csharp
class_18598,OrderManagerClass_18598,Domain,,csharp
class_18599,OrderManagerClass_18599,Domain,,csharp
class_18600,OrderManagerClass_18600,Domain,,csharp
class_18601,OrderManagerClass_18601,Domain,,csharp
class_18602,OrderManagerClass_18602,Domain,,csharp
class_18603,OrderManagerClass_18603,Domain,,csharp
class_18604,OrderManagerClass_18604,Domain,,csharp
class_18605,OrderManagerClass_18605,Domain,,csharp
class_18606,OrderManagerClass_18606,Domain,,csharp
class_18607,OrderManagerClass_18607,Domain,,csharp
class_18608,OrderManagerClass_18608,Domain,,csharp
class_18609,OrderManagerClass_18609,Domain,,csharp
class_18610,OrderManagerClass_18610,Domain,,csharp
class_18611,OrderManagerClass_18611,Domain,,csharp
class_18612,OrderManagerClass_18612,Domain,,csharp
class_18613,OrderManagerClass_18613,Domain,,csharp
class_18614,OrderManagerClass_18614,Domain,,csharp
class_18615,OrderManagerClass_18615,Domain,,csharp
class_18616,OrderManagerClass_18616,Domain,,csharp
class_18617,OrderManagerClass_18617,Domain,,csharp
class_18618,OrderManagerClass_18618,Domain,,csharp
class_18619,OrderManagerClass_18619,Domain,,csharp
class_18620,OrderManagerClass_18620,Domain,,csharp
class_18621,OrderManagerClass_18621,Domain,,csharp
class_18622,OrderManagerClass_18622,Domain,,csharp
class_18623,OrderManagerClass_18623,Domain,,csharp
class_18624,OrderManagerClass_18624,Domain,,csharp
class_18625,OrderManagerClass_18625,Domain,,csharp
class_18626,OrderManagerClass_18626,Domain,,csharp
class_18627,OrderManagerClass_18627,Domain,,csharp
class_18628,OrderManagerClass_18628,Domain,,csharp
class_18629,OrderManagerClass_18629,Domain,,csharp
class_18630,OrderManagerClass_18630,Domain,,csharp
class_18631,OrderManagerClass_18631,Domain,,csharp
class_18632,OrderManagerClass_18632,Domain,,csharp
class_18633,OrderManagerClass_18633,Domain,,csharp
class_18634,OrderManagerClass_18634,Domain,,csharp
class_18635,OrderManagerClass_18635,Domain,,csharp
class_18636,OrderManagerClass_18636,Domain,,csharp
class_18637,OrderManagerClass_18637,Domain,,csharp
class_18638,OrderManagerClass_18638,Domain,,csharp
class_18639,OrderManagerClass_18639,Domain,,csharp
class_18640,OrderManagerClass_18640,Domain,,csharp
class_18641,OrderManagerClass_18641,Domain,,csharp
class_18642,OrderManagerClass_18642,Domain,,csharp
class_18643,OrderManagerClass_18643,Domain,,csharp
class_18644,OrderManagerClass_18644,Domain,,csharp
class_18645,OrderManagerClass_18645,Domain,,csharp
class_18646,OrderManagerClass_18646,Domain,,csharp
class_18647,OrderManagerClass_18647,Domain,,csharp
class_18648,OrderManagerClass_18648,Domain,,csharp
class_18649,OrderManagerClass_18649,Domain,,csharp
class_18650,OrderManagerClass_18650,Domain,,csharp
class_18651,OrderManagerClass_18651,Domain,,csharp
class_18652,OrderManagerClass_18652,Domain,,csharp
class_18653,OrderManagerClass_18653,Domain,,csharp
class_18654,OrderManagerClass_18654,Domain,,csharp
class_18655,OrderManagerClass_18655,Domain,,csharp
class_18656,OrderManagerClass_18656,Domain,,csharp
class_18657,OrderManagerClass_18657,Domain,,csharp
class_18658,OrderManagerClass_18658,Domain,,csharp
class_18659,OrderManagerClass_18659,Domain,,csharp
class_18660,OrderManagerClass_18660,Domain,,csharp
class_18661,OrderManagerClass_18661,Domain,,csharp
class_18662,OrderManagerClass_18662,Domain,,csharp
class_18663,OrderManagerClass_18663,Domain,,csharp
class_18664,OrderManagerClass_18664,Domain,,csharp
class_18665,OrderManagerClass_18665,Domain,,csharp
class_18666,OrderManagerClass_18666,Domain,,csharp
class_18667,OrderManagerClass_18667,Domain,,csharp
class_18668,OrderManagerClass_18668,Domain,,csharp
class_18669,OrderManagerClass_18669,Domain,,csharp
class_18670,OrderManagerClass_18670,Domain,,csharp
class_18671,OrderManagerClass_18671,Domain,,csharp
class_18672,OrderManagerClass_18672,Domain,,csharp
class_18673,OrderManagerClass_18673,Domain,,csharp
class_18674,OrderManagerClass_18674,Domain,,csharp
class_18675,OrderManagerClass_18675,Domain,,csharp
class_18676,OrderManagerClass_18676,Domain,,csharp
class_18677,OrderManagerClass_18677,Domain,,csharp
class_18678,OrderManagerClass_18678,Domain,,csharp
class_18679,OrderManagerClass_18679,Domain,,csharp
class_18680,OrderManagerClass_18680,Domain,,csharp
class_18681,OrderManagerClass_18681,Domain,,csharp
class_18682,OrderManagerClass_18682,Domain,,csharp
class_18683,OrderManagerClass_18683,Domain,,csharp
class_18684,OrderManagerClass_18684,Domain,,csharp
class_18685,OrderManagerClass_18685,Domain,,csharp
class_18686,OrderManagerClass_18686,Domain,,csharp
class_18687,OrderManagerClass_18687,Domain,,csharp
class_18688,OrderManagerClass_18688,Domain,,csharp
class_18689,OrderManagerClass_18689,Domain,,csharp
class_18690,OrderManagerClass_18690,Domain,,csharp
class_18691,OrderManagerClass_18691,Domain,,csharp
class_18692,OrderManagerClass_18692,Domain,,csharp
class_18693,OrderManagerClass_18693,Domain,,csharp
class_18694,OrderManagerClass_18694,Domain,,csharp
class_18695,OrderManagerClass_18695,Domain,,csharp
class_18696,OrderManagerClass_18696,Domain,,csharp
class_18697,OrderManagerClass_18697,Domain,,csharp
class_18698,OrderManagerClass_18698,Domain,,csharp
class_18699,OrderManagerClass_18699,Domain,,csharp
class_18700,OrderManagerClass_18700,Domain,,csharp
class_18701,OrderManagerClass_18701,Domain,,csharp
class_18702,OrderManagerClass_18702,Domain,,csharp
class_18703,OrderManagerClass_18703,Domain,,csharp
class_18704,OrderManagerClass_18704,Domain,,csharp
class_18705,OrderManagerClass_18705,Domain,,csharp
class_18706,OrderManagerClass_18706,Domain,,csharp
class_18707,OrderManagerClass_18707,Domain,,csharp
class_18708,OrderManagerClass_18708,Domain,,csharp
class_18709,OrderManagerClass_18709,Domain,,csharp
class_18710,OrderManagerClass_18710,Domain,,csharp
class_18711,OrderManagerClass_18711,Domain,,csharp
class_18712,OrderManagerClass_18712,Domain,,csharp
class_18713,OrderManagerClass_18713,Domain,,csharp
class_18714,OrderManagerClass_18714,Domain,,csharp
class_18715,OrderManagerClass_18715,Domain,,csharp
class_18716,OrderManagerClass_18716,Domain,,csharp
class_18717,OrderManagerClass_18717,Domain,,csharp
class_18718,OrderManagerClass_18718,Domain,,csharp
class_18719,OrderManagerClass_18719,Domain,,csharp
class_18720,OrderManagerClass_18720,Domain,,csharp
class_18721,OrderManagerClass_18721,Domain,,csharp
class_18722,OrderManagerClass_18722,Domain,,csharp
class_18723,OrderManagerClass_18723,Domain,,csharp
class_18724,OrderManagerClass_18724,Domain,,csharp
class_18725,OrderManagerClass_18725,Domain,,csharp
class_18726,OrderManagerClass_18726,Domain,,csharp
class_18727,OrderManagerClass_18727,Domain,,csharp
class_18728,OrderManagerClass_18728,Domain,,csharp
class_18729,OrderManagerClass_18729,Domain,,csharp
class_18730,OrderManagerClass_18730,Domain,,csharp
class_18731,OrderManagerClass_18731,Domain,,csharp
class_18732,OrderManagerClass_18732,Domain,,csharp
class_18733,OrderManagerClass_18733,Domain,,csharp
class_18734,OrderManagerClass_18734,Domain,,csharp
class_18735,OrderManagerClass_18735,Domain,,csharp
class_18736,OrderManagerClass_18736,Domain,,csharp
class_18737,OrderManagerClass_18737,Domain,,csharp
class_18738,OrderManagerClass_18738,Domain,,csharp
class_18739,OrderManagerClass_18739,Domain,,csharp
class_18740,OrderManagerClass_18740,Domain,,csharp
class_18741,OrderManagerClass_18741,Domain,,csharp
class_18742,OrderManagerClass_18742,Domain,,csharp
class_18743,OrderManagerClass_18743,Domain,,csharp
class_18744,OrderManagerClass_18744,Domain,,csharp
class_18745,OrderManagerClass_18745,Domain,,csharp
class_18746,OrderManagerClass_18746,Domain,,csharp
class_18747,OrderManagerClass_18747,Domain,,csharp
class_18748,OrderManagerClass_18748,Domain,,csharp
class_18749,OrderManagerClass_18749,Domain,,csharp
class_18750,OrderManagerClass_18750,Domain,,csharp
class_18751,OrderManagerClass_18751,Domain,,csharp
class_18752,OrderManagerClass_18752,Domain,,csharp
class_18753,OrderManagerClass_18753,Domain,,csharp
class_18754,OrderManagerClass_18754,Domain,,csharp
class_18755,OrderManagerClass_18755,Domain,,csharp
class_18756,OrderManagerClass_18756,Domain,,csharp
class_18757,OrderManagerClass_18757,Domain,,csharp
class_18758,OrderManagerClass_18758,Domain,,csharp
class_18759,OrderManagerClass_18759,Domain,,csharp
class_18760,OrderManagerClass_18760,Domain,,csharp
class_18761,OrderManagerClass_18761,Domain,,csharp
class_18762,OrderManagerClass_18762,Domain,,csharp
class_18763,OrderManagerClass_18763,Domain,,csharp
class_18764,OrderManagerClass_18764,Domain,,csharp
class_18765,OrderManagerClass_18765,Domain,,csharp
class_18766,OrderManagerClass_18766,Domain,,csharp
class_18767,OrderManagerClass_18767,Domain,,csharp
class_18768,OrderManagerClass_18768,Domain,,csharp
class_18769,OrderManagerClass_18769,Domain,,csharp
class_18770,OrderManagerClass_18770,Domain,,csharp
class_18771,OrderManagerClass_18771,Domain,,csharp
class_18772,OrderManagerClass_18772,Domain,,csharp
class_18773,OrderManagerClass_18773,Domain,,csharp
class_18774,OrderManagerClass_18774,Domain,,csharp
class_18775,OrderManagerClass_18775,Domain,,csharp
class_18776,OrderManagerClass_18776,Domain,,csharp
class_18777,OrderManagerClass_18777,Domain,,csharp
class_18778,OrderManagerClass_18778,Domain,,csharp
class_18779,OrderManagerClass_18779,Domain,,csharp
class_18780,OrderManagerClass_18780,Domain,,csharp
class_18781,OrderManagerClass_18781,Domain,,csharp
class_18782,OrderManagerClass_18782,Domain,,csharp
class_18783,OrderManagerClass_18783,Domain,,csharp
class_18784,OrderManagerClass_18784,Domain,,csharp
class_18785,OrderManagerClass_18785,Domain,,csharp
class_18786,OrderManagerClass_18786,Domain,,csharp
class_18787,OrderManagerClass_18787,Domain,,csharp
class_18788,OrderManagerClass_18788,Domain,,csharp
class_18789,OrderManagerClass_18789,Domain,,csharp
class_18790,OrderManagerClass_18790,Domain,,csharp
class_18791,OrderManagerClass_18791,Domain,,csharp
class_18792,OrderManagerClass_18792,Domain,,csharp
class_18793,OrderManagerClass_18793,Domain,,csharp
class_18794,OrderManagerClass_18794,Domain,,csharp
class_18795,OrderManagerClass_18795,Domain,,csharp
class_18796,OrderManagerClass_18796,Domain,,csharp
class_18797,OrderManagerClass_18797,Domain,,csharp
class_18798,OrderManagerClass_18798,Domain,,csharp
class_18799,OrderManagerClass_18799,Domain,,csharp
class_18800,OrderManagerClass_18800,Domain,,csharp
class_18801,OrderManagerClass_18801,Domain,,csharp
class_18802,OrderManagerClass_18802,Domain,,csharp
class_18803,OrderManagerClass_18803,Domain,,csharp
class_18804,OrderManagerClass_18804,Domain,,csharp
class_18805,OrderManagerClass_18805,Domain,,csharp
class_18806,OrderManagerClass_18806,Domain,,csharp
class_18807,OrderManagerClass_18807,Domain,,csharp
class_18808,OrderManagerClass_18808,Domain,,csharp
class_18809,OrderManagerClass_18809,Domain,,csharp
class_18810,OrderManagerClass_18810,Domain,,csharp
class_18811,OrderManagerClass_18811,Domain,,csharp
class_18812,OrderManagerClass_18812,Domain,,csharp
class_18813,OrderManagerClass_18813,Domain,,csharp
class_18814,OrderManagerClass_18814,Domain,,csharp
class_18815,OrderManagerClass_18815,Domain,,csharp
class_18816,OrderManagerClass_18816,Domain,,csharp
class_18817,OrderManagerClass_18817,Domain,,csharp
class_18818,OrderManagerClass_18818,Domain,,csharp
class_18819,OrderManagerClass_18819,Domain,,csharp
class_18820,OrderManagerClass_18820,Domain,,csharp
class_18821,OrderManagerClass_18821,Domain,,csharp
class_18822,OrderManagerClass_18822,Domain,,csharp
class_18823,OrderManagerClass_18823,Domain,,csharp
class_18824,OrderManagerClass_18824,Domain,,csharp
class_18825,OrderManagerClass_18825,Domain,,csharp
class_18826,OrderManagerClass_18826,Domain,,csharp
class_18827,OrderManagerClass_18827,Domain,,csharp
class_18828,OrderManagerClass_18828,Domain,,csharp
class_18829,OrderManagerClass_18829,Domain,,csharp
class_18830,OrderManagerClass_18830,Domain,,csharp
class_18831,OrderManagerClass_18831,Domain,,csharp
class_18832,OrderManagerClass_18832,Domain,,csharp
class_18833,OrderManagerClass_18833,Domain,,csharp
class_18834,OrderManagerClass_18834,Domain,,csharp
class_18835,OrderManagerClass_18835,Domain,,csharp
class_18836,OrderManagerClass_18836,Domain,,csharp
class_18837,OrderManagerClass_18837,Domain,,csharp
class_18838,OrderManagerClass_18838,Domain,,csharp
class_18839,OrderManagerClass_18839,Domain,,csharp
class_18840,OrderManagerClass_18840,Domain,,csharp
class_18841,OrderManagerClass_18841,Domain,,csharp
class_18842,OrderManagerClass_18842,Domain,,csharp
class_18843,OrderManagerClass_18843,Domain,,csharp
class_18844,OrderManagerClass_18844,Domain,,csharp
class_18845,OrderManagerClass_18845,Domain,,csharp
class_18846,OrderManagerClass_18846,Domain,,csharp
class_18847,OrderManagerClass_18847,Domain,,csharp
class_18848,OrderManagerClass_18848,Domain,,csharp
class_18849,OrderManagerClass_18849,Domain,,csharp
class_18850,OrderManagerClass_18850,Domain,,csharp
class_18851,OrderManagerClass_18851,Domain,,csharp
class_18852,OrderManagerClass_18852,Domain,,csharp
class_18853,OrderManagerClass_18853,Domain,,csharp
class_18854,OrderManagerClass_18854,Domain,,csharp
class_18855,OrderManagerClass_18855,Domain,,csharp
class_18856,OrderManagerClass_18856,Domain,,csharp
class_18857,OrderManagerClass_18857,Domain,,csharp
class_18858,OrderManagerClass_18858,Domain,,csharp
class_18859,OrderManagerClass_18859,Domain,,csharp
class_18860,OrderManagerClass_18860,Domain,,csharp
class_18861,OrderManagerClass_18861,Domain,,csharp
class_18862,OrderManagerClass_18862,Domain,,csharp
class_18863,OrderManagerClass_18863,Domain,,csharp
class_18864,OrderManagerClass_18864,Domain,,csharp
class_18865,OrderManagerClass_18865,Domain,,csharp
class_18866,OrderManagerClass_18866,Domain,,csharp
class_18867,OrderManagerClass_18867,Domain,,csharp
class_18868,OrderManagerClass_18868,Domain,,csharp
class_18869,OrderManagerClass_18869,Domain,,csharp
class_18870,OrderManagerClass_18870,Domain,,csharp
class_18871,OrderManagerClass_18871,Domain,,csharp
class_18872,OrderManagerClass_18872,Domain,,csharp
class_18873,OrderManagerClass_18873,Domain,,csharp
class_18874,OrderManagerClass_18874,Domain,,csharp
class_18875,OrderManagerClass_18875,Domain,,csharp
class_18876,OrderManagerClass_18876,Domain,,csharp
class_18877,OrderManagerClass_18877,Domain,,csharp
class_18878,OrderManagerClass_18878,Domain,,csharp
class_18879,OrderManagerClass_18879,Domain,,csharp
class_18880,OrderManagerClass_18880,Domain,,csharp
class_18881,OrderManagerClass_18881,Domain,,csharp
class_18882,OrderManagerClass_18882,Domain,,csharp
class_18883,OrderManagerClass_18883,Domain,,csharp
class_18884,OrderManagerClass_18884,Domain,,csharp
class_18885,OrderManagerClass_18885,Domain,,csharp
class_18886,OrderManagerClass_18886,Domain,,csharp
class_18887,OrderManagerClass_18887,Domain,,csharp
class_18888,OrderManagerClass_18888,Domain,,csharp
class_18889,OrderManagerClass_18889,Domain,,csharp
class_18890,OrderManagerClass_18890,Domain,,csharp
class_18891,OrderManagerClass_18891,Domain,,csharp
class_18892,OrderManagerClass_18892,Domain,,csharp
class_18893,OrderManagerClass_18893,Domain,,csharp
class_18894,OrderManagerClass_18894,Domain,,csharp
class_18895,OrderManagerClass_18895,Domain,,csharp
class_18896,OrderManagerClass_18896,Domain,,csharp
class_18897,OrderManagerClass_18897,Domain,,csharp
class_18898,OrderManagerClass_18898,Domain,,csharp
class_18899,OrderManagerClass_18899,Domain,,csharp
class_18900,OrderManagerClass_18900,Domain,,csharp
class_18901,OrderManagerClass_18901,Domain,,csharp
class_18902,OrderManagerClass_18902,Domain,,csharp
class_18903,OrderManagerClass_18903,Domain,,csharp
class_18904,OrderManagerClass_18904,Domain,,csharp
class_18905,OrderManagerClass_18905,Domain,,csharp
class_18906,OrderManagerClass_18906,Domain,,csharp
class_18907,OrderManagerClass_18907,Domain,,csharp
class_18908,OrderManagerClass_18908,Domain,,csharp
class_18909,OrderManagerClass_18909,Domain,,csharp
class_18910,OrderManagerClass_18910,Domain,,csharp
class_18911,OrderManagerClass_18911,Domain,,csharp
class_18912,OrderManagerClass_18912,Domain,,csharp
class_18913,OrderManagerClass_18913,Domain,,csharp
class_18914,OrderManagerClass_18914,Domain,,csharp
class_18915,OrderManagerClass_18915,Domain,,csharp
class_18916,OrderManagerClass_18916,Domain,,csharp
class_18917,OrderManagerClass_18917,Domain,,csharp
class_18918,OrderManagerClass_18918,Domain,,csharp
class_18919,OrderManagerClass_18919,Domain,,csharp
class_18920,OrderManagerClass_18920,Domain,,csharp
class_18921,OrderManagerClass_18921,Domain,,csharp
class_18922,OrderManagerClass_18922,Domain,,csharp
class_18923,OrderManagerClass_18923,Domain,,csharp
class_18924,OrderManagerClass_18924,Domain,,csharp
class_18925,OrderManagerClass_18925,Domain,,csharp
class_18926,OrderManagerClass_18926,Domain,,csharp
class_18927,OrderManagerClass_18927,Domain,,csharp
class_18928,OrderManagerClass_18928,Domain,,csharp
class_18929,OrderManagerClass_18929,Domain,,csharp
class_18930,OrderManagerClass_18930,Domain,,csharp
class_18931,OrderManagerClass_18931,Domain,,csharp
class_18932,OrderManagerClass_18932,Domain,,csharp
class_18933,OrderManagerClass_18933,Domain,,csharp
class_18934,OrderManagerClass_18934,Domain,,csharp
class_18935,OrderManagerClass_18935,Domain,,csharp
class_18936,OrderManagerClass_18936,Domain,,csharp
class_18937,OrderManagerClass_18937,Domain,,csharp
class_18938,OrderManagerClass_18938,Domain,,csharp
class_18939,OrderManagerClass_18939,Domain,,csharp
class_18940,OrderManagerClass_18940,Domain,,csharp
class_18941,OrderManagerClass_18941,Domain,,csharp
class_18942,OrderManagerClass_18942,Domain,,csharp
class_18943,OrderManagerClass_18943,Domain,,csharp
class_18944,OrderManagerClass_18944,Domain,,csharp
class_18945,OrderManagerClass_18945,Domain,,csharp
class_18946,OrderManagerClass_18946,Domain,,csharp
class_18947,OrderManagerClass_18947,Domain,,csharp
class_18948,OrderManagerClass_18948,Domain,,csharp
class_18949,OrderManagerClass_18949,Domain,,csharp
class_18950,OrderManagerClass_18950,Domain,,csharp
class_18951,OrderManagerClass_18951,Domain,,csharp
class_18952,OrderManagerClass_18952,Domain,,csharp
class_18953,OrderManagerClass_18953,Domain,,csharp
class_18954,OrderManagerClass_18954,Domain,,csharp
class_18955,OrderManagerClass_18955,Domain,,csharp
class_18956,OrderManagerClass_18956,Domain,,csharp
class_18957,OrderManagerClass_18957,Domain,,csharp
class_18958,OrderManagerClass_18958,Domain,,csharp
class_18959,OrderManagerClass_18959,Domain,,csharp
class_18960,OrderManagerClass_18960,Domain,,csharp
class_18961,OrderManagerClass_18961,Domain,,csharp
class_18962,OrderManagerClass_18962,Domain,,csharp
class_18963,OrderManagerClass_18963,Domain,,csharp
class_18964,OrderManagerClass_18964,Domain,,csharp
class_18965,OrderManagerClass_18965,Domain,,csharp
class_18966,OrderManagerClass_18966,Domain,,csharp
class_18967,OrderManagerClass_18967,Domain,,csharp
class_18968,OrderManagerClass_18968,Domain,,csharp
class_18969,OrderManagerClass_18969,Domain,,csharp
class_18970,OrderManagerClass_18970,Domain,,csharp
class_18971,OrderManagerClass_18971,Domain,,csharp
class_18972,OrderManagerClass_18972,Domain,,csharp
class_18973,OrderManagerClass_18973,Domain,,csharp
class_18974,OrderManagerClass_18974,Domain,,csharp
class_18975,OrderManagerClass_18975,Domain,,csharp
class_18976,OrderManagerClass_18976,Domain,,csharp
class_18977,OrderManagerClass_18977,Domain,,csharp
class_18978,OrderManagerClass_18978,Domain,,csharp
class_18979,OrderManagerClass_18979,Domain,,csharp
class_18980,OrderManagerClass_18980,Domain,,csharp
class_18981,OrderManagerClass_18981,Domain,,csharp
class_18982,OrderManagerClass_18982,Domain,,csharp
class_18983,OrderManagerClass_18983,Domain,,csharp
class_18984,OrderManagerClass_18984,Domain,,csharp
class_18985,OrderManagerClass_18985,Domain,,csharp
class_18986,OrderManagerClass_18986,Domain,,csharp
class_18987,OrderManagerClass_18987,Domain,,csharp
class_18988,OrderManagerClass_18988,Domain,,csharp
class_18989,OrderManagerClass_18989,Domain,,csharp
class_18990,OrderManagerClass_18990,Domain,,csharp
class_18991,OrderManagerClass_18991,Domain,,csharp
class_18992,OrderManagerClass_18992,Domain,,csharp
class_18993,OrderManagerClass_18993,Domain,,csharp
class_18994,OrderManagerClass_18994,Domain,,csharp
class_18995,OrderManagerClass_18995,Domain,,csharp
class_18996,OrderManagerClass_18996,Domain,,csharp
class_18997,OrderManagerClass_18997,Domain,,csharp
class_18998,OrderManagerClass_18998,Domain,,csharp
class_18999,OrderManagerClass_18999,Domain,,csharp
class_19000,OrderManagerClass_19000,Domain,,csharp
class_19001,OrderManagerClass_19001,Domain,,csharp
class_19002,OrderManagerClass_19002,Domain,,csharp
class_19003,OrderManagerClass_19003,Domain,,csharp
class_19004,OrderManagerClass_19004,Domain,,csharp
class_19005,OrderManagerClass_19005,Domain,,csharp
class_19006,OrderManagerClass_19006,Domain,,csharp
class_19007,OrderManagerClass_19007,Domain,,csharp
class_19008,OrderManagerClass_19008,Domain,,csharp
class_19009,OrderManagerClass_19009,Domain,,csharp
class_19010,OrderManagerClass_19010,Domain,,csharp
class_19011,OrderManagerClass_19011,Domain,,csharp
class_19012,OrderManagerClass_19012,Domain,,csharp
class_19013,OrderManagerClass_19013,Domain,,csharp
class_19014,OrderManagerClass_19014,Domain,,csharp
class_19015,OrderManagerClass_19015,Domain,,csharp
class_19016,OrderManagerClass_19016,Domain,,csharp
class_19017,OrderManagerClass_19017,Domain,,csharp
class_19018,OrderManagerClass_19018,Domain,,csharp
class_19019,OrderManagerClass_19019,Domain,,csharp
class_19020,OrderManagerClass_19020,Domain,,csharp
class_19021,OrderManagerClass_19021,Domain,,csharp
class_19022,OrderManagerClass_19022,Domain,,csharp
class_19023,OrderManagerClass_19023,Domain,,csharp
class_19024,OrderManagerClass_19024,Domain,,csharp
class_19025,OrderManagerClass_19025,Domain,,csharp
class_19026,OrderManagerClass_19026,Domain,,csharp
class_19027,OrderManagerClass_19027,Domain,,csharp
class_19028,OrderManagerClass_19028,Domain,,csharp
class_19029,OrderManagerClass_19029,Domain,,csharp
class_19030,OrderManagerClass_19030,Domain,,csharp
class_19031,OrderManagerClass_19031,Domain,,csharp
class_19032,OrderManagerClass_19032,Domain,,csharp
class_19033,OrderManagerClass_19033,Domain,,csharp
class_19034,OrderManagerClass_19034,Domain,,csharp
class_19035,OrderManagerClass_19035,Domain,,csharp
class_19036,OrderManagerClass_19036,Domain,,csharp
class_19037,OrderManagerClass_19037,Domain,,csharp
class_19038,OrderManagerClass_19038,Domain,,csharp
class_19039,OrderManagerClass_19039,Domain,,csharp
class_19040,OrderManagerClass_19040,Domain,,csharp
class_19041,OrderManagerClass_19041,Domain,,csharp
class_19042,OrderManagerClass_19042,Domain,,csharp
class_19043,OrderManagerClass_19043,Domain,,csharp
class_19044,OrderManagerClass_19044,Domain,,csharp
class_19045,OrderManagerClass_19045,Domain,,csharp
class_19046,OrderManagerClass_19046,Domain,,csharp
class_19047,OrderManagerClass_19047,Domain,,csharp
class_19048,OrderManagerClass_19048,Domain,,csharp
class_19049,OrderManagerClass_19049,Domain,,csharp
class_19050,OrderManagerClass_19050,Domain,,csharp
class_19051,OrderManagerClass_19051,Domain,,csharp
class_19052,OrderManagerClass_19052,Domain,,csharp
class_19053,OrderManagerClass_19053,Domain,,csharp
class_19054,OrderManagerClass_19054,Domain,,csharp
class_19055,OrderManagerClass_19055,Domain,,csharp
class_19056,OrderManagerClass_19056,Domain,,csharp
class_19057,OrderManagerClass_19057,Domain,,csharp
class_19058,OrderManagerClass_19058,Domain,,csharp
class_19059,OrderManagerClass_19059,Domain,,csharp
class_19060,OrderManagerClass_19060,Domain,,csharp
class_19061,OrderManagerClass_19061,Domain,,csharp
class_19062,OrderManagerClass_19062,Domain,,csharp
class_19063,OrderManagerClass_19063,Domain,,csharp
class_19064,OrderManagerClass_19064,Domain,,csharp
class_19065,OrderManagerClass_19065,Domain,,csharp
class_19066,OrderManagerClass_19066,Domain,,csharp
class_19067,OrderManagerClass_19067,Domain,,csharp
class_19068,OrderManagerClass_19068,Domain,,csharp
class_19069,OrderManagerClass_19069,Domain,,csharp
class_19070,OrderManagerClass_19070,Domain,,csharp
class_19071,OrderManagerClass_19071,Domain,,csharp
class_19072,OrderManagerClass_19072,Domain,,csharp
class_19073,OrderManagerClass_19073,Domain,,csharp
class_19074,OrderManagerClass_19074,Domain,,csharp
class_19075,OrderManagerClass_19075,Domain,,csharp
class_19076,OrderManagerClass_19076,Domain,,csharp
class_19077,OrderManagerClass_19077,Domain,,csharp
class_19078,OrderManagerClass_19078,Domain,,csharp
class_19079,OrderManagerClass_19079,Domain,,csharp
class_19080,OrderManagerClass_19080,Domain,,csharp
class_19081,OrderManagerClass_19081,Domain,,csharp
class_19082,OrderManagerClass_19082,Domain,,csharp
class_19083,OrderManagerClass_19083,Domain,,csharp
class_19084,OrderManagerClass_19084,Domain,,csharp
class_19085,OrderManagerClass_19085,Domain,,csharp
class_19086,OrderManagerClass_19086,Domain,,csharp
class_19087,OrderManagerClass_19087,Domain,,csharp
class_19088,OrderManagerClass_19088,Domain,,csharp
class_19089,OrderManagerClass_19089,Domain,,csharp
class_19090,OrderManagerClass_19090,Domain,,csharp
class_19091,OrderManagerClass_19091,Domain,,csharp
class_19092,OrderManagerClass_19092,Domain,,csharp
class_19093,OrderManagerClass_19093,Domain,,csharp
class_19094,OrderManagerClass_19094,Domain,,csharp
class_19095,OrderManagerClass_19095,Domain,,csharp
class_19096,OrderManagerClass_19096,Domain,,csharp
class_19097,OrderManagerClass_19097,Domain,,csharp
class_19098,OrderManagerClass_19098,Domain,,csharp
class_19099,OrderManagerClass_19099,Domain,,csharp
class_19100,OrderManagerClass_19100,Domain,,csharp
class_19101,OrderManagerClass_19101,Domain,,csharp
class_19102,OrderManagerClass_19102,Domain,,csharp
class_19103,OrderManagerClass_19103,Domain,,csharp
class_19104,OrderManagerClass_19104,Domain,,csharp
class_19105,OrderManagerClass_19105,Domain,,csharp
class_19106,OrderManagerClass_19106,Domain,,csharp
class_19107,OrderManagerClass_19107,Domain,,csharp
class_19108,OrderManagerClass_19108,Domain,,csharp
class_19109,OrderManagerClass_19109,Domain,,csharp
class_19110,OrderManagerClass_19110,Domain,,csharp
class_19111,OrderManagerClass_19111,Domain,,csharp
class_19112,OrderManagerClass_19112,Domain,,csharp
class_19113,OrderManagerClass_19113,Domain,,csharp
class_19114,OrderManagerClass_19114,Domain,,csharp
class_19115,OrderManagerClass_19115,Domain,,csharp
class_19116,OrderManagerClass_19116,Domain,,csharp
class_19117,OrderManagerClass_19117,Domain,,csharp
class_19118,OrderManagerClass_19118,Domain,,csharp
class_19119,OrderManagerClass_19119,Domain,,csharp
class_19120,OrderManagerClass_19120,Domain,,csharp
class_19121,OrderManagerClass_19121,Domain,,csharp
class_19122,OrderManagerClass_19122,Domain,,csharp
class_19123,OrderManagerClass_19123,Domain,,csharp
class_19124,OrderManagerClass_19124,Domain,,csharp
class_19125,OrderManagerClass_19125,Domain,,csharp
class_19126,OrderManagerClass_19126,Domain,,csharp
class_19127,OrderManagerClass_19127,Domain,,csharp
class_19128,OrderManagerClass_19128,Domain,,csharp
class_19129,OrderManagerClass_19129,Domain,,csharp
class_19130,OrderManagerClass_19130,Domain,,csharp
class_19131,OrderManagerClass_19131,Domain,,csharp
class_19132,OrderManagerClass_19132,Domain,,csharp
class_19133,OrderManagerClass_19133,Domain,,csharp
class_19134,OrderManagerClass_19134,Domain,,csharp
class_19135,OrderManagerClass_19135,Domain,,csharp
class_19136,OrderManagerClass_19136,Domain,,csharp
class_19137,OrderManagerClass_19137,Domain,,csharp
class_19138,OrderManagerClass_19138,Domain,,csharp
class_19139,OrderManagerClass_19139,Domain,,csharp
class_19140,OrderManagerClass_19140,Domain,,csharp
class_19141,OrderManagerClass_19141,Domain,,csharp
class_19142,OrderManagerClass_19142,Domain,,csharp
class_19143,OrderManagerClass_19143,Domain,,csharp
class_19144,OrderManagerClass_19144,Domain,,csharp
class_19145,OrderManagerClass_19145,Domain,,csharp
class_19146,OrderManagerClass_19146,Domain,,csharp
class_19147,OrderManagerClass_19147,Domain,,csharp
class_19148,OrderManagerClass_19148,Domain,,csharp
class_19149,OrderManagerClass_19149,Domain,,csharp
class_19150,OrderManagerClass_19150,Domain,,csharp
class_19151,OrderManagerClass_19151,Domain,,csharp
class_19152,OrderManagerClass_19152,Domain,,csharp
class_19153,OrderManagerClass_19153,Domain,,csharp
class_19154,OrderManagerClass_19154,Domain,,csharp
class_19155,OrderManagerClass_19155,Domain,,csharp
class_19156,OrderManagerClass_19156,Domain,,csharp
class_19157,OrderManagerClass_19157,Domain,,csharp
class_19158,OrderManagerClass_19158,Domain,,csharp
class_19159,OrderManagerClass_19159,Domain,,csharp
class_19160,OrderManagerClass_19160,Domain,,csharp
class_19161,OrderManagerClass_19161,Domain,,csharp
class_19162,OrderManagerClass_19162,Domain,,csharp
class_19163,OrderManagerClass_19163,Domain,,csharp
class_19164,OrderManagerClass_19164,Domain,,csharp
class_19165,OrderManagerClass_19165,Domain,,csharp
class_19166,OrderManagerClass_19166,Domain,,csharp
class_19167,OrderManagerClass_19167,Domain,,csharp
class_19168,OrderManagerClass_19168,Domain,,csharp
class_19169,OrderManagerClass_19169,Domain,,csharp
class_19170,OrderManagerClass_19170,Domain,,csharp
class_19171,OrderManagerClass_19171,Domain,,csharp
class_19172,OrderManagerClass_19172,Domain,,csharp
class_19173,OrderManagerClass_19173,Domain,,csharp
class_19174,OrderManagerClass_19174,Domain,,csharp
class_19175,OrderManagerClass_19175,Domain,,csharp
class_19176,OrderManagerClass_19176,Domain,,csharp
class_19177,OrderManagerClass_19177,Domain,,csharp
class_19178,OrderManagerClass_19178,Domain,,csharp
class_19179,OrderManagerClass_19179,Domain,,csharp
class_19180,OrderManagerClass_19180,Domain,,csharp
class_19181,OrderManagerClass_19181,Domain,,csharp
class_19182,OrderManagerClass_19182,Domain,,csharp
class_19183,OrderManagerClass_19183,Domain,,csharp
class_19184,OrderManagerClass_19184,Domain,,csharp
class_19185,OrderManagerClass_19185,Domain,,csharp
class_19186,OrderManagerClass_19186,Domain,,csharp
class_19187,OrderManagerClass_19187,Domain,,csharp
class_19188,OrderManagerClass_19188,Domain,,csharp
class_19189,OrderManagerClass_19189,Domain,,csharp
class_19190,OrderManagerClass_19190,Domain,,csharp
class_19191,OrderManagerClass_19191,Domain,,csharp
class_19192,OrderManagerClass_19192,Domain,,csharp
class_19193,OrderManagerClass_19193,Domain,,csharp
class_19194,OrderManagerClass_19194,Domain,,csharp
class_19195,OrderManagerClass_19195,Domain,,csharp
class_19196,OrderManagerClass_19196,Domain,,csharp
class_19197,OrderManagerClass_19197,Domain,,csharp
class_19198,OrderManagerClass_19198,Domain,,csharp
class_19199,OrderManagerClass_19199,Domain,,csharp
class_19200,OrderManagerClass_19200,Domain,,csharp
class_19201,OrderManagerClass_19201,Domain,,csharp
class_19202,OrderManagerClass_19202,Domain,,csharp
class_19203,OrderManagerClass_19203,Domain,,csharp
class_19204,OrderManagerClass_19204,Domain,,csharp
class_19205,OrderManagerClass_19205,Domain,,csharp
class_19206,OrderManagerClass_19206,Domain,,csharp
class_19207,OrderManagerClass_19207,Domain,,csharp
class_19208,OrderManagerClass_19208,Domain,,csharp
class_19209,OrderManagerClass_19209,Domain,,csharp
class_19210,OrderManagerClass_19210,Domain,,csharp
class_19211,OrderManagerClass_19211,Domain,,csharp
class_19212,OrderManagerClass_19212,Domain,,csharp
class_19213,OrderManagerClass_19213,Domain,,csharp
class_19214,OrderManagerClass_19214,Domain,,csharp
class_19215,OrderManagerClass_19215,Domain,,csharp
class_19216,OrderManagerClass_19216,Domain,,csharp
class_19217,OrderManagerClass_19217,Domain,,csharp
class_19218,OrderManagerClass_19218,Domain,,csharp
class_19219,OrderManagerClass_19219,Domain,,csharp
class_19220,OrderManagerClass_19220,Domain,,csharp
class_19221,OrderManagerClass_19221,Domain,,csharp
class_19222,OrderManagerClass_19222,Domain,,csharp
class_19223,OrderManagerClass_19223,Domain,,csharp
class_19224,OrderManagerClass_19224,Domain,,csharp
class_19225,OrderManagerClass_19225,Domain,,csharp
class_19226,OrderManagerClass_19226,Domain,,csharp
class_19227,OrderManagerClass_19227,Domain,,csharp
class_19228,OrderManagerClass_19228,Domain,,csharp
class_19229,OrderManagerClass_19229,Domain,,csharp
class_19230,OrderManagerClass_19230,Domain,,csharp
class_19231,OrderManagerClass_19231,Domain,,csharp
class_19232,OrderManagerClass_19232,Domain,,csharp
class_19233,OrderManagerClass_19233,Domain,,csharp
class_19234,OrderManagerClass_19234,Domain,,csharp
class_19235,OrderManagerClass_19235,Domain,,csharp
class_19236,OrderManagerClass_19236,Domain,,csharp
class_19237,OrderManagerClass_19237,Domain,,csharp
class_19238,OrderManagerClass_19238,Domain,,csharp
class_19239,OrderManagerClass_19239,Domain,,csharp
class_19240,OrderManagerClass_19240,Domain,,csharp
class_19241,OrderManagerClass_19241,Domain,,csharp
class_19242,OrderManagerClass_19242,Domain,,csharp
class_19243,OrderManagerClass_19243,Domain,,csharp
class_19244,OrderManagerClass_19244,Domain,,csharp
class_19245,OrderManagerClass_19245,Domain,,csharp
class_19246,OrderManagerClass_19246,Domain,,csharp
class_19247,OrderManagerClass_19247,Domain,,csharp
class_19248,OrderManagerClass_19248,Domain,,csharp
class_19249,OrderManagerClass_19249,Domain,,csharp
class_19250,OrderManagerClass_19250,Domain,,csharp
class_19251,OrderManagerClass_19251,Domain,,csharp
class_19252,OrderManagerClass_19252,Domain,,csharp
class_19253,OrderManagerClass_19253,Domain,,csharp
class_19254,OrderManagerClass_19254,Domain,,csharp
class_19255,OrderManagerClass_19255,Domain,,csharp
class_19256,OrderManagerClass_19256,Domain,,csharp
class_19257,OrderManagerClass_19257,Domain,,csharp
class_19258,OrderManagerClass_19258,Domain,,csharp
class_19259,OrderManagerClass_19259,Domain,,csharp
class_19260,OrderManagerClass_19260,Domain,,csharp
class_19261,OrderManagerClass_19261,Domain,,csharp
class_19262,OrderManagerClass_19262,Domain,,csharp
class_19263,OrderManagerClass_19263,Domain,,csharp
class_19264,OrderManagerClass_19264,Domain,,csharp
class_19265,OrderManagerClass_19265,Domain,,csharp
class_19266,OrderManagerClass_19266,Domain,,csharp
class_19267,OrderManagerClass_19267,Domain,,csharp
class_19268,OrderManagerClass_19268,Domain,,csharp
class_19269,OrderManagerClass_19269,Domain,,csharp
class_19270,OrderManagerClass_19270,Domain,,csharp
class_19271,OrderManagerClass_19271,Domain,,csharp
class_19272,OrderManagerClass_19272,Domain,,csharp
class_19273,OrderManagerClass_19273,Domain,,csharp
class_19274,OrderManagerClass_19274,Domain,,csharp
class_19275,OrderManagerClass_19275,Domain,,csharp
class_19276,OrderManagerClass_19276,Domain,,csharp
class_19277,OrderManagerClass_19277,Domain,,csharp
class_19278,OrderManagerClass_19278,Domain,,csharp
class_19279,OrderManagerClass_19279,Domain,,csharp
class_19280,OrderManagerClass_19280,Domain,,csharp
class_19281,OrderManagerClass_19281,Domain,,csharp
class_19282,OrderManagerClass_19282,Domain,,csharp
class_19283,OrderManagerClass_19283,Domain,,csharp
class_19284,OrderManagerClass_19284,Domain,,csharp
class_19285,OrderManagerClass_19285,Domain,,csharp
class_19286,OrderManagerClass_19286,Domain,,csharp
class_19287,OrderManagerClass_19287,Domain,,csharp
class_19288,OrderManagerClass_19288,Domain,,csharp
class_19289,OrderManagerClass_19289,Domain,,csharp
class_19290,OrderManagerClass_19290,Domain,,csharp
class_19291,OrderManagerClass_19291,Domain,,csharp
class_19292,OrderManagerClass_19292,Domain,,csharp
class_19293,OrderManagerClass_19293,Domain,,csharp
class_19294,OrderManagerClass_19294,Domain,,csharp
class_19295,OrderManagerClass_19295,Domain,,csharp
class_19296,OrderManagerClass_19296,Domain,,csharp
class_19297,OrderManagerClass_19297,Domain,,csharp
class_19298,OrderManagerClass_19298,Domain,,csharp
class_19299,OrderManagerClass_19299,Domain,,csharp
class_19300,OrderManagerClass_19300,Domain,,csharp
class_19301,OrderManagerClass_19301,Domain,,csharp
class_19302,OrderManagerClass_19302,Domain,,csharp
class_19303,OrderManagerClass_19303,Domain,,csharp
class_19304,OrderManagerClass_19304,Domain,,csharp
class_19305,OrderManagerClass_19305,Domain,,csharp
class_19306,OrderManagerClass_19306,Domain,,csharp
class_19307,OrderManagerClass_19307,Domain,,csharp
class_19308,OrderManagerClass_19308,Domain,,csharp
class_19309,OrderManagerClass_19309,Domain,,csharp
class_19310,OrderManagerClass_19310,Domain,,csharp
class_19311,OrderManagerClass_19311,Domain,,csharp
class_19312,OrderManagerClass_19312,Domain,,csharp
class_19313,OrderManagerClass_19313,Domain,,csharp
class_19314,OrderManagerClass_19314,Domain,,csharp
class_19315,OrderManagerClass_19315,Domain,,csharp
class_19316,OrderManagerClass_19316,Domain,,csharp
class_19317,OrderManagerClass_19317,Domain,,csharp
class_19318,OrderManagerClass_19318,Domain,,csharp
class_19319,OrderManagerClass_19319,Domain,,csharp
class_19320,OrderManagerClass_19320,Domain,,csharp
class_19321,OrderManagerClass_19321,Domain,,csharp
class_19322,OrderManagerClass_19322,Domain,,csharp
class_19323,OrderManagerClass_19323,Domain,,csharp
class_19324,OrderManagerClass_19324,Domain,,csharp
class_19325,OrderManagerClass_19325,Domain,,csharp
class_19326,OrderManagerClass_19326,Domain,,csharp
class_19327,OrderManagerClass_19327,Domain,,csharp
class_19328,OrderManagerClass_19328,Domain,,csharp
class_19329,OrderManagerClass_19329,Domain,,csharp
class_19330,OrderManagerClass_19330,Domain,,csharp
class_19331,OrderManagerClass_19331,Domain,,csharp
class_19332,OrderManagerClass_19332,Domain,,csharp
class_19333,OrderManagerClass_19333,Domain,,csharp
class_19334,OrderManagerClass_19334,Domain,,csharp
class_19335,OrderManagerClass_19335,Domain,,csharp
class_19336,OrderManagerClass_19336,Domain,,csharp
class_19337,OrderManagerClass_19337,Domain,,csharp
class_19338,OrderManagerClass_19338,Domain,,csharp
class_19339,OrderManagerClass_19339,Domain,,csharp
class_19340,OrderManagerClass_19340,Domain,,csharp
class_19341,OrderManagerClass_19341,Domain,,csharp
class_19342,OrderManagerClass_19342,Domain,,csharp
class_19343,OrderManagerClass_19343,Domain,,csharp
class_19344,OrderManagerClass_19344,Domain,,csharp
class_19345,OrderManagerClass_19345,Domain,,csharp
class_19346,OrderManagerClass_19346,Domain,,csharp
class_19347,OrderManagerClass_19347,Domain,,csharp
class_19348,OrderManagerClass_19348,Domain,,csharp
class_19349,OrderManagerClass_19349,Domain,,csharp
class_19350,OrderManagerClass_19350,Domain,,csharp
class_19351,OrderManagerClass_19351,Domain,,csharp
class_19352,OrderManagerClass_19352,Domain,,csharp
class_19353,OrderManagerClass_19353,Domain,,csharp
class_19354,OrderManagerClass_19354,Domain,,csharp
class_19355,OrderManagerClass_19355,Domain,,csharp
class_19356,OrderManagerClass_19356,Domain,,csharp
class_19357,OrderManagerClass_19357,Domain,,csharp
class_19358,OrderManagerClass_19358,Domain,,csharp
class_19359,OrderManagerClass_19359,Domain,,csharp
class_19360,OrderManagerClass_19360,Domain,,csharp
class_19361,OrderManagerClass_19361,Domain,,csharp
class_19362,OrderManagerClass_19362,Domain,,csharp
class_19363,OrderManagerClass_19363,Domain,,csharp
class_19364,OrderManagerClass_19364,Domain,,csharp
class_19365,OrderManagerClass_19365,Domain,,csharp
class_19366,OrderManagerClass_19366,Domain,,csharp
class_19367,OrderManagerClass_19367,Domain,,csharp
class_19368,OrderManagerClass_19368,Domain,,csharp
class_19369,OrderManagerClass_19369,Domain,,csharp
class_19370,OrderManagerClass_19370,Domain,,csharp
class_19371,OrderManagerClass_19371,Domain,,csharp
class_19372,OrderManagerClass_19372,Domain,,csharp
class_19373,OrderManagerClass_19373,Domain,,csharp
class_19374,OrderManagerClass_19374,Domain,,csharp
class_19375,OrderManagerClass_19375,Domain,,csharp
class_19376,OrderManagerClass_19376,Domain,,csharp
class_19377,OrderManagerClass_19377,Domain,,csharp
class_19378,OrderManagerClass_19378,Domain,,csharp
class_19379,OrderManagerClass_19379,Domain,,csharp
class_19380,OrderManagerClass_19380,Domain,,csharp
class_19381,OrderManagerClass_19381,Domain,,csharp
class_19382,OrderManagerClass_19382,Domain,,csharp
class_19383,OrderManagerClass_19383,Domain,,csharp
class_19384,OrderManagerClass_19384,Domain,,csharp
class_19385,OrderManagerClass_19385,Domain,,csharp
class_19386,OrderManagerClass_19386,Domain,,csharp
class_19387,OrderManagerClass_19387,Domain,,csharp
class_19388,OrderManagerClass_19388,Domain,,csharp
class_19389,OrderManagerClass_19389,Domain,,csharp
class_19390,OrderManagerClass_19390,Domain,,csharp
class_19391,OrderManagerClass_19391,Domain,,csharp
class_19392,OrderManagerClass_19392,Domain,,csharp
class_19393,OrderManagerClass_19393,Domain,,csharp
class_19394,OrderManagerClass_19394,Domain,,csharp
class_19395,OrderManagerClass_19395,Domain,,csharp
class_19396,OrderManagerClass_19396,Domain,,csharp
class_19397,OrderManagerClass_19397,Domain,,csharp
class_19398,OrderManagerClass_19398,Domain,,csharp
class_19399,OrderManagerClass_19399,Domain,,csharp
class_19400,OrderManagerClass_19400,Domain,,csharp
class_19401,OrderManagerClass_19401,Domain,,csharp
class_19402,OrderManagerClass_19402,Domain,,csharp
class_19403,OrderManagerClass_19403,Domain,,csharp
class_19404,OrderManagerClass_19404,Domain,,csharp
class_19405,OrderManagerClass_19405,Domain,,csharp
class_19406,OrderManagerClass_19406,Domain,,csharp
class_19407,OrderManagerClass_19407,Domain,,csharp
class_19408,OrderManagerClass_19408,Domain,,csharp
class_19409,OrderManagerClass_19409,Domain,,csharp
class_19410,OrderManagerClass_19410,Domain,,csharp
class_19411,OrderManagerClass_19411,Domain,,csharp
class_19412,OrderManagerClass_19412,Domain,,csharp
class_19413,OrderManagerClass_19413,Domain,,csharp
class_19414,OrderManagerClass_19414,Domain,,csharp
class_19415,OrderManagerClass_19415,Domain,,csharp
class_19416,OrderManagerClass_19416,Domain,,csharp
class_19417,OrderManagerClass_19417,Domain,,csharp
class_19418,OrderManagerClass_19418,Domain,,csharp
class_19419,OrderManagerClass_19419,Domain,,csharp
class_19420,OrderManagerClass_19420,Domain,,csharp
class_19421,OrderManagerClass_19421,Domain,,csharp
class_19422,OrderManagerClass_19422,Domain,,csharp
class_19423,OrderManagerClass_19423,Domain,,csharp
class_19424,OrderManagerClass_19424,Domain,,csharp
class_19425,OrderManagerClass_19425,Domain,,csharp
class_19426,OrderManagerClass_19426,Domain,,csharp
class_19427,OrderManagerClass_19427,Domain,,csharp
class_19428,OrderManagerClass_19428,Domain,,csharp
class_19429,OrderManagerClass_19429,Domain,,csharp
class_19430,OrderManagerClass_19430,Domain,,csharp
class_19431,OrderManagerClass_19431,Domain,,csharp
class_19432,OrderManagerClass_19432,Domain,,csharp
class_19433,OrderManagerClass_19433,Domain,,csharp
class_19434,OrderManagerClass_19434,Domain,,csharp
class_19435,OrderManagerClass_19435,Domain,,csharp
class_19436,OrderManagerClass_19436,Domain,,csharp
class_19437,OrderManagerClass_19437,Domain,,csharp
class_19438,OrderManagerClass_19438,Domain,,csharp
class_19439,OrderManagerClass_19439,Domain,,csharp
class_19440,OrderManagerClass_19440,Domain,,csharp
class_19441,OrderManagerClass_19441,Domain,,csharp
class_19442,OrderManagerClass_19442,Domain,,csharp
class_19443,OrderManagerClass_19443,Domain,,csharp
class_19444,OrderManagerClass_19444,Domain,,csharp
class_19445,OrderManagerClass_19445,Domain,,csharp
class_19446,OrderManagerClass_19446,Domain,,csharp
class_19447,OrderManagerClass_19447,Domain,,csharp
class_19448,OrderManagerClass_19448,Domain,,csharp
class_19449,OrderManagerClass_19449,Domain,,csharp
class_19450,OrderManagerClass_19450,Domain,,csharp
class_19451,OrderManagerClass_19451,Domain,,csharp
class_19452,OrderManagerClass_19452,Domain,,csharp
class_19453,OrderManagerClass_19453,Domain,,csharp
class_19454,OrderManagerClass_19454,Domain,,csharp
class_19455,OrderManagerClass_19455,Domain,,csharp
class_19456,OrderManagerClass_19456,Domain,,csharp
class_19457,OrderManagerClass_19457,Domain,,csharp
class_19458,OrderManagerClass_19458,Domain,,csharp
class_19459,OrderManagerClass_19459,Domain,,csharp
class_19460,OrderManagerClass_19460,Domain,,csharp
class_19461,OrderManagerClass_19461,Domain,,csharp
class_19462,OrderManagerClass_19462,Domain,,csharp
class_19463,OrderManagerClass_19463,Domain,,csharp
class_19464,OrderManagerClass_19464,Domain,,csharp
class_19465,OrderManagerClass_19465,Domain,,csharp
class_19466,OrderManagerClass_19466,Domain,,csharp
class_19467,OrderManagerClass_19467,Domain,,csharp
class_19468,OrderManagerClass_19468,Domain,,csharp
class_19469,OrderManagerClass_19469,Domain,,csharp
class_19470,OrderManagerClass_19470,Domain,,csharp
class_19471,OrderManagerClass_19471,Domain,,csharp
class_19472,OrderManagerClass_19472,Domain,,csharp
class_19473,OrderManagerClass_19473,Domain,,csharp
class_19474,OrderManagerClass_19474,Domain,,csharp
class_19475,OrderManagerClass_19475,Domain,,csharp
class_19476,OrderManagerClass_19476,Domain,,csharp
class_19477,OrderManagerClass_19477,Domain,,csharp
class_19478,OrderManagerClass_19478,Domain,,csharp
class_19479,OrderManagerClass_19479,Domain,,csharp
class_19480,OrderManagerClass_19480,Domain,,csharp
class_19481,OrderManagerClass_19481,Domain,,csharp
class_19482,OrderManagerClass_19482,Domain,,csharp
class_19483,OrderManagerClass_19483,Domain,,csharp
class_19484,OrderManagerClass_19484,Domain,,csharp
class_19485,OrderManagerClass_19485,Domain,,csharp
class_19486,OrderManagerClass_19486,Domain,,csharp
class_19487,OrderManagerClass_19487,Domain,,csharp
class_19488,OrderManagerClass_19488,Domain,,csharp
class_19489,OrderManagerClass_19489,Domain,,csharp
class_19490,OrderManagerClass_19490,Domain,,csharp
class_19491,OrderManagerClass_19491,Domain,,csharp
class_19492,OrderManagerClass_19492,Domain,,csharp
class_19493,OrderManagerClass_19493,Domain,,csharp
class_19494,OrderManagerClass_19494,Domain,,csharp
class_19495,OrderManagerClass_19495,Domain,,csharp
class_19496,OrderManagerClass_19496,Domain,,csharp
class_19497,OrderManagerClass_19497,Domain,,csharp
class_19498,OrderManagerClass_19498,Domain,,csharp
class_19499,OrderManagerClass_19499,Domain,,csharp
class_19500,OrderManagerClass_19500,Domain,,csharp
class_19501,OrderManagerClass_19501,Domain,,csharp
class_19502,OrderManagerClass_19502,Domain,,csharp
class_19503,OrderManagerClass_19503,Domain,,csharp
class_19504,OrderManagerClass_19504,Domain,,csharp
class_19505,OrderManagerClass_19505,Domain,,csharp
class_19506,OrderManagerClass_19506,Domain,,csharp
class_19507,OrderManagerClass_19507,Domain,,csharp
class_19508,OrderManagerClass_19508,Domain,,csharp
class_19509,OrderManagerClass_19509,Domain,,csharp
class_19510,OrderManagerClass_19510,Domain,,csharp
class_19511,OrderManagerClass_19511,Domain,,csharp
class_19512,OrderManagerClass_19512,Domain,,csharp
class_19513,OrderManagerClass_19513,Domain,,csharp
class_19514,OrderManagerClass_19514,Domain,,csharp
class_19515,OrderManagerClass_19515,Domain,,csharp
class_19516,OrderManagerClass_19516,Domain,,csharp
class_19517,OrderManagerClass_19517,Domain,,csharp
class_19518,OrderManagerClass_19518,Domain,,csharp
class_19519,OrderManagerClass_19519,Domain,,csharp
class_19520,OrderManagerClass_19520,Domain,,csharp
class_19521,OrderManagerClass_19521,Domain,,csharp
class_19522,OrderManagerClass_19522,Domain,,csharp
class_19523,OrderManagerClass_19523,Domain,,csharp
class_19524,OrderManagerClass_19524,Domain,,csharp
class_19525,OrderManagerClass_19525,Domain,,csharp
class_19526,OrderManagerClass_19526,Domain,,csharp
class_19527,OrderManagerClass_19527,Domain,,csharp
class_19528,OrderManagerClass_19528,Domain,,csharp
class_19529,OrderManagerClass_19529,Domain,,csharp
class_19530,OrderManagerClass_19530,Domain,,csharp
class_19531,OrderManagerClass_19531,Domain,,csharp
class_19532,OrderManagerClass_19532,Domain,,csharp
class_19533,OrderManagerClass_19533,Domain,,csharp
class_19534,OrderManagerClass_19534,Domain,,csharp
class_19535,OrderManagerClass_19535,Domain,,csharp
class_19536,OrderManagerClass_19536,Domain,,csharp
class_19537,OrderManagerClass_19537,Domain,,csharp
class_19538,OrderManagerClass_19538,Domain,,csharp
class_19539,OrderManagerClass_19539,Domain,,csharp
class_19540,OrderManagerClass_19540,Domain,,csharp
class_19541,OrderManagerClass_19541,Domain,,csharp
class_19542,OrderManagerClass_19542,Domain,,csharp
class_19543,OrderManagerClass_19543,Domain,,csharp
class_19544,OrderManagerClass_19544,Domain,,csharp
class_19545,OrderManagerClass_19545,Domain,,csharp
class_19546,OrderManagerClass_19546,Domain,,csharp
class_19547,OrderManagerClass_19547,Domain,,csharp
class_19548,OrderManagerClass_19548,Domain,,csharp
class_19549,OrderManagerClass_19549,Domain,,csharp
class_19550,OrderManagerClass_19550,Domain,,csharp
class_19551,OrderManagerClass_19551,Domain,,csharp
class_19552,OrderManagerClass_19552,Domain,,csharp
class_19553,OrderManagerClass_19553,Domain,,csharp
class_19554,OrderManagerClass_19554,Domain,,csharp
class_19555,OrderManagerClass_19555,Domain,,csharp
class_19556,OrderManagerClass_19556,Domain,,csharp
class_19557,OrderManagerClass_19557,Domain,,csharp
class_19558,OrderManagerClass_19558,Domain,,csharp
class_19559,OrderManagerClass_19559,Domain,,csharp
class_19560,OrderManagerClass_19560,Domain,,csharp
class_19561,OrderManagerClass_19561,Domain,,csharp
class_19562,OrderManagerClass_19562,Domain,,csharp
class_19563,OrderManagerClass_19563,Domain,,csharp
class_19564,OrderManagerClass_19564,Domain,,csharp
class_19565,OrderManagerClass_19565,Domain,,csharp
class_19566,OrderManagerClass_19566,Domain,,csharp
class_19567,OrderManagerClass_19567,Domain,,csharp
class_19568,OrderManagerClass_19568,Domain,,csharp
class_19569,OrderManagerClass_19569,Domain,,csharp
class_19570,OrderManagerClass_19570,Domain,,csharp
class_19571,OrderManagerClass_19571,Domain,,csharp
class_19572,OrderManagerClass_19572,Domain,,csharp
class_19573,OrderManagerClass_19573,Domain,,csharp
class_19574,OrderManagerClass_19574,Domain,,csharp
class_19575,OrderManagerClass_19575,Domain,,csharp
class_19576,OrderManagerClass_19576,Domain,,csharp
class_19577,OrderManagerClass_19577,Domain,,csharp
class_19578,OrderManagerClass_19578,Domain,,csharp
class_19579,OrderManagerClass_19579,Domain,,csharp
class_19580,OrderManagerClass_19580,Domain,,csharp
class_19581,OrderManagerClass_19581,Domain,,csharp
class_19582,OrderManagerClass_19582,Domain,,csharp
class_19583,OrderManagerClass_19583,Domain,,csharp
class_19584,OrderManagerClass_19584,Domain,,csharp
class_19585,OrderManagerClass_19585,Domain,,csharp
class_19586,OrderManagerClass_19586,Domain,,csharp
class_19587,OrderManagerClass_19587,Domain,,csharp
class_19588,OrderManagerClass_19588,Domain,,csharp
class_19589,OrderManagerClass_19589,Domain,,csharp
class_19590,OrderManagerClass_19590,Domain,,csharp
class_19591,OrderManagerClass_19591,Domain,,csharp
class_19592,OrderManagerClass_19592,Domain,,csharp
class_19593,OrderManagerClass_19593,Domain,,csharp
class_19594,OrderManagerClass_19594,Domain,,csharp
class_19595,OrderManagerClass_19595,Domain,,csharp
class_19596,OrderManagerClass_19596,Domain,,csharp
class_19597,OrderManagerClass_19597,Domain,,csharp
class_19598,OrderManagerClass_19598,Domain,,csharp
class_19599,OrderManagerClass_19599,Domain,,csharp
class_19600,OrderManagerClass_19600,Domain,,csharp
class_19601,OrderManagerClass_19601,Domain,,csharp
class_19602,OrderManagerClass_19602,Domain,,csharp
class_19603,OrderManagerClass_19603,Domain,,csharp
class_19604,OrderManagerClass_19604,Domain,,csharp
class_19605,OrderManagerClass_19605,Domain,,csharp
class_19606,OrderManagerClass_19606,Domain,,csharp
class_19607,OrderManagerClass_19607,Domain,,csharp
class_19608,OrderManagerClass_19608,Domain,,csharp
class_19609,OrderManagerClass_19609,Domain,,csharp
class_19610,OrderManagerClass_19610,Domain,,csharp
class_19611,OrderManagerClass_19611,Domain,,csharp
class_19612,OrderManagerClass_19612,Domain,,csharp
class_19613,OrderManagerClass_19613,Domain,,csharp
class_19614,OrderManagerClass_19614,Domain,,csharp
class_19615,OrderManagerClass_19615,Domain,,csharp
class_19616,OrderManagerClass_19616,Domain,,csharp
class_19617,OrderManagerClass_19617,Domain,,csharp
class_19618,OrderManagerClass_19618,Domain,,csharp
class_19619,OrderManagerClass_19619,Domain,,csharp
class_19620,OrderManagerClass_19620,Domain,,csharp
class_19621,OrderManagerClass_19621,Domain,,csharp
class_19622,OrderManagerClass_19622,Domain,,csharp
class_19623,OrderManagerClass_19623,Domain,,csharp
class_19624,OrderManagerClass_19624,Domain,,csharp
class_19625,OrderManagerClass_19625,Domain,,csharp
class_19626,OrderManagerClass_19626,Domain,,csharp
class_19627,OrderManagerClass_19627,Domain,,csharp
class_19628,OrderManagerClass_19628,Domain,,csharp
class_19629,OrderManagerClass_19629,Domain,,csharp
class_19630,OrderManagerClass_19630,Domain,,csharp
class_19631,OrderManagerClass_19631,Domain,,csharp
class_19632,OrderManagerClass_19632,Domain,,csharp
class_19633,OrderManagerClass_19633,Domain,,csharp
class_19634,OrderManagerClass_19634,Domain,,csharp
class_19635,OrderManagerClass_19635,Domain,,csharp
class_19636,OrderManagerClass_19636,Domain,,csharp
class_19637,OrderManagerClass_19637,Domain,,csharp
class_19638,OrderManagerClass_19638,Domain,,csharp
class_19639,OrderManagerClass_19639,Domain,,csharp
class_19640,OrderManagerClass_19640,Domain,,csharp
class_19641,OrderManagerClass_19641,Domain,,csharp
class_19642,OrderManagerClass_19642,Domain,,csharp
class_19643,OrderManagerClass_19643,Domain,,csharp
class_19644,OrderManagerClass_19644,Domain,,csharp
class_19645,OrderManagerClass_19645,Domain,,csharp
class_19646,OrderManagerClass_19646,Domain,,csharp
class_19647,OrderManagerClass_19647,Domain,,csharp
class_19648,OrderManagerClass_19648,Domain,,csharp
class_19649,OrderManagerClass_19649,Domain,,csharp
class_19650,OrderManagerClass_19650,Domain,,csharp
class_19651,OrderManagerClass_19651,Domain,,csharp
class_19652,OrderManagerClass_19652,Domain,,csharp
class_19653,OrderManagerClass_19653,Domain,,csharp
class_19654,OrderManagerClass_19654,Domain,,csharp
class_19655,OrderManagerClass_19655,Domain,,csharp
class_19656,OrderManagerClass_19656,Domain,,csharp
class_19657,OrderManagerClass_19657,Domain,,csharp
class_19658,OrderManagerClass_19658,Domain,,csharp
class_19659,OrderManagerClass_19659,Domain,,csharp
class_19660,OrderManagerClass_19660,Domain,,csharp
class_19661,OrderManagerClass_19661,Domain,,csharp
class_19662,OrderManagerClass_19662,Domain,,csharp
class_19663,OrderManagerClass_19663,Domain,,csharp
class_19664,OrderManagerClass_19664,Domain,,csharp
class_19665,OrderManagerClass_19665,Domain,,csharp
class_19666,OrderManagerClass_19666,Domain,,csharp
class_19667,OrderManagerClass_19667,Domain,,csharp
class_19668,OrderManagerClass_19668,Domain,,csharp
class_19669,OrderManagerClass_19669,Domain,,csharp
class_19670,OrderManagerClass_19670,Domain,,csharp
class_19671,OrderManagerClass_19671,Domain,,csharp
class_19672,OrderManagerClass_19672,Domain,,csharp
class_19673,OrderManagerClass_19673,Domain,,csharp
class_19674,OrderManagerClass_19674,Domain,,csharp
class_19675,OrderManagerClass_19675,Domain,,csharp
class_19676,OrderManagerClass_19676,Domain,,csharp
class_19677,OrderManagerClass_19677,Domain,,csharp
class_19678,OrderManagerClass_19678,Domain,,csharp
class_19679,OrderManagerClass_19679,Domain,,csharp
class_19680,OrderManagerClass_19680,Domain,,csharp
class_19681,OrderManagerClass_19681,Domain,,csharp
class_19682,OrderManagerClass_19682,Domain,,csharp
class_19683,OrderManagerClass_19683,Domain,,csharp
class_19684,OrderManagerClass_19684,Domain,,csharp
class_19685,OrderManagerClass_19685,Domain,,csharp
class_19686,OrderManagerClass_19686,Domain,,csharp
class_19687,OrderManagerClass_19687,Domain,,csharp
class_19688,OrderManagerClass_19688,Domain,,csharp
class_19689,OrderManagerClass_19689,Domain,,csharp
class_19690,OrderManagerClass_19690,Domain,,csharp
class_19691,OrderManagerClass_19691,Domain,,csharp
class_19692,OrderManagerClass_19692,Domain,,csharp
class_19693,OrderManagerClass_19693,Domain,,csharp
class_19694,OrderManagerClass_19694,Domain,,csharp
class_19695,OrderManagerClass_19695,Domain,,csharp
class_19696,OrderManagerClass_19696,Domain,,csharp
class_19697,OrderManagerClass_19697,Domain,,csharp
class_19698,OrderManagerClass_19698,Domain,,csharp
class_19699,OrderManagerClass_19699,Domain,,csharp
class_19700,OrderManagerClass_19700,Domain,,csharp
class_19701,OrderManagerClass_19701,Domain,,csharp
class_19702,OrderManagerClass_19702,Domain,,csharp
class_19703,OrderManagerClass_19703,Domain,,csharp
class_19704,OrderManagerClass_19704,Domain,,csharp
class_19705,OrderManagerClass_19705,Domain,,csharp
class_19706,OrderManagerClass_19706,Domain,,csharp
class_19707,OrderManagerClass_19707,Domain,,csharp
class_19708,OrderManagerClass_19708,Domain,,csharp
class_19709,OrderManagerClass_19709,Domain,,csharp
class_19710,OrderManagerClass_19710,Domain,,csharp
class_19711,OrderManagerClass_19711,Domain,,csharp
class_19712,OrderManagerClass_19712,Domain,,csharp
class_19713,OrderManagerClass_19713,Domain,,csharp
class_19714,OrderManagerClass_19714,Domain,,csharp
class_19715,OrderManagerClass_19715,Domain,,csharp
class_19716,OrderManagerClass_19716,Domain,,csharp
class_19717,OrderManagerClass_19717,Domain,,csharp
class_19718,OrderManagerClass_19718,Domain,,csharp
class_19719,OrderManagerClass_19719,Domain,,csharp
class_19720,OrderManagerClass_19720,Domain,,csharp
class_19721,OrderManagerClass_19721,Domain,,csharp
class_19722,OrderManagerClass_19722,Domain,,csharp
class_19723,OrderManagerClass_19723,Domain,,csharp
class_19724,OrderManagerClass_19724,Domain,,csharp
class_19725,OrderManagerClass_19725,Domain,,csharp
class_19726,OrderManagerClass_19726,Domain,,csharp
class_19727,OrderManagerClass_19727,Domain,,csharp
class_19728,OrderManagerClass_19728,Domain,,csharp
class_19729,OrderManagerClass_19729,Domain,,csharp
class_19730,OrderManagerClass_19730,Domain,,csharp
class_19731,OrderManagerClass_19731,Domain,,csharp
class_19732,OrderManagerClass_19732,Domain,,csharp
class_19733,OrderManagerClass_19733,Domain,,csharp
class_19734,OrderManagerClass_19734,Domain,,csharp
class_19735,OrderManagerClass_19735,Domain,,csharp
class_19736,OrderManagerClass_19736,Domain,,csharp
class_19737,OrderManagerClass_19737,Domain,,csharp
class_19738,OrderManagerClass_19738,Domain,,csharp
class_19739,OrderManagerClass_19739,Domain,,csharp
class_19740,OrderManagerClass_19740,Domain,,csharp
class_19741,OrderManagerClass_19741,Domain,,csharp
class_19742,OrderManagerClass_19742,Domain,,csharp
class_19743,OrderManagerClass_19743,Domain,,csharp
class_19744,OrderManagerClass_19744,Domain,,csharp
class_19745,OrderManagerClass_19745,Domain,,csharp
class_19746,OrderManagerClass_19746,Domain,,csharp
class_19747,OrderManagerClass_19747,Domain,,csharp
class_19748,OrderManagerClass_19748,Domain,,csharp
class_19749,OrderManagerClass_19749,Domain,,csharp
class_19750,OrderManagerClass_19750,Domain,,csharp
class_19751,OrderManagerClass_19751,Domain,,csharp
class_19752,OrderManagerClass_19752,Domain,,csharp
class_19753,OrderManagerClass_19753,Domain,,csharp
class_19754,OrderManagerClass_19754,Domain,,csharp
class_19755,OrderManagerClass_19755,Domain,,csharp
class_19756,OrderManagerClass_19756,Domain,,csharp
class_19757,OrderManagerClass_19757,Domain,,csharp
class_19758,OrderManagerClass_19758,Domain,,csharp
class_19759,OrderManagerClass_19759,Domain,,csharp
class_19760,OrderManagerClass_19760,Domain,,csharp
class_19761,OrderManagerClass_19761,Domain,,csharp
class_19762,OrderManagerClass_19762,Domain,,csharp
class_19763,OrderManagerClass_19763,Domain,,csharp
class_19764,OrderManagerClass_19764,Domain,,csharp
class_19765,OrderManagerClass_19765,Domain,,csharp
class_19766,OrderManagerClass_19766,Domain,,csharp
class_19767,OrderManagerClass_19767,Domain,,csharp
class_19768,OrderManagerClass_19768,Domain,,csharp
class_19769,OrderManagerClass_19769,Domain,,csharp
class_19770,OrderManagerClass_19770,Domain,,csharp
class_19771,OrderManagerClass_19771,Domain,,csharp
class_19772,OrderManagerClass_19772,Domain,,csharp
class_19773,OrderManagerClass_19773,Domain,,csharp
class_19774,OrderManagerClass_19774,Domain,,csharp
class_19775,OrderManagerClass_19775,Domain,,csharp
class_19776,OrderManagerClass_19776,Domain,,csharp
class_19777,OrderManagerClass_19777,Domain,,csharp
class_19778,OrderManagerClass_19778,Domain,,csharp
class_19779,OrderManagerClass_19779,Domain,,csharp
class_19780,OrderManagerClass_19780,Domain,,csharp
class_19781,OrderManagerClass_19781,Domain,,csharp
class_19782,OrderManagerClass_19782,Domain,,csharp
class_19783,OrderManagerClass_19783,Domain,,csharp
class_19784,OrderManagerClass_19784,Domain,,csharp
class_19785,OrderManagerClass_19785,Domain,,csharp
class_19786,OrderManagerClass_19786,Domain,,csharp
class_19787,OrderManagerClass_19787,Domain,,csharp
class_19788,OrderManagerClass_19788,Domain,,csharp
class_19789,OrderManagerClass_19789,Domain,,csharp
class_19790,OrderManagerClass_19790,Domain,,csharp
class_19791,OrderManagerClass_19791,Domain,,csharp
class_19792,OrderManagerClass_19792,Domain,,csharp
class_19793,OrderManagerClass_19793,Domain,,csharp
class_19794,OrderManagerClass_19794,Domain,,csharp
class_19795,OrderManagerClass_19795,Domain,,csharp
class_19796,OrderManagerClass_19796,Domain,,csharp
class_19797,OrderManagerClass_19797,Domain,,csharp
class_19798,OrderManagerClass_19798,Domain,,csharp
class_19799,OrderManagerClass_19799,Domain,,csharp
class_19800,OrderManagerClass_19800,Domain,,csharp
class_19801,OrderManagerClass_19801,Domain,,csharp
class_19802,OrderManagerClass_19802,Domain,,csharp
class_19803,OrderManagerClass_19803,Domain,,csharp
class_19804,OrderManagerClass_19804,Domain,,csharp
class_19805,OrderManagerClass_19805,Domain,,csharp
class_19806,OrderManagerClass_19806,Domain,,csharp
class_19807,OrderManagerClass_19807,Domain,,csharp
class_19808,OrderManagerClass_19808,Domain,,csharp
class_19809,OrderManagerClass_19809,Domain,,csharp
class_19810,OrderManagerClass_19810,Domain,,csharp
class_19811,OrderManagerClass_19811,Domain,,csharp
class_19812,OrderManagerClass_19812,Domain,,csharp
class_19813,OrderManagerClass_19813,Domain,,csharp
class_19814,OrderManagerClass_19814,Domain,,csharp
class_19815,OrderManagerClass_19815,Domain,,csharp
class_19816,OrderManagerClass_19816,Domain,,csharp
class_19817,OrderManagerClass_19817,Domain,,csharp
class_19818,OrderManagerClass_19818,Domain,,csharp
class_19819,OrderManagerClass_19819,Domain,,csharp
class_19820,OrderManagerClass_19820,Domain,,csharp
class_19821,OrderManagerClass_19821,Domain,,csharp
class_19822,OrderManagerClass_19822,Domain,,csharp
class_19823,OrderManagerClass_19823,Domain,,csharp
class_19824,OrderManagerClass_19824,Domain,,csharp
class_19825,OrderManagerClass_19825,Domain,,csharp
class_19826,OrderManagerClass_19826,Domain,,csharp
class_19827,OrderManagerClass_19827,Domain,,csharp
class_19828,OrderManagerClass_19828,Domain,,csharp
class_19829,OrderManagerClass_19829,Domain,,csharp
class_19830,OrderManagerClass_19830,Domain,,csharp
class_19831,OrderManagerClass_19831,Domain,,csharp
class_19832,OrderManagerClass_19832,Domain,,csharp
class_19833,OrderManagerClass_19833,Domain,,csharp
class_19834,OrderManagerClass_19834,Domain,,csharp
class_19835,OrderManagerClass_19835,Domain,,csharp
class_19836,OrderManagerClass_19836,Domain,,csharp
class_19837,OrderManagerClass_19837,Domain,,csharp
class_19838,OrderManagerClass_19838,Domain,,csharp
class_19839,OrderManagerClass_19839,Domain,,csharp
class_19840,OrderManagerClass_19840,Domain,,csharp
class_19841,OrderManagerClass_19841,Domain,,csharp
class_19842,OrderManagerClass_19842,Domain,,csharp
class_19843,OrderManagerClass_19843,Domain,,csharp
class_19844,OrderManagerClass_19844,Domain,,csharp
class_19845,OrderManagerClass_19845,Domain,,csharp
class_19846,OrderManagerClass_19846,Domain,,csharp
class_19847,OrderManagerClass_19847,Domain,,csharp
class_19848,OrderManagerClass_19848,Domain,,csharp
class_19849,OrderManagerClass_19849,Domain,,csharp
class_19850,OrderManagerClass_19850,Domain,,csharp
class_19851,OrderManagerClass_19851,Domain,,csharp
class_19852,OrderManagerClass_19852,Domain,,csharp
class_19853,OrderManagerClass_19853,Domain,,csharp
class_19854,OrderManagerClass_19854,Domain,,csharp
class_19855,OrderManagerClass_19855,Domain,,csharp
class_19856,OrderManagerClass_19856,Domain,,csharp
class_19857,OrderManagerClass_19857,Domain,,csharp
class_19858,OrderManagerClass_19858,Domain,,csharp
class_19859,OrderManagerClass_19859,Domain,,csharp
class_19860,OrderManagerClass_19860,Domain,,csharp
class_19861,OrderManagerClass_19861,Domain,,csharp
class_19862,OrderManagerClass_19862,Domain,,csharp
class_19863,OrderManagerClass_19863,Domain,,csharp
class_19864,OrderManagerClass_19864,Domain,,csharp
class_19865,OrderManagerClass_19865,Domain,,csharp
class_19866,OrderManagerClass_19866,Domain,,csharp
class_19867,OrderManagerClass_19867,Domain,,csharp
class_19868,OrderManagerClass_19868,Domain,,csharp
class_19869,OrderManagerClass_19869,Domain,,csharp
class_19870,OrderManagerClass_19870,Domain,,csharp
class_19871,OrderManagerClass_19871,Domain,,csharp
class_19872,OrderManagerClass_19872,Domain,,csharp
class_19873,OrderManagerClass_19873,Domain,,csharp
class_19874,OrderManagerClass_19874,Domain,,csharp
class_19875,OrderManagerClass_19875,Domain,,csharp
class_19876,OrderManagerClass_19876,Domain,,csharp
class_19877,OrderManagerClass_19877,Domain,,csharp
class_19878,OrderManagerClass_19878,Domain,,csharp
class_19879,OrderManagerClass_19879,Domain,,csharp
class_19880,OrderManagerClass_19880,Domain,,csharp
class_19881,OrderManagerClass_19881,Domain,,csharp
class_19882,OrderManagerClass_19882,Domain,,csharp
class_19883,OrderManagerClass_19883,Domain,,csharp
class_19884,OrderManagerClass_19884,Domain,,csharp
class_19885,OrderManagerClass_19885,Domain,,csharp
class_19886,OrderManagerClass_19886,Domain,,csharp
class_19887,OrderManagerClass_19887,Domain,,csharp
class_19888,OrderManagerClass_19888,Domain,,csharp
class_19889,OrderManagerClass_19889,Domain,,csharp
class_19890,OrderManagerClass_19890,Domain,,csharp
class_19891,OrderManagerClass_19891,Domain,,csharp
class_19892,OrderManagerClass_19892,Domain,,csharp
class_19893,OrderManagerClass_19893,Domain,,csharp
class_19894,OrderManagerClass_19894,Domain,,csharp
class_19895,OrderManagerClass_19895,Domain,,csharp
class_19896,OrderManagerClass_19896,Domain,,csharp
class_19897,OrderManagerClass_19897,Domain,,csharp
class_19898,OrderManagerClass_19898,Domain,,csharp
class_19899,OrderManagerClass_19899,Domain,,csharp
class_19900,OrderManagerClass_19900,Domain,,csharp
class_19901,OrderManagerClass_19901,Domain,,csharp
class_19902,OrderManagerClass_19902,Domain,,csharp
class_19903,OrderManagerClass_19903,Domain,,csharp
class_19904,OrderManagerClass_19904,Domain,,csharp
class_19905,OrderManagerClass_19905,Domain,,csharp
class_19906,OrderManagerClass_19906,Domain,,csharp
class_19907,OrderManagerClass_19907,Domain,,csharp
class_19908,OrderManagerClass_19908,Domain,,csharp
class_19909,OrderManagerClass_19909,Domain,,csharp
class_19910,OrderManagerClass_19910,Domain,,csharp
class_19911,OrderManagerClass_19911,Domain,,csharp
class_19912,OrderManagerClass_19912,Domain,,csharp
class_19913,OrderManagerClass_19913,Domain,,csharp
class_19914,OrderManagerClass_19914,Domain,,csharp
class_19915,OrderManagerClass_19915,Domain,,csharp
class_19916,OrderManagerClass_19916,Domain,,csharp
class_19917,OrderManagerClass_19917,Domain,,csharp
class_19918,OrderManagerClass_19918,Domain,,csharp
class_19919,OrderManagerClass_19919,Domain,,csharp
class_19920,OrderManagerClass_19920,Domain,,csharp
class_19921,OrderManagerClass_19921,Domain,,csharp
class_19922,OrderManagerClass_19922,Domain,,csharp
class_19923,OrderManagerClass_19923,Domain,,csharp
class_19924,OrderManagerClass_19924,Domain,,csharp
class_19925,OrderManagerClass_19925,Domain,,csharp
class_19926,OrderManagerClass_19926,Domain,,csharp
class_19927,OrderManagerClass_19927,Domain,,csharp
class_19928,OrderManagerClass_19928,Domain,,csharp
class_19929,OrderManagerClass_19929,Domain,,csharp
class_19930,OrderManagerClass_19930,Domain,,csharp
class_19931,OrderManagerClass_19931,Domain,,csharp
class_19932,OrderManagerClass_19932,Domain,,csharp
class_19933,OrderManagerClass_19933,Domain,,csharp
class_19934,OrderManagerClass_19934,Domain,,csharp
class_19935,OrderManagerClass_19935,Domain,,csharp
class_19936,OrderManagerClass_19936,Domain,,csharp
class_19937,OrderManagerClass_19937,Domain,,csharp
class_19938,OrderManagerClass_19938,Domain,,csharp
class_19939,OrderManagerClass_19939,Domain,,csharp
class_19940,OrderManagerClass_19940,Domain,,csharp
class_19941,OrderManagerClass_19941,Domain,,csharp
class_19942,OrderManagerClass_19942,Domain,,csharp
class_19943,OrderManagerClass_19943,Domain,,csharp
class_19944,OrderManagerClass_19944,Domain,,csharp
class_19945,OrderManagerClass_19945,Domain,,csharp
class_19946,OrderManagerClass_19946,Domain,,csharp
class_19947,OrderManagerClass_19947,Domain,,csharp
class_19948,OrderManagerClass_19948,Domain,,csharp
class_19949,OrderManagerClass_19949,Domain,,csharp
class_19950,OrderManagerClass_19950,Domain,,csharp
class_19951,OrderManagerClass_19951,Domain,,csharp
class_19952,OrderManagerClass_19952,Domain,,csharp
class_19953,OrderManagerClass_19953,Domain,,csharp
class_19954,OrderManagerClass_19954,Domain,,csharp
class_19955,OrderManagerClass_19955,Domain,,csharp
class_19956,OrderManagerClass_19956,Domain,,csharp
class_19957,OrderManagerClass_19957,Domain,,csharp
class_19958,OrderManagerClass_19958,Domain,,csharp
class_19959,OrderManagerClass_19959,Domain,,csharp
class_19960,OrderManagerClass_19960,Domain,,csharp
class_19961,OrderManagerClass_19961,Domain,,csharp
class_19962,OrderManagerClass_19962,Domain,,csharp
class_19963,OrderManagerClass_19963,Domain,,csharp
class_19964,OrderManagerClass_19964,Domain,,csharp
class_19965,OrderManagerClass_19965,Domain,,csharp
class_19966,OrderManagerClass_19966,Domain,,csharp
class_19967,OrderManagerClass_19967,Domain,,csharp
class_19968,OrderManagerClass_19968,Domain,,csharp
class_19969,OrderManagerClass_19969,Domain,,csharp
class_19970,OrderManagerClass_19970,Domain,,csharp
class_19971,OrderManagerClass_19971,Domain,,csharp
class_19972,OrderManagerClass_19972,Domain,,csharp
class_19973,OrderManagerClass_19973,Domain,,csharp
class_19974,OrderManagerClass_19974,Domain,,csharp
class_19975,OrderManagerClass_19975,Domain,,csharp
class_19976,OrderManagerClass_19976,Domain,,csharp
class_19977,OrderManagerClass_19977,Domain,,csharp
class_19978,OrderManagerClass_19978,Domain,,csharp
class_19979,OrderManagerClass_19979,Domain,,csharp
class_19980,OrderManagerClass_19980,Domain,,csharp
class_19981,OrderManagerClass_19981,Domain,,csharp
class_19982,OrderManagerClass_19982,Domain,,csharp
class_19983,OrderManagerClass_19983,Domain,,csharp
class_19984,OrderManagerClass_19984,Domain,,csharp
class_19985,OrderManagerClass_19985,Domain,,csharp
class_19986,OrderManagerClass_19986,Domain,,csharp
class_19987,OrderManagerClass_19987,Domain,,csharp
class_19988,OrderManagerClass_19988,Domain,,csharp
class_19989,OrderManagerClass_19989,Domain,,csharp
class_19990,OrderManagerClass_19990,Domain,,csharp
class_19991,OrderManagerClass_19991,Domain,,csharp
class_19992,OrderManagerClass_19992,Domain,,csharp
class_19993,OrderManagerClass_19993,Domain,,csharp
class_19994,OrderManagerClass_19994,Domain,,csharp
class_19995,OrderManagerClass_19995,Domain,,csharp
class_19996,OrderManagerClass_19996,Domain,,csharp
class_19997,OrderManagerClass_19997,Domain,,csharp
class_19998,OrderManagerClass_19998,Domain,,csharp
class_19999,OrderManagerClass_19999,Domain,,csharp
