from,to
service_915,service_0
service_932,service_0
service_949,service_0
service_966,service_0
service_983,service_0
service_916,service_1
service_933,service_1
service_950,service_1
service_967,service_1
service_984,service_1
service_917,service_2
service_934,service_2
service_951,service_2
service_968,service_2
service_985,service_2
service_918,service_3
service_935,service_3
service_952,service_3
service_969,service_3
service_986,service_3
service_919,service_4
service_936,service_4
service_953,service_4
service_970,service_4
service_987,service_4
service_920,service_5
service_937,service_5
service_954,service_5
service_971,service_5
service_988,service_5
service_921,service_6
service_938,service_6
service_955,service_6
service_972,service_6
service_989,service_6
service_922,service_7
service_939,service_7
service_956,service_7
service_973,service_7
service_990,service_7
service_923,service_8
service_940,service_8
service_957,service_8
service_974,service_8
service_991,service_8
service_924,service_9
service_941,service_9
service_958,service_9
service_975,service_9
service_992,service_9
service_925,service_10
service_942,service_10
service_959,service_10
service_976,service_10
service_993,service_10
service_926,service_11
service_943,service_11
service_960,service_11
service_977,service_11
service_994,service_11
service_927,service_12
service_944,service_12
service_961,service_12
service_978,service_12
service_995,service_12
service_928,service_13
service_945,service_13
service_962,service_13
service_979,service_13
service_996,service_13
service_929,service_14
service_946,service_14
service_963,service_14
service_980,service_14
service_997,service_14
service_930,service_15
service_947,service_15
service_964,service_15
service_981,service_15
service_998,service_15
service_931,service_16
service_948,service_16
service_965,service_16
service_982,service_16
service_999,service_16
service_0,service_17
service_932,service_17
service_949,service_17
service_966,service_17
service_983,service_17
service_1,service_18
service_933,service_18
service_950,service_18
service_967,service_18
service_984,service_18
service_2,service_19
service_934,service_19
service_951,service_19
service_968,service_19
service_985,service_19
service_3,service_20
service_935,service_20
service_952,service_20
service_969,service_20
service_986,service_20
service_4,service_21
service_936,service_21
service_953,service_21
service_970,service_21
service_987,service_21
service_5,service_22
service_937,service_22
service_954,service_22
service_971,service_22
service_988,service_22
service_6,service_23
service_938,service_23
service_955,service_23
service_972,service_23
service_989,service_23
service_7,service_24
service_939,service_24
service_956,service_24
service_973,service_24
service_990,service_24
service_8,service_25
service_940,service_25
service_957,service_25
service_974,service_25
service_991,service_25
service_9,service_26
service_941,service_26
service_958,service_26
service_975,service_26
service_992,service_26
service_10,service_27
service_942,service_27
service_959,service_27
service_976,service_27
service_993,service_27
service_11,service_28
service_943,service_28
service_960,service_28
service_977,service_28
service_994,service_28
service_12,service_29
service_944,service_29
service_961,service_29
service_978,service_29
service_995,service_29
service_13,service_30
service_945,service_30
service_962,service_30
service_979,service_30
service_996,service_30
service_14,service_31
service_946,service_31
service_963,service_31
service_980,service_31
service_997,service_31
service_15,service_32
service_947,service_32
service_964,service_32
service_981,service_32
service_998,service_32
service_16,service_33
service_948,service_33
service_965,service_33
service_982,service_33
service_999,service_33
service_0,service_34
service_17,service_34
service_949,service_34
service_966,service_34
service_983,service_34
service_1,service_35
service_18,service_35
service_950,service_35
service_967,service_35
service_984,service_35
service_19,service_36
service_2,service_36
service_951,service_36
service_968,service_36
service_985,service_36
service_20,service_37
service_3,service_37
service_952,service_37
service_969,service_37
service_986,service_37
service_21,service_38
service_4,service_38
service_953,service_38
service_970,service_38
service_987,service_38
service_22,service_39
service_5,service_39
service_954,service_39
service_971,service_39
service_988,service_39
service_23,service_40
service_6,service_40
service_955,service_40
service_972,service_40
service_989,service_40
service_24,service_41
service_7,service_41
service_956,service_41
service_973,service_41
service_990,service_41
service_25,service_42
service_8,service_42
service_957,service_42
service_974,service_42
service_991,service_42
service_26,service_43
service_9,service_43
service_958,service_43
service_975,service_43
service_992,service_43
service_10,service_44
service_27,service_44
service_959,service_44
service_976,service_44
service_993,service_44
service_11,service_45
service_28,service_45
service_960,service_45
service_977,service_45
service_994,service_45
service_12,service_46
service_29,service_46
service_961,service_46
service_978,service_46
service_995,service_46
service_13,service_47
service_30,service_47
service_962,service_47
service_979,service_47
service_996,service_47
service_14,service_48
service_31,service_48
service_963,service_48
service_980,service_48
service_997,service_48
service_15,service_49
service_32,service_49
service_964,service_49
service_981,service_49
service_998,service_49
service_16,service_50
service_33,service_50
service_965,service_50
service_982,service_50
service_999,service_50
service_0,service_51
service_17,service_51
service_34,service_51
service_966,service_51
service_983,service_51
service_1,service_52
service_18,service_52
service_35,service_52
service_967,service_52
service_984,service_52
service_19,service_53
service_2,service_53
service_36,service_53
service_968,service_53
service_985,service_53
service_20,service_54
service_3,service_54
service_37,service_54
service_969,service_54
service_986,service_54
service_21,service_55
service_38,service_55
service_4,service_55
service_970,service_55
service_987,service_55
service_22,service_56
service_39,service_56
service_5,service_56
service_971,service_56
service_988,service_56
service_23,service_57
service_40,service_57
service_6,service_57
service_972,service_57
service_989,service_57
service_24,service_58
service_41,service_58
service_7,service_58
service_973,service_58
service_990,service_58
service_25,service_59
service_42,service_59
service_8,service_59
service_974,service_59
service_991,service_59
service_26,service_60
service_43,service_60
service_9,service_60
service_975,service_60
service_992,service_60
service_10,service_61
service_27,service_61
service_44,service_61
service_976,service_61
service_993,service_61
service_11,service_62
service_28,service_62
service_45,service_62
service_977,service_62
service_994,service_62
service_12,service_63
service_29,service_63
service_46,service_63
service_978,service_63
service_995,service_63
service_13,service_64
service_30,service_64
service_47,service_64
service_979,service_64
service_996,service_64
service_14,service_65
service_31,service_65
service_48,service_65
service_980,service_65
service_997,service_65
service_15,service_66
service_32,service_66
service_49,service_66
service_981,service_66
service_998,service_66
service_16,service_67
service_33,service_67
service_50,service_67
service_982,service_67
service_999,service_67
service_0,service_68
service_17,service_68
service_34,service_68
service_51,service_68
service_983,service_68
service_1,service_69
service_18,service_69
service_35,service_69
service_52,service_69
service_984,service_69
service_19,service_70
service_2,service_70
service_36,service_70
service_53,service_70
service_985,service_70
service_20,service_71
service_3,service_71
service_37,service_71
service_54,service_71
service_986,service_71
service_21,service_72
service_38,service_72
service_4,service_72
service_55,service_72
service_987,service_72
service_22,service_73
service_39,service_73
service_5,service_73
service_56,service_73
service_988,service_73
service_23,service_74
service_40,service_74
service_57,service_74
service_6,service_74
service_989,service_74
service_24,service_75
service_41,service_75
service_58,service_75
service_7,service_75
service_990,service_75
service_25,service_76
service_42,service_76
service_59,service_76
service_8,service_76
service_991,service_76
service_26,service_77
service_43,service_77
service_60,service_77
service_9,service_77
service_992,service_77
service_10,service_78
service_27,service_78
service_44,service_78
service_61,service_78
service_993,service_78
service_11,service_79
service_28,service_79
service_45,service_79
service_62,service_79
service_994,service_79
service_12,service_80
service_29,service_80
service_46,service_80
service_63,service_80
service_995,service_80
service_13,service_81
service_30,service_81
service_47,service_81
service_64,service_81
service_996,service_81
service_14,service_82
service_31,service_82
service_48,service_82
service_65,service_82
service_997,service_82
service_15,service_83
service_32,service_83
service_49,service_83
service_66,service_83
service_998,service_83
service_16,service_84
service_33,service_84
service_50,service_84
service_67,service_84
service_999,service_84
service_0,service_85
service_17,service_85
service_34,service_85
service_51,service_85
service_68,service_85
service_1,service_86
service_18,service_86
service_35,service_86
service_52,service_86
service_69,service_86
service_19,service_87
service_2,service_87
service_36,service_87
service_53,service_87
service_70,service_87
service_20,service_88
service_3,service_88
service_37,service_88
service_54,service_88
service_71,service_88
service_21,service_89
service_38,service_89
service_4,service_89
service_55,service_89
service_72,service_89
service_22,service_90
service_39,service_90
service_5,service_90
service_56,service_90
service_73,service_90
service_23,service_91
service_40,service_91
service_57,service_91
service_6,service_91
service_74,service_91
service_24,service_92
service_41,service_92
service_58,service_92
service_7,service_92
service_75,service_92
service_25,service_93
service_42,service_93
service_59,service_93
service_76,service_93
service_8,service_93
service_26,service_94
service_43,service_94
service_60,service_94
service_77,service_94
service_9,service_94
service_10,service_95
service_27,service_95
service_44,service_95
service_61,service_95
service_78,service_95
service_11,service_96
service_28,service_96
service_45,service_96
service_62,service_96
service_79,service_96
service_12,service_97
service_29,service_97
service_46,service_97
service_63,service_97
service_80,service_97
service_13,service_98
service_30,service_98
service_47,service_98
service_64,service_98
service_81,service_98
service_14,service_99
service_31,service_99
service_48,service_99
service_65,service_99
service_82,service_99
service_15,service_100
service_32,service_100
service_49,service_100
service_66,service_100
service_83,service_100
service_16,service_101
service_33,service_101
service_50,service_101
service_67,service_101
service_84,service_101
service_17,service_102
service_34,service_102
service_51,service_102
service_68,service_102
service_85,service_102
service_18,service_103
service_35,service_103
service_52,service_103
service_69,service_103
service_86,service_103
service_19,service_104
service_36,service_104
service_53,service_104
service_70,service_104
service_87,service_104
service_20,service_105
service_37,service_105
service_54,service_105
service_71,service_105
service_88,service_105
service_21,service_106
service_38,service_106
service_55,service_106
service_72,service_106
service_89,service_106
service_22,service_107
service_39,service_107
service_56,service_107
service_73,service_107
service_90,service_107
service_23,service_108
service_40,service_108
service_57,service_108
service_74,service_108
service_91,service_108
service_24,service_109
service_41,service_109
service_58,service_109
service_75,service_109
service_92,service_109
service_25,service_110
service_42,service_110
service_59,service_110
service_76,service_110
service_93,service_110
service_26,service_111
service_43,service_111
service_60,service_111
service_77,service_111
service_94,service_111
service_27,service_112
service_44,service_112
service_61,service_112
service_78,service_112
service_95,service_112
service_28,service_113
service_45,service_113
service_62,service_113
service_79,service_113
service_96,service_113
service_29,service_114
service_46,service_114
service_63,service_114
service_80,service_114
service_97,service_114
service_30,service_115
service_47,service_115
service_64,service_115
service_81,service_115
service_98,service_115
service_31,service_116
service_48,service_116
service_65,service_116
service_82,service_116
service_99,service_116
service_100,service_117
service_32,service_117
service_49,service_117
service_66,service_117
service_83,service_117
service_101,service_118
service_33,service_118
service_50,service_118
service_67,service_118
service_84,service_118
service_102,service_119
service_34,service_119
service_51,service_119
service_68,service_119
service_85,service_119
service_103,service_120
service_35,service_120
service_52,service_120
service_69,service_120
service_86,service_120
service_104,service_121
service_36,service_121
service_53,service_121
service_70,service_121
service_87,service_121
service_105,service_122
service_37,service_122
service_54,service_122
service_71,service_122
service_88,service_122
service_106,service_123
service_38,service_123
service_55,service_123
service_72,service_123
service_89,service_123
service_107,service_124
service_39,service_124
service_56,service_124
service_73,service_124
service_90,service_124
service_108,service_125
service_40,service_125
service_57,service_125
service_74,service_125
service_91,service_125
service_109,service_126
service_41,service_126
service_58,service_126
service_75,service_126
service_92,service_126
service_110,service_127
service_42,service_127
service_59,service_127
service_76,service_127
service_93,service_127
service_111,service_128
service_43,service_128
service_60,service_128
service_77,service_128
service_94,service_128
service_112,service_129
service_44,service_129
service_61,service_129
service_78,service_129
service_95,service_129
service_113,service_130
service_45,service_130
service_62,service_130
service_79,service_130
service_96,service_130
service_114,service_131
service_46,service_131
service_63,service_131
service_80,service_131
service_97,service_131
service_115,service_132
service_47,service_132
service_64,service_132
service_81,service_132
service_98,service_132
service_116,service_133
service_48,service_133
service_65,service_133
service_82,service_133
service_99,service_133
service_100,service_134
service_117,service_134
service_49,service_134
service_66,service_134
service_83,service_134
service_101,service_135
service_118,service_135
service_50,service_135
service_67,service_135
service_84,service_135
service_102,service_136
service_119,service_136
service_51,service_136
service_68,service_136
service_85,service_136
service_103,service_137
service_120,service_137
service_52,service_137
service_69,service_137
service_86,service_137
service_104,service_138
service_121,service_138
service_53,service_138
service_70,service_138
service_87,service_138
service_105,service_139
service_122,service_139
service_54,service_139
service_71,service_139
service_88,service_139
service_106,service_140
service_123,service_140
service_55,service_140
service_72,service_140
service_89,service_140
service_107,service_141
service_124,service_141
service_56,service_141
service_73,service_141
service_90,service_141
service_108,service_142
service_125,service_142
service_57,service_142
service_74,service_142
service_91,service_142
service_109,service_143
service_126,service_143
service_58,service_143
service_75,service_143
service_92,service_143
service_110,service_144
service_127,service_144
service_59,service_144
service_76,service_144
service_93,service_144
service_111,service_145
service_128,service_145
service_60,service_145
service_77,service_145
service_94,service_145
service_112,service_146
service_129,service_146
service_61,service_146
service_78,service_146
service_95,service_146
service_113,service_147
service_130,service_147
service_62,service_147
service_79,service_147
service_96,service_147
service_114,service_148
service_131,service_148
service_63,service_148
service_80,service_148
service_97,service_148
service_115,service_149
service_132,service_149
service_64,service_149
service_81,service_149
service_98,service_149
service_116,service_150
service_133,service_150
service_65,service_150
service_82,service_150
service_99,service_150
service_100,service_151
service_117,service_151
service_134,service_151
service_66,service_151
service_83,service_151
service_101,service_152
service_118,service_152
service_135,service_152
service_67,service_152
service_84,service_152
service_102,service_153
service_119,service_153
service_136,service_153
service_68,service_153
service_85,service_153
service_103,service_154
service_120,service_154
service_137,service_154
service_69,service_154
service_86,service_154
service_104,service_155
service_121,service_155
service_138,service_155
service_70,service_155
service_87,service_155
service_105,service_156
service_122,service_156
service_139,service_156
service_71,service_156
service_88,service_156
service_106,service_157
service_123,service_157
service_140,service_157
service_72,service_157
service_89,service_157
service_107,service_158
service_124,service_158
service_141,service_158
service_73,service_158
service_90,service_158
service_108,service_159
service_125,service_159
service_142,service_159
service_74,service_159
service_91,service_159
service_109,service_160
service_126,service_160
service_143,service_160
service_75,service_160
service_92,service_160
service_110,service_161
service_127,service_161
service_144,service_161
service_76,service_161
service_93,service_161
service_111,service_162
service_128,service_162
service_145,service_162
service_77,service_162
service_94,service_162
service_112,service_163
service_129,service_163
service_146,service_163
service_78,service_163
service_95,service_163
service_113,service_164
service_130,service_164
service_147,service_164
service_79,service_164
service_96,service_164
service_114,service_165
service_131,service_165
service_148,service_165
service_80,service_165
service_97,service_165
service_115,service_166
service_132,service_166
service_149,service_166
service_81,service_166
service_98,service_166
service_116,service_167
service_133,service_167
service_150,service_167
service_82,service_167
service_99,service_167
service_100,service_168
service_117,service_168
service_134,service_168
service_151,service_168
service_83,service_168
service_101,service_169
service_118,service_169
service_135,service_169
service_152,service_169
service_84,service_169
service_102,service_170
service_119,service_170
service_136,service_170
service_153,service_170
service_85,service_170
service_103,service_171
service_120,service_171
service_137,service_171
service_154,service_171
service_86,service_171
service_104,service_172
service_121,service_172
service_138,service_172
service_155,service_172
service_87,service_172
service_105,service_173
service_122,service_173
service_139,service_173
service_156,service_173
service_88,service_173
service_106,service_174
service_123,service_174
service_140,service_174
service_157,service_174
service_89,service_174
service_107,service_175
service_124,service_175
service_141,service_175
service_158,service_175
service_90,service_175
service_108,service_176
service_125,service_176
service_142,service_176
service_159,service_176
service_91,service_176
service_109,service_177
service_126,service_177
service_143,service_177
service_160,service_177
service_92,service_177
service_110,service_178
service_127,service_178
service_144,service_178
service_161,service_178
service_93,service_178
service_111,service_179
service_128,service_179
service_145,service_179
service_162,service_179
service_94,service_179
service_112,service_180
service_129,service_180
service_146,service_180
service_163,service_180
service_95,service_180
service_113,service_181
service_130,service_181
service_147,service_181
service_164,service_181
service_96,service_181
service_114,service_182
service_131,service_182
service_148,service_182
service_165,service_182
service_97,service_182
service_115,service_183
service_132,service_183
service_149,service_183
service_166,service_183
service_98,service_183
service_116,service_184
service_133,service_184
service_150,service_184
service_167,service_184
service_99,service_184
service_100,service_185
service_117,service_185
service_134,service_185
service_151,service_185
service_168,service_185
service_101,service_186
service_118,service_186
service_135,service_186
service_152,service_186
service_169,service_186
service_102,service_187
service_119,service_187
service_136,service_187
service_153,service_187
service_170,service_187
service_103,service_188
service_120,service_188
service_137,service_188
service_154,service_188
service_171,service_188
service_104,service_189
service_121,service_189
service_138,service_189
service_155,service_189
service_172,service_189
service_105,service_190
service_122,service_190
service_139,service_190
service_156,service_190
service_173,service_190
service_106,service_191
service_123,service_191
service_140,service_191
service_157,service_191
service_174,service_191
service_107,service_192
service_124,service_192
service_141,service_192
service_158,service_192
service_175,service_192
service_108,service_193
service_125,service_193
service_142,service_193
service_159,service_193
service_176,service_193
service_109,service_194
service_126,service_194
service_143,service_194
service_160,service_194
service_177,service_194
service_110,service_195
service_127,service_195
service_144,service_195
service_161,service_195
service_178,service_195
service_111,service_196
service_128,service_196
service_145,service_196
service_162,service_196
service_179,service_196
service_112,service_197
service_129,service_197
service_146,service_197
service_163,service_197
service_180,service_197
service_113,service_198
service_130,service_198
service_147,service_198
service_164,service_198
service_181,service_198
service_114,service_199
service_131,service_199
service_148,service_199
service_165,service_199
service_182,service_199
service_115,service_200
service_132,service_200
service_149,service_200
service_166,service_200
service_183,service_200
service_116,service_201
service_133,service_201
service_150,service_201
service_167,service_201
service_184,service_201
service_117,service_202
service_134,service_202
service_151,service_202
service_168,service_202
service_185,service_202
service_118,service_203
service_135,service_203
service_152,service_203
service_169,service_203
service_186,service_203
service_119,service_204
service_136,service_204
service_153,service_204
service_170,service_204
service_187,service_204
service_120,service_205
service_137,service_205
service_154,service_205
service_171,service_205
service_188,service_205
service_121,service_206
service_138,service_206
service_155,service_206
service_172,service_206
service_189,service_206
service_122,service_207
service_139,service_207
service_156,service_207
service_173,service_207
service_190,service_207
service_123,service_208
service_140,service_208
service_157,service_208
service_174,service_208
service_191,service_208
service_124,service_209
service_141,service_209
service_158,service_209
service_175,service_209
service_192,service_209
service_125,service_210
service_142,service_210
service_159,service_210
service_176,service_210
service_193,service_210
service_126,service_211
service_143,service_211
service_160,service_211
service_177,service_211
service_194,service_211
service_127,service_212
service_144,service_212
service_161,service_212
service_178,service_212
service_195,service_212
service_128,service_213
service_145,service_213
service_162,service_213
service_179,service_213
service_196,service_213
service_129,service_214
service_146,service_214
service_163,service_214
service_180,service_214
service_197,service_214
service_130,service_215
service_147,service_215
service_164,service_215
service_181,service_215
service_198,service_215
service_131,service_216
service_148,service_216
service_165,service_216
service_182,service_216
service_199,service_216
service_132,service_217
service_149,service_217
service_166,service_217
service_183,service_217
service_200,service_217
service_133,service_218
service_150,service_218
service_167,service_218
service_184,service_218
service_201,service_218
service_134,service_219
service_151,service_219
service_168,service_219
service_185,service_219
service_202,service_219
service_135,service_220
service_152,service_220
service_169,service_220
service_186,service_220
service_203,service_220
service_136,service_221
service_153,service_221
service_170,service_221
service_187,service_221
service_204,service_221
service_137,service_222
service_154,service_222
service_171,service_222
service_188,service_222
service_205,service_222
service_138,service_223
service_155,service_223
service_172,service_223
service_189,service_223
service_206,service_223
service_139,service_224
service_156,service_224
service_173,service_224
service_190,service_224
service_207,service_224
service_140,service_225
service_157,service_225
service_174,service_225
service_191,service_225
service_208,service_225
service_141,service_226
service_158,service_226
service_175,service_226
service_192,service_226
service_209,service_226
service_142,service_227
service_159,service_227
service_176,service_227
service_193,service_227
service_210,service_227
service_143,service_228
service_160,service_228
service_177,service_228
service_194,service_228
service_211,service_228
service_144,service_229
service_161,service_229
service_178,service_229
service_195,service_229
service_212,service_229
service_145,service_230
service_162,service_230
service_179,service_230
service_196,service_230
service_213,service_230
service_146,service_231
service_163,service_231
service_180,service_231
service_197,service_231
service_214,service_231
service_147,service_232
service_164,service_232
service_181,service_232
service_198,service_232
service_215,service_232
service_148,service_233
service_165,service_233
service_182,service_233
service_199,service_233
service_216,service_233
service_149,service_234
service_166,service_234
service_183,service_234
service_200,service_234
service_217,service_234
service_150,service_235
service_167,service_235
service_184,service_235
service_201,service_235
service_218,service_235
service_151,service_236
service_168,service_236
service_185,service_236
service_202,service_236
service_219,service_236
service_152,service_237
service_169,service_237
service_186,service_237
service_203,service_237
service_220,service_237
service_153,service_238
service_170,service_238
service_187,service_238
service_204,service_238
service_221,service_238
service_154,service_239
service_171,service_239
service_188,service_239
service_205,service_239
service_222,service_239
service_155,service_240
service_172,service_240
service_189,service_240
service_206,service_240
service_223,service_240
service_156,service_241
service_173,service_241
service_190,service_241
service_207,service_241
service_224,service_241
service_157,service_242
service_174,service_242
service_191,service_242
service_208,service_242
service_225,service_242
service_158,service_243
service_175,service_243
service_192,service_243
service_209,service_243
service_226,service_243
service_159,service_244
service_176,service_244
service_193,service_244
service_210,service_244
service_227,service_244
service_160,service_245
service_177,service_245
service_194,service_245
service_211,service_245
service_228,service_245
service_161,service_246
service_178,service_246
service_195,service_246
service_212,service_246
service_229,service_246
service_162,service_247
service_179,service_247
service_196,service_247
service_213,service_247
service_230,service_247
service_163,service_248
service_180,service_248
service_197,service_248
service_214,service_248
service_231,service_248
service_164,service_249
service_181,service_249
service_198,service_249
service_215,service_249
service_232,service_249
service_165,service_250
service_182,service_250
service_199,service_250
service_216,service_250
service_233,service_250
service_166,service_251
service_183,service_251
service_200,service_251
service_217,service_251
service_234,service_251
service_167,service_252
service_184,service_252
service_201,service_252
service_218,service_252
service_235,service_252
service_168,service_253
service_185,service_253
service_202,service_253
service_219,service_253
service_236,service_253
service_169,service_254
service_186,service_254
service_203,service_254
service_220,service_254
service_237,service_254
service_170,service_255
service_187,service_255
service_204,service_255
service_221,service_255
service_238,service_255
service_171,service_256
service_188,service_256
service_205,service_256
service_222,service_256
service_239,service_256
service_172,service_257
service_189,service_257
service_206,service_257
service_223,service_257
service_240,service_257
service_173,service_258
service_190,service_258
service_207,service_258
service_224,service_258
service_241,service_258
service_174,service_259
service_191,service_259
service_208,service_259
service_225,service_259
service_242,service_259
service_175,service_260
service_192,service_260
service_209,service_260
service_226,service_260
service_243,service_260
service_176,service_261
service_193,service_261
service_210,service_261
service_227,service_261
service_244,service_261
service_177,service_262
service_194,service_262
service_211,service_262
service_228,service_262
service_245,service_262
service_178,service_263
service_195,service_263
service_212,service_263
service_229,service_263
service_246,service_263
service_179,service_264
service_196,service_264
service_213,service_264
service_230,service_264
service_247,service_264
service_180,service_265
service_197,service_265
service_214,service_265
service_231,service_265
service_248,service_265
service_181,service_266
service_198,service_266
service_215,service_266
service_232,service_266
service_249,service_266
service_182,service_267
service_199,service_267
service_216,service_267
service_233,service_267
service_250,service_267
service_183,service_268
service_200,service_268
service_217,service_268
service_234,service_268
service_251,service_268
service_184,service_269
service_201,service_269
service_218,service_269
service_235,service_269
service_252,service_269
service_185,service_270
service_202,service_270
service_219,service_270
service_236,service_270
service_253,service_270
service_186,service_271
service_203,service_271
service_220,service_271
service_237,service_271
service_254,service_271
service_187,service_272
service_204,service_272
service_221,service_272
service_238,service_272
service_255,service_272
service_188,service_273
service_205,service_273
service_222,service_273
service_239,service_273
service_256,service_273
service_189,service_274
service_206,service_274
service_223,service_274
service_240,service_274
service_257,service_274
service_190,service_275
service_207,service_275
service_224,service_275
service_241,service_275
service_258,service_275
service_191,service_276
service_208,service_276
service_225,service_276
service_242,service_276
service_259,service_276
service_192,service_277
service_209,service_277
service_226,service_277
service_243,service_277
service_260,service_277
service_193,service_278
service_210,service_278
service_227,service_278
service_244,service_278
service_261,service_278
service_194,service_279
service_211,service_279
service_228,service_279
service_245,service_279
service_262,service_279
service_195,service_280
service_212,service_280
service_229,service_280
service_246,service_280
service_263,service_280
service_196,service_281
service_213,service_281
service_230,service_281
service_247,service_281
service_264,service_281
service_197,service_282
service_214,service_282
service_231,service_282
service_248,service_282
service_265,service_282
service_198,service_283
service_215,service_283
service_232,service_283
service_249,service_283
service_266,service_283
service_199,service_284
service_216,service_284
service_233,service_284
service_250,service_284
service_267,service_284
service_200,service_285
service_217,service_285
service_234,service_285
service_251,service_285
service_268,service_285
service_201,service_286
service_218,service_286
service_235,service_286
service_252,service_286
service_269,service_286
service_202,service_287
service_219,service_287
service_236,service_287
service_253,service_287
service_270,service_287
service_203,service_288
service_220,service_288
service_237,service_288
service_254,service_288
service_271,service_288
service_204,service_289
service_221,service_289
service_238,service_289
service_255,service_289
service_272,service_289
service_205,service_290
service_222,service_290
service_239,service_290
service_256,service_290
service_273,service_290
service_206,service_291
service_223,service_291
service_240,service_291
service_257,service_291
service_274,service_291
service_207,service_292
service_224,service_292
service_241,service_292
service_258,service_292
service_275,service_292
service_208,service_293
service_225,service_293
service_242,service_293
service_259,service_293
service_276,service_293
service_209,service_294
service_226,service_294
service_243,service_294
service_260,service_294
service_277,service_294
service_210,service_295
service_227,service_295
service_244,service_295
service_261,service_295
service_278,service_295
service_211,service_296
service_228,service_296
service_245,service_296
service_262,service_296
service_279,service_296
service_212,service_297
service_229,service_297
service_246,service_297
service_263,service_297
service_280,service_297
service_213,service_298
service_230,service_298
service_247,service_298
service_264,service_298
service_281,service_298
service_214,service_299
service_231,service_299
service_248,service_299
service_265,service_299
service_282,service_299
service_215,service_300
service_232,service_300
service_249,service_300
service_266,service_300
service_283,service_300
service_216,service_301
service_233,service_301
service_250,service_301
service_267,service_301
service_284,service_301
service_217,service_302
service_234,service_302
service_251,service_302
service_268,service_302
service_285,service_302
service_218,service_303
service_235,service_303
service_252,service_303
service_269,service_303
service_286,service_303
service_219,service_304
service_236,service_304
service_253,service_304
service_270,service_304
service_287,service_304
service_220,service_305
service_237,service_305
service_254,service_305
service_271,service_305
service_288,service_305
service_221,service_306
service_238,service_306
service_255,service_306
service_272,service_306
service_289,service_306
service_222,service_307
service_239,service_307
service_256,service_307
service_273,service_307
service_290,service_307
service_223,service_308
service_240,service_308
service_257,service_308
service_274,service_308
service_291,service_308
service_224,service_309
service_241,service_309
service_258,service_309
service_275,service_309
service_292,service_309
service_225,service_310
service_242,service_310
service_259,service_310
service_276,service_310
service_293,service_310
service_226,service_311
service_243,service_311
service_260,service_311
service_277,service_311
service_294,service_311
service_227,service_312
service_244,service_312
service_261,service_312
service_278,service_312
service_295,service_312
service_228,service_313
service_245,service_313
service_262,service_313
service_279,service_313
service_296,service_313
service_229,service_314
service_246,service_314
service_263,service_314
service_280,service_314
service_297,service_314
service_230,service_315
service_247,service_315
service_264,service_315
service_281,service_315
service_298,service_315
service_231,service_316
service_248,service_316
service_265,service_316
service_282,service_316
service_299,service_316
service_232,service_317
service_249,service_317
service_266,service_317
service_283,service_317
service_300,service_317
service_233,service_318
service_250,service_318
service_267,service_318
service_284,service_318
service_301,service_318
service_234,service_319
service_251,service_319
service_268,service_319
service_285,service_319
service_302,service_319
service_235,service_320
service_252,service_320
service_269,service_320
service_286,service_320
service_303,service_320
service_236,service_321
service_253,service_321
service_270,service_321
service_287,service_321
service_304,service_321
service_237,service_322
service_254,service_322
service_271,service_322
service_288,service_322
service_305,service_322
service_238,service_323
service_255,service_323
service_272,service_323
service_289,service_323
service_306,service_323
service_239,service_324
service_256,service_324
service_273,service_324
service_290,service_324
service_307,service_324
service_240,service_325
service_257,service_325
service_274,service_325
service_291,service_325
service_308,service_325
service_241,service_326
service_258,service_326
service_275,service_326
service_292,service_326
service_309,service_326
service_242,service_327
service_259,service_327
service_276,service_327
service_293,service_327
service_310,service_327
service_243,service_328
service_260,service_328
service_277,service_328
service_294,service_328
service_311,service_328
service_244,service_329
service_261,service_329
service_278,service_329
service_295,service_329
service_312,service_329
service_245,service_330
service_262,service_330
service_279,service_330
service_296,service_330
service_313,service_330
service_246,service_331
service_263,service_331
service_280,service_331
service_297,service_331
service_314,service_331
service_247,service_332
service_264,service_332
service_281,service_332
service_298,service_332
service_315,service_332
service_248,service_333
service_265,service_333
service_282,service_333
service_299,service_333
service_316,service_333
service_249,service_334
service_266,service_334
service_283,service_334
service_300,service_334
service_317,service_334
service_250,service_335
service_267,service_335
service_284,service_335
service_301,service_335
service_318,service_335
service_251,service_336
service_268,service_336
service_285,service_336
service_302,service_336
service_319,service_336
service_252,service_337
service_269,service_337
service_286,service_337
service_303,service_337
service_320,service_337
service_253,service_338
service_270,service_338
service_287,service_338
service_304,service_338
service_321,service_338
service_254,service_339
service_271,service_339
service_288,service_339
service_305,service_339
service_322,service_339
service_255,service_340
service_272,service_340
service_289,service_340
service_306,service_340
service_323,service_340
service_256,service_341
service_273,service_341
service_290,service_341
service_307,service_341
service_324,service_341
service_257,service_342
service_274,service_342
service_291,service_342
service_308,service_342
service_325,service_342
service_258,service_343
service_275,service_343
service_292,service_343
service_309,service_343
service_326,service_343
service_259,service_344
service_276,service_344
service_293,service_344
service_310,service_344
service_327,service_344
service_260,service_345
service_277,service_345
service_294,service_345
service_311,service_345
service_328,service_345
service_261,service_346
service_278,service_346
service_295,service_346
service_312,service_346
service_329,service_346
service_262,service_347
service_279,service_347
service_296,service_347
service_313,service_347
service_330,service_347
service_263,service_348
service_280,service_348
service_297,service_348
service_314,service_348
service_331,service_348
service_264,service_349
service_281,service_349
service_298,service_349
service_315,service_349
service_332,service_349
service_265,service_350
service_282,service_350
service_299,service_350
service_316,service_350
service_333,service_350
service_266,service_351
service_283,service_351
service_300,service_351
service_317,service_351
service_334,service_351
service_267,service_352
service_284,service_352
service_301,service_352
service_318,service_352
service_335,service_352
service_268,service_353
service_285,service_353
service_302,service_353
service_319,service_353
service_336,service_353
service_269,service_354
service_286,service_354
service_303,service_354
service_320,service_354
service_337,service_354
service_270,service_355
service_287,service_355
service_304,service_355
service_321,service_355
service_338,service_355
service_271,service_356
service_288,service_356
service_305,service_356
service_322,service_356
service_339,service_356
service_272,service_357
service_289,service_357
service_306,service_357
service_323,service_357
service_340,service_357
service_273,service_358
service_290,service_358
service_307,service_358
service_324,service_358
service_341,service_358
service_274,service_359
service_291,service_359
service_308,service_359
service_325,service_359
service_342,service_359
service_275,service_360
service_292,service_360
service_309,service_360
service_326,service_360
service_343,service_360
service_276,service_361
service_293,service_361
service_310,service_361
service_327,service_361
service_344,service_361
service_277,service_362
service_294,service_362
service_311,service_362
service_328,service_362
service_345,service_362
service_278,service_363
service_295,service_363
service_312,service_363
service_329,service_363
service_346,service_363
service_279,service_364
service_296,service_364
service_313,service_364
service_330,service_364
service_347,service_364
service_280,service_365
service_297,service_365
service_314,service_365
service_331,service_365
service_348,service_365
service_281,service_366
service_298,service_366
service_315,service_366
service_332,service_366
service_349,service_366
service_282,service_367
service_299,service_367
service_316,service_367
service_333,service_367
service_350,service_367
service_283,service_368
service_300,service_368
service_317,service_368
service_334,service_368
service_351,service_368
service_284,service_369
service_301,service_369
service_318,service_369
service_335,service_369
service_352,service_369
service_285,service_370
service_302,service_370
service_319,service_370
service_336,service_370
service_353,service_370
service_286,service_371
service_303,service_371
service_320,service_371
service_337,service_371
service_354,service_371
service_287,service_372
service_304,service_372
service_321,service_372
service_338,service_372
service_355,service_372
service_288,service_373
service_305,service_373
service_322,service_373
service_339,service_373
service_356,service_373
service_289,service_374
service_306,service_374
service_323,service_374
service_340,service_374
service_357,service_374
service_290,service_375
service_307,service_375
service_324,service_375
service_341,service_375
service_358,service_375
service_291,service_376
service_308,service_376
service_325,service_376
service_342,service_376
service_359,service_376
service_292,service_377
service_309,service_377
service_326,service_377
service_343,service_377
service_360,service_377
service_293,service_378
service_310,service_378
service_327,service_378
service_344,service_378
service_361,service_378
service_294,service_379
service_311,service_379
service_328,service_379
service_345,service_379
service_362,service_379
service_295,service_380
service_312,service_380
service_329,service_380
service_346,service_380
service_363,service_380
service_296,service_381
service_313,service_381
service_330,service_381
service_347,service_381
service_364,service_381
service_297,service_382
service_314,service_382
service_331,service_382
service_348,service_382
service_365,service_382
service_298,service_383
service_315,service_383
service_332,service_383
service_349,service_383
service_366,service_383
service_299,service_384
service_316,service_384
service_333,service_384
service_350,service_384
service_367,service_384
service_300,service_385
service_317,service_385
service_334,service_385
service_351,service_385
service_368,service_385
service_301,service_386
service_318,service_386
service_335,service_386
service_352,service_386
service_369,service_386
service_302,service_387
service_319,service_387
service_336,service_387
service_353,service_387
service_370,service_387
service_303,service_388
service_320,service_388
service_337,service_388
service_354,service_388
service_371,service_388
service_304,service_389
service_321,service_389
service_338,service_389
service_355,service_389
service_372,service_389
service_305,service_390
service_322,service_390
service_339,service_390
service_356,service_390
service_373,service_390
service_306,service_391
service_323,service_391
service_340,service_391
service_357,service_391
service_374,service_391
service_307,service_392
service_324,service_392
service_341,service_392
service_358,service_392
service_375,service_392
service_308,service_393
service_325,service_393
service_342,service_393
service_359,service_393
service_376,service_393
service_309,service_394
service_326,service_394
service_343,service_394
service_360,service_394
service_377,service_394
service_310,service_395
service_327,service_395
service_344,service_395
service_361,service_395
service_378,service_395
service_311,service_396
service_328,service_396
service_345,service_396
service_362,service_396
service_379,service_396
service_312,service_397
service_329,service_397
service_346,service_397
service_363,service_397
service_380,service_397
service_313,service_398
service_330,service_398
service_347,service_398
service_364,service_398
service_381,service_398
service_314,service_399
service_331,service_399
service_348,service_399
service_365,service_399
service_382,service_399
service_315,service_400
service_332,service_400
service_349,service_400
service_366,service_400
service_383,service_400
service_316,service_401
service_333,service_401
service_350,service_401
service_367,service_401
service_384,service_401
service_317,service_402
service_334,service_402
service_351,service_402
service_368,service_402
service_385,service_402
service_318,service_403
service_335,service_403
service_352,service_403
service_369,service_403
service_386,service_403
service_319,service_404
service_336,service_404
service_353,service_404
service_370,service_404
service_387,service_404
service_320,service_405
service_337,service_405
service_354,service_405
service_371,service_405
service_388,service_405
service_321,service_406
service_338,service_406
service_355,service_406
service_372,service_406
service_389,service_406
service_322,service_407
service_339,service_407
service_356,service_407
service_373,service_407
service_390,service_407
service_323,service_408
service_340,service_408
service_357,service_408
service_374,service_408
service_391,service_408
service_324,service_409
service_341,service_409
service_358,service_409
service_375,service_409
service_392,service_409
service_325,service_410
service_342,service_410
service_359,service_410
service_376,service_410
service_393,service_410
service_326,service_411
service_343,service_411
service_360,service_411
service_377,service_411
service_394,service_411
service_327,service_412
service_344,service_412
service_361,service_412
service_378,service_412
service_395,service_412
service_328,service_413
service_345,service_413
service_362,service_413
service_379,service_413
service_396,service_413
service_329,service_414
service_346,service_414
service_363,service_414
service_380,service_414
service_397,service_414
service_330,service_415
service_347,service_415
service_364,service_415
service_381,service_415
service_398,service_415
service_331,service_416
service_348,service_416
service_365,service_416
service_382,service_416
service_399,service_416
service_332,service_417
service_349,service_417
service_366,service_417
service_383,service_417
service_400,service_417
service_333,service_418
service_350,service_418
service_367,service_418
service_384,service_418
service_401,service_418
service_334,service_419
service_351,service_419
service_368,service_419
service_385,service_419
service_402,service_419
service_335,service_420
service_352,service_420
service_369,service_420
service_386,service_420
service_403,service_420
service_336,service_421
service_353,service_421
service_370,service_421
service_387,service_421
service_404,service_421
service_337,service_422
service_354,service_422
service_371,service_422
service_388,service_422
service_405,service_422
service_338,service_423
service_355,service_423
service_372,service_423
service_389,service_423
service_406,service_423
service_339,service_424
service_356,service_424
service_373,service_424
service_390,service_424
service_407,service_424
service_340,service_425
service_357,service_425
service_374,service_425
service_391,service_425
service_408,service_425
service_341,service_426
service_358,service_426
service_375,service_426
service_392,service_426
service_409,service_426
service_342,service_427
service_359,service_427
service_376,service_427
service_393,service_427
service_410,service_427
service_343,service_428
service_360,service_428
service_377,service_428
service_394,service_428
service_411,service_428
service_344,service_429
service_361,service_429
service_378,service_429
service_395,service_429
service_412,service_429
service_345,service_430
service_362,service_430
service_379,service_430
service_396,service_430
service_413,service_430
service_346,service_431
service_363,service_431
service_380,service_431
service_397,service_431
service_414,service_431
service_347,service_432
service_364,service_432
service_381,service_432
service_398,service_432
service_415,service_432
service_348,service_433
service_365,service_433
service_382,service_433
service_399,service_433
service_416,service_433
service_349,service_434
service_366,service_434
service_383,service_434
service_400,service_434
service_417,service_434
service_350,service_435
service_367,service_435
service_384,service_435
service_401,service_435
service_418,service_435
service_351,service_436
service_368,service_436
service_385,service_436
service_402,service_436
service_419,service_436
service_352,service_437
service_369,service_437
service_386,service_437
service_403,service_437
service_420,service_437
service_353,service_438
service_370,service_438
service_387,service_438
service_404,service_438
service_421,service_438
service_354,service_439
service_371,service_439
service_388,service_439
service_405,service_439
service_422,service_439
service_355,service_440
service_372,service_440
service_389,service_440
service_406,service_440
service_423,service_440
service_356,service_441
service_373,service_441
service_390,service_441
service_407,service_441
service_424,service_441
service_357,service_442
service_374,service_442
service_391,service_442
service_408,service_442
service_425,service_442
service_358,service_443
service_375,service_443
service_392,service_443
service_409,service_443
service_426,service_443
service_359,service_444
service_376,service_444
service_393,service_444
service_410,service_444
service_427,service_444
service_360,service_445
service_377,service_445
service_394,service_445
service_411,service_445
service_428,service_445
service_361,service_446
service_378,service_446
service_395,service_446
service_412,service_446
service_429,service_446
service_362,service_447
service_379,service_447
service_396,service_447
service_413,service_447
service_430,service_447
service_363,service_448
service_380,service_448
service_397,service_448
service_414,service_448
service_431,service_448
service_364,service_449
service_381,service_449
service_398,service_449
service_415,service_449
service_432,service_449
service_365,service_450
service_382,service_450
service_399,service_450
service_416,service_450
service_433,service_450
service_366,service_451
service_383,service_451
service_400,service_451
service_417,service_451
service_434,service_451
service_367,service_452
service_384,service_452
service_401,service_452
service_418,service_452
service_435,service_452
service_368,service_453
service_385,service_453
service_402,service_453
service_419,service_453
service_436,service_453
service_369,service_454
service_386,service_454
service_403,service_454
service_420,service_454
service_437,service_454
service_370,service_455
service_387,service_455
service_404,service_455
service_421,service_455
service_438,service_455
service_371,service_456
service_388,service_456
service_405,service_456
service_422,service_456
service_439,service_456
service_372,service_457
service_389,service_457
service_406,service_457
service_423,service_457
service_440,service_457
service_373,service_458
service_390,service_458
service_407,service_458
service_424,service_458
service_441,service_458
service_374,service_459
service_391,service_459
service_408,service_459
service_425,service_459
service_442,service_459
service_375,service_460
service_392,service_460
service_409,service_460
service_426,service_460
service_443,service_460
service_376,service_461
service_393,service_461
service_410,service_461
service_427,service_461
service_444,service_461
service_377,service_462
service_394,service_462
service_411,service_462
service_428,service_462
service_445,service_462
service_378,service_463
service_395,service_463
service_412,service_463
service_429,service_463
service_446,service_463
service_379,service_464
service_396,service_464
service_413,service_464
service_430,service_464
service_447,service_464
service_380,service_465
service_397,service_465
service_414,service_465
service_431,service_465
service_448,service_465
service_381,service_466
service_398,service_466
service_415,service_466
service_432,service_466
service_449,service_466
service_382,service_467
service_399,service_467
service_416,service_467
service_433,service_467
service_450,service_467
service_383,service_468
service_400,service_468
service_417,service_468
service_434,service_468
service_451,service_468
service_384,service_469
service_401,service_469
service_418,service_469
service_435,service_469
service_452,service_469
service_385,service_470
service_402,service_470
service_419,service_470
service_436,service_470
service_453,service_470
service_386,service_471
service_403,service_471
service_420,service_471
service_437,service_471
service_454,service_471
service_387,service_472
service_404,service_472
service_421,service_472
service_438,service_472
service_455,service_472
service_388,service_473
service_405,service_473
service_422,service_473
service_439,service_473
service_456,service_473
service_389,service_474
service_406,service_474
service_423,service_474
service_440,service_474
service_457,service_474
service_390,service_475
service_407,service_475
service_424,service_475
service_441,service_475
service_458,service_475
service_391,service_476
service_408,service_476
service_425,service_476
service_442,service_476
service_459,service_476
service_392,service_477
service_409,service_477
service_426,service_477
service_443,service_477
service_460,service_477
service_393,service_478
service_410,service_478
service_427,service_478
service_444,service_478
service_461,service_478
service_394,service_479
service_411,service_479
service_428,service_479
service_445,service_479
service_462,service_479
service_395,service_480
service_412,service_480
service_429,service_480
service_446,service_480
service_463,service_480
service_396,service_481
service_413,service_481
service_430,service_481
service_447,service_481
service_464,service_481
service_397,service_482
service_414,service_482
service_431,service_482
service_448,service_482
service_465,service_482
service_398,service_483
service_415,service_483
service_432,service_483
service_449,service_483
service_466,service_483
service_399,service_484
service_416,service_484
service_433,service_484
service_450,service_484
service_467,service_484
service_400,service_485
service_417,service_485
service_434,service_485
service_451,service_485
service_468,service_485
service_401,service_486
service_418,service_486
service_435,service_486
service_452,service_486
service_469,service_486
service_402,service_487
service_419,service_487
service_436,service_487
service_453,service_487
service_470,service_487
service_403,service_488
service_420,service_488
service_437,service_488
service_454,service_488
service_471,service_488
service_404,service_489
service_421,service_489
service_438,service_489
service_455,service_489
service_472,service_489
service_405,service_490
service_422,service_490
service_439,service_490
service_456,service_490
service_473,service_490
service_406,service_491
service_423,service_491
service_440,service_491
service_457,service_491
service_474,service_491
service_407,service_492
service_424,service_492
service_441,service_492
service_458,service_492
service_475,service_492
service_408,service_493
service_425,service_493
service_442,service_493
service_459,service_493
service_476,service_493
service_409,service_494
service_426,service_494
service_443,service_494
service_460,service_494
service_477,service_494
service_410,service_495
service_427,service_495
service_444,service_495
service_461,service_495
service_478,service_495
service_411,service_496
service_428,service_496
service_445,service_496
service_462,service_496
service_479,service_496
service_412,service_497
service_429,service_497
service_446,service_497
service_463,service_497
service_480,service_497
service_413,service_498
service_430,service_498
service_447,service_498
service_464,service_498
service_481,service_498
service_414,service_499
service_431,service_499
service_448,service_499
service_465,service_499
service_482,service_499
service_415,service_500
service_432,service_500
service_449,service_500
service_466,service_500
service_483,service_500
service_416,service_501
service_433,service_501
service_450,service_501
service_467,service_501
service_484,service_501
service_417,service_502
service_434,service_502
service_451,service_502
service_468,service_502
service_485,service_502
service_418,service_503
service_435,service_503
service_452,service_503
service_469,service_503
service_486,service_503
service_419,service_504
service_436,service_504
service_453,service_504
service_470,service_504
service_487,service_504
service_420,service_505
service_437,service_505
service_454,service_505
service_471,service_505
service_488,service_505
service_421,service_506
service_438,service_506
service_455,service_506
service_472,service_506
service_489,service_506
service_422,service_507
service_439,service_507
service_456,service_507
service_473,service_507
service_490,service_507
service_423,service_508
service_440,service_508
service_457,service_508
service_474,service_508
service_491,service_508
service_424,service_509
service_441,service_509
service_458,service_509
service_475,service_509
service_492,service_509
service_425,service_510
service_442,service_510
service_459,service_510
service_476,service_510
service_493,service_510
service_426,service_511
service_443,service_511
service_460,service_511
service_477,service_511
service_494,service_511
service_427,service_512
service_444,service_512
service_461,service_512
service_478,service_512
service_495,service_512
service_428,service_513
service_445,service_513
service_462,service_513
service_479,service_513
service_496,service_513
service_429,service_514
service_446,service_514
service_463,service_514
service_480,service_514
service_497,service_514
service_430,service_515
service_447,service_515
service_464,service_515
service_481,service_515
service_498,service_515
service_431,service_516
service_448,service_516
service_465,service_516
service_482,service_516
service_499,service_516
service_432,service_517
service_449,service_517
service_466,service_517
service_483,service_517
service_500,service_517
service_433,service_518
service_450,service_518
service_467,service_518
service_484,service_518
service_501,service_518
service_434,service_519
service_451,service_519
service_468,service_519
service_485,service_519
service_502,service_519
service_435,service_520
service_452,service_520
service_469,service_520
service_486,service_520
service_503,service_520
service_436,service_521
service_453,service_521
service_470,service_521
service_487,service_521
service_504,service_521
service_437,service_522
service_454,service_522
service_471,service_522
service_488,service_522
service_505,service_522
service_438,service_523
service_455,service_523
service_472,service_523
service_489,service_523
service_506,service_523
service_439,service_524
service_456,service_524
service_473,service_524
service_490,service_524
service_507,service_524
service_440,service_525
service_457,service_525
service_474,service_525
service_491,service_525
service_508,service_525
service_441,service_526
service_458,service_526
service_475,service_526
service_492,service_526
service_509,service_526
service_442,service_527
service_459,service_527
service_476,service_527
service_493,service_527
service_510,service_527
service_443,service_528
service_460,service_528
service_477,service_528
service_494,service_528
service_511,service_528
service_444,service_529
service_461,service_529
service_478,service_529
service_495,service_529
service_512,service_529
service_445,service_530
service_462,service_530
service_479,service_530
service_496,service_530
service_513,service_530
service_446,service_531
service_463,service_531
service_480,service_531
service_497,service_531
service_514,service_531
service_447,service_532
service_464,service_532
service_481,service_532
service_498,service_532
service_515,service_532
service_448,service_533
service_465,service_533
service_482,service_533
service_499,service_533
service_516,service_533
service_449,service_534
service_466,service_534
service_483,service_534
service_500,service_534
service_517,service_534
service_450,service_535
service_467,service_535
service_484,service_535
service_501,service_535
service_518,service_535
service_451,service_536
service_468,service_536
service_485,service_536
service_502,service_536
service_519,service_536
service_452,service_537
service_469,service_537
service_486,service_537
service_503,service_537
service_520,service_537
service_453,service_538
service_470,service_538
service_487,service_538
service_504,service_538
service_521,service_538
service_454,service_539
service_471,service_539
service_488,service_539
service_505,service_539
service_522,service_539
service_455,service_540
service_472,service_540
service_489,service_540
service_506,service_540
service_523,service_540
service_456,service_541
service_473,service_541
service_490,service_541
service_507,service_541
service_524,service_541
service_457,service_542
service_474,service_542
service_491,service_542
service_508,service_542
service_525,service_542
service_458,service_543
service_475,service_543
service_492,service_543
service_509,service_543
service_526,service_543
service_459,service_544
service_476,service_544
service_493,service_544
service_510,service_544
service_527,service_544
service_460,service_545
service_477,service_545
service_494,service_545
service_511,service_545
service_528,service_545
service_461,service_546
service_478,service_546
service_495,service_546
service_512,service_546
service_529,service_546
service_462,service_547
service_479,service_547
service_496,service_547
service_513,service_547
service_530,service_547
service_463,service_548
service_480,service_548
service_497,service_548
service_514,service_548
service_531,service_548
service_464,service_549
service_481,service_549
service_498,service_549
service_515,service_549
service_532,service_549
service_465,service_550
service_482,service_550
service_499,service_550
service_516,service_550
service_533,service_550
service_466,service_551
service_483,service_551
service_500,service_551
service_517,service_551
service_534,service_551
service_467,service_552
service_484,service_552
service_501,service_552
service_518,service_552
service_535,service_552
service_468,service_553
service_485,service_553
service_502,service_553
service_519,service_553
service_536,service_553
service_469,service_554
service_486,service_554
service_503,service_554
service_520,service_554
service_537,service_554
service_470,service_555
service_487,service_555
service_504,service_555
service_521,service_555
service_538,service_555
service_471,service_556
service_488,service_556
service_505,service_556
service_522,service_556
service_539,service_556
service_472,service_557
service_489,service_557
service_506,service_557
service_523,service_557
service_540,service_557
service_473,service_558
service_490,service_558
service_507,service_558
service_524,service_558
service_541,service_558
service_474,service_559
service_491,service_559
service_508,service_559
service_525,service_559
service_542,service_559
service_475,service_560
service_492,service_560
service_509,service_560
service_526,service_560
service_543,service_560
service_476,service_561
service_493,service_561
service_510,service_561
service_527,service_561
service_544,service_561
service_477,service_562
service_494,service_562
service_511,service_562
service_528,service_562
service_545,service_562
service_478,service_563
service_495,service_563
service_512,service_563
service_529,service_563
service_546,service_563
service_479,service_564
service_496,service_564
service_513,service_564
service_530,service_564
service_547,service_564
service_480,service_565
service_497,service_565
service_514,service_565
service_531,service_565
service_548,service_565
service_481,service_566
service_498,service_566
service_515,service_566
service_532,service_566
service_549,service_566
service_482,service_567
service_499,service_567
service_516,service_567
service_533,service_567
service_550,service_567
service_483,service_568
service_500,service_568
service_517,service_568
service_534,service_568
service_551,service_568
service_484,service_569
service_501,service_569
service_518,service_569
service_535,service_569
service_552,service_569
service_485,service_570
service_502,service_570
service_519,service_570
service_536,service_570
service_553,service_570
service_486,service_571
service_503,service_571
service_520,service_571
service_537,service_571
service_554,service_571
service_487,service_572
service_504,service_572
service_521,service_572
service_538,service_572
service_555,service_572
service_488,service_573
service_505,service_573
service_522,service_573
service_539,service_573
service_556,service_573
service_489,service_574
service_506,service_574
service_523,service_574
service_540,service_574
service_557,service_574
service_490,service_575
service_507,service_575
service_524,service_575
service_541,service_575
service_558,service_575
service_491,service_576
service_508,service_576
service_525,service_576
service_542,service_576
service_559,service_576
service_492,service_577
service_509,service_577
service_526,service_577
service_543,service_577
service_560,service_577
service_493,service_578
service_510,service_578
service_527,service_578
service_544,service_578
service_561,service_578
service_494,service_579
service_511,service_579
service_528,service_579
service_545,service_579
service_562,service_579
service_495,service_580
service_512,service_580
service_529,service_580
service_546,service_580
service_563,service_580
service_496,service_581
service_513,service_581
service_530,service_581
service_547,service_581
service_564,service_581
service_497,service_582
service_514,service_582
service_531,service_582
service_548,service_582
service_565,service_582
service_498,service_583
service_515,service_583
service_532,service_583
service_549,service_583
service_566,service_583
service_499,service_584
service_516,service_584
service_533,service_584
service_550,service_584
service_567,service_584
service_500,service_585
service_517,service_585
service_534,service_585
service_551,service_585
service_568,service_585
service_501,service_586
service_518,service_586
service_535,service_586
service_552,service_586
service_569,service_586
service_502,service_587
service_519,service_587
service_536,service_587
service_553,service_587
service_570,service_587
service_503,service_588
service_520,service_588
service_537,service_588
service_554,service_588
service_571,service_588
service_504,service_589
service_521,service_589
service_538,service_589
service_555,service_589
service_572,service_589
service_505,service_590
service_522,service_590
service_539,service_590
service_556,service_590
service_573,service_590
service_506,service_591
service_523,service_591
service_540,service_591
service_557,service_591
service_574,service_591
service_507,service_592
service_524,service_592
service_541,service_592
service_558,service_592
service_575,service_592
service_508,service_593
service_525,service_593
service_542,service_593
service_559,service_593
service_576,service_593
service_509,service_594
service_526,service_594
service_543,service_594
service_560,service_594
service_577,service_594
service_510,service_595
service_527,service_595
service_544,service_595
service_561,service_595
service_578,service_595
service_511,service_596
service_528,service_596
service_545,service_596
service_562,service_596
service_579,service_596
service_512,service_597
service_529,service_597
service_546,service_597
service_563,service_597
service_580,service_597
service_513,service_598
service_530,service_598
service_547,service_598
service_564,service_598
service_581,service_598
service_514,service_599
service_531,service_599
service_548,service_599
service_565,service_599
service_582,service_599
service_515,service_600
service_532,service_600
service_549,service_600
service_566,service_600
service_583,service_600
service_516,service_601
service_533,service_601
service_550,service_601
service_567,service_601
service_584,service_601
service_517,service_602
service_534,service_602
service_551,service_602
service_568,service_602
service_585,service_602
service_518,service_603
service_535,service_603
service_552,service_603
service_569,service_603
service_586,service_603
service_519,service_604
service_536,service_604
service_553,service_604
service_570,service_604
service_587,service_604
service_520,service_605
service_537,service_605
service_554,service_605
service_571,service_605
service_588,service_605
service_521,service_606
service_538,service_606
service_555,service_606
service_572,service_606
service_589,service_606
service_522,service_607
service_539,service_607
service_556,service_607
service_573,service_607
service_590,service_607
service_523,service_608
service_540,service_608
service_557,service_608
service_574,service_608
service_591,service_608
service_524,service_609
service_541,service_609
service_558,service_609
service_575,service_609
service_592,service_609
service_525,service_610
service_542,service_610
service_559,service_610
service_576,service_610
service_593,service_610
service_526,service_611
service_543,service_611
service_560,service_611
service_577,service_611
service_594,service_611
service_527,service_612
service_544,service_612
service_561,service_612
service_578,service_612
service_595,service_612
service_528,service_613
service_545,service_613
service_562,service_613
service_579,service_613
service_596,service_613
service_529,service_614
service_546,service_614
service_563,service_614
service_580,service_614
service_597,service_614
service_530,service_615
service_547,service_615
service_564,service_615
service_581,service_615
service_598,service_615
service_531,service_616
service_548,service_616
service_565,service_616
service_582,service_616
service_599,service_616
service_532,service_617
service_549,service_617
service_566,service_617
service_583,service_617
service_600,service_617
service_533,service_618
service_550,service_618
service_567,service_618
service_584,service_618
service_601,service_618
service_534,service_619
service_551,service_619
service_568,service_619
service_585,service_619
service_602,service_619
service_535,service_620
service_552,service_620
service_569,service_620
service_586,service_620
service_603,service_620
service_536,service_621
service_553,service_621
service_570,service_621
service_587,service_621
service_604,service_621
service_537,service_622
service_554,service_622
service_571,service_622
service_588,service_622
service_605,service_622
service_538,service_623
service_555,service_623
service_572,service_623
service_589,service_623
service_606,service_623
service_539,service_624
service_556,service_624
service_573,service_624
service_590,service_624
service_607,service_624
service_540,service_625
service_557,service_625
service_574,service_625
service_591,service_625
service_608,service_625
service_541,service_626
service_558,service_626
service_575,service_626
service_592,service_626
service_609,service_626
service_542,service_627
service_559,service_627
service_576,service_627
service_593,service_627
service_610,service_627
service_543,service_628
service_560,service_628
service_577,service_628
service_594,service_628
service_611,service_628
service_544,service_629
service_561,service_629
service_578,service_629
service_595,service_629
service_612,service_629
service_545,service_630
service_562,service_630
service_579,service_630
service_596,service_630
service_613,service_630
service_546,service_631
service_563,service_631
service_580,service_631
service_597,service_631
service_614,service_631
service_547,service_632
service_564,service_632
service_581,service_632
service_598,service_632
service_615,service_632
service_548,service_633
service_565,service_633
service_582,service_633
service_599,service_633
service_616,service_633
service_549,service_634
service_566,service_634
service_583,service_634
service_600,service_634
service_617,service_634
service_550,service_635
service_567,service_635
service_584,service_635
service_601,service_635
service_618,service_635
service_551,service_636
service_568,service_636
service_585,service_636
service_602,service_636
service_619,service_636
service_552,service_637
service_569,service_637
service_586,service_637
service_603,service_637
service_620,service_637
service_553,service_638
service_570,service_638
service_587,service_638
service_604,service_638
service_621,service_638
service_554,service_639
service_571,service_639
service_588,service_639
service_605,service_639
service_622,service_639
service_555,service_640
service_572,service_640
service_589,service_640
service_606,service_640
service_623,service_640
service_556,service_641
service_573,service_641
service_590,service_641
service_607,service_641
service_624,service_641
service_557,service_642
service_574,service_642
service_591,service_642
service_608,service_642
service_625,service_642
service_558,service_643
service_575,service_643
service_592,service_643
service_609,service_643
service_626,service_643
service_559,service_644
service_576,service_644
service_593,service_644
service_610,service_644
service_627,service_644
service_560,service_645
service_577,service_645
service_594,service_645
service_611,service_645
service_628,service_645
service_561,service_646
service_578,service_646
service_595,service_646
service_612,service_646
service_629,service_646
service_562,service_647
service_579,service_647
service_596,service_647
service_613,service_647
service_630,service_647
service_563,service_648
service_580,service_648
service_597,service_648
service_614,service_648
service_631,service_648
service_564,service_649
service_581,service_649
service_598,service_649
service_615,service_649
service_632,service_649
service_565,service_650
service_582,service_650
service_599,service_650
service_616,service_650
service_633,service_650
service_566,service_651
service_583,service_651
service_600,service_651
service_617,service_651
service_634,service_651
service_567,service_652
service_584,service_652
service_601,service_652
service_618,service_652
service_635,service_652
service_568,service_653
service_585,service_653
service_602,service_653
service_619,service_653
service_636,service_653
service_569,service_654
service_586,service_654
service_603,service_654
service_620,service_654
service_637,service_654
service_570,service_655
service_587,service_655
service_604,service_655
service_621,service_655
service_638,service_655
service_571,service_656
service_588,service_656
service_605,service_656
service_622,service_656
service_639,service_656
service_572,service_657
service_589,service_657
service_606,service_657
service_623,service_657
service_640,service_657
service_573,service_658
service_590,service_658
service_607,service_658
service_624,service_658
service_641,service_658
service_574,service_659
service_591,service_659
service_608,service_659
service_625,service_659
service_642,service_659
service_575,service_660
service_592,service_660
service_609,service_660
service_626,service_660
service_643,service_660
service_576,service_661
service_593,service_661
service_610,service_661
service_627,service_661
service_644,service_661
service_577,service_662
service_594,service_662
service_611,service_662
service_628,service_662
service_645,service_662
service_578,service_663
service_595,service_663
service_612,service_663
service_629,service_663
service_646,service_663
service_579,service_664
service_596,service_664
service_613,service_664
service_630,service_664
service_647,service_664
service_580,service_665
service_597,service_665
service_614,service_665
service_631,service_665
service_648,service_665
service_581,service_666
service_598,service_666
service_615,service_666
service_632,service_666
service_649,service_666
service_582,service_667
service_599,service_667
service_616,service_667
service_633,service_667
service_650,service_667
service_583,service_668
service_600,service_668
service_617,service_668
service_634,service_668
service_651,service_668
service_584,service_669
service_601,service_669
service_618,service_669
service_635,service_669
service_652,service_669
service_585,service_670
service_602,service_670
service_619,service_670
service_636,service_670
service_653,service_670
service_586,service_671
service_603,service_671
service_620,service_671
service_637,service_671
service_654,service_671
service_587,service_672
service_604,service_672
service_621,service_672
service_638,service_672
service_655,service_672
service_588,service_673
service_605,service_673
service_622,service_673
service_639,service_673
service_656,service_673
service_589,service_674
service_606,service_674
service_623,service_674
service_640,service_674
service_657,service_674
service_590,service_675
service_607,service_675
service_624,service_675
service_641,service_675
service_658,service_675
service_591,service_676
service_608,service_676
service_625,service_676
service_642,service_676
service_659,service_676
service_592,service_677
service_609,service_677
service_626,service_677
service_643,service_677
service_660,service_677
service_593,service_678
service_610,service_678
service_627,service_678
service_644,service_678
service_661,service_678
service_594,service_679
service_611,service_679
service_628,service_679
service_645,service_679
service_662,service_679
service_595,service_680
service_612,service_680
service_629,service_680
service_646,service_680
service_663,service_680
service_596,service_681
service_613,service_681
service_630,service_681
service_647,service_681
service_664,service_681
service_597,service_682
service_614,service_682
service_631,service_682
service_648,service_682
service_665,service_682
service_598,service_683
service_615,service_683
service_632,service_683
service_649,service_683
service_666,service_683
service_599,service_684
service_616,service_684
service_633,service_684
service_650,service_684
service_667,service_684
service_600,service_685
service_617,service_685
service_634,service_685
service_651,service_685
service_668,service_685
service_601,service_686
service_618,service_686
service_635,service_686
service_652,service_686
service_669,service_686
service_602,service_687
service_619,service_687
service_636,service_687
service_653,service_687
service_670,service_687
service_603,service_688
service_620,service_688
service_637,service_688
service_654,service_688
service_671,service_688
service_604,service_689
service_621,service_689
service_638,service_689
service_655,service_689
service_672,service_689
service_605,service_690
service_622,service_690
service_639,service_690
service_656,service_690
service_673,service_690
service_606,service_691
service_623,service_691
service_640,service_691
service_657,service_691
service_674,service_691
service_607,service_692
service_624,service_692
service_641,service_692
service_658,service_692
service_675,service_692
service_608,service_693
service_625,service_693
service_642,service_693
service_659,service_693
service_676,service_693
service_609,service_694
service_626,service_694
service_643,service_694
service_660,service_694
service_677,service_694
service_610,service_695
service_627,service_695
service_644,service_695
service_661,service_695
service_678,service_695
service_611,service_696
service_628,service_696
service_645,service_696
service_662,service_696
service_679,service_696
service_612,service_697
service_629,service_697
service_646,service_697
service_663,service_697
service_680,service_697
service_613,service_698
service_630,service_698
service_647,service_698
service_664,service_698
service_681,service_698
service_614,service_699
service_631,service_699
service_648,service_699
service_665,service_699
service_682,service_699
service_615,service_700
service_632,service_700
service_649,service_700
service_666,service_700
service_683,service_700
service_616,service_701
service_633,service_701
service_650,service_701
service_667,service_701
service_684,service_701
service_617,service_702
service_634,service_702
service_651,service_702
service_668,service_702
service_685,service_702
service_618,service_703
service_635,service_703
service_652,service_703
service_669,service_703
service_686,service_703
service_619,service_704
service_636,service_704
service_653,service_704
service_670,service_704
service_687,service_704
service_620,service_705
service_637,service_705
service_654,service_705
service_671,service_705
service_688,service_705
service_621,service_706
service_638,service_706
service_655,service_706
service_672,service_706
service_689,service_706
service_622,service_707
service_639,service_707
service_656,service_707
service_673,service_707
service_690,service_707
service_623,service_708
service_640,service_708
service_657,service_708
service_674,service_708
service_691,service_708
service_624,service_709
service_641,service_709
service_658,service_709
service_675,service_709
service_692,service_709
service_625,service_710
service_642,service_710
service_659,service_710
service_676,service_710
service_693,service_710
service_626,service_711
service_643,service_711
service_660,service_711
service_677,service_711
service_694,service_711
service_627,service_712
service_644,service_712
service_661,service_712
service_678,service_712
service_695,service_712
service_628,service_713
service_645,service_713
service_662,service_713
service_679,service_713
service_696,service_713
service_629,service_714
service_646,service_714
service_663,service_714
service_680,service_714
service_697,service_714
service_630,service_715
service_647,service_715
service_664,service_715
service_681,service_715
service_698,service_715
service_631,service_716
service_648,service_716
service_665,service_716
service_682,service_716
service_699,service_716
service_632,service_717
service_649,service_717
service_666,service_717
service_683,service_717
service_700,service_717
service_633,service_718
service_650,service_718
service_667,service_718
service_684,service_718
service_701,service_718
service_634,service_719
service_651,service_719
service_668,service_719
service_685,service_719
service_702,service_719
service_635,service_720
service_652,service_720
service_669,service_720
service_686,service_720
service_703,service_720
service_636,service_721
service_653,service_721
service_670,service_721
service_687,service_721
service_704,service_721
service_637,service_722
service_654,service_722
service_671,service_722
service_688,service_722
service_705,service_722
service_638,service_723
service_655,service_723
service_672,service_723
service_689,service_723
service_706,service_723
service_639,service_724
service_656,service_724
service_673,service_724
service_690,service_724
service_707,service_724
service_640,service_725
service_657,service_725
service_674,service_725
service_691,service_725
service_708,service_725
service_641,service_726
service_658,service_726
service_675,service_726
service_692,service_726
service_709,service_726
service_642,service_727
service_659,service_727
service_676,service_727
service_693,service_727
service_710,service_727
service_643,service_728
service_660,service_728
service_677,service_728
service_694,service_728
service_711,service_728
service_644,service_729
service_661,service_729
service_678,service_729
service_695,service_729
service_712,service_729
service_645,service_730
service_662,service_730
service_679,service_730
service_696,service_730
service_713,service_730
service_646,service_731
service_663,service_731
service_680,service_731
service_697,service_731
service_714,service_731
service_647,service_732
service_664,service_732
service_681,service_732
service_698,service_732
service_715,service_732
service_648,service_733
service_665,service_733
service_682,service_733
service_699,service_733
service_716,service_733
service_649,service_734
service_666,service_734
service_683,service_734
service_700,service_734
service_717,service_734
service_650,service_735
service_667,service_735
service_684,service_735
service_701,service_735
service_718,service_735
service_651,service_736
service_668,service_736
service_685,service_736
service_702,service_736
service_719,service_736
service_652,service_737
service_669,service_737
service_686,service_737
service_703,service_737
service_720,service_737
service_653,service_738
service_670,service_738
service_687,service_738
service_704,service_738
service_721,service_738
service_654,service_739
service_671,service_739
service_688,service_739
service_705,service_739
service_722,service_739
service_655,service_740
service_672,service_740
service_689,service_740
service_706,service_740
service_723,service_740
service_656,service_741
service_673,service_741
service_690,service_741
service_707,service_741
service_724,service_741
service_657,service_742
service_674,service_742
service_691,service_742
service_708,service_742
service_725,service_742
service_658,service_743
service_675,service_743
service_692,service_743
service_709,service_743
service_726,service_743
service_659,service_744
service_676,service_744
service_693,service_744
service_710,service_744
service_727,service_744
service_660,service_745
service_677,service_745
service_694,service_745
service_711,service_745
service_728,service_745
service_661,service_746
service_678,service_746
service_695,service_746
service_712,service_746
service_729,service_746
service_662,service_747
service_679,service_747
service_696,service_747
service_713,service_747
service_730,service_747
service_663,service_748
service_680,service_748
service_697,service_748
service_714,service_748
service_731,service_748
service_664,service_749
service_681,service_749
service_698,service_749
service_715,service_749
service_732,service_749
service_665,service_750
service_682,service_750
service_699,service_750
service_716,service_750
service_733,service_750
service_666,service_751
service_683,service_751
service_700,service_751
service_717,service_751
service_734,service_751
service_667,service_752
service_684,service_752
service_701,service_752
service_718,service_752
service_735,service_752
service_668,service_753
service_685,service_753
service_702,service_753
service_719,service_753
service_736,service_753
service_669,service_754
service_686,service_754
service_703,service_754
service_720,service_754
service_737,service_754
service_670,service_755
service_687,service_755
service_704,service_755
service_721,service_755
service_738,service_755
service_671,service_756
service_688,service_756
service_705,service_756
service_722,service_756
service_739,service_756
service_672,service_757
service_689,service_757
service_706,service_757
service_723,service_757
service_740,service_757
service_673,service_758
service_690,service_758
service_707,service_758
service_724,service_758
service_741,service_758
service_674,service_759
service_691,service_759
service_708,service_759
service_725,service_759
service_742,service_759
service_675,service_760
service_692,service_760
service_709,service_760
service_726,service_760
service_743,service_760
service_676,service_761
service_693,service_761
service_710,service_761
service_727,service_761
service_744,service_761
service_677,service_762
service_694,service_762
service_711,service_762
service_728,service_762
service_745,service_762
service_678,service_763
service_695,service_763
service_712,service_763
service_729,service_763
service_746,service_763
service_679,service_764
service_696,service_764
service_713,service_764
service_730,service_764
service_747,service_764
service_680,service_765
service_697,service_765
service_714,service_765
service_731,service_765
service_748,service_765
service_681,service_766
service_698,service_766
service_715,service_766
service_732,service_766
service_749,service_766
service_682,service_767
service_699,service_767
service_716,service_767
service_733,service_767
service_750,service_767
service_683,service_768
service_700,service_768
service_717,service_768
service_734,service_768
service_751,service_768
service_684,service_769
service_701,service_769
service_718,service_769
service_735,service_769
service_752,service_769
service_685,service_770
service_702,service_770
service_719,service_770
service_736,service_770
service_753,service_770
service_686,service_771
service_703,service_771
service_720,service_771
service_737,service_771
service_754,service_771
service_687,service_772
service_704,service_772
service_721,service_772
service_738,service_772
service_755,service_772
service_688,service_773
service_705,service_773
service_722,service_773
service_739,service_773
service_756,service_773
service_689,service_774
service_706,service_774
service_723,service_774
service_740,service_774
service_757,service_774
service_690,service_775
service_707,service_775
service_724,service_775
service_741,service_775
service_758,service_775
service_691,service_776
service_708,service_776
service_725,service_776
service_742,service_776
service_759,service_776
service_692,service_777
service_709,service_777
service_726,service_777
service_743,service_777
service_760,service_777
service_693,service_778
service_710,service_778
service_727,service_778
service_744,service_778
service_761,service_778
service_694,service_779
service_711,service_779
service_728,service_779
service_745,service_779
service_762,service_779
service_695,service_780
service_712,service_780
service_729,service_780
service_746,service_780
service_763,service_780
service_696,service_781
service_713,service_781
service_730,service_781
service_747,service_781
service_764,service_781
service_697,service_782
service_714,service_782
service_731,service_782
service_748,service_782
service_765,service_782
service_698,service_783
service_715,service_783
service_732,service_783
service_749,service_783
service_766,service_783
service_699,service_784
service_716,service_784
service_733,service_784
service_750,service_784
service_767,service_784
service_700,service_785
service_717,service_785
service_734,service_785
service_751,service_785
service_768,service_785
service_701,service_786
service_718,service_786
service_735,service_786
service_752,service_786
service_769,service_786
service_702,service_787
service_719,service_787
service_736,service_787
service_753,service_787
service_770,service_787
service_703,service_788
service_720,service_788
service_737,service_788
service_754,service_788
service_771,service_788
service_704,service_789
service_721,service_789
service_738,service_789
service_755,service_789
service_772,service_789
service_705,service_790
service_722,service_790
service_739,service_790
service_756,service_790
service_773,service_790
service_706,service_791
service_723,service_791
service_740,service_791
service_757,service_791
service_774,service_791
service_707,service_792
service_724,service_792
service_741,service_792
service_758,service_792
service_775,service_792
service_708,service_793
service_725,service_793
service_742,service_793
service_759,service_793
service_776,service_793
service_709,service_794
service_726,service_794
service_743,service_794
service_760,service_794
service_777,service_794
service_710,service_795
service_727,service_795
service_744,service_795
service_761,service_795
service_778,service_795
service_711,service_796
service_728,service_796
service_745,service_796
service_762,service_796
service_779,service_796
service_712,service_797
service_729,service_797
service_746,service_797
service_763,service_797
service_780,service_797
service_713,service_798
service_730,service_798
service_747,service_798
service_764,service_798
service_781,service_798
service_714,service_799
service_731,service_799
service_748,service_799
service_765,service_799
service_782,service_799
service_715,service_800
service_732,service_800
service_749,service_800
service_766,service_800
service_783,service_800
service_716,service_801
service_733,service_801
service_750,service_801
service_767,service_801
service_784,service_801
service_717,service_802
service_734,service_802
service_751,service_802
service_768,service_802
service_785,service_802
service_718,service_803
service_735,service_803
service_752,service_803
service_769,service_803
service_786,service_803
service_719,service_804
service_736,service_804
service_753,service_804
service_770,service_804
service_787,service_804
service_720,service_805
service_737,service_805
service_754,service_805
service_771,service_805
service_788,service_805
service_721,service_806
service_738,service_806
service_755,service_806
service_772,service_806
service_789,service_806
service_722,service_807
service_739,service_807
service_756,service_807
service_773,service_807
service_790,service_807
service_723,service_808
service_740,service_808
service_757,service_808
service_774,service_808
service_791,service_808
service_724,service_809
service_741,service_809
service_758,service_809
service_775,service_809
service_792,service_809
service_725,service_810
service_742,service_810
service_759,service_810
service_776,service_810
service_793,service_810
service_726,service_811
service_743,service_811
service_760,service_811
service_777,service_811
service_794,service_811
service_727,service_812
service_744,service_812
service_761,service_812
service_778,service_812
service_795,service_812
service_728,service_813
service_745,service_813
service_762,service_813
service_779,service_813
service_796,service_813
service_729,service_814
service_746,service_814
service_763,service_814
service_780,service_814
service_797,service_814
service_730,service_815
service_747,service_815
service_764,service_815
service_781,service_815
service_798,service_815
service_731,service_816
service_748,service_816
service_765,service_816
service_782,service_816
service_799,service_816
service_732,service_817
service_749,service_817
service_766,service_817
service_783,service_817
service_800,service_817
service_733,service_818
service_750,service_818
service_767,service_818
service_784,service_818
service_801,service_818
service_734,service_819
service_751,service_819
service_768,service_819
service_785,service_819
service_802,service_819
service_735,service_820
service_752,service_820
service_769,service_820
service_786,service_820
service_803,service_820
service_736,service_821
service_753,service_821
service_770,service_821
service_787,service_821
service_804,service_821
service_737,service_822
service_754,service_822
service_771,service_822
service_788,service_822
service_805,service_822
service_738,service_823
service_755,service_823
service_772,service_823
service_789,service_823
service_806,service_823
service_739,service_824
service_756,service_824
service_773,service_824
service_790,service_824
service_807,service_824
service_740,service_825
service_757,service_825
service_774,service_825
service_791,service_825
service_808,service_825
service_741,service_826
service_758,service_826
service_775,service_826
service_792,service_826
service_809,service_826
service_742,service_827
service_759,service_827
service_776,service_827
service_793,service_827
service_810,service_827
service_743,service_828
service_760,service_828
service_777,service_828
service_794,service_828
service_811,service_828
service_744,service_829
service_761,service_829
service_778,service_829
service_795,service_829
service_812,service_829
service_745,service_830
service_762,service_830
service_779,service_830
service_796,service_830
service_813,service_830
service_746,service_831
service_763,service_831
service_780,service_831
service_797,service_831
service_814,service_831
service_747,service_832
service_764,service_832
service_781,service_832
service_798,service_832
service_815,service_832
service_748,service_833
service_765,service_833
service_782,service_833
service_799,service_833
service_816,service_833
service_749,service_834
service_766,service_834
service_783,service_834
service_800,service_834
service_817,service_834
service_750,service_835
service_767,service_835
service_784,service_835
service_801,service_835
service_818,service_835
service_751,service_836
service_768,service_836
service_785,service_836
service_802,service_836
service_819,service_836
service_752,service_837
service_769,service_837
service_786,service_837
service_803,service_837
service_820,service_837
service_753,service_838
service_770,service_838
service_787,service_838
service_804,service_838
service_821,service_838
service_754,service_839
service_771,service_839
service_788,service_839
service_805,service_839
service_822,service_839
service_755,service_840
service_772,service_840
service_789,service_840
service_806,service_840
service_823,service_840
service_756,service_841
service_773,service_841
service_790,service_841
service_807,service_841
service_824,service_841
service_757,service_842
service_774,service_842
service_791,service_842
service_808,service_842
service_825,service_842
service_758,service_843
service_775,service_843
service_792,service_843
service_809,service_843
service_826,service_843
service_759,service_844
service_776,service_844
service_793,service_844
service_810,service_844
service_827,service_844
service_760,service_845
service_777,service_845
service_794,service_845
service_811,service_845
service_828,service_845
service_761,service_846
service_778,service_846
service_795,service_846
service_812,service_846
service_829,service_846
service_762,service_847
service_779,service_847
service_796,service_847
service_813,service_847
service_830,service_847
service_763,service_848
service_780,service_848
service_797,service_848
service_814,service_848
service_831,service_848
service_764,service_849
service_781,service_849
service_798,service_849
service_815,service_849
service_832,service_849
service_765,service_850
service_782,service_850
service_799,service_850
service_816,service_850
service_833,service_850
service_766,service_851
service_783,service_851
service_800,service_851
service_817,service_851
service_834,service_851
service_767,service_852
service_784,service_852
service_801,service_852
service_818,service_852
service_835,service_852
service_768,service_853
service_785,service_853
service_802,service_853
service_819,service_853
service_836,service_853
service_769,service_854
service_786,service_854
service_803,service_854
service_820,service_854
service_837,service_854
service_770,service_855
service_787,service_855
service_804,service_855
service_821,service_855
service_838,service_855
service_771,service_856
service_788,service_856
service_805,service_856
service_822,service_856
service_839,service_856
service_772,service_857
service_789,service_857
service_806,service_857
service_823,service_857
service_840,service_857
service_773,service_858
service_790,service_858
service_807,service_858
service_824,service_858
service_841,service_858
service_774,service_859
service_791,service_859
service_808,service_859
service_825,service_859
service_842,service_859
service_775,service_860
service_792,service_860
service_809,service_860
service_826,service_860
service_843,service_860
service_776,service_861
service_793,service_861
service_810,service_861
service_827,service_861
service_844,service_861
service_777,service_862
service_794,service_862
service_811,service_862
service_828,service_862
service_845,service_862
service_778,service_863
service_795,service_863
service_812,service_863
service_829,service_863
service_846,service_863
service_779,service_864
service_796,service_864
service_813,service_864
service_830,service_864
service_847,service_864
service_780,service_865
service_797,service_865
service_814,service_865
service_831,service_865
service_848,service_865
service_781,service_866
service_798,service_866
service_815,service_866
service_832,service_866
service_849,service_866
service_782,service_867
service_799,service_867
service_816,service_867
service_833,service_867
service_850,service_867
service_783,service_868
service_800,service_868
service_817,service_868
service_834,service_868
service_851,service_868
service_784,service_869
service_801,service_869
service_818,service_869
service_835,service_869
service_852,service_869
service_785,service_870
service_802,service_870
service_819,service_870
service_836,service_870
service_853,service_870
service_786,service_871
service_803,service_871
service_820,service_871
service_837,service_871
service_854,service_871
service_787,service_872
service_804,service_872
service_821,service_872
service_838,service_872
service_855,service_872
service_788,service_873
service_805,service_873
service_822,service_873
service_839,service_873
service_856,service_873
service_789,service_874
service_806,service_874
service_823,service_874
service_840,service_874
service_857,service_874
service_790,service_875
service_807,service_875
service_824,service_875
service_841,service_875
service_858,service_875
service_791,service_876
service_808,service_876
service_825,service_876
service_842,service_876
service_859,service_876
service_792,service_877
service_809,service_877
service_826,service_877
service_843,service_877
service_860,service_877
service_793,service_878
service_810,service_878
service_827,service_878
service_844,service_878
service_861,service_878
service_794,service_879
service_811,service_879
service_828,service_879
service_845,service_879
service_862,service_879
service_795,service_880
service_812,service_880
service_829,service_880
service_846,service_880
service_863,service_880
service_796,service_881
service_813,service_881
service_830,service_881
service_847,service_881
service_864,service_881
service_797,service_882
service_814,service_882
service_831,service_882
service_848,service_882
service_865,service_882
service_798,service_883
service_815,service_883
service_832,service_883
service_849,service_883
service_866,service_883
service_799,service_884
service_816,service_884
service_833,service_884
service_850,service_884
service_867,service_884
service_800,service_885
service_817,service_885
service_834,service_885
service_851,service_885
service_868,service_885
service_801,service_886
service_818,service_886
service_835,service_886
service_852,service_886
service_869,service_886
service_802,service_887
service_819,service_887
service_836,service_887
service_853,service_887
service_870,service_887
service_803,service_888
service_820,service_888
service_837,service_888
service_854,service_888
service_871,service_888
service_804,service_889
service_821,service_889
service_838,service_889
service_855,service_889
service_872,service_889
service_805,service_890
service_822,service_890
service_839,service_890
service_856,service_890
service_873,service_890
service_806,service_891
service_823,service_891
service_840,service_891
service_857,service_891
service_874,service_891
service_807,service_892
service_824,service_892
service_841,service_892
service_858,service_892
service_875,service_892
service_808,service_893
service_825,service_893
service_842,service_893
service_859,service_893
service_876,service_893
service_809,service_894
service_826,service_894
service_843,service_894
service_860,service_894
service_877,service_894
service_810,service_895
service_827,service_895
service_844,service_895
service_861,service_895
service_878,service_895
service_811,service_896
service_828,service_896
service_845,service_896
service_862,service_896
service_879,service_896
service_812,service_897
service_829,service_897
service_846,service_897
service_863,service_897
service_880,service_897
service_813,service_898
service_830,service_898
service_847,service_898
service_864,service_898
service_881,service_898
service_814,service_899
service_831,service_899
service_848,service_899
service_865,service_899
service_882,service_899
service_815,service_900
service_832,service_900
service_849,service_900
service_866,service_900
service_883,service_900
service_816,service_901
service_833,service_901
service_850,service_901
service_867,service_901
service_884,service_901
service_817,service_902
service_834,service_902
service_851,service_902
service_868,service_902
service_885,service_902
service_818,service_903
service_835,service_903
service_852,service_903
service_869,service_903
service_886,service_903
service_819,service_904
service_836,service_904
service_853,service_904
service_870,service_904
service_887,service_904
service_820,service_905
service_837,service_905
service_854,service_905
service_871,service_905
service_888,service_905
service_821,service_906
service_838,service_906
service_855,service_906
service_872,service_906
service_889,service_906
service_822,service_907
service_839,service_907
service_856,service_907
service_873,service_907
service_890,service_907
service_823,service_908
service_840,service_908
service_857,service_908
service_874,service_908
service_891,service_908
service_824,service_909
service_841,service_909
service_858,service_909
service_875,service_909
service_892,service_909
service_825,service_910
service_842,service_910
service_859,service_910
service_876,service_910
service_893,service_910
service_826,service_911
service_843,service_911
service_860,service_911
service_877,service_911
service_894,service_911
service_827,service_912
service_844,service_912
service_861,service_912
service_878,service_912
service_895,service_912
service_828,service_913
service_845,service_913
service_862,service_913
service_879,service_913
service_896,service_913
service_829,service_914
service_846,service_914
service_863,service_914
service_880,service_914
service_897,service_914
service_830,service_915
service_847,service_915
service_864,service_915
service_881,service_915
service_898,service_915
service_831,service_916
service_848,service_916
service_865,service_916
service_882,service_916
service_899,service_916
service_832,service_917
service_849,service_917
service_866,service_917
service_883,service_917
service_900,service_917
service_833,service_918
service_850,service_918
service_867,service_918
service_884,service_918
service_901,service_918
service_834,service_919
service_851,service_919
service_868,service_919
service_885,service_919
service_902,service_919
service_835,service_920
service_852,service_920
service_869,service_920
service_886,service_920
service_903,service_920
service_836,service_921
service_853,service_921
service_870,service_921
service_887,service_921
service_904,service_921
service_837,service_922
service_854,service_922
service_871,service_922
service_888,service_922
service_905,service_922
service_838,service_923
service_855,service_923
service_872,service_923
service_889,service_923
service_906,service_923
service_839,service_924
service_856,service_924
service_873,service_924
service_890,service_924
service_907,service_924
service_840,service_925
service_857,service_925
service_874,service_925
service_891,service_925
service_908,service_925
service_841,service_926
service_858,service_926
service_875,service_926
service_892,service_926
service_909,service_926
service_842,service_927
service_859,service_927
service_876,service_927
service_893,service_927
service_910,service_927
service_843,service_928
service_860,service_928
service_877,service_928
service_894,service_928
service_911,service_928
service_844,service_929
service_861,service_929
service_878,service_929
service_895,service_929
service_912,service_929
service_845,service_930
service_862,service_930
service_879,service_930
service_896,service_930
service_913,service_930
service_846,service_931
service_863,service_931
service_880,service_931
service_897,service_931
service_914,service_931
service_847,service_932
service_864,service_932
service_881,service_932
service_898,service_932
service_915,service_932
service_848,service_933
service_865,service_933
service_882,service_933
service_899,service_933
service_916,service_933
service_849,service_934
service_866,service_934
service_883,service_934
service_900,service_934
service_917,service_934
service_850,service_935
service_867,service_935
service_884,service_935
service_901,service_935
service_918,service_935
service_851,service_936
service_868,service_936
service_885,service_936
service_902,service_936
service_919,service_936
service_852,service_937
service_869,service_937
service_886,service_937
service_903,service_937
service_920,service_937
service_853,service_938
service_870,service_938
service_887,service_938
service_904,service_938
service_921,service_938
service_854,service_939
service_871,service_939
service_888,service_939
service_905,service_939
service_922,service_939
service_855,service_940
service_872,service_940
service_889,service_940
service_906,service_940
service_923,service_940
service_856,service_941
service_873,service_941
service_890,service_941
service_907,service_941
service_924,service_941
service_857,service_942
service_874,service_942
service_891,service_942
service_908,service_942
service_925,service_942
service_858,service_943
service_875,service_943
service_892,service_943
service_909,service_943
service_926,service_943
service_859,service_944
service_876,service_944
service_893,service_944
service_910,service_944
service_927,service_944
service_860,service_945
service_877,service_945
service_894,service_945
service_911,service_945
service_928,service_945
service_861,service_946
service_878,service_946
service_895,service_946
service_912,service_946
service_929,service_946
service_862,service_947
service_879,service_947
service_896,service_947
service_913,service_947
service_930,service_947
service_863,service_948
service_880,service_948
service_897,service_948
service_914,service_948
service_931,service_948
service_864,service_949
service_881,service_949
service_898,service_949
service_915,service_949
service_932,service_949
service_865,service_950
service_882,service_950
service_899,service_950
service_916,service_950
service_933,service_950
service_866,service_951
service_883,service_951
service_900,service_951
service_917,service_951
service_934,service_951
service_867,service_952
service_884,service_952
service_901,service_952
service_918,service_952
service_935,service_952
service_868,service_953
service_885,service_953
service_902,service_953
service_919,service_953
service_936,service_953
service_869,service_954
service_886,service_954
service_903,service_954
service_920,service_954
service_937,service_954
service_870,service_955
service_887,service_955
service_904,service_955
service_921,service_955
service_938,service_955
service_871,service_956
service_888,service_956
service_905,service_956
service_922,service_956
service_939,service_956
service_872,service_957
service_889,service_957
service_906,service_957
service_923,service_957
service_940,service_957
service_873,service_958
service_890,service_958
service_907,service_958
service_924,service_958
service_941,service_958
service_874,service_959
service_891,service_959
service_908,service_959
service_925,service_959
service_942,service_959
service_875,service_960
service_892,service_960
service_909,service_960
service_926,service_960
service_943,service_960
service_876,service_961
service_893,service_961
service_910,service_961
service_927,service_961
service_944,service_961
service_877,service_962
service_894,service_962
service_911,service_962
service_928,service_962
service_945,service_962
service_878,service_963
service_895,service_963
service_912,service_963
service_929,service_963
service_946,service_963
service_879,service_964
service_896,service_964
service_913,service_964
service_930,service_964
service_947,service_964
service_880,service_965
service_897,service_965
service_914,service_965
service_931,service_965
service_948,service_965
service_881,service_966
service_898,service_966
service_915,service_966
service_932,service_966
service_949,service_966
service_882,service_967
service_899,service_967
service_916,service_967
service_933,service_967
service_950,service_967
service_883,service_968
service_900,service_968
service_917,service_968
service_934,service_968
service_951,service_968
service_884,service_969
service_901,service_969
service_918,service_969
service_935,service_969
service_952,service_969
service_885,service_970
service_902,service_970
service_919,service_970
service_936,service_970
service_953,service_970
service_886,service_971
service_903,service_971
service_920,service_971
service_937,service_971
service_954,service_971
service_887,service_972
service_904,service_972
service_921,service_972
service_938,service_972
service_955,service_972
service_888,service_973
service_905,service_973
service_922,service_973
service_939,service_973
service_956,service_973
service_889,service_974
service_906,service_974
service_923,service_974
service_940,service_974
service_957,service_974
service_890,service_975
service_907,service_975
service_924,service_975
service_941,service_975
service_958,service_975
service_891,service_976
service_908,service_976
service_925,service_976
service_942,service_976
service_959,service_976
service_892,service_977
service_909,service_977
service_926,service_977
service_943,service_977
service_960,service_977
service_893,service_978
service_910,service_978
service_927,service_978
service_944,service_978
service_961,service_978
service_894,service_979
service_911,service_979
service_928,service_979
service_945,service_979
service_962,service_979
service_895,service_980
service_912,service_980
service_929,service_980
service_946,service_980
service_963,service_980
service_896,service_981
service_913,service_981
service_930,service_981
service_947,service_981
service_964,service_981
service_897,service_982
service_914,service_982
service_931,service_982
service_948,service_982
service_965,service_982
service_898,service_983
service_915,service_983
service_932,service_983
service_949,service_983
service_966,service_983
service_899,service_984
service_916,service_984
service_933,service_984
service_950,service_984
service_967,service_984
service_900,service_985
service_917,service_985
service_934,service_985
service_951,service_985
service_968,service_985
service_901,service_986
service_918,service_986
service_935,service_986
service_952,service_986
service_969,service_986
service_902,service_987
service_919,service_987
service_936,service_987
service_953,service_987
service_970,service_987
service_903,service_988
service_920,service_988
service_937,service_988
service_954,service_988
service_971,service_988
service_904,service_989
service_921,service_989
service_938,service_989
service_955,service_989
service_972,service_989
service_905,service_990
service_922,service_990
service_939,service_990
service_956,service_990
service_973,service_990
service_906,service_991
service_923,service_991
service_940,service_991
service_957,service_991
service_974,service_991
service_907,service_992
service_924,service_992
service_941,service_992
service_958,service_992
service_975,service_992
service_908,service_993
service_925,service_993
service_942,service_993
service_959,service_993
service_976,service_993
service_909,service_994
service_926,service_994
service_943,service_994
service_960,service_994
service_977,service_994
service_910,service_995
service_927,service_995
service_944,service_995
service_961,service_995
service_978,service_995
service_911,service_996
service_928,service_996
service_945,service_996
service_962,service_996
service_979,service_996
service_912,service_997
service_929,service_997
service_946,service_997
service_963,service_997
service_980,service_997
service_913,service_998
service_930,service_998
service_947,service_998
service_964,service_998
service_981,service_998
service_914,service_999
service_931,service_999
service_948,service_999
service_965,service_999
service_982,service_999
