from,to
service_0,class_0
service_0,class_1
service_0,class_2
service_0,class_3
service_0,class_4
service_0,class_5
service_0,class_6
service_0,class_7
service_0,class_8
service_0,class_9
service_0,class_10
service_0,class_11
service_0,class_12
service_0,class_13
service_0,class_14
service_0,class_15
service_0,class_16
service_0,class_17
service_0,class_18
service_0,class_19
service_1,class_20
service_1,class_21
service_1,class_22
service_1,class_23
service_1,class_24
service_1,class_25
service_1,class_26
service_1,class_27
service_1,class_28
service_1,class_29
service_1,class_30
service_1,class_31
service_1,class_32
service_1,class_33
service_1,class_34
service_1,class_35
service_1,class_36
service_1,class_37
service_1,class_38
service_1,class_39
service_2,class_40
service_2,class_41
service_2,class_42
service_2,class_43
service_2,class_44
service_2,class_45
service_2,class_46
service_2,class_47
service_2,class_48
service_2,class_49
service_2,class_50
service_2,class_51
service_2,class_52
service_2,class_53
service_2,class_54
service_2,class_55
service_2,class_56
service_2,class_57
service_2,class_58
service_2,class_59
service_3,class_60
service_3,class_61
service_3,class_62
service_3,class_63
service_3,class_64
service_3,class_65
service_3,class_66
service_3,class_67
service_3,class_68
service_3,class_69
service_3,class_70
service_3,class_71
service_3,class_72
service_3,class_73
service_3,class_74
service_3,class_75
service_3,class_76
service_3,class_77
service_3,class_78
service_3,class_79
service_4,class_80
service_4,class_81
service_4,class_82
service_4,class_83
service_4,class_84
service_4,class_85
service_4,class_86
service_4,class_87
service_4,class_88
service_4,class_89
service_4,class_90
service_4,class_91
service_4,class_92
service_4,class_93
service_4,class_94
service_4,class_95
service_4,class_96
service_4,class_97
service_4,class_98
service_4,class_99
service_5,class_100
service_5,class_101
service_5,class_102
service_5,class_103
service_5,class_104
service_5,class_105
service_5,class_106
service_5,class_107
service_5,class_108
service_5,class_109
service_5,class_110
service_5,class_111
service_5,class_112
service_5,class_113
service_5,class_114
service_5,class_115
service_5,class_116
service_5,class_117
service_5,class_118
service_5,class_119
service_6,class_120
service_6,class_121
service_6,class_122
service_6,class_123
service_6,class_124
service_6,class_125
service_6,class_126
service_6,class_127
service_6,class_128
service_6,class_129
service_6,class_130
service_6,class_131
service_6,class_132
service_6,class_133
service_6,class_134
service_6,class_135
service_6,class_136
service_6,class_137
service_6,class_138
service_6,class_139
service_7,class_140
service_7,class_141
service_7,class_142
service_7,class_143
service_7,class_144
service_7,class_145
service_7,class_146
service_7,class_147
service_7,class_148
service_7,class_149
service_7,class_150
service_7,class_151
service_7,class_152
service_7,class_153
service_7,class_154
service_7,class_155
service_7,class_156
service_7,class_157
service_7,class_158
service_7,class_159
service_8,class_160
service_8,class_161
service_8,class_162
service_8,class_163
service_8,class_164
service_8,class_165
service_8,class_166
service_8,class_167
service_8,class_168
service_8,class_169
service_8,class_170
service_8,class_171
service_8,class_172
service_8,class_173
service_8,class_174
service_8,class_175
service_8,class_176
service_8,class_177
service_8,class_178
service_8,class_179
service_9,class_180
service_9,class_181
service_9,class_182
service_9,class_183
service_9,class_184
service_9,class_185
service_9,class_186
service_9,class_187
service_9,class_188
service_9,class_189
service_9,class_190
service_9,class_191
service_9,class_192
service_9,class_193
service_9,class_194
service_9,class_195
service_9,class_196
service_9,class_197
service_9,class_198
service_9,class_199
service_10,class_200
service_10,class_201
service_10,class_202
service_10,class_203
service_10,class_204
service_10,class_205
service_10,class_206
service_10,class_207
service_10,class_208
service_10,class_209
service_10,class_210
service_10,class_211
service_10,class_212
service_10,class_213
service_10,class_214
service_10,class_215
service_10,class_216
service_10,class_217
service_10,class_218
service_10,class_219
service_11,class_220
service_11,class_221
service_11,class_222
service_11,class_223
service_11,class_224
service_11,class_225
service_11,class_226
service_11,class_227
service_11,class_228
service_11,class_229
service_11,class_230
service_11,class_231
service_11,class_232
service_11,class_233
service_11,class_234
service_11,class_235
service_11,class_236
service_11,class_237
service_11,class_238
service_11,class_239
service_12,class_240
service_12,class_241
service_12,class_242
service_12,class_243
service_12,class_244
service_12,class_245
service_12,class_246
service_12,class_247
service_12,class_248
service_12,class_249
service_12,class_250
service_12,class_251
service_12,class_252
service_12,class_253
service_12,class_254
service_12,class_255
service_12,class_256
service_12,class_257
service_12,class_258
service_12,class_259
service_13,class_260
service_13,class_261
service_13,class_262
service_13,class_263
service_13,class_264
service_13,class_265
service_13,class_266
service_13,class_267
service_13,class_268
service_13,class_269
service_13,class_270
service_13,class_271
service_13,class_272
service_13,class_273
service_13,class_274
service_13,class_275
service_13,class_276
service_13,class_277
service_13,class_278
service_13,class_279
service_14,class_280
service_14,class_281
service_14,class_282
service_14,class_283
service_14,class_284
service_14,class_285
service_14,class_286
service_14,class_287
service_14,class_288
service_14,class_289
service_14,class_290
service_14,class_291
service_14,class_292
service_14,class_293
service_14,class_294
service_14,class_295
service_14,class_296
service_14,class_297
service_14,class_298
service_14,class_299
service_15,class_300
service_15,class_301
service_15,class_302
service_15,class_303
service_15,class_304
service_15,class_305
service_15,class_306
service_15,class_307
service_15,class_308
service_15,class_309
service_15,class_310
service_15,class_311
service_15,class_312
service_15,class_313
service_15,class_314
service_15,class_315
service_15,class_316
service_15,class_317
service_15,class_318
service_15,class_319
service_16,class_320
service_16,class_321
service_16,class_322
service_16,class_323
service_16,class_324
service_16,class_325
service_16,class_326
service_16,class_327
service_16,class_328
service_16,class_329
service_16,class_330
service_16,class_331
service_16,class_332
service_16,class_333
service_16,class_334
service_16,class_335
service_16,class_336
service_16,class_337
service_16,class_338
service_16,class_339
service_17,class_340
service_17,class_341
service_17,class_342
service_17,class_343
service_17,class_344
service_17,class_345
service_17,class_346
service_17,class_347
service_17,class_348
service_17,class_349
service_17,class_350
service_17,class_351
service_17,class_352
service_17,class_353
service_17,class_354
service_17,class_355
service_17,class_356
service_17,class_357
service_17,class_358
service_17,class_359
service_18,class_360
service_18,class_361
service_18,class_362
service_18,class_363
service_18,class_364
service_18,class_365
service_18,class_366
service_18,class_367
service_18,class_368
service_18,class_369
service_18,class_370
service_18,class_371
service_18,class_372
service_18,class_373
service_18,class_374
service_18,class_375
service_18,class_376
service_18,class_377
service_18,class_378
service_18,class_379
service_19,class_380
service_19,class_381
service_19,class_382
service_19,class_383
service_19,class_384
service_19,class_385
service_19,class_386
service_19,class_387
service_19,class_388
service_19,class_389
service_19,class_390
service_19,class_391
service_19,class_392
service_19,class_393
service_19,class_394
service_19,class_395
service_19,class_396
service_19,class_397
service_19,class_398
service_19,class_399
service_20,class_400
service_20,class_401
service_20,class_402
service_20,class_403
service_20,class_404
service_20,class_405
service_20,class_406
service_20,class_407
service_20,class_408
service_20,class_409
service_20,class_410
service_20,class_411
service_20,class_412
service_20,class_413
service_20,class_414
service_20,class_415
service_20,class_416
service_20,class_417
service_20,class_418
service_20,class_419
service_21,class_420
service_21,class_421
service_21,class_422
service_21,class_423
service_21,class_424
service_21,class_425
service_21,class_426
service_21,class_427
service_21,class_428
service_21,class_429
service_21,class_430
service_21,class_431
service_21,class_432
service_21,class_433
service_21,class_434
service_21,class_435
service_21,class_436
service_21,class_437
service_21,class_438
service_21,class_439
service_22,class_440
service_22,class_441
service_22,class_442
service_22,class_443
service_22,class_444
service_22,class_445
service_22,class_446
service_22,class_447
service_22,class_448
service_22,class_449
service_22,class_450
service_22,class_451
service_22,class_452
service_22,class_453
service_22,class_454
service_22,class_455
service_22,class_456
service_22,class_457
service_22,class_458
service_22,class_459
service_23,class_460
service_23,class_461
service_23,class_462
service_23,class_463
service_23,class_464
service_23,class_465
service_23,class_466
service_23,class_467
service_23,class_468
service_23,class_469
service_23,class_470
service_23,class_471
service_23,class_472
service_23,class_473
service_23,class_474
service_23,class_475
service_23,class_476
service_23,class_477
service_23,class_478
service_23,class_479
service_24,class_480
service_24,class_481
service_24,class_482
service_24,class_483
service_24,class_484
service_24,class_485
service_24,class_486
service_24,class_487
service_24,class_488
service_24,class_489
service_24,class_490
service_24,class_491
service_24,class_492
service_24,class_493
service_24,class_494
service_24,class_495
service_24,class_496
service_24,class_497
service_24,class_498
service_24,class_499
service_25,class_500
service_25,class_501
service_25,class_502
service_25,class_503
service_25,class_504
service_25,class_505
service_25,class_506
service_25,class_507
service_25,class_508
service_25,class_509
service_25,class_510
service_25,class_511
service_25,class_512
service_25,class_513
service_25,class_514
service_25,class_515
service_25,class_516
service_25,class_517
service_25,class_518
service_25,class_519
service_26,class_520
service_26,class_521
service_26,class_522
service_26,class_523
service_26,class_524
service_26,class_525
service_26,class_526
service_26,class_527
service_26,class_528
service_26,class_529
service_26,class_530
service_26,class_531
service_26,class_532
service_26,class_533
service_26,class_534
service_26,class_535
service_26,class_536
service_26,class_537
service_26,class_538
service_26,class_539
service_27,class_540
service_27,class_541
service_27,class_542
service_27,class_543
service_27,class_544
service_27,class_545
service_27,class_546
service_27,class_547
service_27,class_548
service_27,class_549
service_27,class_550
service_27,class_551
service_27,class_552
service_27,class_553
service_27,class_554
service_27,class_555
service_27,class_556
service_27,class_557
service_27,class_558
service_27,class_559
service_28,class_560
service_28,class_561
service_28,class_562
service_28,class_563
service_28,class_564
service_28,class_565
service_28,class_566
service_28,class_567
service_28,class_568
service_28,class_569
service_28,class_570
service_28,class_571
service_28,class_572
service_28,class_573
service_28,class_574
service_28,class_575
service_28,class_576
service_28,class_577
service_28,class_578
service_28,class_579
service_29,class_580
service_29,class_581
service_29,class_582
service_29,class_583
service_29,class_584
service_29,class_585
service_29,class_586
service_29,class_587
service_29,class_588
service_29,class_589
service_29,class_590
service_29,class_591
service_29,class_592
service_29,class_593
service_29,class_594
service_29,class_595
service_29,class_596
service_29,class_597
service_29,class_598
service_29,class_599
service_30,class_600
service_30,class_601
service_30,class_602
service_30,class_603
service_30,class_604
service_30,class_605
service_30,class_606
service_30,class_607
service_30,class_608
service_30,class_609
service_30,class_610
service_30,class_611
service_30,class_612
service_30,class_613
service_30,class_614
service_30,class_615
service_30,class_616
service_30,class_617
service_30,class_618
service_30,class_619
service_31,class_620
service_31,class_621
service_31,class_622
service_31,class_623
service_31,class_624
service_31,class_625
service_31,class_626
service_31,class_627
service_31,class_628
service_31,class_629
service_31,class_630
service_31,class_631
service_31,class_632
service_31,class_633
service_31,class_634
service_31,class_635
service_31,class_636
service_31,class_637
service_31,class_638
service_31,class_639
service_32,class_640
service_32,class_641
service_32,class_642
service_32,class_643
service_32,class_644
service_32,class_645
service_32,class_646
service_32,class_647
service_32,class_648
service_32,class_649
service_32,class_650
service_32,class_651
service_32,class_652
service_32,class_653
service_32,class_654
service_32,class_655
service_32,class_656
service_32,class_657
service_32,class_658
service_32,class_659
service_33,class_660
service_33,class_661
service_33,class_662
service_33,class_663
service_33,class_664
service_33,class_665
service_33,class_666
service_33,class_667
service_33,class_668
service_33,class_669
service_33,class_670
service_33,class_671
service_33,class_672
service_33,class_673
service_33,class_674
service_33,class_675
service_33,class_676
service_33,class_677
service_33,class_678
service_33,class_679
service_34,class_680
service_34,class_681
service_34,class_682
service_34,class_683
service_34,class_684
service_34,class_685
service_34,class_686
service_34,class_687
service_34,class_688
service_34,class_689
service_34,class_690
service_34,class_691
service_34,class_692
service_34,class_693
service_34,class_694
service_34,class_695
service_34,class_696
service_34,class_697
service_34,class_698
service_34,class_699
service_35,class_700
service_35,class_701
service_35,class_702
service_35,class_703
service_35,class_704
service_35,class_705
service_35,class_706
service_35,class_707
service_35,class_708
service_35,class_709
service_35,class_710
service_35,class_711
service_35,class_712
service_35,class_713
service_35,class_714
service_35,class_715
service_35,class_716
service_35,class_717
service_35,class_718
service_35,class_719
service_36,class_720
service_36,class_721
service_36,class_722
service_36,class_723
service_36,class_724
service_36,class_725
service_36,class_726
service_36,class_727
service_36,class_728
service_36,class_729
service_36,class_730
service_36,class_731
service_36,class_732
service_36,class_733
service_36,class_734
service_36,class_735
service_36,class_736
service_36,class_737
service_36,class_738
service_36,class_739
service_37,class_740
service_37,class_741
service_37,class_742
service_37,class_743
service_37,class_744
service_37,class_745
service_37,class_746
service_37,class_747
service_37,class_748
service_37,class_749
service_37,class_750
service_37,class_751
service_37,class_752
service_37,class_753
service_37,class_754
service_37,class_755
service_37,class_756
service_37,class_757
service_37,class_758
service_37,class_759
service_38,class_760
service_38,class_761
service_38,class_762
service_38,class_763
service_38,class_764
service_38,class_765
service_38,class_766
service_38,class_767
service_38,class_768
service_38,class_769
service_38,class_770
service_38,class_771
service_38,class_772
service_38,class_773
service_38,class_774
service_38,class_775
service_38,class_776
service_38,class_777
service_38,class_778
service_38,class_779
service_39,class_780
service_39,class_781
service_39,class_782
service_39,class_783
service_39,class_784
service_39,class_785
service_39,class_786
service_39,class_787
service_39,class_788
service_39,class_789
service_39,class_790
service_39,class_791
service_39,class_792
service_39,class_793
service_39,class_794
service_39,class_795
service_39,class_796
service_39,class_797
service_39,class_798
service_39,class_799
service_40,class_800
service_40,class_801
service_40,class_802
service_40,class_803
service_40,class_804
service_40,class_805
service_40,class_806
service_40,class_807
service_40,class_808
service_40,class_809
service_40,class_810
service_40,class_811
service_40,class_812
service_40,class_813
service_40,class_814
service_40,class_815
service_40,class_816
service_40,class_817
service_40,class_818
service_40,class_819
service_41,class_820
service_41,class_821
service_41,class_822
service_41,class_823
service_41,class_824
service_41,class_825
service_41,class_826
service_41,class_827
service_41,class_828
service_41,class_829
service_41,class_830
service_41,class_831
service_41,class_832
service_41,class_833
service_41,class_834
service_41,class_835
service_41,class_836
service_41,class_837
service_41,class_838
service_41,class_839
service_42,class_840
service_42,class_841
service_42,class_842
service_42,class_843
service_42,class_844
service_42,class_845
service_42,class_846
service_42,class_847
service_42,class_848
service_42,class_849
service_42,class_850
service_42,class_851
service_42,class_852
service_42,class_853
service_42,class_854
service_42,class_855
service_42,class_856
service_42,class_857
service_42,class_858
service_42,class_859
service_43,class_860
service_43,class_861
service_43,class_862
service_43,class_863
service_43,class_864
service_43,class_865
service_43,class_866
service_43,class_867
service_43,class_868
service_43,class_869
service_43,class_870
service_43,class_871
service_43,class_872
service_43,class_873
service_43,class_874
service_43,class_875
service_43,class_876
service_43,class_877
service_43,class_878
service_43,class_879
service_44,class_880
service_44,class_881
service_44,class_882
service_44,class_883
service_44,class_884
service_44,class_885
service_44,class_886
service_44,class_887
service_44,class_888
service_44,class_889
service_44,class_890
service_44,class_891
service_44,class_892
service_44,class_893
service_44,class_894
service_44,class_895
service_44,class_896
service_44,class_897
service_44,class_898
service_44,class_899
service_45,class_900
service_45,class_901
service_45,class_902
service_45,class_903
service_45,class_904
service_45,class_905
service_45,class_906
service_45,class_907
service_45,class_908
service_45,class_909
service_45,class_910
service_45,class_911
service_45,class_912
service_45,class_913
service_45,class_914
service_45,class_915
service_45,class_916
service_45,class_917
service_45,class_918
service_45,class_919
service_46,class_920
service_46,class_921
service_46,class_922
service_46,class_923
service_46,class_924
service_46,class_925
service_46,class_926
service_46,class_927
service_46,class_928
service_46,class_929
service_46,class_930
service_46,class_931
service_46,class_932
service_46,class_933
service_46,class_934
service_46,class_935
service_46,class_936
service_46,class_937
service_46,class_938
service_46,class_939
service_47,class_940
service_47,class_941
service_47,class_942
service_47,class_943
service_47,class_944
service_47,class_945
service_47,class_946
service_47,class_947
service_47,class_948
service_47,class_949
service_47,class_950
service_47,class_951
service_47,class_952
service_47,class_953
service_47,class_954
service_47,class_955
service_47,class_956
service_47,class_957
service_47,class_958
service_47,class_959
service_48,class_960
service_48,class_961
service_48,class_962
service_48,class_963
service_48,class_964
service_48,class_965
service_48,class_966
service_48,class_967
service_48,class_968
service_48,class_969
service_48,class_970
service_48,class_971
service_48,class_972
service_48,class_973
service_48,class_974
service_48,class_975
service_48,class_976
service_48,class_977
service_48,class_978
service_48,class_979
service_49,class_980
service_49,class_981
service_49,class_982
service_49,class_983
service_49,class_984
service_49,class_985
service_49,class_986
service_49,class_987
service_49,class_988
service_49,class_989
service_49,class_990
service_49,class_991
service_49,class_992
service_49,class_993
service_49,class_994
service_49,class_995
service_49,class_996
service_49,class_997
service_49,class_998
service_49,class_999
service_50,class_1000
service_50,class_1001
service_50,class_1002
service_50,class_1003
service_50,class_1004
service_50,class_1005
service_50,class_1006
service_50,class_1007
service_50,class_1008
service_50,class_1009
service_50,class_1010
service_50,class_1011
service_50,class_1012
service_50,class_1013
service_50,class_1014
service_50,class_1015
service_50,class_1016
service_50,class_1017
service_50,class_1018
service_50,class_1019
service_51,class_1020
service_51,class_1021
service_51,class_1022
service_51,class_1023
service_51,class_1024
service_51,class_1025
service_51,class_1026
service_51,class_1027
service_51,class_1028
service_51,class_1029
service_51,class_1030
service_51,class_1031
service_51,class_1032
service_51,class_1033
service_51,class_1034
service_51,class_1035
service_51,class_1036
service_51,class_1037
service_51,class_1038
service_51,class_1039
service_52,class_1040
service_52,class_1041
service_52,class_1042
service_52,class_1043
service_52,class_1044
service_52,class_1045
service_52,class_1046
service_52,class_1047
service_52,class_1048
service_52,class_1049
service_52,class_1050
service_52,class_1051
service_52,class_1052
service_52,class_1053
service_52,class_1054
service_52,class_1055
service_52,class_1056
service_52,class_1057
service_52,class_1058
service_52,class_1059
service_53,class_1060
service_53,class_1061
service_53,class_1062
service_53,class_1063
service_53,class_1064
service_53,class_1065
service_53,class_1066
service_53,class_1067
service_53,class_1068
service_53,class_1069
service_53,class_1070
service_53,class_1071
service_53,class_1072
service_53,class_1073
service_53,class_1074
service_53,class_1075
service_53,class_1076
service_53,class_1077
service_53,class_1078
service_53,class_1079
service_54,class_1080
service_54,class_1081
service_54,class_1082
service_54,class_1083
service_54,class_1084
service_54,class_1085
service_54,class_1086
service_54,class_1087
service_54,class_1088
service_54,class_1089
service_54,class_1090
service_54,class_1091
service_54,class_1092
service_54,class_1093
service_54,class_1094
service_54,class_1095
service_54,class_1096
service_54,class_1097
service_54,class_1098
service_54,class_1099
service_55,class_1100
service_55,class_1101
service_55,class_1102
service_55,class_1103
service_55,class_1104
service_55,class_1105
service_55,class_1106
service_55,class_1107
service_55,class_1108
service_55,class_1109
service_55,class_1110
service_55,class_1111
service_55,class_1112
service_55,class_1113
service_55,class_1114
service_55,class_1115
service_55,class_1116
service_55,class_1117
service_55,class_1118
service_55,class_1119
service_56,class_1120
service_56,class_1121
service_56,class_1122
service_56,class_1123
service_56,class_1124
service_56,class_1125
service_56,class_1126
service_56,class_1127
service_56,class_1128
service_56,class_1129
service_56,class_1130
service_56,class_1131
service_56,class_1132
service_56,class_1133
service_56,class_1134
service_56,class_1135
service_56,class_1136
service_56,class_1137
service_56,class_1138
service_56,class_1139
service_57,class_1140
service_57,class_1141
service_57,class_1142
service_57,class_1143
service_57,class_1144
service_57,class_1145
service_57,class_1146
service_57,class_1147
service_57,class_1148
service_57,class_1149
service_57,class_1150
service_57,class_1151
service_57,class_1152
service_57,class_1153
service_57,class_1154
service_57,class_1155
service_57,class_1156
service_57,class_1157
service_57,class_1158
service_57,class_1159
service_58,class_1160
service_58,class_1161
service_58,class_1162
service_58,class_1163
service_58,class_1164
service_58,class_1165
service_58,class_1166
service_58,class_1167
service_58,class_1168
service_58,class_1169
service_58,class_1170
service_58,class_1171
service_58,class_1172
service_58,class_1173
service_58,class_1174
service_58,class_1175
service_58,class_1176
service_58,class_1177
service_58,class_1178
service_58,class_1179
service_59,class_1180
service_59,class_1181
service_59,class_1182
service_59,class_1183
service_59,class_1184
service_59,class_1185
service_59,class_1186
service_59,class_1187
service_59,class_1188
service_59,class_1189
service_59,class_1190
service_59,class_1191
service_59,class_1192
service_59,class_1193
service_59,class_1194
service_59,class_1195
service_59,class_1196
service_59,class_1197
service_59,class_1198
service_59,class_1199
service_60,class_1200
service_60,class_1201
service_60,class_1202
service_60,class_1203
service_60,class_1204
service_60,class_1205
service_60,class_1206
service_60,class_1207
service_60,class_1208
service_60,class_1209
service_60,class_1210
service_60,class_1211
service_60,class_1212
service_60,class_1213
service_60,class_1214
service_60,class_1215
service_60,class_1216
service_60,class_1217
service_60,class_1218
service_60,class_1219
service_61,class_1220
service_61,class_1221
service_61,class_1222
service_61,class_1223
service_61,class_1224
service_61,class_1225
service_61,class_1226
service_61,class_1227
service_61,class_1228
service_61,class_1229
service_61,class_1230
service_61,class_1231
service_61,class_1232
service_61,class_1233
service_61,class_1234
service_61,class_1235
service_61,class_1236
service_61,class_1237
service_61,class_1238
service_61,class_1239
service_62,class_1240
service_62,class_1241
service_62,class_1242
service_62,class_1243
service_62,class_1244
service_62,class_1245
service_62,class_1246
service_62,class_1247
service_62,class_1248
service_62,class_1249
service_62,class_1250
service_62,class_1251
service_62,class_1252
service_62,class_1253
service_62,class_1254
service_62,class_1255
service_62,class_1256
service_62,class_1257
service_62,class_1258
service_62,class_1259
service_63,class_1260
service_63,class_1261
service_63,class_1262
service_63,class_1263
service_63,class_1264
service_63,class_1265
service_63,class_1266
service_63,class_1267
service_63,class_1268
service_63,class_1269
service_63,class_1270
service_63,class_1271
service_63,class_1272
service_63,class_1273
service_63,class_1274
service_63,class_1275
service_63,class_1276
service_63,class_1277
service_63,class_1278
service_63,class_1279
service_64,class_1280
service_64,class_1281
service_64,class_1282
service_64,class_1283
service_64,class_1284
service_64,class_1285
service_64,class_1286
service_64,class_1287
service_64,class_1288
service_64,class_1289
service_64,class_1290
service_64,class_1291
service_64,class_1292
service_64,class_1293
service_64,class_1294
service_64,class_1295
service_64,class_1296
service_64,class_1297
service_64,class_1298
service_64,class_1299
service_65,class_1300
service_65,class_1301
service_65,class_1302
service_65,class_1303
service_65,class_1304
service_65,class_1305
service_65,class_1306
service_65,class_1307
service_65,class_1308
service_65,class_1309
service_65,class_1310
service_65,class_1311
service_65,class_1312
service_65,class_1313
service_65,class_1314
service_65,class_1315
service_65,class_1316
service_65,class_1317
service_65,class_1318
service_65,class_1319
service_66,class_1320
service_66,class_1321
service_66,class_1322
service_66,class_1323
service_66,class_1324
service_66,class_1325
service_66,class_1326
service_66,class_1327
service_66,class_1328
service_66,class_1329
service_66,class_1330
service_66,class_1331
service_66,class_1332
service_66,class_1333
service_66,class_1334
service_66,class_1335
service_66,class_1336
service_66,class_1337
service_66,class_1338
service_66,class_1339
service_67,class_1340
service_67,class_1341
service_67,class_1342
service_67,class_1343
service_67,class_1344
service_67,class_1345
service_67,class_1346
service_67,class_1347
service_67,class_1348
service_67,class_1349
service_67,class_1350
service_67,class_1351
service_67,class_1352
service_67,class_1353
service_67,class_1354
service_67,class_1355
service_67,class_1356
service_67,class_1357
service_67,class_1358
service_67,class_1359
service_68,class_1360
service_68,class_1361
service_68,class_1362
service_68,class_1363
service_68,class_1364
service_68,class_1365
service_68,class_1366
service_68,class_1367
service_68,class_1368
service_68,class_1369
service_68,class_1370
service_68,class_1371
service_68,class_1372
service_68,class_1373
service_68,class_1374
service_68,class_1375
service_68,class_1376
service_68,class_1377
service_68,class_1378
service_68,class_1379
service_69,class_1380
service_69,class_1381
service_69,class_1382
service_69,class_1383
service_69,class_1384
service_69,class_1385
service_69,class_1386
service_69,class_1387
service_69,class_1388
service_69,class_1389
service_69,class_1390
service_69,class_1391
service_69,class_1392
service_69,class_1393
service_69,class_1394
service_69,class_1395
service_69,class_1396
service_69,class_1397
service_69,class_1398
service_69,class_1399
service_70,class_1400
service_70,class_1401
service_70,class_1402
service_70,class_1403
service_70,class_1404
service_70,class_1405
service_70,class_1406
service_70,class_1407
service_70,class_1408
service_70,class_1409
service_70,class_1410
service_70,class_1411
service_70,class_1412
service_70,class_1413
service_70,class_1414
service_70,class_1415
service_70,class_1416
service_70,class_1417
service_70,class_1418
service_70,class_1419
service_71,class_1420
service_71,class_1421
service_71,class_1422
service_71,class_1423
service_71,class_1424
service_71,class_1425
service_71,class_1426
service_71,class_1427
service_71,class_1428
service_71,class_1429
service_71,class_1430
service_71,class_1431
service_71,class_1432
service_71,class_1433
service_71,class_1434
service_71,class_1435
service_71,class_1436
service_71,class_1437
service_71,class_1438
service_71,class_1439
service_72,class_1440
service_72,class_1441
service_72,class_1442
service_72,class_1443
service_72,class_1444
service_72,class_1445
service_72,class_1446
service_72,class_1447
service_72,class_1448
service_72,class_1449
service_72,class_1450
service_72,class_1451
service_72,class_1452
service_72,class_1453
service_72,class_1454
service_72,class_1455
service_72,class_1456
service_72,class_1457
service_72,class_1458
service_72,class_1459
service_73,class_1460
service_73,class_1461
service_73,class_1462
service_73,class_1463
service_73,class_1464
service_73,class_1465
service_73,class_1466
service_73,class_1467
service_73,class_1468
service_73,class_1469
service_73,class_1470
service_73,class_1471
service_73,class_1472
service_73,class_1473
service_73,class_1474
service_73,class_1475
service_73,class_1476
service_73,class_1477
service_73,class_1478
service_73,class_1479
service_74,class_1480
service_74,class_1481
service_74,class_1482
service_74,class_1483
service_74,class_1484
service_74,class_1485
service_74,class_1486
service_74,class_1487
service_74,class_1488
service_74,class_1489
service_74,class_1490
service_74,class_1491
service_74,class_1492
service_74,class_1493
service_74,class_1494
service_74,class_1495
service_74,class_1496
service_74,class_1497
service_74,class_1498
service_74,class_1499
service_75,class_1500
service_75,class_1501
service_75,class_1502
service_75,class_1503
service_75,class_1504
service_75,class_1505
service_75,class_1506
service_75,class_1507
service_75,class_1508
service_75,class_1509
service_75,class_1510
service_75,class_1511
service_75,class_1512
service_75,class_1513
service_75,class_1514
service_75,class_1515
service_75,class_1516
service_75,class_1517
service_75,class_1518
service_75,class_1519
service_76,class_1520
service_76,class_1521
service_76,class_1522
service_76,class_1523
service_76,class_1524
service_76,class_1525
service_76,class_1526
service_76,class_1527
service_76,class_1528
service_76,class_1529
service_76,class_1530
service_76,class_1531
service_76,class_1532
service_76,class_1533
service_76,class_1534
service_76,class_1535
service_76,class_1536
service_76,class_1537
service_76,class_1538
service_76,class_1539
service_77,class_1540
service_77,class_1541
service_77,class_1542
service_77,class_1543
service_77,class_1544
service_77,class_1545
service_77,class_1546
service_77,class_1547
service_77,class_1548
service_77,class_1549
service_77,class_1550
service_77,class_1551
service_77,class_1552
service_77,class_1553
service_77,class_1554
service_77,class_1555
service_77,class_1556
service_77,class_1557
service_77,class_1558
service_77,class_1559
service_78,class_1560
service_78,class_1561
service_78,class_1562
service_78,class_1563
service_78,class_1564
service_78,class_1565
service_78,class_1566
service_78,class_1567
service_78,class_1568
service_78,class_1569
service_78,class_1570
service_78,class_1571
service_78,class_1572
service_78,class_1573
service_78,class_1574
service_78,class_1575
service_78,class_1576
service_78,class_1577
service_78,class_1578
service_78,class_1579
service_79,class_1580
service_79,class_1581
service_79,class_1582
service_79,class_1583
service_79,class_1584
service_79,class_1585
service_79,class_1586
service_79,class_1587
service_79,class_1588
service_79,class_1589
service_79,class_1590
service_79,class_1591
service_79,class_1592
service_79,class_1593
service_79,class_1594
service_79,class_1595
service_79,class_1596
service_79,class_1597
service_79,class_1598
service_79,class_1599
service_80,class_1600
service_80,class_1601
service_80,class_1602
service_80,class_1603
service_80,class_1604
service_80,class_1605
service_80,class_1606
service_80,class_1607
service_80,class_1608
service_80,class_1609
service_80,class_1610
service_80,class_1611
service_80,class_1612
service_80,class_1613
service_80,class_1614
service_80,class_1615
service_80,class_1616
service_80,class_1617
service_80,class_1618
service_80,class_1619
service_81,class_1620
service_81,class_1621
service_81,class_1622
service_81,class_1623
service_81,class_1624
service_81,class_1625
service_81,class_1626
service_81,class_1627
service_81,class_1628
service_81,class_1629
service_81,class_1630
service_81,class_1631
service_81,class_1632
service_81,class_1633
service_81,class_1634
service_81,class_1635
service_81,class_1636
service_81,class_1637
service_81,class_1638
service_81,class_1639
service_82,class_1640
service_82,class_1641
service_82,class_1642
service_82,class_1643
service_82,class_1644
service_82,class_1645
service_82,class_1646
service_82,class_1647
service_82,class_1648
service_82,class_1649
service_82,class_1650
service_82,class_1651
service_82,class_1652
service_82,class_1653
service_82,class_1654
service_82,class_1655
service_82,class_1656
service_82,class_1657
service_82,class_1658
service_82,class_1659
service_83,class_1660
service_83,class_1661
service_83,class_1662
service_83,class_1663
service_83,class_1664
service_83,class_1665
service_83,class_1666
service_83,class_1667
service_83,class_1668
service_83,class_1669
service_83,class_1670
service_83,class_1671
service_83,class_1672
service_83,class_1673
service_83,class_1674
service_83,class_1675
service_83,class_1676
service_83,class_1677
service_83,class_1678
service_83,class_1679
service_84,class_1680
service_84,class_1681
service_84,class_1682
service_84,class_1683
service_84,class_1684
service_84,class_1685
service_84,class_1686
service_84,class_1687
service_84,class_1688
service_84,class_1689
service_84,class_1690
service_84,class_1691
service_84,class_1692
service_84,class_1693
service_84,class_1694
service_84,class_1695
service_84,class_1696
service_84,class_1697
service_84,class_1698
service_84,class_1699
service_85,class_1700
service_85,class_1701
service_85,class_1702
service_85,class_1703
service_85,class_1704
service_85,class_1705
service_85,class_1706
service_85,class_1707
service_85,class_1708
service_85,class_1709
service_85,class_1710
service_85,class_1711
service_85,class_1712
service_85,class_1713
service_85,class_1714
service_85,class_1715
service_85,class_1716
service_85,class_1717
service_85,class_1718
service_85,class_1719
service_86,class_1720
service_86,class_1721
service_86,class_1722
service_86,class_1723
service_86,class_1724
service_86,class_1725
service_86,class_1726
service_86,class_1727
service_86,class_1728
service_86,class_1729
service_86,class_1730
service_86,class_1731
service_86,class_1732
service_86,class_1733
service_86,class_1734
service_86,class_1735
service_86,class_1736
service_86,class_1737
service_86,class_1738
service_86,class_1739
service_87,class_1740
service_87,class_1741
service_87,class_1742
service_87,class_1743
service_87,class_1744
service_87,class_1745
service_87,class_1746
service_87,class_1747
service_87,class_1748
service_87,class_1749
service_87,class_1750
service_87,class_1751
service_87,class_1752
service_87,class_1753
service_87,class_1754
service_87,class_1755
service_87,class_1756
service_87,class_1757
service_87,class_1758
service_87,class_1759
service_88,class_1760
service_88,class_1761
service_88,class_1762
service_88,class_1763
service_88,class_1764
service_88,class_1765
service_88,class_1766
service_88,class_1767
service_88,class_1768
service_88,class_1769
service_88,class_1770
service_88,class_1771
service_88,class_1772
service_88,class_1773
service_88,class_1774
service_88,class_1775
service_88,class_1776
service_88,class_1777
service_88,class_1778
service_88,class_1779
service_89,class_1780
service_89,class_1781
service_89,class_1782
service_89,class_1783
service_89,class_1784
service_89,class_1785
service_89,class_1786
service_89,class_1787
service_89,class_1788
service_89,class_1789
service_89,class_1790
service_89,class_1791
service_89,class_1792
service_89,class_1793
service_89,class_1794
service_89,class_1795
service_89,class_1796
service_89,class_1797
service_89,class_1798
service_89,class_1799
service_90,class_1800
service_90,class_1801
service_90,class_1802
service_90,class_1803
service_90,class_1804
service_90,class_1805
service_90,class_1806
service_90,class_1807
service_90,class_1808
service_90,class_1809
service_90,class_1810
service_90,class_1811
service_90,class_1812
service_90,class_1813
service_90,class_1814
service_90,class_1815
service_90,class_1816
service_90,class_1817
service_90,class_1818
service_90,class_1819
service_91,class_1820
service_91,class_1821
service_91,class_1822
service_91,class_1823
service_91,class_1824
service_91,class_1825
service_91,class_1826
service_91,class_1827
service_91,class_1828
service_91,class_1829
service_91,class_1830
service_91,class_1831
service_91,class_1832
service_91,class_1833
service_91,class_1834
service_91,class_1835
service_91,class_1836
service_91,class_1837
service_91,class_1838
service_91,class_1839
service_92,class_1840
service_92,class_1841
service_92,class_1842
service_92,class_1843
service_92,class_1844
service_92,class_1845
service_92,class_1846
service_92,class_1847
service_92,class_1848
service_92,class_1849
service_92,class_1850
service_92,class_1851
service_92,class_1852
service_92,class_1853
service_92,class_1854
service_92,class_1855
service_92,class_1856
service_92,class_1857
service_92,class_1858
service_92,class_1859
service_93,class_1860
service_93,class_1861
service_93,class_1862
service_93,class_1863
service_93,class_1864
service_93,class_1865
service_93,class_1866
service_93,class_1867
service_93,class_1868
service_93,class_1869
service_93,class_1870
service_93,class_1871
service_93,class_1872
service_93,class_1873
service_93,class_1874
service_93,class_1875
service_93,class_1876
service_93,class_1877
service_93,class_1878
service_93,class_1879
service_94,class_1880
service_94,class_1881
service_94,class_1882
service_94,class_1883
service_94,class_1884
service_94,class_1885
service_94,class_1886
service_94,class_1887
service_94,class_1888
service_94,class_1889
service_94,class_1890
service_94,class_1891
service_94,class_1892
service_94,class_1893
service_94,class_1894
service_94,class_1895
service_94,class_1896
service_94,class_1897
service_94,class_1898
service_94,class_1899
service_95,class_1900
service_95,class_1901
service_95,class_1902
service_95,class_1903
service_95,class_1904
service_95,class_1905
service_95,class_1906
service_95,class_1907
service_95,class_1908
service_95,class_1909
service_95,class_1910
service_95,class_1911
service_95,class_1912
service_95,class_1913
service_95,class_1914
service_95,class_1915
service_95,class_1916
service_95,class_1917
service_95,class_1918
service_95,class_1919
service_96,class_1920
service_96,class_1921
service_96,class_1922
service_96,class_1923
service_96,class_1924
service_96,class_1925
service_96,class_1926
service_96,class_1927
service_96,class_1928
service_96,class_1929
service_96,class_1930
service_96,class_1931
service_96,class_1932
service_96,class_1933
service_96,class_1934
service_96,class_1935
service_96,class_1936
service_96,class_1937
service_96,class_1938
service_96,class_1939
service_97,class_1940
service_97,class_1941
service_97,class_1942
service_97,class_1943
service_97,class_1944
service_97,class_1945
service_97,class_1946
service_97,class_1947
service_97,class_1948
service_97,class_1949
service_97,class_1950
service_97,class_1951
service_97,class_1952
service_97,class_1953
service_97,class_1954
service_97,class_1955
service_97,class_1956
service_97,class_1957
service_97,class_1958
service_97,class_1959
service_98,class_1960
service_98,class_1961
service_98,class_1962
service_98,class_1963
service_98,class_1964
service_98,class_1965
service_98,class_1966
service_98,class_1967
service_98,class_1968
service_98,class_1969
service_98,class_1970
service_98,class_1971
service_98,class_1972
service_98,class_1973
service_98,class_1974
service_98,class_1975
service_98,class_1976
service_98,class_1977
service_98,class_1978
service_98,class_1979
service_99,class_1980
service_99,class_1981
service_99,class_1982
service_99,class_1983
service_99,class_1984
service_99,class_1985
service_99,class_1986
service_99,class_1987
service_99,class_1988
service_99,class_1989
service_99,class_1990
service_99,class_1991
service_99,class_1992
service_99,class_1993
service_99,class_1994
service_99,class_1995
service_99,class_1996
service_99,class_1997
service_99,class_1998
service_99,class_1999
service_100,class_2000
service_100,class_2001
service_100,class_2002
service_100,class_2003
service_100,class_2004
service_100,class_2005
service_100,class_2006
service_100,class_2007
service_100,class_2008
service_100,class_2009
service_100,class_2010
service_100,class_2011
service_100,class_2012
service_100,class_2013
service_100,class_2014
service_100,class_2015
service_100,class_2016
service_100,class_2017
service_100,class_2018
service_100,class_2019
service_101,class_2020
service_101,class_2021
service_101,class_2022
service_101,class_2023
service_101,class_2024
service_101,class_2025
service_101,class_2026
service_101,class_2027
service_101,class_2028
service_101,class_2029
service_101,class_2030
service_101,class_2031
service_101,class_2032
service_101,class_2033
service_101,class_2034
service_101,class_2035
service_101,class_2036
service_101,class_2037
service_101,class_2038
service_101,class_2039
service_102,class_2040
service_102,class_2041
service_102,class_2042
service_102,class_2043
service_102,class_2044
service_102,class_2045
service_102,class_2046
service_102,class_2047
service_102,class_2048
service_102,class_2049
service_102,class_2050
service_102,class_2051
service_102,class_2052
service_102,class_2053
service_102,class_2054
service_102,class_2055
service_102,class_2056
service_102,class_2057
service_102,class_2058
service_102,class_2059
service_103,class_2060
service_103,class_2061
service_103,class_2062
service_103,class_2063
service_103,class_2064
service_103,class_2065
service_103,class_2066
service_103,class_2067
service_103,class_2068
service_103,class_2069
service_103,class_2070
service_103,class_2071
service_103,class_2072
service_103,class_2073
service_103,class_2074
service_103,class_2075
service_103,class_2076
service_103,class_2077
service_103,class_2078
service_103,class_2079
service_104,class_2080
service_104,class_2081
service_104,class_2082
service_104,class_2083
service_104,class_2084
service_104,class_2085
service_104,class_2086
service_104,class_2087
service_104,class_2088
service_104,class_2089
service_104,class_2090
service_104,class_2091
service_104,class_2092
service_104,class_2093
service_104,class_2094
service_104,class_2095
service_104,class_2096
service_104,class_2097
service_104,class_2098
service_104,class_2099
service_105,class_2100
service_105,class_2101
service_105,class_2102
service_105,class_2103
service_105,class_2104
service_105,class_2105
service_105,class_2106
service_105,class_2107
service_105,class_2108
service_105,class_2109
service_105,class_2110
service_105,class_2111
service_105,class_2112
service_105,class_2113
service_105,class_2114
service_105,class_2115
service_105,class_2116
service_105,class_2117
service_105,class_2118
service_105,class_2119
service_106,class_2120
service_106,class_2121
service_106,class_2122
service_106,class_2123
service_106,class_2124
service_106,class_2125
service_106,class_2126
service_106,class_2127
service_106,class_2128
service_106,class_2129
service_106,class_2130
service_106,class_2131
service_106,class_2132
service_106,class_2133
service_106,class_2134
service_106,class_2135
service_106,class_2136
service_106,class_2137
service_106,class_2138
service_106,class_2139
service_107,class_2140
service_107,class_2141
service_107,class_2142
service_107,class_2143
service_107,class_2144
service_107,class_2145
service_107,class_2146
service_107,class_2147
service_107,class_2148
service_107,class_2149
service_107,class_2150
service_107,class_2151
service_107,class_2152
service_107,class_2153
service_107,class_2154
service_107,class_2155
service_107,class_2156
service_107,class_2157
service_107,class_2158
service_107,class_2159
service_108,class_2160
service_108,class_2161
service_108,class_2162
service_108,class_2163
service_108,class_2164
service_108,class_2165
service_108,class_2166
service_108,class_2167
service_108,class_2168
service_108,class_2169
service_108,class_2170
service_108,class_2171
service_108,class_2172
service_108,class_2173
service_108,class_2174
service_108,class_2175
service_108,class_2176
service_108,class_2177
service_108,class_2178
service_108,class_2179
service_109,class_2180
service_109,class_2181
service_109,class_2182
service_109,class_2183
service_109,class_2184
service_109,class_2185
service_109,class_2186
service_109,class_2187
service_109,class_2188
service_109,class_2189
service_109,class_2190
service_109,class_2191
service_109,class_2192
service_109,class_2193
service_109,class_2194
service_109,class_2195
service_109,class_2196
service_109,class_2197
service_109,class_2198
service_109,class_2199
service_110,class_2200
service_110,class_2201
service_110,class_2202
service_110,class_2203
service_110,class_2204
service_110,class_2205
service_110,class_2206
service_110,class_2207
service_110,class_2208
service_110,class_2209
service_110,class_2210
service_110,class_2211
service_110,class_2212
service_110,class_2213
service_110,class_2214
service_110,class_2215
service_110,class_2216
service_110,class_2217
service_110,class_2218
service_110,class_2219
service_111,class_2220
service_111,class_2221
service_111,class_2222
service_111,class_2223
service_111,class_2224
service_111,class_2225
service_111,class_2226
service_111,class_2227
service_111,class_2228
service_111,class_2229
service_111,class_2230
service_111,class_2231
service_111,class_2232
service_111,class_2233
service_111,class_2234
service_111,class_2235
service_111,class_2236
service_111,class_2237
service_111,class_2238
service_111,class_2239
service_112,class_2240
service_112,class_2241
service_112,class_2242
service_112,class_2243
service_112,class_2244
service_112,class_2245
service_112,class_2246
service_112,class_2247
service_112,class_2248
service_112,class_2249
service_112,class_2250
service_112,class_2251
service_112,class_2252
service_112,class_2253
service_112,class_2254
service_112,class_2255
service_112,class_2256
service_112,class_2257
service_112,class_2258
service_112,class_2259
service_113,class_2260
service_113,class_2261
service_113,class_2262
service_113,class_2263
service_113,class_2264
service_113,class_2265
service_113,class_2266
service_113,class_2267
service_113,class_2268
service_113,class_2269
service_113,class_2270
service_113,class_2271
service_113,class_2272
service_113,class_2273
service_113,class_2274
service_113,class_2275
service_113,class_2276
service_113,class_2277
service_113,class_2278
service_113,class_2279
service_114,class_2280
service_114,class_2281
service_114,class_2282
service_114,class_2283
service_114,class_2284
service_114,class_2285
service_114,class_2286
service_114,class_2287
service_114,class_2288
service_114,class_2289
service_114,class_2290
service_114,class_2291
service_114,class_2292
service_114,class_2293
service_114,class_2294
service_114,class_2295
service_114,class_2296
service_114,class_2297
service_114,class_2298
service_114,class_2299
service_115,class_2300
service_115,class_2301
service_115,class_2302
service_115,class_2303
service_115,class_2304
service_115,class_2305
service_115,class_2306
service_115,class_2307
service_115,class_2308
service_115,class_2309
service_115,class_2310
service_115,class_2311
service_115,class_2312
service_115,class_2313
service_115,class_2314
service_115,class_2315
service_115,class_2316
service_115,class_2317
service_115,class_2318
service_115,class_2319
service_116,class_2320
service_116,class_2321
service_116,class_2322
service_116,class_2323
service_116,class_2324
service_116,class_2325
service_116,class_2326
service_116,class_2327
service_116,class_2328
service_116,class_2329
service_116,class_2330
service_116,class_2331
service_116,class_2332
service_116,class_2333
service_116,class_2334
service_116,class_2335
service_116,class_2336
service_116,class_2337
service_116,class_2338
service_116,class_2339
service_117,class_2340
service_117,class_2341
service_117,class_2342
service_117,class_2343
service_117,class_2344
service_117,class_2345
service_117,class_2346
service_117,class_2347
service_117,class_2348
service_117,class_2349
service_117,class_2350
service_117,class_2351
service_117,class_2352
service_117,class_2353
service_117,class_2354
service_117,class_2355
service_117,class_2356
service_117,class_2357
service_117,class_2358
service_117,class_2359
service_118,class_2360
service_118,class_2361
service_118,class_2362
service_118,class_2363
service_118,class_2364
service_118,class_2365
service_118,class_2366
service_118,class_2367
service_118,class_2368
service_118,class_2369
service_118,class_2370
service_118,class_2371
service_118,class_2372
service_118,class_2373
service_118,class_2374
service_118,class_2375
service_118,class_2376
service_118,class_2377
service_118,class_2378
service_118,class_2379
service_119,class_2380
service_119,class_2381
service_119,class_2382
service_119,class_2383
service_119,class_2384
service_119,class_2385
service_119,class_2386
service_119,class_2387
service_119,class_2388
service_119,class_2389
service_119,class_2390
service_119,class_2391
service_119,class_2392
service_119,class_2393
service_119,class_2394
service_119,class_2395
service_119,class_2396
service_119,class_2397
service_119,class_2398
service_119,class_2399
service_120,class_2400
service_120,class_2401
service_120,class_2402
service_120,class_2403
service_120,class_2404
service_120,class_2405
service_120,class_2406
service_120,class_2407
service_120,class_2408
service_120,class_2409
service_120,class_2410
service_120,class_2411
service_120,class_2412
service_120,class_2413
service_120,class_2414
service_120,class_2415
service_120,class_2416
service_120,class_2417
service_120,class_2418
service_120,class_2419
service_121,class_2420
service_121,class_2421
service_121,class_2422
service_121,class_2423
service_121,class_2424
service_121,class_2425
service_121,class_2426
service_121,class_2427
service_121,class_2428
service_121,class_2429
service_121,class_2430
service_121,class_2431
service_121,class_2432
service_121,class_2433
service_121,class_2434
service_121,class_2435
service_121,class_2436
service_121,class_2437
service_121,class_2438
service_121,class_2439
service_122,class_2440
service_122,class_2441
service_122,class_2442
service_122,class_2443
service_122,class_2444
service_122,class_2445
service_122,class_2446
service_122,class_2447
service_122,class_2448
service_122,class_2449
service_122,class_2450
service_122,class_2451
service_122,class_2452
service_122,class_2453
service_122,class_2454
service_122,class_2455
service_122,class_2456
service_122,class_2457
service_122,class_2458
service_122,class_2459
service_123,class_2460
service_123,class_2461
service_123,class_2462
service_123,class_2463
service_123,class_2464
service_123,class_2465
service_123,class_2466
service_123,class_2467
service_123,class_2468
service_123,class_2469
service_123,class_2470
service_123,class_2471
service_123,class_2472
service_123,class_2473
service_123,class_2474
service_123,class_2475
service_123,class_2476
service_123,class_2477
service_123,class_2478
service_123,class_2479
service_124,class_2480
service_124,class_2481
service_124,class_2482
service_124,class_2483
service_124,class_2484
service_124,class_2485
service_124,class_2486
service_124,class_2487
service_124,class_2488
service_124,class_2489
service_124,class_2490
service_124,class_2491
service_124,class_2492
service_124,class_2493
service_124,class_2494
service_124,class_2495
service_124,class_2496
service_124,class_2497
service_124,class_2498
service_124,class_2499
service_125,class_2500
service_125,class_2501
service_125,class_2502
service_125,class_2503
service_125,class_2504
service_125,class_2505
service_125,class_2506
service_125,class_2507
service_125,class_2508
service_125,class_2509
service_125,class_2510
service_125,class_2511
service_125,class_2512
service_125,class_2513
service_125,class_2514
service_125,class_2515
service_125,class_2516
service_125,class_2517
service_125,class_2518
service_125,class_2519
service_126,class_2520
service_126,class_2521
service_126,class_2522
service_126,class_2523
service_126,class_2524
service_126,class_2525
service_126,class_2526
service_126,class_2527
service_126,class_2528
service_126,class_2529
service_126,class_2530
service_126,class_2531
service_126,class_2532
service_126,class_2533
service_126,class_2534
service_126,class_2535
service_126,class_2536
service_126,class_2537
service_126,class_2538
service_126,class_2539
service_127,class_2540
service_127,class_2541
service_127,class_2542
service_127,class_2543
service_127,class_2544
service_127,class_2545
service_127,class_2546
service_127,class_2547
service_127,class_2548
service_127,class_2549
service_127,class_2550
service_127,class_2551
service_127,class_2552
service_127,class_2553
service_127,class_2554
service_127,class_2555
service_127,class_2556
service_127,class_2557
service_127,class_2558
service_127,class_2559
service_128,class_2560
service_128,class_2561
service_128,class_2562
service_128,class_2563
service_128,class_2564
service_128,class_2565
service_128,class_2566
service_128,class_2567
service_128,class_2568
service_128,class_2569
service_128,class_2570
service_128,class_2571
service_128,class_2572
service_128,class_2573
service_128,class_2574
service_128,class_2575
service_128,class_2576
service_128,class_2577
service_128,class_2578
service_128,class_2579
service_129,class_2580
service_129,class_2581
service_129,class_2582
service_129,class_2583
service_129,class_2584
service_129,class_2585
service_129,class_2586
service_129,class_2587
service_129,class_2588
service_129,class_2589
service_129,class_2590
service_129,class_2591
service_129,class_2592
service_129,class_2593
service_129,class_2594
service_129,class_2595
service_129,class_2596
service_129,class_2597
service_129,class_2598
service_129,class_2599
service_130,class_2600
service_130,class_2601
service_130,class_2602
service_130,class_2603
service_130,class_2604
service_130,class_2605
service_130,class_2606
service_130,class_2607
service_130,class_2608
service_130,class_2609
service_130,class_2610
service_130,class_2611
service_130,class_2612
service_130,class_2613
service_130,class_2614
service_130,class_2615
service_130,class_2616
service_130,class_2617
service_130,class_2618
service_130,class_2619
service_131,class_2620
service_131,class_2621
service_131,class_2622
service_131,class_2623
service_131,class_2624
service_131,class_2625
service_131,class_2626
service_131,class_2627
service_131,class_2628
service_131,class_2629
service_131,class_2630
service_131,class_2631
service_131,class_2632
service_131,class_2633
service_131,class_2634
service_131,class_2635
service_131,class_2636
service_131,class_2637
service_131,class_2638
service_131,class_2639
service_132,class_2640
service_132,class_2641
service_132,class_2642
service_132,class_2643
service_132,class_2644
service_132,class_2645
service_132,class_2646
service_132,class_2647
service_132,class_2648
service_132,class_2649
service_132,class_2650
service_132,class_2651
service_132,class_2652
service_132,class_2653
service_132,class_2654
service_132,class_2655
service_132,class_2656
service_132,class_2657
service_132,class_2658
service_132,class_2659
service_133,class_2660
service_133,class_2661
service_133,class_2662
service_133,class_2663
service_133,class_2664
service_133,class_2665
service_133,class_2666
service_133,class_2667
service_133,class_2668
service_133,class_2669
service_133,class_2670
service_133,class_2671
service_133,class_2672
service_133,class_2673
service_133,class_2674
service_133,class_2675
service_133,class_2676
service_133,class_2677
service_133,class_2678
service_133,class_2679
service_134,class_2680
service_134,class_2681
service_134,class_2682
service_134,class_2683
service_134,class_2684
service_134,class_2685
service_134,class_2686
service_134,class_2687
service_134,class_2688
service_134,class_2689
service_134,class_2690
service_134,class_2691
service_134,class_2692
service_134,class_2693
service_134,class_2694
service_134,class_2695
service_134,class_2696
service_134,class_2697
service_134,class_2698
service_134,class_2699
service_135,class_2700
service_135,class_2701
service_135,class_2702
service_135,class_2703
service_135,class_2704
service_135,class_2705
service_135,class_2706
service_135,class_2707
service_135,class_2708
service_135,class_2709
service_135,class_2710
service_135,class_2711
service_135,class_2712
service_135,class_2713
service_135,class_2714
service_135,class_2715
service_135,class_2716
service_135,class_2717
service_135,class_2718
service_135,class_2719
service_136,class_2720
service_136,class_2721
service_136,class_2722
service_136,class_2723
service_136,class_2724
service_136,class_2725
service_136,class_2726
service_136,class_2727
service_136,class_2728
service_136,class_2729
service_136,class_2730
service_136,class_2731
service_136,class_2732
service_136,class_2733
service_136,class_2734
service_136,class_2735
service_136,class_2736
service_136,class_2737
service_136,class_2738
service_136,class_2739
service_137,class_2740
service_137,class_2741
service_137,class_2742
service_137,class_2743
service_137,class_2744
service_137,class_2745
service_137,class_2746
service_137,class_2747
service_137,class_2748
service_137,class_2749
service_137,class_2750
service_137,class_2751
service_137,class_2752
service_137,class_2753
service_137,class_2754
service_137,class_2755
service_137,class_2756
service_137,class_2757
service_137,class_2758
service_137,class_2759
service_138,class_2760
service_138,class_2761
service_138,class_2762
service_138,class_2763
service_138,class_2764
service_138,class_2765
service_138,class_2766
service_138,class_2767
service_138,class_2768
service_138,class_2769
service_138,class_2770
service_138,class_2771
service_138,class_2772
service_138,class_2773
service_138,class_2774
service_138,class_2775
service_138,class_2776
service_138,class_2777
service_138,class_2778
service_138,class_2779
service_139,class_2780
service_139,class_2781
service_139,class_2782
service_139,class_2783
service_139,class_2784
service_139,class_2785
service_139,class_2786
service_139,class_2787
service_139,class_2788
service_139,class_2789
service_139,class_2790
service_139,class_2791
service_139,class_2792
service_139,class_2793
service_139,class_2794
service_139,class_2795
service_139,class_2796
service_139,class_2797
service_139,class_2798
service_139,class_2799
service_140,class_2800
service_140,class_2801
service_140,class_2802
service_140,class_2803
service_140,class_2804
service_140,class_2805
service_140,class_2806
service_140,class_2807
service_140,class_2808
service_140,class_2809
service_140,class_2810
service_140,class_2811
service_140,class_2812
service_140,class_2813
service_140,class_2814
service_140,class_2815
service_140,class_2816
service_140,class_2817
service_140,class_2818
service_140,class_2819
service_141,class_2820
service_141,class_2821
service_141,class_2822
service_141,class_2823
service_141,class_2824
service_141,class_2825
service_141,class_2826
service_141,class_2827
service_141,class_2828
service_141,class_2829
service_141,class_2830
service_141,class_2831
service_141,class_2832
service_141,class_2833
service_141,class_2834
service_141,class_2835
service_141,class_2836
service_141,class_2837
service_141,class_2838
service_141,class_2839
service_142,class_2840
service_142,class_2841
service_142,class_2842
service_142,class_2843
service_142,class_2844
service_142,class_2845
service_142,class_2846
service_142,class_2847
service_142,class_2848
service_142,class_2849
service_142,class_2850
service_142,class_2851
service_142,class_2852
service_142,class_2853
service_142,class_2854
service_142,class_2855
service_142,class_2856
service_142,class_2857
service_142,class_2858
service_142,class_2859
service_143,class_2860
service_143,class_2861
service_143,class_2862
service_143,class_2863
service_143,class_2864
service_143,class_2865
service_143,class_2866
service_143,class_2867
service_143,class_2868
service_143,class_2869
service_143,class_2870
service_143,class_2871
service_143,class_2872
service_143,class_2873
service_143,class_2874
service_143,class_2875
service_143,class_2876
service_143,class_2877
service_143,class_2878
service_143,class_2879
service_144,class_2880
service_144,class_2881
service_144,class_2882
service_144,class_2883
service_144,class_2884
service_144,class_2885
service_144,class_2886
service_144,class_2887
service_144,class_2888
service_144,class_2889
service_144,class_2890
service_144,class_2891
service_144,class_2892
service_144,class_2893
service_144,class_2894
service_144,class_2895
service_144,class_2896
service_144,class_2897
service_144,class_2898
service_144,class_2899
service_145,class_2900
service_145,class_2901
service_145,class_2902
service_145,class_2903
service_145,class_2904
service_145,class_2905
service_145,class_2906
service_145,class_2907
service_145,class_2908
service_145,class_2909
service_145,class_2910
service_145,class_2911
service_145,class_2912
service_145,class_2913
service_145,class_2914
service_145,class_2915
service_145,class_2916
service_145,class_2917
service_145,class_2918
service_145,class_2919
service_146,class_2920
service_146,class_2921
service_146,class_2922
service_146,class_2923
service_146,class_2924
service_146,class_2925
service_146,class_2926
service_146,class_2927
service_146,class_2928
service_146,class_2929
service_146,class_2930
service_146,class_2931
service_146,class_2932
service_146,class_2933
service_146,class_2934
service_146,class_2935
service_146,class_2936
service_146,class_2937
service_146,class_2938
service_146,class_2939
service_147,class_2940
service_147,class_2941
service_147,class_2942
service_147,class_2943
service_147,class_2944
service_147,class_2945
service_147,class_2946
service_147,class_2947
service_147,class_2948
service_147,class_2949
service_147,class_2950
service_147,class_2951
service_147,class_2952
service_147,class_2953
service_147,class_2954
service_147,class_2955
service_147,class_2956
service_147,class_2957
service_147,class_2958
service_147,class_2959
service_148,class_2960
service_148,class_2961
service_148,class_2962
service_148,class_2963
service_148,class_2964
service_148,class_2965
service_148,class_2966
service_148,class_2967
service_148,class_2968
service_148,class_2969
service_148,class_2970
service_148,class_2971
service_148,class_2972
service_148,class_2973
service_148,class_2974
service_148,class_2975
service_148,class_2976
service_148,class_2977
service_148,class_2978
service_148,class_2979
service_149,class_2980
service_149,class_2981
service_149,class_2982
service_149,class_2983
service_149,class_2984
service_149,class_2985
service_149,class_2986
service_149,class_2987
service_149,class_2988
service_149,class_2989
service_149,class_2990
service_149,class_2991
service_149,class_2992
service_149,class_2993
service_149,class_2994
service_149,class_2995
service_149,class_2996
service_149,class_2997
service_149,class_2998
service_149,class_2999
service_150,class_3000
service_150,class_3001
service_150,class_3002
service_150,class_3003
service_150,class_3004
service_150,class_3005
service_150,class_3006
service_150,class_3007
service_150,class_3008
service_150,class_3009
service_150,class_3010
service_150,class_3011
service_150,class_3012
service_150,class_3013
service_150,class_3014
service_150,class_3015
service_150,class_3016
service_150,class_3017
service_150,class_3018
service_150,class_3019
service_151,class_3020
service_151,class_3021
service_151,class_3022
service_151,class_3023
service_151,class_3024
service_151,class_3025
service_151,class_3026
service_151,class_3027
service_151,class_3028
service_151,class_3029
service_151,class_3030
service_151,class_3031
service_151,class_3032
service_151,class_3033
service_151,class_3034
service_151,class_3035
service_151,class_3036
service_151,class_3037
service_151,class_3038
service_151,class_3039
service_152,class_3040
service_152,class_3041
service_152,class_3042
service_152,class_3043
service_152,class_3044
service_152,class_3045
service_152,class_3046
service_152,class_3047
service_152,class_3048
service_152,class_3049
service_152,class_3050
service_152,class_3051
service_152,class_3052
service_152,class_3053
service_152,class_3054
service_152,class_3055
service_152,class_3056
service_152,class_3057
service_152,class_3058
service_152,class_3059
service_153,class_3060
service_153,class_3061
service_153,class_3062
service_153,class_3063
service_153,class_3064
service_153,class_3065
service_153,class_3066
service_153,class_3067
service_153,class_3068
service_153,class_3069
service_153,class_3070
service_153,class_3071
service_153,class_3072
service_153,class_3073
service_153,class_3074
service_153,class_3075
service_153,class_3076
service_153,class_3077
service_153,class_3078
service_153,class_3079
service_154,class_3080
service_154,class_3081
service_154,class_3082
service_154,class_3083
service_154,class_3084
service_154,class_3085
service_154,class_3086
service_154,class_3087
service_154,class_3088
service_154,class_3089
service_154,class_3090
service_154,class_3091
service_154,class_3092
service_154,class_3093
service_154,class_3094
service_154,class_3095
service_154,class_3096
service_154,class_3097
service_154,class_3098
service_154,class_3099
service_155,class_3100
service_155,class_3101
service_155,class_3102
service_155,class_3103
service_155,class_3104
service_155,class_3105
service_155,class_3106
service_155,class_3107
service_155,class_3108
service_155,class_3109
service_155,class_3110
service_155,class_3111
service_155,class_3112
service_155,class_3113
service_155,class_3114
service_155,class_3115
service_155,class_3116
service_155,class_3117
service_155,class_3118
service_155,class_3119
service_156,class_3120
service_156,class_3121
service_156,class_3122
service_156,class_3123
service_156,class_3124
service_156,class_3125
service_156,class_3126
service_156,class_3127
service_156,class_3128
service_156,class_3129
service_156,class_3130
service_156,class_3131
service_156,class_3132
service_156,class_3133
service_156,class_3134
service_156,class_3135
service_156,class_3136
service_156,class_3137
service_156,class_3138
service_156,class_3139
service_157,class_3140
service_157,class_3141
service_157,class_3142
service_157,class_3143
service_157,class_3144
service_157,class_3145
service_157,class_3146
service_157,class_3147
service_157,class_3148
service_157,class_3149
service_157,class_3150
service_157,class_3151
service_157,class_3152
service_157,class_3153
service_157,class_3154
service_157,class_3155
service_157,class_3156
service_157,class_3157
service_157,class_3158
service_157,class_3159
service_158,class_3160
service_158,class_3161
service_158,class_3162
service_158,class_3163
service_158,class_3164
service_158,class_3165
service_158,class_3166
service_158,class_3167
service_158,class_3168
service_158,class_3169
service_158,class_3170
service_158,class_3171
service_158,class_3172
service_158,class_3173
service_158,class_3174
service_158,class_3175
service_158,class_3176
service_158,class_3177
service_158,class_3178
service_158,class_3179
service_159,class_3180
service_159,class_3181
service_159,class_3182
service_159,class_3183
service_159,class_3184
service_159,class_3185
service_159,class_3186
service_159,class_3187
service_159,class_3188
service_159,class_3189
service_159,class_3190
service_159,class_3191
service_159,class_3192
service_159,class_3193
service_159,class_3194
service_159,class_3195
service_159,class_3196
service_159,class_3197
service_159,class_3198
service_159,class_3199
service_160,class_3200
service_160,class_3201
service_160,class_3202
service_160,class_3203
service_160,class_3204
service_160,class_3205
service_160,class_3206
service_160,class_3207
service_160,class_3208
service_160,class_3209
service_160,class_3210
service_160,class_3211
service_160,class_3212
service_160,class_3213
service_160,class_3214
service_160,class_3215
service_160,class_3216
service_160,class_3217
service_160,class_3218
service_160,class_3219
service_161,class_3220
service_161,class_3221
service_161,class_3222
service_161,class_3223
service_161,class_3224
service_161,class_3225
service_161,class_3226
service_161,class_3227
service_161,class_3228
service_161,class_3229
service_161,class_3230
service_161,class_3231
service_161,class_3232
service_161,class_3233
service_161,class_3234
service_161,class_3235
service_161,class_3236
service_161,class_3237
service_161,class_3238
service_161,class_3239
service_162,class_3240
service_162,class_3241
service_162,class_3242
service_162,class_3243
service_162,class_3244
service_162,class_3245
service_162,class_3246
service_162,class_3247
service_162,class_3248
service_162,class_3249
service_162,class_3250
service_162,class_3251
service_162,class_3252
service_162,class_3253
service_162,class_3254
service_162,class_3255
service_162,class_3256
service_162,class_3257
service_162,class_3258
service_162,class_3259
service_163,class_3260
service_163,class_3261
service_163,class_3262
service_163,class_3263
service_163,class_3264
service_163,class_3265
service_163,class_3266
service_163,class_3267
service_163,class_3268
service_163,class_3269
service_163,class_3270
service_163,class_3271
service_163,class_3272
service_163,class_3273
service_163,class_3274
service_163,class_3275
service_163,class_3276
service_163,class_3277
service_163,class_3278
service_163,class_3279
service_164,class_3280
service_164,class_3281
service_164,class_3282
service_164,class_3283
service_164,class_3284
service_164,class_3285
service_164,class_3286
service_164,class_3287
service_164,class_3288
service_164,class_3289
service_164,class_3290
service_164,class_3291
service_164,class_3292
service_164,class_3293
service_164,class_3294
service_164,class_3295
service_164,class_3296
service_164,class_3297
service_164,class_3298
service_164,class_3299
service_165,class_3300
service_165,class_3301
service_165,class_3302
service_165,class_3303
service_165,class_3304
service_165,class_3305
service_165,class_3306
service_165,class_3307
service_165,class_3308
service_165,class_3309
service_165,class_3310
service_165,class_3311
service_165,class_3312
service_165,class_3313
service_165,class_3314
service_165,class_3315
service_165,class_3316
service_165,class_3317
service_165,class_3318
service_165,class_3319
service_166,class_3320
service_166,class_3321
service_166,class_3322
service_166,class_3323
service_166,class_3324
service_166,class_3325
service_166,class_3326
service_166,class_3327
service_166,class_3328
service_166,class_3329
service_166,class_3330
service_166,class_3331
service_166,class_3332
service_166,class_3333
service_166,class_3334
service_166,class_3335
service_166,class_3336
service_166,class_3337
service_166,class_3338
service_166,class_3339
service_167,class_3340
service_167,class_3341
service_167,class_3342
service_167,class_3343
service_167,class_3344
service_167,class_3345
service_167,class_3346
service_167,class_3347
service_167,class_3348
service_167,class_3349
service_167,class_3350
service_167,class_3351
service_167,class_3352
service_167,class_3353
service_167,class_3354
service_167,class_3355
service_167,class_3356
service_167,class_3357
service_167,class_3358
service_167,class_3359
service_168,class_3360
service_168,class_3361
service_168,class_3362
service_168,class_3363
service_168,class_3364
service_168,class_3365
service_168,class_3366
service_168,class_3367
service_168,class_3368
service_168,class_3369
service_168,class_3370
service_168,class_3371
service_168,class_3372
service_168,class_3373
service_168,class_3374
service_168,class_3375
service_168,class_3376
service_168,class_3377
service_168,class_3378
service_168,class_3379
service_169,class_3380
service_169,class_3381
service_169,class_3382
service_169,class_3383
service_169,class_3384
service_169,class_3385
service_169,class_3386
service_169,class_3387
service_169,class_3388
service_169,class_3389
service_169,class_3390
service_169,class_3391
service_169,class_3392
service_169,class_3393
service_169,class_3394
service_169,class_3395
service_169,class_3396
service_169,class_3397
service_169,class_3398
service_169,class_3399
service_170,class_3400
service_170,class_3401
service_170,class_3402
service_170,class_3403
service_170,class_3404
service_170,class_3405
service_170,class_3406
service_170,class_3407
service_170,class_3408
service_170,class_3409
service_170,class_3410
service_170,class_3411
service_170,class_3412
service_170,class_3413
service_170,class_3414
service_170,class_3415
service_170,class_3416
service_170,class_3417
service_170,class_3418
service_170,class_3419
service_171,class_3420
service_171,class_3421
service_171,class_3422
service_171,class_3423
service_171,class_3424
service_171,class_3425
service_171,class_3426
service_171,class_3427
service_171,class_3428
service_171,class_3429
service_171,class_3430
service_171,class_3431
service_171,class_3432
service_171,class_3433
service_171,class_3434
service_171,class_3435
service_171,class_3436
service_171,class_3437
service_171,class_3438
service_171,class_3439
service_172,class_3440
service_172,class_3441
service_172,class_3442
service_172,class_3443
service_172,class_3444
service_172,class_3445
service_172,class_3446
service_172,class_3447
service_172,class_3448
service_172,class_3449
service_172,class_3450
service_172,class_3451
service_172,class_3452
service_172,class_3453
service_172,class_3454
service_172,class_3455
service_172,class_3456
service_172,class_3457
service_172,class_3458
service_172,class_3459
service_173,class_3460
service_173,class_3461
service_173,class_3462
service_173,class_3463
service_173,class_3464
service_173,class_3465
service_173,class_3466
service_173,class_3467
service_173,class_3468
service_173,class_3469
service_173,class_3470
service_173,class_3471
service_173,class_3472
service_173,class_3473
service_173,class_3474
service_173,class_3475
service_173,class_3476
service_173,class_3477
service_173,class_3478
service_173,class_3479
service_174,class_3480
service_174,class_3481
service_174,class_3482
service_174,class_3483
service_174,class_3484
service_174,class_3485
service_174,class_3486
service_174,class_3487
service_174,class_3488
service_174,class_3489
service_174,class_3490
service_174,class_3491
service_174,class_3492
service_174,class_3493
service_174,class_3494
service_174,class_3495
service_174,class_3496
service_174,class_3497
service_174,class_3498
service_174,class_3499
service_175,class_3500
service_175,class_3501
service_175,class_3502
service_175,class_3503
service_175,class_3504
service_175,class_3505
service_175,class_3506
service_175,class_3507
service_175,class_3508
service_175,class_3509
service_175,class_3510
service_175,class_3511
service_175,class_3512
service_175,class_3513
service_175,class_3514
service_175,class_3515
service_175,class_3516
service_175,class_3517
service_175,class_3518
service_175,class_3519
service_176,class_3520
service_176,class_3521
service_176,class_3522
service_176,class_3523
service_176,class_3524
service_176,class_3525
service_176,class_3526
service_176,class_3527
service_176,class_3528
service_176,class_3529
service_176,class_3530
service_176,class_3531
service_176,class_3532
service_176,class_3533
service_176,class_3534
service_176,class_3535
service_176,class_3536
service_176,class_3537
service_176,class_3538
service_176,class_3539
service_177,class_3540
service_177,class_3541
service_177,class_3542
service_177,class_3543
service_177,class_3544
service_177,class_3545
service_177,class_3546
service_177,class_3547
service_177,class_3548
service_177,class_3549
service_177,class_3550
service_177,class_3551
service_177,class_3552
service_177,class_3553
service_177,class_3554
service_177,class_3555
service_177,class_3556
service_177,class_3557
service_177,class_3558
service_177,class_3559
service_178,class_3560
service_178,class_3561
service_178,class_3562
service_178,class_3563
service_178,class_3564
service_178,class_3565
service_178,class_3566
service_178,class_3567
service_178,class_3568
service_178,class_3569
service_178,class_3570
service_178,class_3571
service_178,class_3572
service_178,class_3573
service_178,class_3574
service_178,class_3575
service_178,class_3576
service_178,class_3577
service_178,class_3578
service_178,class_3579
service_179,class_3580
service_179,class_3581
service_179,class_3582
service_179,class_3583
service_179,class_3584
service_179,class_3585
service_179,class_3586
service_179,class_3587
service_179,class_3588
service_179,class_3589
service_179,class_3590
service_179,class_3591
service_179,class_3592
service_179,class_3593
service_179,class_3594
service_179,class_3595
service_179,class_3596
service_179,class_3597
service_179,class_3598
service_179,class_3599
service_180,class_3600
service_180,class_3601
service_180,class_3602
service_180,class_3603
service_180,class_3604
service_180,class_3605
service_180,class_3606
service_180,class_3607
service_180,class_3608
service_180,class_3609
service_180,class_3610
service_180,class_3611
service_180,class_3612
service_180,class_3613
service_180,class_3614
service_180,class_3615
service_180,class_3616
service_180,class_3617
service_180,class_3618
service_180,class_3619
service_181,class_3620
service_181,class_3621
service_181,class_3622
service_181,class_3623
service_181,class_3624
service_181,class_3625
service_181,class_3626
service_181,class_3627
service_181,class_3628
service_181,class_3629
service_181,class_3630
service_181,class_3631
service_181,class_3632
service_181,class_3633
service_181,class_3634
service_181,class_3635
service_181,class_3636
service_181,class_3637
service_181,class_3638
service_181,class_3639
service_182,class_3640
service_182,class_3641
service_182,class_3642
service_182,class_3643
service_182,class_3644
service_182,class_3645
service_182,class_3646
service_182,class_3647
service_182,class_3648
service_182,class_3649
service_182,class_3650
service_182,class_3651
service_182,class_3652
service_182,class_3653
service_182,class_3654
service_182,class_3655
service_182,class_3656
service_182,class_3657
service_182,class_3658
service_182,class_3659
service_183,class_3660
service_183,class_3661
service_183,class_3662
service_183,class_3663
service_183,class_3664
service_183,class_3665
service_183,class_3666
service_183,class_3667
service_183,class_3668
service_183,class_3669
service_183,class_3670
service_183,class_3671
service_183,class_3672
service_183,class_3673
service_183,class_3674
service_183,class_3675
service_183,class_3676
service_183,class_3677
service_183,class_3678
service_183,class_3679
service_184,class_3680
service_184,class_3681
service_184,class_3682
service_184,class_3683
service_184,class_3684
service_184,class_3685
service_184,class_3686
service_184,class_3687
service_184,class_3688
service_184,class_3689
service_184,class_3690
service_184,class_3691
service_184,class_3692
service_184,class_3693
service_184,class_3694
service_184,class_3695
service_184,class_3696
service_184,class_3697
service_184,class_3698
service_184,class_3699
service_185,class_3700
service_185,class_3701
service_185,class_3702
service_185,class_3703
service_185,class_3704
service_185,class_3705
service_185,class_3706
service_185,class_3707
service_185,class_3708
service_185,class_3709
service_185,class_3710
service_185,class_3711
service_185,class_3712
service_185,class_3713
service_185,class_3714
service_185,class_3715
service_185,class_3716
service_185,class_3717
service_185,class_3718
service_185,class_3719
service_186,class_3720
service_186,class_3721
service_186,class_3722
service_186,class_3723
service_186,class_3724
service_186,class_3725
service_186,class_3726
service_186,class_3727
service_186,class_3728
service_186,class_3729
service_186,class_3730
service_186,class_3731
service_186,class_3732
service_186,class_3733
service_186,class_3734
service_186,class_3735
service_186,class_3736
service_186,class_3737
service_186,class_3738
service_186,class_3739
service_187,class_3740
service_187,class_3741
service_187,class_3742
service_187,class_3743
service_187,class_3744
service_187,class_3745
service_187,class_3746
service_187,class_3747
service_187,class_3748
service_187,class_3749
service_187,class_3750
service_187,class_3751
service_187,class_3752
service_187,class_3753
service_187,class_3754
service_187,class_3755
service_187,class_3756
service_187,class_3757
service_187,class_3758
service_187,class_3759
service_188,class_3760
service_188,class_3761
service_188,class_3762
service_188,class_3763
service_188,class_3764
service_188,class_3765
service_188,class_3766
service_188,class_3767
service_188,class_3768
service_188,class_3769
service_188,class_3770
service_188,class_3771
service_188,class_3772
service_188,class_3773
service_188,class_3774
service_188,class_3775
service_188,class_3776
service_188,class_3777
service_188,class_3778
service_188,class_3779
service_189,class_3780
service_189,class_3781
service_189,class_3782
service_189,class_3783
service_189,class_3784
service_189,class_3785
service_189,class_3786
service_189,class_3787
service_189,class_3788
service_189,class_3789
service_189,class_3790
service_189,class_3791
service_189,class_3792
service_189,class_3793
service_189,class_3794
service_189,class_3795
service_189,class_3796
service_189,class_3797
service_189,class_3798
service_189,class_3799
service_190,class_3800
service_190,class_3801
service_190,class_3802
service_190,class_3803
service_190,class_3804
service_190,class_3805
service_190,class_3806
service_190,class_3807
service_190,class_3808
service_190,class_3809
service_190,class_3810
service_190,class_3811
service_190,class_3812
service_190,class_3813
service_190,class_3814
service_190,class_3815
service_190,class_3816
service_190,class_3817
service_190,class_3818
service_190,class_3819
service_191,class_3820
service_191,class_3821
service_191,class_3822
service_191,class_3823
service_191,class_3824
service_191,class_3825
service_191,class_3826
service_191,class_3827
service_191,class_3828
service_191,class_3829
service_191,class_3830
service_191,class_3831
service_191,class_3832
service_191,class_3833
service_191,class_3834
service_191,class_3835
service_191,class_3836
service_191,class_3837
service_191,class_3838
service_191,class_3839
service_192,class_3840
service_192,class_3841
service_192,class_3842
service_192,class_3843
service_192,class_3844
service_192,class_3845
service_192,class_3846
service_192,class_3847
service_192,class_3848
service_192,class_3849
service_192,class_3850
service_192,class_3851
service_192,class_3852
service_192,class_3853
service_192,class_3854
service_192,class_3855
service_192,class_3856
service_192,class_3857
service_192,class_3858
service_192,class_3859
service_193,class_3860
service_193,class_3861
service_193,class_3862
service_193,class_3863
service_193,class_3864
service_193,class_3865
service_193,class_3866
service_193,class_3867
service_193,class_3868
service_193,class_3869
service_193,class_3870
service_193,class_3871
service_193,class_3872
service_193,class_3873
service_193,class_3874
service_193,class_3875
service_193,class_3876
service_193,class_3877
service_193,class_3878
service_193,class_3879
service_194,class_3880
service_194,class_3881
service_194,class_3882
service_194,class_3883
service_194,class_3884
service_194,class_3885
service_194,class_3886
service_194,class_3887
service_194,class_3888
service_194,class_3889
service_194,class_3890
service_194,class_3891
service_194,class_3892
service_194,class_3893
service_194,class_3894
service_194,class_3895
service_194,class_3896
service_194,class_3897
service_194,class_3898
service_194,class_3899
service_195,class_3900
service_195,class_3901
service_195,class_3902
service_195,class_3903
service_195,class_3904
service_195,class_3905
service_195,class_3906
service_195,class_3907
service_195,class_3908
service_195,class_3909
service_195,class_3910
service_195,class_3911
service_195,class_3912
service_195,class_3913
service_195,class_3914
service_195,class_3915
service_195,class_3916
service_195,class_3917
service_195,class_3918
service_195,class_3919
service_196,class_3920
service_196,class_3921
service_196,class_3922
service_196,class_3923
service_196,class_3924
service_196,class_3925
service_196,class_3926
service_196,class_3927
service_196,class_3928
service_196,class_3929
service_196,class_3930
service_196,class_3931
service_196,class_3932
service_196,class_3933
service_196,class_3934
service_196,class_3935
service_196,class_3936
service_196,class_3937
service_196,class_3938
service_196,class_3939
service_197,class_3940
service_197,class_3941
service_197,class_3942
service_197,class_3943
service_197,class_3944
service_197,class_3945
service_197,class_3946
service_197,class_3947
service_197,class_3948
service_197,class_3949
service_197,class_3950
service_197,class_3951
service_197,class_3952
service_197,class_3953
service_197,class_3954
service_197,class_3955
service_197,class_3956
service_197,class_3957
service_197,class_3958
service_197,class_3959
service_198,class_3960
service_198,class_3961
service_198,class_3962
service_198,class_3963
service_198,class_3964
service_198,class_3965
service_198,class_3966
service_198,class_3967
service_198,class_3968
service_198,class_3969
service_198,class_3970
service_198,class_3971
service_198,class_3972
service_198,class_3973
service_198,class_3974
service_198,class_3975
service_198,class_3976
service_198,class_3977
service_198,class_3978
service_198,class_3979
service_199,class_3980
service_199,class_3981
service_199,class_3982
service_199,class_3983
service_199,class_3984
service_199,class_3985
service_199,class_3986
service_199,class_3987
service_199,class_3988
service_199,class_3989
service_199,class_3990
service_199,class_3991
service_199,class_3992
service_199,class_3993
service_199,class_3994
service_199,class_3995
service_199,class_3996
service_199,class_3997
service_199,class_3998
service_199,class_3999
service_200,class_4000
service_200,class_4001
service_200,class_4002
service_200,class_4003
service_200,class_4004
service_200,class_4005
service_200,class_4006
service_200,class_4007
service_200,class_4008
service_200,class_4009
service_200,class_4010
service_200,class_4011
service_200,class_4012
service_200,class_4013
service_200,class_4014
service_200,class_4015
service_200,class_4016
service_200,class_4017
service_200,class_4018
service_200,class_4019
service_201,class_4020
service_201,class_4021
service_201,class_4022
service_201,class_4023
service_201,class_4024
service_201,class_4025
service_201,class_4026
service_201,class_4027
service_201,class_4028
service_201,class_4029
service_201,class_4030
service_201,class_4031
service_201,class_4032
service_201,class_4033
service_201,class_4034
service_201,class_4035
service_201,class_4036
service_201,class_4037
service_201,class_4038
service_201,class_4039
service_202,class_4040
service_202,class_4041
service_202,class_4042
service_202,class_4043
service_202,class_4044
service_202,class_4045
service_202,class_4046
service_202,class_4047
service_202,class_4048
service_202,class_4049
service_202,class_4050
service_202,class_4051
service_202,class_4052
service_202,class_4053
service_202,class_4054
service_202,class_4055
service_202,class_4056
service_202,class_4057
service_202,class_4058
service_202,class_4059
service_203,class_4060
service_203,class_4061
service_203,class_4062
service_203,class_4063
service_203,class_4064
service_203,class_4065
service_203,class_4066
service_203,class_4067
service_203,class_4068
service_203,class_4069
service_203,class_4070
service_203,class_4071
service_203,class_4072
service_203,class_4073
service_203,class_4074
service_203,class_4075
service_203,class_4076
service_203,class_4077
service_203,class_4078
service_203,class_4079
service_204,class_4080
service_204,class_4081
service_204,class_4082
service_204,class_4083
service_204,class_4084
service_204,class_4085
service_204,class_4086
service_204,class_4087
service_204,class_4088
service_204,class_4089
service_204,class_4090
service_204,class_4091
service_204,class_4092
service_204,class_4093
service_204,class_4094
service_204,class_4095
service_204,class_4096
service_204,class_4097
service_204,class_4098
service_204,class_4099
service_205,class_4100
service_205,class_4101
service_205,class_4102
service_205,class_4103
service_205,class_4104
service_205,class_4105
service_205,class_4106
service_205,class_4107
service_205,class_4108
service_205,class_4109
service_205,class_4110
service_205,class_4111
service_205,class_4112
service_205,class_4113
service_205,class_4114
service_205,class_4115
service_205,class_4116
service_205,class_4117
service_205,class_4118
service_205,class_4119
service_206,class_4120
service_206,class_4121
service_206,class_4122
service_206,class_4123
service_206,class_4124
service_206,class_4125
service_206,class_4126
service_206,class_4127
service_206,class_4128
service_206,class_4129
service_206,class_4130
service_206,class_4131
service_206,class_4132
service_206,class_4133
service_206,class_4134
service_206,class_4135
service_206,class_4136
service_206,class_4137
service_206,class_4138
service_206,class_4139
service_207,class_4140
service_207,class_4141
service_207,class_4142
service_207,class_4143
service_207,class_4144
service_207,class_4145
service_207,class_4146
service_207,class_4147
service_207,class_4148
service_207,class_4149
service_207,class_4150
service_207,class_4151
service_207,class_4152
service_207,class_4153
service_207,class_4154
service_207,class_4155
service_207,class_4156
service_207,class_4157
service_207,class_4158
service_207,class_4159
service_208,class_4160
service_208,class_4161
service_208,class_4162
service_208,class_4163
service_208,class_4164
service_208,class_4165
service_208,class_4166
service_208,class_4167
service_208,class_4168
service_208,class_4169
service_208,class_4170
service_208,class_4171
service_208,class_4172
service_208,class_4173
service_208,class_4174
service_208,class_4175
service_208,class_4176
service_208,class_4177
service_208,class_4178
service_208,class_4179
service_209,class_4180
service_209,class_4181
service_209,class_4182
service_209,class_4183
service_209,class_4184
service_209,class_4185
service_209,class_4186
service_209,class_4187
service_209,class_4188
service_209,class_4189
service_209,class_4190
service_209,class_4191
service_209,class_4192
service_209,class_4193
service_209,class_4194
service_209,class_4195
service_209,class_4196
service_209,class_4197
service_209,class_4198
service_209,class_4199
service_210,class_4200
service_210,class_4201
service_210,class_4202
service_210,class_4203
service_210,class_4204
service_210,class_4205
service_210,class_4206
service_210,class_4207
service_210,class_4208
service_210,class_4209
service_210,class_4210
service_210,class_4211
service_210,class_4212
service_210,class_4213
service_210,class_4214
service_210,class_4215
service_210,class_4216
service_210,class_4217
service_210,class_4218
service_210,class_4219
service_211,class_4220
service_211,class_4221
service_211,class_4222
service_211,class_4223
service_211,class_4224
service_211,class_4225
service_211,class_4226
service_211,class_4227
service_211,class_4228
service_211,class_4229
service_211,class_4230
service_211,class_4231
service_211,class_4232
service_211,class_4233
service_211,class_4234
service_211,class_4235
service_211,class_4236
service_211,class_4237
service_211,class_4238
service_211,class_4239
service_212,class_4240
service_212,class_4241
service_212,class_4242
service_212,class_4243
service_212,class_4244
service_212,class_4245
service_212,class_4246
service_212,class_4247
service_212,class_4248
service_212,class_4249
service_212,class_4250
service_212,class_4251
service_212,class_4252
service_212,class_4253
service_212,class_4254
service_212,class_4255
service_212,class_4256
service_212,class_4257
service_212,class_4258
service_212,class_4259
service_213,class_4260
service_213,class_4261
service_213,class_4262
service_213,class_4263
service_213,class_4264
service_213,class_4265
service_213,class_4266
service_213,class_4267
service_213,class_4268
service_213,class_4269
service_213,class_4270
service_213,class_4271
service_213,class_4272
service_213,class_4273
service_213,class_4274
service_213,class_4275
service_213,class_4276
service_213,class_4277
service_213,class_4278
service_213,class_4279
service_214,class_4280
service_214,class_4281
service_214,class_4282
service_214,class_4283
service_214,class_4284
service_214,class_4285
service_214,class_4286
service_214,class_4287
service_214,class_4288
service_214,class_4289
service_214,class_4290
service_214,class_4291
service_214,class_4292
service_214,class_4293
service_214,class_4294
service_214,class_4295
service_214,class_4296
service_214,class_4297
service_214,class_4298
service_214,class_4299
service_215,class_4300
service_215,class_4301
service_215,class_4302
service_215,class_4303
service_215,class_4304
service_215,class_4305
service_215,class_4306
service_215,class_4307
service_215,class_4308
service_215,class_4309
service_215,class_4310
service_215,class_4311
service_215,class_4312
service_215,class_4313
service_215,class_4314
service_215,class_4315
service_215,class_4316
service_215,class_4317
service_215,class_4318
service_215,class_4319
service_216,class_4320
service_216,class_4321
service_216,class_4322
service_216,class_4323
service_216,class_4324
service_216,class_4325
service_216,class_4326
service_216,class_4327
service_216,class_4328
service_216,class_4329
service_216,class_4330
service_216,class_4331
service_216,class_4332
service_216,class_4333
service_216,class_4334
service_216,class_4335
service_216,class_4336
service_216,class_4337
service_216,class_4338
service_216,class_4339
service_217,class_4340
service_217,class_4341
service_217,class_4342
service_217,class_4343
service_217,class_4344
service_217,class_4345
service_217,class_4346
service_217,class_4347
service_217,class_4348
service_217,class_4349
service_217,class_4350
service_217,class_4351
service_217,class_4352
service_217,class_4353
service_217,class_4354
service_217,class_4355
service_217,class_4356
service_217,class_4357
service_217,class_4358
service_217,class_4359
service_218,class_4360
service_218,class_4361
service_218,class_4362
service_218,class_4363
service_218,class_4364
service_218,class_4365
service_218,class_4366
service_218,class_4367
service_218,class_4368
service_218,class_4369
service_218,class_4370
service_218,class_4371
service_218,class_4372
service_218,class_4373
service_218,class_4374
service_218,class_4375
service_218,class_4376
service_218,class_4377
service_218,class_4378
service_218,class_4379
service_219,class_4380
service_219,class_4381
service_219,class_4382
service_219,class_4383
service_219,class_4384
service_219,class_4385
service_219,class_4386
service_219,class_4387
service_219,class_4388
service_219,class_4389
service_219,class_4390
service_219,class_4391
service_219,class_4392
service_219,class_4393
service_219,class_4394
service_219,class_4395
service_219,class_4396
service_219,class_4397
service_219,class_4398
service_219,class_4399
service_220,class_4400
service_220,class_4401
service_220,class_4402
service_220,class_4403
service_220,class_4404
service_220,class_4405
service_220,class_4406
service_220,class_4407
service_220,class_4408
service_220,class_4409
service_220,class_4410
service_220,class_4411
service_220,class_4412
service_220,class_4413
service_220,class_4414
service_220,class_4415
service_220,class_4416
service_220,class_4417
service_220,class_4418
service_220,class_4419
service_221,class_4420
service_221,class_4421
service_221,class_4422
service_221,class_4423
service_221,class_4424
service_221,class_4425
service_221,class_4426
service_221,class_4427
service_221,class_4428
service_221,class_4429
service_221,class_4430
service_221,class_4431
service_221,class_4432
service_221,class_4433
service_221,class_4434
service_221,class_4435
service_221,class_4436
service_221,class_4437
service_221,class_4438
service_221,class_4439
service_222,class_4440
service_222,class_4441
service_222,class_4442
service_222,class_4443
service_222,class_4444
service_222,class_4445
service_222,class_4446
service_222,class_4447
service_222,class_4448
service_222,class_4449
service_222,class_4450
service_222,class_4451
service_222,class_4452
service_222,class_4453
service_222,class_4454
service_222,class_4455
service_222,class_4456
service_222,class_4457
service_222,class_4458
service_222,class_4459
service_223,class_4460
service_223,class_4461
service_223,class_4462
service_223,class_4463
service_223,class_4464
service_223,class_4465
service_223,class_4466
service_223,class_4467
service_223,class_4468
service_223,class_4469
service_223,class_4470
service_223,class_4471
service_223,class_4472
service_223,class_4473
service_223,class_4474
service_223,class_4475
service_223,class_4476
service_223,class_4477
service_223,class_4478
service_223,class_4479
service_224,class_4480
service_224,class_4481
service_224,class_4482
service_224,class_4483
service_224,class_4484
service_224,class_4485
service_224,class_4486
service_224,class_4487
service_224,class_4488
service_224,class_4489
service_224,class_4490
service_224,class_4491
service_224,class_4492
service_224,class_4493
service_224,class_4494
service_224,class_4495
service_224,class_4496
service_224,class_4497
service_224,class_4498
service_224,class_4499
service_225,class_4500
service_225,class_4501
service_225,class_4502
service_225,class_4503
service_225,class_4504
service_225,class_4505
service_225,class_4506
service_225,class_4507
service_225,class_4508
service_225,class_4509
service_225,class_4510
service_225,class_4511
service_225,class_4512
service_225,class_4513
service_225,class_4514
service_225,class_4515
service_225,class_4516
service_225,class_4517
service_225,class_4518
service_225,class_4519
service_226,class_4520
service_226,class_4521
service_226,class_4522
service_226,class_4523
service_226,class_4524
service_226,class_4525
service_226,class_4526
service_226,class_4527
service_226,class_4528
service_226,class_4529
service_226,class_4530
service_226,class_4531
service_226,class_4532
service_226,class_4533
service_226,class_4534
service_226,class_4535
service_226,class_4536
service_226,class_4537
service_226,class_4538
service_226,class_4539
service_227,class_4540
service_227,class_4541
service_227,class_4542
service_227,class_4543
service_227,class_4544
service_227,class_4545
service_227,class_4546
service_227,class_4547
service_227,class_4548
service_227,class_4549
service_227,class_4550
service_227,class_4551
service_227,class_4552
service_227,class_4553
service_227,class_4554
service_227,class_4555
service_227,class_4556
service_227,class_4557
service_227,class_4558
service_227,class_4559
service_228,class_4560
service_228,class_4561
service_228,class_4562
service_228,class_4563
service_228,class_4564
service_228,class_4565
service_228,class_4566
service_228,class_4567
service_228,class_4568
service_228,class_4569
service_228,class_4570
service_228,class_4571
service_228,class_4572
service_228,class_4573
service_228,class_4574
service_228,class_4575
service_228,class_4576
service_228,class_4577
service_228,class_4578
service_228,class_4579
service_229,class_4580
service_229,class_4581
service_229,class_4582
service_229,class_4583
service_229,class_4584
service_229,class_4585
service_229,class_4586
service_229,class_4587
service_229,class_4588
service_229,class_4589
service_229,class_4590
service_229,class_4591
service_229,class_4592
service_229,class_4593
service_229,class_4594
service_229,class_4595
service_229,class_4596
service_229,class_4597
service_229,class_4598
service_229,class_4599
service_230,class_4600
service_230,class_4601
service_230,class_4602
service_230,class_4603
service_230,class_4604
service_230,class_4605
service_230,class_4606
service_230,class_4607
service_230,class_4608
service_230,class_4609
service_230,class_4610
service_230,class_4611
service_230,class_4612
service_230,class_4613
service_230,class_4614
service_230,class_4615
service_230,class_4616
service_230,class_4617
service_230,class_4618
service_230,class_4619
service_231,class_4620
service_231,class_4621
service_231,class_4622
service_231,class_4623
service_231,class_4624
service_231,class_4625
service_231,class_4626
service_231,class_4627
service_231,class_4628
service_231,class_4629
service_231,class_4630
service_231,class_4631
service_231,class_4632
service_231,class_4633
service_231,class_4634
service_231,class_4635
service_231,class_4636
service_231,class_4637
service_231,class_4638
service_231,class_4639
service_232,class_4640
service_232,class_4641
service_232,class_4642
service_232,class_4643
service_232,class_4644
service_232,class_4645
service_232,class_4646
service_232,class_4647
service_232,class_4648
service_232,class_4649
service_232,class_4650
service_232,class_4651
service_232,class_4652
service_232,class_4653
service_232,class_4654
service_232,class_4655
service_232,class_4656
service_232,class_4657
service_232,class_4658
service_232,class_4659
service_233,class_4660
service_233,class_4661
service_233,class_4662
service_233,class_4663
service_233,class_4664
service_233,class_4665
service_233,class_4666
service_233,class_4667
service_233,class_4668
service_233,class_4669
service_233,class_4670
service_233,class_4671
service_233,class_4672
service_233,class_4673
service_233,class_4674
service_233,class_4675
service_233,class_4676
service_233,class_4677
service_233,class_4678
service_233,class_4679
service_234,class_4680
service_234,class_4681
service_234,class_4682
service_234,class_4683
service_234,class_4684
service_234,class_4685
service_234,class_4686
service_234,class_4687
service_234,class_4688
service_234,class_4689
service_234,class_4690
service_234,class_4691
service_234,class_4692
service_234,class_4693
service_234,class_4694
service_234,class_4695
service_234,class_4696
service_234,class_4697
service_234,class_4698
service_234,class_4699
service_235,class_4700
service_235,class_4701
service_235,class_4702
service_235,class_4703
service_235,class_4704
service_235,class_4705
service_235,class_4706
service_235,class_4707
service_235,class_4708
service_235,class_4709
service_235,class_4710
service_235,class_4711
service_235,class_4712
service_235,class_4713
service_235,class_4714
service_235,class_4715
service_235,class_4716
service_235,class_4717
service_235,class_4718
service_235,class_4719
service_236,class_4720
service_236,class_4721
service_236,class_4722
service_236,class_4723
service_236,class_4724
service_236,class_4725
service_236,class_4726
service_236,class_4727
service_236,class_4728
service_236,class_4729
service_236,class_4730
service_236,class_4731
service_236,class_4732
service_236,class_4733
service_236,class_4734
service_236,class_4735
service_236,class_4736
service_236,class_4737
service_236,class_4738
service_236,class_4739
service_237,class_4740
service_237,class_4741
service_237,class_4742
service_237,class_4743
service_237,class_4744
service_237,class_4745
service_237,class_4746
service_237,class_4747
service_237,class_4748
service_237,class_4749
service_237,class_4750
service_237,class_4751
service_237,class_4752
service_237,class_4753
service_237,class_4754
service_237,class_4755
service_237,class_4756
service_237,class_4757
service_237,class_4758
service_237,class_4759
service_238,class_4760
service_238,class_4761
service_238,class_4762
service_238,class_4763
service_238,class_4764
service_238,class_4765
service_238,class_4766
service_238,class_4767
service_238,class_4768
service_238,class_4769
service_238,class_4770
service_238,class_4771
service_238,class_4772
service_238,class_4773
service_238,class_4774
service_238,class_4775
service_238,class_4776
service_238,class_4777
service_238,class_4778
service_238,class_4779
service_239,class_4780
service_239,class_4781
service_239,class_4782
service_239,class_4783
service_239,class_4784
service_239,class_4785
service_239,class_4786
service_239,class_4787
service_239,class_4788
service_239,class_4789
service_239,class_4790
service_239,class_4791
service_239,class_4792
service_239,class_4793
service_239,class_4794
service_239,class_4795
service_239,class_4796
service_239,class_4797
service_239,class_4798
service_239,class_4799
service_240,class_4800
service_240,class_4801
service_240,class_4802
service_240,class_4803
service_240,class_4804
service_240,class_4805
service_240,class_4806
service_240,class_4807
service_240,class_4808
service_240,class_4809
service_240,class_4810
service_240,class_4811
service_240,class_4812
service_240,class_4813
service_240,class_4814
service_240,class_4815
service_240,class_4816
service_240,class_4817
service_240,class_4818
service_240,class_4819
service_241,class_4820
service_241,class_4821
service_241,class_4822
service_241,class_4823
service_241,class_4824
service_241,class_4825
service_241,class_4826
service_241,class_4827
service_241,class_4828
service_241,class_4829
service_241,class_4830
service_241,class_4831
service_241,class_4832
service_241,class_4833
service_241,class_4834
service_241,class_4835
service_241,class_4836
service_241,class_4837
service_241,class_4838
service_241,class_4839
service_242,class_4840
service_242,class_4841
service_242,class_4842
service_242,class_4843
service_242,class_4844
service_242,class_4845
service_242,class_4846
service_242,class_4847
service_242,class_4848
service_242,class_4849
service_242,class_4850
service_242,class_4851
service_242,class_4852
service_242,class_4853
service_242,class_4854
service_242,class_4855
service_242,class_4856
service_242,class_4857
service_242,class_4858
service_242,class_4859
service_243,class_4860
service_243,class_4861
service_243,class_4862
service_243,class_4863
service_243,class_4864
service_243,class_4865
service_243,class_4866
service_243,class_4867
service_243,class_4868
service_243,class_4869
service_243,class_4870
service_243,class_4871
service_243,class_4872
service_243,class_4873
service_243,class_4874
service_243,class_4875
service_243,class_4876
service_243,class_4877
service_243,class_4878
service_243,class_4879
service_244,class_4880
service_244,class_4881
service_244,class_4882
service_244,class_4883
service_244,class_4884
service_244,class_4885
service_244,class_4886
service_244,class_4887
service_244,class_4888
service_244,class_4889
service_244,class_4890
service_244,class_4891
service_244,class_4892
service_244,class_4893
service_244,class_4894
service_244,class_4895
service_244,class_4896
service_244,class_4897
service_244,class_4898
service_244,class_4899
service_245,class_4900
service_245,class_4901
service_245,class_4902
service_245,class_4903
service_245,class_4904
service_245,class_4905
service_245,class_4906
service_245,class_4907
service_245,class_4908
service_245,class_4909
service_245,class_4910
service_245,class_4911
service_245,class_4912
service_245,class_4913
service_245,class_4914
service_245,class_4915
service_245,class_4916
service_245,class_4917
service_245,class_4918
service_245,class_4919
service_246,class_4920
service_246,class_4921
service_246,class_4922
service_246,class_4923
service_246,class_4924
service_246,class_4925
service_246,class_4926
service_246,class_4927
service_246,class_4928
service_246,class_4929
service_246,class_4930
service_246,class_4931
service_246,class_4932
service_246,class_4933
service_246,class_4934
service_246,class_4935
service_246,class_4936
service_246,class_4937
service_246,class_4938
service_246,class_4939
service_247,class_4940
service_247,class_4941
service_247,class_4942
service_247,class_4943
service_247,class_4944
service_247,class_4945
service_247,class_4946
service_247,class_4947
service_247,class_4948
service_247,class_4949
service_247,class_4950
service_247,class_4951
service_247,class_4952
service_247,class_4953
service_247,class_4954
service_247,class_4955
service_247,class_4956
service_247,class_4957
service_247,class_4958
service_247,class_4959
service_248,class_4960
service_248,class_4961
service_248,class_4962
service_248,class_4963
service_248,class_4964
service_248,class_4965
service_248,class_4966
service_248,class_4967
service_248,class_4968
service_248,class_4969
service_248,class_4970
service_248,class_4971
service_248,class_4972
service_248,class_4973
service_248,class_4974
service_248,class_4975
service_248,class_4976
service_248,class_4977
service_248,class_4978
service_248,class_4979
service_249,class_4980
service_249,class_4981
service_249,class_4982
service_249,class_4983
service_249,class_4984
service_249,class_4985
service_249,class_4986
service_249,class_4987
service_249,class_4988
service_249,class_4989
service_249,class_4990
service_249,class_4991
service_249,class_4992
service_249,class_4993
service_249,class_4994
service_249,class_4995
service_249,class_4996
service_249,class_4997
service_249,class_4998
service_249,class_4999
service_250,class_5000
service_250,class_5001
service_250,class_5002
service_250,class_5003
service_250,class_5004
service_250,class_5005
service_250,class_5006
service_250,class_5007
service_250,class_5008
service_250,class_5009
service_250,class_5010
service_250,class_5011
service_250,class_5012
service_250,class_5013
service_250,class_5014
service_250,class_5015
service_250,class_5016
service_250,class_5017
service_250,class_5018
service_250,class_5019
service_251,class_5020
service_251,class_5021
service_251,class_5022
service_251,class_5023
service_251,class_5024
service_251,class_5025
service_251,class_5026
service_251,class_5027
service_251,class_5028
service_251,class_5029
service_251,class_5030
service_251,class_5031
service_251,class_5032
service_251,class_5033
service_251,class_5034
service_251,class_5035
service_251,class_5036
service_251,class_5037
service_251,class_5038
service_251,class_5039
service_252,class_5040
service_252,class_5041
service_252,class_5042
service_252,class_5043
service_252,class_5044
service_252,class_5045
service_252,class_5046
service_252,class_5047
service_252,class_5048
service_252,class_5049
service_252,class_5050
service_252,class_5051
service_252,class_5052
service_252,class_5053
service_252,class_5054
service_252,class_5055
service_252,class_5056
service_252,class_5057
service_252,class_5058
service_252,class_5059
service_253,class_5060
service_253,class_5061
service_253,class_5062
service_253,class_5063
service_253,class_5064
service_253,class_5065
service_253,class_5066
service_253,class_5067
service_253,class_5068
service_253,class_5069
service_253,class_5070
service_253,class_5071
service_253,class_5072
service_253,class_5073
service_253,class_5074
service_253,class_5075
service_253,class_5076
service_253,class_5077
service_253,class_5078
service_253,class_5079
service_254,class_5080
service_254,class_5081
service_254,class_5082
service_254,class_5083
service_254,class_5084
service_254,class_5085
service_254,class_5086
service_254,class_5087
service_254,class_5088
service_254,class_5089
service_254,class_5090
service_254,class_5091
service_254,class_5092
service_254,class_5093
service_254,class_5094
service_254,class_5095
service_254,class_5096
service_254,class_5097
service_254,class_5098
service_254,class_5099
service_255,class_5100
service_255,class_5101
service_255,class_5102
service_255,class_5103
service_255,class_5104
service_255,class_5105
service_255,class_5106
service_255,class_5107
service_255,class_5108
service_255,class_5109
service_255,class_5110
service_255,class_5111
service_255,class_5112
service_255,class_5113
service_255,class_5114
service_255,class_5115
service_255,class_5116
service_255,class_5117
service_255,class_5118
service_255,class_5119
service_256,class_5120
service_256,class_5121
service_256,class_5122
service_256,class_5123
service_256,class_5124
service_256,class_5125
service_256,class_5126
service_256,class_5127
service_256,class_5128
service_256,class_5129
service_256,class_5130
service_256,class_5131
service_256,class_5132
service_256,class_5133
service_256,class_5134
service_256,class_5135
service_256,class_5136
service_256,class_5137
service_256,class_5138
service_256,class_5139
service_257,class_5140
service_257,class_5141
service_257,class_5142
service_257,class_5143
service_257,class_5144
service_257,class_5145
service_257,class_5146
service_257,class_5147
service_257,class_5148
service_257,class_5149
service_257,class_5150
service_257,class_5151
service_257,class_5152
service_257,class_5153
service_257,class_5154
service_257,class_5155
service_257,class_5156
service_257,class_5157
service_257,class_5158
service_257,class_5159
service_258,class_5160
service_258,class_5161
service_258,class_5162
service_258,class_5163
service_258,class_5164
service_258,class_5165
service_258,class_5166
service_258,class_5167
service_258,class_5168
service_258,class_5169
service_258,class_5170
service_258,class_5171
service_258,class_5172
service_258,class_5173
service_258,class_5174
service_258,class_5175
service_258,class_5176
service_258,class_5177
service_258,class_5178
service_258,class_5179
service_259,class_5180
service_259,class_5181
service_259,class_5182
service_259,class_5183
service_259,class_5184
service_259,class_5185
service_259,class_5186
service_259,class_5187
service_259,class_5188
service_259,class_5189
service_259,class_5190
service_259,class_5191
service_259,class_5192
service_259,class_5193
service_259,class_5194
service_259,class_5195
service_259,class_5196
service_259,class_5197
service_259,class_5198
service_259,class_5199
service_260,class_5200
service_260,class_5201
service_260,class_5202
service_260,class_5203
service_260,class_5204
service_260,class_5205
service_260,class_5206
service_260,class_5207
service_260,class_5208
service_260,class_5209
service_260,class_5210
service_260,class_5211
service_260,class_5212
service_260,class_5213
service_260,class_5214
service_260,class_5215
service_260,class_5216
service_260,class_5217
service_260,class_5218
service_260,class_5219
service_261,class_5220
service_261,class_5221
service_261,class_5222
service_261,class_5223
service_261,class_5224
service_261,class_5225
service_261,class_5226
service_261,class_5227
service_261,class_5228
service_261,class_5229
service_261,class_5230
service_261,class_5231
service_261,class_5232
service_261,class_5233
service_261,class_5234
service_261,class_5235
service_261,class_5236
service_261,class_5237
service_261,class_5238
service_261,class_5239
service_262,class_5240
service_262,class_5241
service_262,class_5242
service_262,class_5243
service_262,class_5244
service_262,class_5245
service_262,class_5246
service_262,class_5247
service_262,class_5248
service_262,class_5249
service_262,class_5250
service_262,class_5251
service_262,class_5252
service_262,class_5253
service_262,class_5254
service_262,class_5255
service_262,class_5256
service_262,class_5257
service_262,class_5258
service_262,class_5259
service_263,class_5260
service_263,class_5261
service_263,class_5262
service_263,class_5263
service_263,class_5264
service_263,class_5265
service_263,class_5266
service_263,class_5267
service_263,class_5268
service_263,class_5269
service_263,class_5270
service_263,class_5271
service_263,class_5272
service_263,class_5273
service_263,class_5274
service_263,class_5275
service_263,class_5276
service_263,class_5277
service_263,class_5278
service_263,class_5279
service_264,class_5280
service_264,class_5281
service_264,class_5282
service_264,class_5283
service_264,class_5284
service_264,class_5285
service_264,class_5286
service_264,class_5287
service_264,class_5288
service_264,class_5289
service_264,class_5290
service_264,class_5291
service_264,class_5292
service_264,class_5293
service_264,class_5294
service_264,class_5295
service_264,class_5296
service_264,class_5297
service_264,class_5298
service_264,class_5299
service_265,class_5300
service_265,class_5301
service_265,class_5302
service_265,class_5303
service_265,class_5304
service_265,class_5305
service_265,class_5306
service_265,class_5307
service_265,class_5308
service_265,class_5309
service_265,class_5310
service_265,class_5311
service_265,class_5312
service_265,class_5313
service_265,class_5314
service_265,class_5315
service_265,class_5316
service_265,class_5317
service_265,class_5318
service_265,class_5319
service_266,class_5320
service_266,class_5321
service_266,class_5322
service_266,class_5323
service_266,class_5324
service_266,class_5325
service_266,class_5326
service_266,class_5327
service_266,class_5328
service_266,class_5329
service_266,class_5330
service_266,class_5331
service_266,class_5332
service_266,class_5333
service_266,class_5334
service_266,class_5335
service_266,class_5336
service_266,class_5337
service_266,class_5338
service_266,class_5339
service_267,class_5340
service_267,class_5341
service_267,class_5342
service_267,class_5343
service_267,class_5344
service_267,class_5345
service_267,class_5346
service_267,class_5347
service_267,class_5348
service_267,class_5349
service_267,class_5350
service_267,class_5351
service_267,class_5352
service_267,class_5353
service_267,class_5354
service_267,class_5355
service_267,class_5356
service_267,class_5357
service_267,class_5358
service_267,class_5359
service_268,class_5360
service_268,class_5361
service_268,class_5362
service_268,class_5363
service_268,class_5364
service_268,class_5365
service_268,class_5366
service_268,class_5367
service_268,class_5368
service_268,class_5369
service_268,class_5370
service_268,class_5371
service_268,class_5372
service_268,class_5373
service_268,class_5374
service_268,class_5375
service_268,class_5376
service_268,class_5377
service_268,class_5378
service_268,class_5379
service_269,class_5380
service_269,class_5381
service_269,class_5382
service_269,class_5383
service_269,class_5384
service_269,class_5385
service_269,class_5386
service_269,class_5387
service_269,class_5388
service_269,class_5389
service_269,class_5390
service_269,class_5391
service_269,class_5392
service_269,class_5393
service_269,class_5394
service_269,class_5395
service_269,class_5396
service_269,class_5397
service_269,class_5398
service_269,class_5399
service_270,class_5400
service_270,class_5401
service_270,class_5402
service_270,class_5403
service_270,class_5404
service_270,class_5405
service_270,class_5406
service_270,class_5407
service_270,class_5408
service_270,class_5409
service_270,class_5410
service_270,class_5411
service_270,class_5412
service_270,class_5413
service_270,class_5414
service_270,class_5415
service_270,class_5416
service_270,class_5417
service_270,class_5418
service_270,class_5419
service_271,class_5420
service_271,class_5421
service_271,class_5422
service_271,class_5423
service_271,class_5424
service_271,class_5425
service_271,class_5426
service_271,class_5427
service_271,class_5428
service_271,class_5429
service_271,class_5430
service_271,class_5431
service_271,class_5432
service_271,class_5433
service_271,class_5434
service_271,class_5435
service_271,class_5436
service_271,class_5437
service_271,class_5438
service_271,class_5439
service_272,class_5440
service_272,class_5441
service_272,class_5442
service_272,class_5443
service_272,class_5444
service_272,class_5445
service_272,class_5446
service_272,class_5447
service_272,class_5448
service_272,class_5449
service_272,class_5450
service_272,class_5451
service_272,class_5452
service_272,class_5453
service_272,class_5454
service_272,class_5455
service_272,class_5456
service_272,class_5457
service_272,class_5458
service_272,class_5459
service_273,class_5460
service_273,class_5461
service_273,class_5462
service_273,class_5463
service_273,class_5464
service_273,class_5465
service_273,class_5466
service_273,class_5467
service_273,class_5468
service_273,class_5469
service_273,class_5470
service_273,class_5471
service_273,class_5472
service_273,class_5473
service_273,class_5474
service_273,class_5475
service_273,class_5476
service_273,class_5477
service_273,class_5478
service_273,class_5479
service_274,class_5480
service_274,class_5481
service_274,class_5482
service_274,class_5483
service_274,class_5484
service_274,class_5485
service_274,class_5486
service_274,class_5487
service_274,class_5488
service_274,class_5489
service_274,class_5490
service_274,class_5491
service_274,class_5492
service_274,class_5493
service_274,class_5494
service_274,class_5495
service_274,class_5496
service_274,class_5497
service_274,class_5498
service_274,class_5499
service_275,class_5500
service_275,class_5501
service_275,class_5502
service_275,class_5503
service_275,class_5504
service_275,class_5505
service_275,class_5506
service_275,class_5507
service_275,class_5508
service_275,class_5509
service_275,class_5510
service_275,class_5511
service_275,class_5512
service_275,class_5513
service_275,class_5514
service_275,class_5515
service_275,class_5516
service_275,class_5517
service_275,class_5518
service_275,class_5519
service_276,class_5520
service_276,class_5521
service_276,class_5522
service_276,class_5523
service_276,class_5524
service_276,class_5525
service_276,class_5526
service_276,class_5527
service_276,class_5528
service_276,class_5529
service_276,class_5530
service_276,class_5531
service_276,class_5532
service_276,class_5533
service_276,class_5534
service_276,class_5535
service_276,class_5536
service_276,class_5537
service_276,class_5538
service_276,class_5539
service_277,class_5540
service_277,class_5541
service_277,class_5542
service_277,class_5543
service_277,class_5544
service_277,class_5545
service_277,class_5546
service_277,class_5547
service_277,class_5548
service_277,class_5549
service_277,class_5550
service_277,class_5551
service_277,class_5552
service_277,class_5553
service_277,class_5554
service_277,class_5555
service_277,class_5556
service_277,class_5557
service_277,class_5558
service_277,class_5559
service_278,class_5560
service_278,class_5561
service_278,class_5562
service_278,class_5563
service_278,class_5564
service_278,class_5565
service_278,class_5566
service_278,class_5567
service_278,class_5568
service_278,class_5569
service_278,class_5570
service_278,class_5571
service_278,class_5572
service_278,class_5573
service_278,class_5574
service_278,class_5575
service_278,class_5576
service_278,class_5577
service_278,class_5578
service_278,class_5579
service_279,class_5580
service_279,class_5581
service_279,class_5582
service_279,class_5583
service_279,class_5584
service_279,class_5585
service_279,class_5586
service_279,class_5587
service_279,class_5588
service_279,class_5589
service_279,class_5590
service_279,class_5591
service_279,class_5592
service_279,class_5593
service_279,class_5594
service_279,class_5595
service_279,class_5596
service_279,class_5597
service_279,class_5598
service_279,class_5599
service_280,class_5600
service_280,class_5601
service_280,class_5602
service_280,class_5603
service_280,class_5604
service_280,class_5605
service_280,class_5606
service_280,class_5607
service_280,class_5608
service_280,class_5609
service_280,class_5610
service_280,class_5611
service_280,class_5612
service_280,class_5613
service_280,class_5614
service_280,class_5615
service_280,class_5616
service_280,class_5617
service_280,class_5618
service_280,class_5619
service_281,class_5620
service_281,class_5621
service_281,class_5622
service_281,class_5623
service_281,class_5624
service_281,class_5625
service_281,class_5626
service_281,class_5627
service_281,class_5628
service_281,class_5629
service_281,class_5630
service_281,class_5631
service_281,class_5632
service_281,class_5633
service_281,class_5634
service_281,class_5635
service_281,class_5636
service_281,class_5637
service_281,class_5638
service_281,class_5639
service_282,class_5640
service_282,class_5641
service_282,class_5642
service_282,class_5643
service_282,class_5644
service_282,class_5645
service_282,class_5646
service_282,class_5647
service_282,class_5648
service_282,class_5649
service_282,class_5650
service_282,class_5651
service_282,class_5652
service_282,class_5653
service_282,class_5654
service_282,class_5655
service_282,class_5656
service_282,class_5657
service_282,class_5658
service_282,class_5659
service_283,class_5660
service_283,class_5661
service_283,class_5662
service_283,class_5663
service_283,class_5664
service_283,class_5665
service_283,class_5666
service_283,class_5667
service_283,class_5668
service_283,class_5669
service_283,class_5670
service_283,class_5671
service_283,class_5672
service_283,class_5673
service_283,class_5674
service_283,class_5675
service_283,class_5676
service_283,class_5677
service_283,class_5678
service_283,class_5679
service_284,class_5680
service_284,class_5681
service_284,class_5682
service_284,class_5683
service_284,class_5684
service_284,class_5685
service_284,class_5686
service_284,class_5687
service_284,class_5688
service_284,class_5689
service_284,class_5690
service_284,class_5691
service_284,class_5692
service_284,class_5693
service_284,class_5694
service_284,class_5695
service_284,class_5696
service_284,class_5697
service_284,class_5698
service_284,class_5699
service_285,class_5700
service_285,class_5701
service_285,class_5702
service_285,class_5703
service_285,class_5704
service_285,class_5705
service_285,class_5706
service_285,class_5707
service_285,class_5708
service_285,class_5709
service_285,class_5710
service_285,class_5711
service_285,class_5712
service_285,class_5713
service_285,class_5714
service_285,class_5715
service_285,class_5716
service_285,class_5717
service_285,class_5718
service_285,class_5719
service_286,class_5720
service_286,class_5721
service_286,class_5722
service_286,class_5723
service_286,class_5724
service_286,class_5725
service_286,class_5726
service_286,class_5727
service_286,class_5728
service_286,class_5729
service_286,class_5730
service_286,class_5731
service_286,class_5732
service_286,class_5733
service_286,class_5734
service_286,class_5735
service_286,class_5736
service_286,class_5737
service_286,class_5738
service_286,class_5739
service_287,class_5740
service_287,class_5741
service_287,class_5742
service_287,class_5743
service_287,class_5744
service_287,class_5745
service_287,class_5746
service_287,class_5747
service_287,class_5748
service_287,class_5749
service_287,class_5750
service_287,class_5751
service_287,class_5752
service_287,class_5753
service_287,class_5754
service_287,class_5755
service_287,class_5756
service_287,class_5757
service_287,class_5758
service_287,class_5759
service_288,class_5760
service_288,class_5761
service_288,class_5762
service_288,class_5763
service_288,class_5764
service_288,class_5765
service_288,class_5766
service_288,class_5767
service_288,class_5768
service_288,class_5769
service_288,class_5770
service_288,class_5771
service_288,class_5772
service_288,class_5773
service_288,class_5774
service_288,class_5775
service_288,class_5776
service_288,class_5777
service_288,class_5778
service_288,class_5779
service_289,class_5780
service_289,class_5781
service_289,class_5782
service_289,class_5783
service_289,class_5784
service_289,class_5785
service_289,class_5786
service_289,class_5787
service_289,class_5788
service_289,class_5789
service_289,class_5790
service_289,class_5791
service_289,class_5792
service_289,class_5793
service_289,class_5794
service_289,class_5795
service_289,class_5796
service_289,class_5797
service_289,class_5798
service_289,class_5799
service_290,class_5800
service_290,class_5801
service_290,class_5802
service_290,class_5803
service_290,class_5804
service_290,class_5805
service_290,class_5806
service_290,class_5807
service_290,class_5808
service_290,class_5809
service_290,class_5810
service_290,class_5811
service_290,class_5812
service_290,class_5813
service_290,class_5814
service_290,class_5815
service_290,class_5816
service_290,class_5817
service_290,class_5818
service_290,class_5819
service_291,class_5820
service_291,class_5821
service_291,class_5822
service_291,class_5823
service_291,class_5824
service_291,class_5825
service_291,class_5826
service_291,class_5827
service_291,class_5828
service_291,class_5829
service_291,class_5830
service_291,class_5831
service_291,class_5832
service_291,class_5833
service_291,class_5834
service_291,class_5835
service_291,class_5836
service_291,class_5837
service_291,class_5838
service_291,class_5839
service_292,class_5840
service_292,class_5841
service_292,class_5842
service_292,class_5843
service_292,class_5844
service_292,class_5845
service_292,class_5846
service_292,class_5847
service_292,class_5848
service_292,class_5849
service_292,class_5850
service_292,class_5851
service_292,class_5852
service_292,class_5853
service_292,class_5854
service_292,class_5855
service_292,class_5856
service_292,class_5857
service_292,class_5858
service_292,class_5859
service_293,class_5860
service_293,class_5861
service_293,class_5862
service_293,class_5863
service_293,class_5864
service_293,class_5865
service_293,class_5866
service_293,class_5867
service_293,class_5868
service_293,class_5869
service_293,class_5870
service_293,class_5871
service_293,class_5872
service_293,class_5873
service_293,class_5874
service_293,class_5875
service_293,class_5876
service_293,class_5877
service_293,class_5878
service_293,class_5879
service_294,class_5880
service_294,class_5881
service_294,class_5882
service_294,class_5883
service_294,class_5884
service_294,class_5885
service_294,class_5886
service_294,class_5887
service_294,class_5888
service_294,class_5889
service_294,class_5890
service_294,class_5891
service_294,class_5892
service_294,class_5893
service_294,class_5894
service_294,class_5895
service_294,class_5896
service_294,class_5897
service_294,class_5898
service_294,class_5899
service_295,class_5900
service_295,class_5901
service_295,class_5902
service_295,class_5903
service_295,class_5904
service_295,class_5905
service_295,class_5906
service_295,class_5907
service_295,class_5908
service_295,class_5909
service_295,class_5910
service_295,class_5911
service_295,class_5912
service_295,class_5913
service_295,class_5914
service_295,class_5915
service_295,class_5916
service_295,class_5917
service_295,class_5918
service_295,class_5919
service_296,class_5920
service_296,class_5921
service_296,class_5922
service_296,class_5923
service_296,class_5924
service_296,class_5925
service_296,class_5926
service_296,class_5927
service_296,class_5928
service_296,class_5929
service_296,class_5930
service_296,class_5931
service_296,class_5932
service_296,class_5933
service_296,class_5934
service_296,class_5935
service_296,class_5936
service_296,class_5937
service_296,class_5938
service_296,class_5939
service_297,class_5940
service_297,class_5941
service_297,class_5942
service_297,class_5943
service_297,class_5944
service_297,class_5945
service_297,class_5946
service_297,class_5947
service_297,class_5948
service_297,class_5949
service_297,class_5950
service_297,class_5951
service_297,class_5952
service_297,class_5953
service_297,class_5954
service_297,class_5955
service_297,class_5956
service_297,class_5957
service_297,class_5958
service_297,class_5959
service_298,class_5960
service_298,class_5961
service_298,class_5962
service_298,class_5963
service_298,class_5964
service_298,class_5965
service_298,class_5966
service_298,class_5967
service_298,class_5968
service_298,class_5969
service_298,class_5970
service_298,class_5971
service_298,class_5972
service_298,class_5973
service_298,class_5974
service_298,class_5975
service_298,class_5976
service_298,class_5977
service_298,class_5978
service_298,class_5979
service_299,class_5980
service_299,class_5981
service_299,class_5982
service_299,class_5983
service_299,class_5984
service_299,class_5985
service_299,class_5986
service_299,class_5987
service_299,class_5988
service_299,class_5989
service_299,class_5990
service_299,class_5991
service_299,class_5992
service_299,class_5993
service_299,class_5994
service_299,class_5995
service_299,class_5996
service_299,class_5997
service_299,class_5998
service_299,class_5999
service_300,class_6000
service_300,class_6001
service_300,class_6002
service_300,class_6003
service_300,class_6004
service_300,class_6005
service_300,class_6006
service_300,class_6007
service_300,class_6008
service_300,class_6009
service_300,class_6010
service_300,class_6011
service_300,class_6012
service_300,class_6013
service_300,class_6014
service_300,class_6015
service_300,class_6016
service_300,class_6017
service_300,class_6018
service_300,class_6019
service_301,class_6020
service_301,class_6021
service_301,class_6022
service_301,class_6023
service_301,class_6024
service_301,class_6025
service_301,class_6026
service_301,class_6027
service_301,class_6028
service_301,class_6029
service_301,class_6030
service_301,class_6031
service_301,class_6032
service_301,class_6033
service_301,class_6034
service_301,class_6035
service_301,class_6036
service_301,class_6037
service_301,class_6038
service_301,class_6039
service_302,class_6040
service_302,class_6041
service_302,class_6042
service_302,class_6043
service_302,class_6044
service_302,class_6045
service_302,class_6046
service_302,class_6047
service_302,class_6048
service_302,class_6049
service_302,class_6050
service_302,class_6051
service_302,class_6052
service_302,class_6053
service_302,class_6054
service_302,class_6055
service_302,class_6056
service_302,class_6057
service_302,class_6058
service_302,class_6059
service_303,class_6060
service_303,class_6061
service_303,class_6062
service_303,class_6063
service_303,class_6064
service_303,class_6065
service_303,class_6066
service_303,class_6067
service_303,class_6068
service_303,class_6069
service_303,class_6070
service_303,class_6071
service_303,class_6072
service_303,class_6073
service_303,class_6074
service_303,class_6075
service_303,class_6076
service_303,class_6077
service_303,class_6078
service_303,class_6079
service_304,class_6080
service_304,class_6081
service_304,class_6082
service_304,class_6083
service_304,class_6084
service_304,class_6085
service_304,class_6086
service_304,class_6087
service_304,class_6088
service_304,class_6089
service_304,class_6090
service_304,class_6091
service_304,class_6092
service_304,class_6093
service_304,class_6094
service_304,class_6095
service_304,class_6096
service_304,class_6097
service_304,class_6098
service_304,class_6099
service_305,class_6100
service_305,class_6101
service_305,class_6102
service_305,class_6103
service_305,class_6104
service_305,class_6105
service_305,class_6106
service_305,class_6107
service_305,class_6108
service_305,class_6109
service_305,class_6110
service_305,class_6111
service_305,class_6112
service_305,class_6113
service_305,class_6114
service_305,class_6115
service_305,class_6116
service_305,class_6117
service_305,class_6118
service_305,class_6119
service_306,class_6120
service_306,class_6121
service_306,class_6122
service_306,class_6123
service_306,class_6124
service_306,class_6125
service_306,class_6126
service_306,class_6127
service_306,class_6128
service_306,class_6129
service_306,class_6130
service_306,class_6131
service_306,class_6132
service_306,class_6133
service_306,class_6134
service_306,class_6135
service_306,class_6136
service_306,class_6137
service_306,class_6138
service_306,class_6139
service_307,class_6140
service_307,class_6141
service_307,class_6142
service_307,class_6143
service_307,class_6144
service_307,class_6145
service_307,class_6146
service_307,class_6147
service_307,class_6148
service_307,class_6149
service_307,class_6150
service_307,class_6151
service_307,class_6152
service_307,class_6153
service_307,class_6154
service_307,class_6155
service_307,class_6156
service_307,class_6157
service_307,class_6158
service_307,class_6159
service_308,class_6160
service_308,class_6161
service_308,class_6162
service_308,class_6163
service_308,class_6164
service_308,class_6165
service_308,class_6166
service_308,class_6167
service_308,class_6168
service_308,class_6169
service_308,class_6170
service_308,class_6171
service_308,class_6172
service_308,class_6173
service_308,class_6174
service_308,class_6175
service_308,class_6176
service_308,class_6177
service_308,class_6178
service_308,class_6179
service_309,class_6180
service_309,class_6181
service_309,class_6182
service_309,class_6183
service_309,class_6184
service_309,class_6185
service_309,class_6186
service_309,class_6187
service_309,class_6188
service_309,class_6189
service_309,class_6190
service_309,class_6191
service_309,class_6192
service_309,class_6193
service_309,class_6194
service_309,class_6195
service_309,class_6196
service_309,class_6197
service_309,class_6198
service_309,class_6199
service_310,class_6200
service_310,class_6201
service_310,class_6202
service_310,class_6203
service_310,class_6204
service_310,class_6205
service_310,class_6206
service_310,class_6207
service_310,class_6208
service_310,class_6209
service_310,class_6210
service_310,class_6211
service_310,class_6212
service_310,class_6213
service_310,class_6214
service_310,class_6215
service_310,class_6216
service_310,class_6217
service_310,class_6218
service_310,class_6219
service_311,class_6220
service_311,class_6221
service_311,class_6222
service_311,class_6223
service_311,class_6224
service_311,class_6225
service_311,class_6226
service_311,class_6227
service_311,class_6228
service_311,class_6229
service_311,class_6230
service_311,class_6231
service_311,class_6232
service_311,class_6233
service_311,class_6234
service_311,class_6235
service_311,class_6236
service_311,class_6237
service_311,class_6238
service_311,class_6239
service_312,class_6240
service_312,class_6241
service_312,class_6242
service_312,class_6243
service_312,class_6244
service_312,class_6245
service_312,class_6246
service_312,class_6247
service_312,class_6248
service_312,class_6249
service_312,class_6250
service_312,class_6251
service_312,class_6252
service_312,class_6253
service_312,class_6254
service_312,class_6255
service_312,class_6256
service_312,class_6257
service_312,class_6258
service_312,class_6259
service_313,class_6260
service_313,class_6261
service_313,class_6262
service_313,class_6263
service_313,class_6264
service_313,class_6265
service_313,class_6266
service_313,class_6267
service_313,class_6268
service_313,class_6269
service_313,class_6270
service_313,class_6271
service_313,class_6272
service_313,class_6273
service_313,class_6274
service_313,class_6275
service_313,class_6276
service_313,class_6277
service_313,class_6278
service_313,class_6279
service_314,class_6280
service_314,class_6281
service_314,class_6282
service_314,class_6283
service_314,class_6284
service_314,class_6285
service_314,class_6286
service_314,class_6287
service_314,class_6288
service_314,class_6289
service_314,class_6290
service_314,class_6291
service_314,class_6292
service_314,class_6293
service_314,class_6294
service_314,class_6295
service_314,class_6296
service_314,class_6297
service_314,class_6298
service_314,class_6299
service_315,class_6300
service_315,class_6301
service_315,class_6302
service_315,class_6303
service_315,class_6304
service_315,class_6305
service_315,class_6306
service_315,class_6307
service_315,class_6308
service_315,class_6309
service_315,class_6310
service_315,class_6311
service_315,class_6312
service_315,class_6313
service_315,class_6314
service_315,class_6315
service_315,class_6316
service_315,class_6317
service_315,class_6318
service_315,class_6319
service_316,class_6320
service_316,class_6321
service_316,class_6322
service_316,class_6323
service_316,class_6324
service_316,class_6325
service_316,class_6326
service_316,class_6327
service_316,class_6328
service_316,class_6329
service_316,class_6330
service_316,class_6331
service_316,class_6332
service_316,class_6333
service_316,class_6334
service_316,class_6335
service_316,class_6336
service_316,class_6337
service_316,class_6338
service_316,class_6339
service_317,class_6340
service_317,class_6341
service_317,class_6342
service_317,class_6343
service_317,class_6344
service_317,class_6345
service_317,class_6346
service_317,class_6347
service_317,class_6348
service_317,class_6349
service_317,class_6350
service_317,class_6351
service_317,class_6352
service_317,class_6353
service_317,class_6354
service_317,class_6355
service_317,class_6356
service_317,class_6357
service_317,class_6358
service_317,class_6359
service_318,class_6360
service_318,class_6361
service_318,class_6362
service_318,class_6363
service_318,class_6364
service_318,class_6365
service_318,class_6366
service_318,class_6367
service_318,class_6368
service_318,class_6369
service_318,class_6370
service_318,class_6371
service_318,class_6372
service_318,class_6373
service_318,class_6374
service_318,class_6375
service_318,class_6376
service_318,class_6377
service_318,class_6378
service_318,class_6379
service_319,class_6380
service_319,class_6381
service_319,class_6382
service_319,class_6383
service_319,class_6384
service_319,class_6385
service_319,class_6386
service_319,class_6387
service_319,class_6388
service_319,class_6389
service_319,class_6390
service_319,class_6391
service_319,class_6392
service_319,class_6393
service_319,class_6394
service_319,class_6395
service_319,class_6396
service_319,class_6397
service_319,class_6398
service_319,class_6399
service_320,class_6400
service_320,class_6401
service_320,class_6402
service_320,class_6403
service_320,class_6404
service_320,class_6405
service_320,class_6406
service_320,class_6407
service_320,class_6408
service_320,class_6409
service_320,class_6410
service_320,class_6411
service_320,class_6412
service_320,class_6413
service_320,class_6414
service_320,class_6415
service_320,class_6416
service_320,class_6417
service_320,class_6418
service_320,class_6419
service_321,class_6420
service_321,class_6421
service_321,class_6422
service_321,class_6423
service_321,class_6424
service_321,class_6425
service_321,class_6426
service_321,class_6427
service_321,class_6428
service_321,class_6429
service_321,class_6430
service_321,class_6431
service_321,class_6432
service_321,class_6433
service_321,class_6434
service_321,class_6435
service_321,class_6436
service_321,class_6437
service_321,class_6438
service_321,class_6439
service_322,class_6440
service_322,class_6441
service_322,class_6442
service_322,class_6443
service_322,class_6444
service_322,class_6445
service_322,class_6446
service_322,class_6447
service_322,class_6448
service_322,class_6449
service_322,class_6450
service_322,class_6451
service_322,class_6452
service_322,class_6453
service_322,class_6454
service_322,class_6455
service_322,class_6456
service_322,class_6457
service_322,class_6458
service_322,class_6459
service_323,class_6460
service_323,class_6461
service_323,class_6462
service_323,class_6463
service_323,class_6464
service_323,class_6465
service_323,class_6466
service_323,class_6467
service_323,class_6468
service_323,class_6469
service_323,class_6470
service_323,class_6471
service_323,class_6472
service_323,class_6473
service_323,class_6474
service_323,class_6475
service_323,class_6476
service_323,class_6477
service_323,class_6478
service_323,class_6479
service_324,class_6480
service_324,class_6481
service_324,class_6482
service_324,class_6483
service_324,class_6484
service_324,class_6485
service_324,class_6486
service_324,class_6487
service_324,class_6488
service_324,class_6489
service_324,class_6490
service_324,class_6491
service_324,class_6492
service_324,class_6493
service_324,class_6494
service_324,class_6495
service_324,class_6496
service_324,class_6497
service_324,class_6498
service_324,class_6499
service_325,class_6500
service_325,class_6501
service_325,class_6502
service_325,class_6503
service_325,class_6504
service_325,class_6505
service_325,class_6506
service_325,class_6507
service_325,class_6508
service_325,class_6509
service_325,class_6510
service_325,class_6511
service_325,class_6512
service_325,class_6513
service_325,class_6514
service_325,class_6515
service_325,class_6516
service_325,class_6517
service_325,class_6518
service_325,class_6519
service_326,class_6520
service_326,class_6521
service_326,class_6522
service_326,class_6523
service_326,class_6524
service_326,class_6525
service_326,class_6526
service_326,class_6527
service_326,class_6528
service_326,class_6529
service_326,class_6530
service_326,class_6531
service_326,class_6532
service_326,class_6533
service_326,class_6534
service_326,class_6535
service_326,class_6536
service_326,class_6537
service_326,class_6538
service_326,class_6539
service_327,class_6540
service_327,class_6541
service_327,class_6542
service_327,class_6543
service_327,class_6544
service_327,class_6545
service_327,class_6546
service_327,class_6547
service_327,class_6548
service_327,class_6549
service_327,class_6550
service_327,class_6551
service_327,class_6552
service_327,class_6553
service_327,class_6554
service_327,class_6555
service_327,class_6556
service_327,class_6557
service_327,class_6558
service_327,class_6559
service_328,class_6560
service_328,class_6561
service_328,class_6562
service_328,class_6563
service_328,class_6564
service_328,class_6565
service_328,class_6566
service_328,class_6567
service_328,class_6568
service_328,class_6569
service_328,class_6570
service_328,class_6571
service_328,class_6572
service_328,class_6573
service_328,class_6574
service_328,class_6575
service_328,class_6576
service_328,class_6577
service_328,class_6578
service_328,class_6579
service_329,class_6580
service_329,class_6581
service_329,class_6582
service_329,class_6583
service_329,class_6584
service_329,class_6585
service_329,class_6586
service_329,class_6587
service_329,class_6588
service_329,class_6589
service_329,class_6590
service_329,class_6591
service_329,class_6592
service_329,class_6593
service_329,class_6594
service_329,class_6595
service_329,class_6596
service_329,class_6597
service_329,class_6598
service_329,class_6599
service_330,class_6600
service_330,class_6601
service_330,class_6602
service_330,class_6603
service_330,class_6604
service_330,class_6605
service_330,class_6606
service_330,class_6607
service_330,class_6608
service_330,class_6609
service_330,class_6610
service_330,class_6611
service_330,class_6612
service_330,class_6613
service_330,class_6614
service_330,class_6615
service_330,class_6616
service_330,class_6617
service_330,class_6618
service_330,class_6619
service_331,class_6620
service_331,class_6621
service_331,class_6622
service_331,class_6623
service_331,class_6624
service_331,class_6625
service_331,class_6626
service_331,class_6627
service_331,class_6628
service_331,class_6629
service_331,class_6630
service_331,class_6631
service_331,class_6632
service_331,class_6633
service_331,class_6634
service_331,class_6635
service_331,class_6636
service_331,class_6637
service_331,class_6638
service_331,class_6639
service_332,class_6640
service_332,class_6641
service_332,class_6642
service_332,class_6643
service_332,class_6644
service_332,class_6645
service_332,class_6646
service_332,class_6647
service_332,class_6648
service_332,class_6649
service_332,class_6650
service_332,class_6651
service_332,class_6652
service_332,class_6653
service_332,class_6654
service_332,class_6655
service_332,class_6656
service_332,class_6657
service_332,class_6658
service_332,class_6659
service_333,class_6660
service_333,class_6661
service_333,class_6662
service_333,class_6663
service_333,class_6664
service_333,class_6665
service_333,class_6666
service_333,class_6667
service_333,class_6668
service_333,class_6669
service_333,class_6670
service_333,class_6671
service_333,class_6672
service_333,class_6673
service_333,class_6674
service_333,class_6675
service_333,class_6676
service_333,class_6677
service_333,class_6678
service_333,class_6679
service_334,class_6680
service_334,class_6681
service_334,class_6682
service_334,class_6683
service_334,class_6684
service_334,class_6685
service_334,class_6686
service_334,class_6687
service_334,class_6688
service_334,class_6689
service_334,class_6690
service_334,class_6691
service_334,class_6692
service_334,class_6693
service_334,class_6694
service_334,class_6695
service_334,class_6696
service_334,class_6697
service_334,class_6698
service_334,class_6699
service_335,class_6700
service_335,class_6701
service_335,class_6702
service_335,class_6703
service_335,class_6704
service_335,class_6705
service_335,class_6706
service_335,class_6707
service_335,class_6708
service_335,class_6709
service_335,class_6710
service_335,class_6711
service_335,class_6712
service_335,class_6713
service_335,class_6714
service_335,class_6715
service_335,class_6716
service_335,class_6717
service_335,class_6718
service_335,class_6719
service_336,class_6720
service_336,class_6721
service_336,class_6722
service_336,class_6723
service_336,class_6724
service_336,class_6725
service_336,class_6726
service_336,class_6727
service_336,class_6728
service_336,class_6729
service_336,class_6730
service_336,class_6731
service_336,class_6732
service_336,class_6733
service_336,class_6734
service_336,class_6735
service_336,class_6736
service_336,class_6737
service_336,class_6738
service_336,class_6739
service_337,class_6740
service_337,class_6741
service_337,class_6742
service_337,class_6743
service_337,class_6744
service_337,class_6745
service_337,class_6746
service_337,class_6747
service_337,class_6748
service_337,class_6749
service_337,class_6750
service_337,class_6751
service_337,class_6752
service_337,class_6753
service_337,class_6754
service_337,class_6755
service_337,class_6756
service_337,class_6757
service_337,class_6758
service_337,class_6759
service_338,class_6760
service_338,class_6761
service_338,class_6762
service_338,class_6763
service_338,class_6764
service_338,class_6765
service_338,class_6766
service_338,class_6767
service_338,class_6768
service_338,class_6769
service_338,class_6770
service_338,class_6771
service_338,class_6772
service_338,class_6773
service_338,class_6774
service_338,class_6775
service_338,class_6776
service_338,class_6777
service_338,class_6778
service_338,class_6779
service_339,class_6780
service_339,class_6781
service_339,class_6782
service_339,class_6783
service_339,class_6784
service_339,class_6785
service_339,class_6786
service_339,class_6787
service_339,class_6788
service_339,class_6789
service_339,class_6790
service_339,class_6791
service_339,class_6792
service_339,class_6793
service_339,class_6794
service_339,class_6795
service_339,class_6796
service_339,class_6797
service_339,class_6798
service_339,class_6799
service_340,class_6800
service_340,class_6801
service_340,class_6802
service_340,class_6803
service_340,class_6804
service_340,class_6805
service_340,class_6806
service_340,class_6807
service_340,class_6808
service_340,class_6809
service_340,class_6810
service_340,class_6811
service_340,class_6812
service_340,class_6813
service_340,class_6814
service_340,class_6815
service_340,class_6816
service_340,class_6817
service_340,class_6818
service_340,class_6819
service_341,class_6820
service_341,class_6821
service_341,class_6822
service_341,class_6823
service_341,class_6824
service_341,class_6825
service_341,class_6826
service_341,class_6827
service_341,class_6828
service_341,class_6829
service_341,class_6830
service_341,class_6831
service_341,class_6832
service_341,class_6833
service_341,class_6834
service_341,class_6835
service_341,class_6836
service_341,class_6837
service_341,class_6838
service_341,class_6839
service_342,class_6840
service_342,class_6841
service_342,class_6842
service_342,class_6843
service_342,class_6844
service_342,class_6845
service_342,class_6846
service_342,class_6847
service_342,class_6848
service_342,class_6849
service_342,class_6850
service_342,class_6851
service_342,class_6852
service_342,class_6853
service_342,class_6854
service_342,class_6855
service_342,class_6856
service_342,class_6857
service_342,class_6858
service_342,class_6859
service_343,class_6860
service_343,class_6861
service_343,class_6862
service_343,class_6863
service_343,class_6864
service_343,class_6865
service_343,class_6866
service_343,class_6867
service_343,class_6868
service_343,class_6869
service_343,class_6870
service_343,class_6871
service_343,class_6872
service_343,class_6873
service_343,class_6874
service_343,class_6875
service_343,class_6876
service_343,class_6877
service_343,class_6878
service_343,class_6879
service_344,class_6880
service_344,class_6881
service_344,class_6882
service_344,class_6883
service_344,class_6884
service_344,class_6885
service_344,class_6886
service_344,class_6887
service_344,class_6888
service_344,class_6889
service_344,class_6890
service_344,class_6891
service_344,class_6892
service_344,class_6893
service_344,class_6894
service_344,class_6895
service_344,class_6896
service_344,class_6897
service_344,class_6898
service_344,class_6899
service_345,class_6900
service_345,class_6901
service_345,class_6902
service_345,class_6903
service_345,class_6904
service_345,class_6905
service_345,class_6906
service_345,class_6907
service_345,class_6908
service_345,class_6909
service_345,class_6910
service_345,class_6911
service_345,class_6912
service_345,class_6913
service_345,class_6914
service_345,class_6915
service_345,class_6916
service_345,class_6917
service_345,class_6918
service_345,class_6919
service_346,class_6920
service_346,class_6921
service_346,class_6922
service_346,class_6923
service_346,class_6924
service_346,class_6925
service_346,class_6926
service_346,class_6927
service_346,class_6928
service_346,class_6929
service_346,class_6930
service_346,class_6931
service_346,class_6932
service_346,class_6933
service_346,class_6934
service_346,class_6935
service_346,class_6936
service_346,class_6937
service_346,class_6938
service_346,class_6939
service_347,class_6940
service_347,class_6941
service_347,class_6942
service_347,class_6943
service_347,class_6944
service_347,class_6945
service_347,class_6946
service_347,class_6947
service_347,class_6948
service_347,class_6949
service_347,class_6950
service_347,class_6951
service_347,class_6952
service_347,class_6953
service_347,class_6954
service_347,class_6955
service_347,class_6956
service_347,class_6957
service_347,class_6958
service_347,class_6959
service_348,class_6960
service_348,class_6961
service_348,class_6962
service_348,class_6963
service_348,class_6964
service_348,class_6965
service_348,class_6966
service_348,class_6967
service_348,class_6968
service_348,class_6969
service_348,class_6970
service_348,class_6971
service_348,class_6972
service_348,class_6973
service_348,class_6974
service_348,class_6975
service_348,class_6976
service_348,class_6977
service_348,class_6978
service_348,class_6979
service_349,class_6980
service_349,class_6981
service_349,class_6982
service_349,class_6983
service_349,class_6984
service_349,class_6985
service_349,class_6986
service_349,class_6987
service_349,class_6988
service_349,class_6989
service_349,class_6990
service_349,class_6991
service_349,class_6992
service_349,class_6993
service_349,class_6994
service_349,class_6995
service_349,class_6996
service_349,class_6997
service_349,class_6998
service_349,class_6999
service_350,class_7000
service_350,class_7001
service_350,class_7002
service_350,class_7003
service_350,class_7004
service_350,class_7005
service_350,class_7006
service_350,class_7007
service_350,class_7008
service_350,class_7009
service_350,class_7010
service_350,class_7011
service_350,class_7012
service_350,class_7013
service_350,class_7014
service_350,class_7015
service_350,class_7016
service_350,class_7017
service_350,class_7018
service_350,class_7019
service_351,class_7020
service_351,class_7021
service_351,class_7022
service_351,class_7023
service_351,class_7024
service_351,class_7025
service_351,class_7026
service_351,class_7027
service_351,class_7028
service_351,class_7029
service_351,class_7030
service_351,class_7031
service_351,class_7032
service_351,class_7033
service_351,class_7034
service_351,class_7035
service_351,class_7036
service_351,class_7037
service_351,class_7038
service_351,class_7039
service_352,class_7040
service_352,class_7041
service_352,class_7042
service_352,class_7043
service_352,class_7044
service_352,class_7045
service_352,class_7046
service_352,class_7047
service_352,class_7048
service_352,class_7049
service_352,class_7050
service_352,class_7051
service_352,class_7052
service_352,class_7053
service_352,class_7054
service_352,class_7055
service_352,class_7056
service_352,class_7057
service_352,class_7058
service_352,class_7059
service_353,class_7060
service_353,class_7061
service_353,class_7062
service_353,class_7063
service_353,class_7064
service_353,class_7065
service_353,class_7066
service_353,class_7067
service_353,class_7068
service_353,class_7069
service_353,class_7070
service_353,class_7071
service_353,class_7072
service_353,class_7073
service_353,class_7074
service_353,class_7075
service_353,class_7076
service_353,class_7077
service_353,class_7078
service_353,class_7079
service_354,class_7080
service_354,class_7081
service_354,class_7082
service_354,class_7083
service_354,class_7084
service_354,class_7085
service_354,class_7086
service_354,class_7087
service_354,class_7088
service_354,class_7089
service_354,class_7090
service_354,class_7091
service_354,class_7092
service_354,class_7093
service_354,class_7094
service_354,class_7095
service_354,class_7096
service_354,class_7097
service_354,class_7098
service_354,class_7099
service_355,class_7100
service_355,class_7101
service_355,class_7102
service_355,class_7103
service_355,class_7104
service_355,class_7105
service_355,class_7106
service_355,class_7107
service_355,class_7108
service_355,class_7109
service_355,class_7110
service_355,class_7111
service_355,class_7112
service_355,class_7113
service_355,class_7114
service_355,class_7115
service_355,class_7116
service_355,class_7117
service_355,class_7118
service_355,class_7119
service_356,class_7120
service_356,class_7121
service_356,class_7122
service_356,class_7123
service_356,class_7124
service_356,class_7125
service_356,class_7126
service_356,class_7127
service_356,class_7128
service_356,class_7129
service_356,class_7130
service_356,class_7131
service_356,class_7132
service_356,class_7133
service_356,class_7134
service_356,class_7135
service_356,class_7136
service_356,class_7137
service_356,class_7138
service_356,class_7139
service_357,class_7140
service_357,class_7141
service_357,class_7142
service_357,class_7143
service_357,class_7144
service_357,class_7145
service_357,class_7146
service_357,class_7147
service_357,class_7148
service_357,class_7149
service_357,class_7150
service_357,class_7151
service_357,class_7152
service_357,class_7153
service_357,class_7154
service_357,class_7155
service_357,class_7156
service_357,class_7157
service_357,class_7158
service_357,class_7159
service_358,class_7160
service_358,class_7161
service_358,class_7162
service_358,class_7163
service_358,class_7164
service_358,class_7165
service_358,class_7166
service_358,class_7167
service_358,class_7168
service_358,class_7169
service_358,class_7170
service_358,class_7171
service_358,class_7172
service_358,class_7173
service_358,class_7174
service_358,class_7175
service_358,class_7176
service_358,class_7177
service_358,class_7178
service_358,class_7179
service_359,class_7180
service_359,class_7181
service_359,class_7182
service_359,class_7183
service_359,class_7184
service_359,class_7185
service_359,class_7186
service_359,class_7187
service_359,class_7188
service_359,class_7189
service_359,class_7190
service_359,class_7191
service_359,class_7192
service_359,class_7193
service_359,class_7194
service_359,class_7195
service_359,class_7196
service_359,class_7197
service_359,class_7198
service_359,class_7199
service_360,class_7200
service_360,class_7201
service_360,class_7202
service_360,class_7203
service_360,class_7204
service_360,class_7205
service_360,class_7206
service_360,class_7207
service_360,class_7208
service_360,class_7209
service_360,class_7210
service_360,class_7211
service_360,class_7212
service_360,class_7213
service_360,class_7214
service_360,class_7215
service_360,class_7216
service_360,class_7217
service_360,class_7218
service_360,class_7219
service_361,class_7220
service_361,class_7221
service_361,class_7222
service_361,class_7223
service_361,class_7224
service_361,class_7225
service_361,class_7226
service_361,class_7227
service_361,class_7228
service_361,class_7229
service_361,class_7230
service_361,class_7231
service_361,class_7232
service_361,class_7233
service_361,class_7234
service_361,class_7235
service_361,class_7236
service_361,class_7237
service_361,class_7238
service_361,class_7239
service_362,class_7240
service_362,class_7241
service_362,class_7242
service_362,class_7243
service_362,class_7244
service_362,class_7245
service_362,class_7246
service_362,class_7247
service_362,class_7248
service_362,class_7249
service_362,class_7250
service_362,class_7251
service_362,class_7252
service_362,class_7253
service_362,class_7254
service_362,class_7255
service_362,class_7256
service_362,class_7257
service_362,class_7258
service_362,class_7259
service_363,class_7260
service_363,class_7261
service_363,class_7262
service_363,class_7263
service_363,class_7264
service_363,class_7265
service_363,class_7266
service_363,class_7267
service_363,class_7268
service_363,class_7269
service_363,class_7270
service_363,class_7271
service_363,class_7272
service_363,class_7273
service_363,class_7274
service_363,class_7275
service_363,class_7276
service_363,class_7277
service_363,class_7278
service_363,class_7279
service_364,class_7280
service_364,class_7281
service_364,class_7282
service_364,class_7283
service_364,class_7284
service_364,class_7285
service_364,class_7286
service_364,class_7287
service_364,class_7288
service_364,class_7289
service_364,class_7290
service_364,class_7291
service_364,class_7292
service_364,class_7293
service_364,class_7294
service_364,class_7295
service_364,class_7296
service_364,class_7297
service_364,class_7298
service_364,class_7299
service_365,class_7300
service_365,class_7301
service_365,class_7302
service_365,class_7303
service_365,class_7304
service_365,class_7305
service_365,class_7306
service_365,class_7307
service_365,class_7308
service_365,class_7309
service_365,class_7310
service_365,class_7311
service_365,class_7312
service_365,class_7313
service_365,class_7314
service_365,class_7315
service_365,class_7316
service_365,class_7317
service_365,class_7318
service_365,class_7319
service_366,class_7320
service_366,class_7321
service_366,class_7322
service_366,class_7323
service_366,class_7324
service_366,class_7325
service_366,class_7326
service_366,class_7327
service_366,class_7328
service_366,class_7329
service_366,class_7330
service_366,class_7331
service_366,class_7332
service_366,class_7333
service_366,class_7334
service_366,class_7335
service_366,class_7336
service_366,class_7337
service_366,class_7338
service_366,class_7339
service_367,class_7340
service_367,class_7341
service_367,class_7342
service_367,class_7343
service_367,class_7344
service_367,class_7345
service_367,class_7346
service_367,class_7347
service_367,class_7348
service_367,class_7349
service_367,class_7350
service_367,class_7351
service_367,class_7352
service_367,class_7353
service_367,class_7354
service_367,class_7355
service_367,class_7356
service_367,class_7357
service_367,class_7358
service_367,class_7359
service_368,class_7360
service_368,class_7361
service_368,class_7362
service_368,class_7363
service_368,class_7364
service_368,class_7365
service_368,class_7366
service_368,class_7367
service_368,class_7368
service_368,class_7369
service_368,class_7370
service_368,class_7371
service_368,class_7372
service_368,class_7373
service_368,class_7374
service_368,class_7375
service_368,class_7376
service_368,class_7377
service_368,class_7378
service_368,class_7379
service_369,class_7380
service_369,class_7381
service_369,class_7382
service_369,class_7383
service_369,class_7384
service_369,class_7385
service_369,class_7386
service_369,class_7387
service_369,class_7388
service_369,class_7389
service_369,class_7390
service_369,class_7391
service_369,class_7392
service_369,class_7393
service_369,class_7394
service_369,class_7395
service_369,class_7396
service_369,class_7397
service_369,class_7398
service_369,class_7399
service_370,class_7400
service_370,class_7401
service_370,class_7402
service_370,class_7403
service_370,class_7404
service_370,class_7405
service_370,class_7406
service_370,class_7407
service_370,class_7408
service_370,class_7409
service_370,class_7410
service_370,class_7411
service_370,class_7412
service_370,class_7413
service_370,class_7414
service_370,class_7415
service_370,class_7416
service_370,class_7417
service_370,class_7418
service_370,class_7419
service_371,class_7420
service_371,class_7421
service_371,class_7422
service_371,class_7423
service_371,class_7424
service_371,class_7425
service_371,class_7426
service_371,class_7427
service_371,class_7428
service_371,class_7429
service_371,class_7430
service_371,class_7431
service_371,class_7432
service_371,class_7433
service_371,class_7434
service_371,class_7435
service_371,class_7436
service_371,class_7437
service_371,class_7438
service_371,class_7439
service_372,class_7440
service_372,class_7441
service_372,class_7442
service_372,class_7443
service_372,class_7444
service_372,class_7445
service_372,class_7446
service_372,class_7447
service_372,class_7448
service_372,class_7449
service_372,class_7450
service_372,class_7451
service_372,class_7452
service_372,class_7453
service_372,class_7454
service_372,class_7455
service_372,class_7456
service_372,class_7457
service_372,class_7458
service_372,class_7459
service_373,class_7460
service_373,class_7461
service_373,class_7462
service_373,class_7463
service_373,class_7464
service_373,class_7465
service_373,class_7466
service_373,class_7467
service_373,class_7468
service_373,class_7469
service_373,class_7470
service_373,class_7471
service_373,class_7472
service_373,class_7473
service_373,class_7474
service_373,class_7475
service_373,class_7476
service_373,class_7477
service_373,class_7478
service_373,class_7479
service_374,class_7480
service_374,class_7481
service_374,class_7482
service_374,class_7483
service_374,class_7484
service_374,class_7485
service_374,class_7486
service_374,class_7487
service_374,class_7488
service_374,class_7489
service_374,class_7490
service_374,class_7491
service_374,class_7492
service_374,class_7493
service_374,class_7494
service_374,class_7495
service_374,class_7496
service_374,class_7497
service_374,class_7498
service_374,class_7499
service_375,class_7500
service_375,class_7501
service_375,class_7502
service_375,class_7503
service_375,class_7504
service_375,class_7505
service_375,class_7506
service_375,class_7507
service_375,class_7508
service_375,class_7509
service_375,class_7510
service_375,class_7511
service_375,class_7512
service_375,class_7513
service_375,class_7514
service_375,class_7515
service_375,class_7516
service_375,class_7517
service_375,class_7518
service_375,class_7519
service_376,class_7520
service_376,class_7521
service_376,class_7522
service_376,class_7523
service_376,class_7524
service_376,class_7525
service_376,class_7526
service_376,class_7527
service_376,class_7528
service_376,class_7529
service_376,class_7530
service_376,class_7531
service_376,class_7532
service_376,class_7533
service_376,class_7534
service_376,class_7535
service_376,class_7536
service_376,class_7537
service_376,class_7538
service_376,class_7539
service_377,class_7540
service_377,class_7541
service_377,class_7542
service_377,class_7543
service_377,class_7544
service_377,class_7545
service_377,class_7546
service_377,class_7547
service_377,class_7548
service_377,class_7549
service_377,class_7550
service_377,class_7551
service_377,class_7552
service_377,class_7553
service_377,class_7554
service_377,class_7555
service_377,class_7556
service_377,class_7557
service_377,class_7558
service_377,class_7559
service_378,class_7560
service_378,class_7561
service_378,class_7562
service_378,class_7563
service_378,class_7564
service_378,class_7565
service_378,class_7566
service_378,class_7567
service_378,class_7568
service_378,class_7569
service_378,class_7570
service_378,class_7571
service_378,class_7572
service_378,class_7573
service_378,class_7574
service_378,class_7575
service_378,class_7576
service_378,class_7577
service_378,class_7578
service_378,class_7579
service_379,class_7580
service_379,class_7581
service_379,class_7582
service_379,class_7583
service_379,class_7584
service_379,class_7585
service_379,class_7586
service_379,class_7587
service_379,class_7588
service_379,class_7589
service_379,class_7590
service_379,class_7591
service_379,class_7592
service_379,class_7593
service_379,class_7594
service_379,class_7595
service_379,class_7596
service_379,class_7597
service_379,class_7598
service_379,class_7599
service_380,class_7600
service_380,class_7601
service_380,class_7602
service_380,class_7603
service_380,class_7604
service_380,class_7605
service_380,class_7606
service_380,class_7607
service_380,class_7608
service_380,class_7609
service_380,class_7610
service_380,class_7611
service_380,class_7612
service_380,class_7613
service_380,class_7614
service_380,class_7615
service_380,class_7616
service_380,class_7617
service_380,class_7618
service_380,class_7619
service_381,class_7620
service_381,class_7621
service_381,class_7622
service_381,class_7623
service_381,class_7624
service_381,class_7625
service_381,class_7626
service_381,class_7627
service_381,class_7628
service_381,class_7629
service_381,class_7630
service_381,class_7631
service_381,class_7632
service_381,class_7633
service_381,class_7634
service_381,class_7635
service_381,class_7636
service_381,class_7637
service_381,class_7638
service_381,class_7639
service_382,class_7640
service_382,class_7641
service_382,class_7642
service_382,class_7643
service_382,class_7644
service_382,class_7645
service_382,class_7646
service_382,class_7647
service_382,class_7648
service_382,class_7649
service_382,class_7650
service_382,class_7651
service_382,class_7652
service_382,class_7653
service_382,class_7654
service_382,class_7655
service_382,class_7656
service_382,class_7657
service_382,class_7658
service_382,class_7659
service_383,class_7660
service_383,class_7661
service_383,class_7662
service_383,class_7663
service_383,class_7664
service_383,class_7665
service_383,class_7666
service_383,class_7667
service_383,class_7668
service_383,class_7669
service_383,class_7670
service_383,class_7671
service_383,class_7672
service_383,class_7673
service_383,class_7674
service_383,class_7675
service_383,class_7676
service_383,class_7677
service_383,class_7678
service_383,class_7679
service_384,class_7680
service_384,class_7681
service_384,class_7682
service_384,class_7683
service_384,class_7684
service_384,class_7685
service_384,class_7686
service_384,class_7687
service_384,class_7688
service_384,class_7689
service_384,class_7690
service_384,class_7691
service_384,class_7692
service_384,class_7693
service_384,class_7694
service_384,class_7695
service_384,class_7696
service_384,class_7697
service_384,class_7698
service_384,class_7699
service_385,class_7700
service_385,class_7701
service_385,class_7702
service_385,class_7703
service_385,class_7704
service_385,class_7705
service_385,class_7706
service_385,class_7707
service_385,class_7708
service_385,class_7709
service_385,class_7710
service_385,class_7711
service_385,class_7712
service_385,class_7713
service_385,class_7714
service_385,class_7715
service_385,class_7716
service_385,class_7717
service_385,class_7718
service_385,class_7719
service_386,class_7720
service_386,class_7721
service_386,class_7722
service_386,class_7723
service_386,class_7724
service_386,class_7725
service_386,class_7726
service_386,class_7727
service_386,class_7728
service_386,class_7729
service_386,class_7730
service_386,class_7731
service_386,class_7732
service_386,class_7733
service_386,class_7734
service_386,class_7735
service_386,class_7736
service_386,class_7737
service_386,class_7738
service_386,class_7739
service_387,class_7740
service_387,class_7741
service_387,class_7742
service_387,class_7743
service_387,class_7744
service_387,class_7745
service_387,class_7746
service_387,class_7747
service_387,class_7748
service_387,class_7749
service_387,class_7750
service_387,class_7751
service_387,class_7752
service_387,class_7753
service_387,class_7754
service_387,class_7755
service_387,class_7756
service_387,class_7757
service_387,class_7758
service_387,class_7759
service_388,class_7760
service_388,class_7761
service_388,class_7762
service_388,class_7763
service_388,class_7764
service_388,class_7765
service_388,class_7766
service_388,class_7767
service_388,class_7768
service_388,class_7769
service_388,class_7770
service_388,class_7771
service_388,class_7772
service_388,class_7773
service_388,class_7774
service_388,class_7775
service_388,class_7776
service_388,class_7777
service_388,class_7778
service_388,class_7779
service_389,class_7780
service_389,class_7781
service_389,class_7782
service_389,class_7783
service_389,class_7784
service_389,class_7785
service_389,class_7786
service_389,class_7787
service_389,class_7788
service_389,class_7789
service_389,class_7790
service_389,class_7791
service_389,class_7792
service_389,class_7793
service_389,class_7794
service_389,class_7795
service_389,class_7796
service_389,class_7797
service_389,class_7798
service_389,class_7799
service_390,class_7800
service_390,class_7801
service_390,class_7802
service_390,class_7803
service_390,class_7804
service_390,class_7805
service_390,class_7806
service_390,class_7807
service_390,class_7808
service_390,class_7809
service_390,class_7810
service_390,class_7811
service_390,class_7812
service_390,class_7813
service_390,class_7814
service_390,class_7815
service_390,class_7816
service_390,class_7817
service_390,class_7818
service_390,class_7819
service_391,class_7820
service_391,class_7821
service_391,class_7822
service_391,class_7823
service_391,class_7824
service_391,class_7825
service_391,class_7826
service_391,class_7827
service_391,class_7828
service_391,class_7829
service_391,class_7830
service_391,class_7831
service_391,class_7832
service_391,class_7833
service_391,class_7834
service_391,class_7835
service_391,class_7836
service_391,class_7837
service_391,class_7838
service_391,class_7839
service_392,class_7840
service_392,class_7841
service_392,class_7842
service_392,class_7843
service_392,class_7844
service_392,class_7845
service_392,class_7846
service_392,class_7847
service_392,class_7848
service_392,class_7849
service_392,class_7850
service_392,class_7851
service_392,class_7852
service_392,class_7853
service_392,class_7854
service_392,class_7855
service_392,class_7856
service_392,class_7857
service_392,class_7858
service_392,class_7859
service_393,class_7860
service_393,class_7861
service_393,class_7862
service_393,class_7863
service_393,class_7864
service_393,class_7865
service_393,class_7866
service_393,class_7867
service_393,class_7868
service_393,class_7869
service_393,class_7870
service_393,class_7871
service_393,class_7872
service_393,class_7873
service_393,class_7874
service_393,class_7875
service_393,class_7876
service_393,class_7877
service_393,class_7878
service_393,class_7879
service_394,class_7880
service_394,class_7881
service_394,class_7882
service_394,class_7883
service_394,class_7884
service_394,class_7885
service_394,class_7886
service_394,class_7887
service_394,class_7888
service_394,class_7889
service_394,class_7890
service_394,class_7891
service_394,class_7892
service_394,class_7893
service_394,class_7894
service_394,class_7895
service_394,class_7896
service_394,class_7897
service_394,class_7898
service_394,class_7899
service_395,class_7900
service_395,class_7901
service_395,class_7902
service_395,class_7903
service_395,class_7904
service_395,class_7905
service_395,class_7906
service_395,class_7907
service_395,class_7908
service_395,class_7909
service_395,class_7910
service_395,class_7911
service_395,class_7912
service_395,class_7913
service_395,class_7914
service_395,class_7915
service_395,class_7916
service_395,class_7917
service_395,class_7918
service_395,class_7919
service_396,class_7920
service_396,class_7921
service_396,class_7922
service_396,class_7923
service_396,class_7924
service_396,class_7925
service_396,class_7926
service_396,class_7927
service_396,class_7928
service_396,class_7929
service_396,class_7930
service_396,class_7931
service_396,class_7932
service_396,class_7933
service_396,class_7934
service_396,class_7935
service_396,class_7936
service_396,class_7937
service_396,class_7938
service_396,class_7939
service_397,class_7940
service_397,class_7941
service_397,class_7942
service_397,class_7943
service_397,class_7944
service_397,class_7945
service_397,class_7946
service_397,class_7947
service_397,class_7948
service_397,class_7949
service_397,class_7950
service_397,class_7951
service_397,class_7952
service_397,class_7953
service_397,class_7954
service_397,class_7955
service_397,class_7956
service_397,class_7957
service_397,class_7958
service_397,class_7959
service_398,class_7960
service_398,class_7961
service_398,class_7962
service_398,class_7963
service_398,class_7964
service_398,class_7965
service_398,class_7966
service_398,class_7967
service_398,class_7968
service_398,class_7969
service_398,class_7970
service_398,class_7971
service_398,class_7972
service_398,class_7973
service_398,class_7974
service_398,class_7975
service_398,class_7976
service_398,class_7977
service_398,class_7978
service_398,class_7979
service_399,class_7980
service_399,class_7981
service_399,class_7982
service_399,class_7983
service_399,class_7984
service_399,class_7985
service_399,class_7986
service_399,class_7987
service_399,class_7988
service_399,class_7989
service_399,class_7990
service_399,class_7991
service_399,class_7992
service_399,class_7993
service_399,class_7994
service_399,class_7995
service_399,class_7996
service_399,class_7997
service_399,class_7998
service_399,class_7999
service_400,class_8000
service_400,class_8001
service_400,class_8002
service_400,class_8003
service_400,class_8004
service_400,class_8005
service_400,class_8006
service_400,class_8007
service_400,class_8008
service_400,class_8009
service_400,class_8010
service_400,class_8011
service_400,class_8012
service_400,class_8013
service_400,class_8014
service_400,class_8015
service_400,class_8016
service_400,class_8017
service_400,class_8018
service_400,class_8019
service_401,class_8020
service_401,class_8021
service_401,class_8022
service_401,class_8023
service_401,class_8024
service_401,class_8025
service_401,class_8026
service_401,class_8027
service_401,class_8028
service_401,class_8029
service_401,class_8030
service_401,class_8031
service_401,class_8032
service_401,class_8033
service_401,class_8034
service_401,class_8035
service_401,class_8036
service_401,class_8037
service_401,class_8038
service_401,class_8039
service_402,class_8040
service_402,class_8041
service_402,class_8042
service_402,class_8043
service_402,class_8044
service_402,class_8045
service_402,class_8046
service_402,class_8047
service_402,class_8048
service_402,class_8049
service_402,class_8050
service_402,class_8051
service_402,class_8052
service_402,class_8053
service_402,class_8054
service_402,class_8055
service_402,class_8056
service_402,class_8057
service_402,class_8058
service_402,class_8059
service_403,class_8060
service_403,class_8061
service_403,class_8062
service_403,class_8063
service_403,class_8064
service_403,class_8065
service_403,class_8066
service_403,class_8067
service_403,class_8068
service_403,class_8069
service_403,class_8070
service_403,class_8071
service_403,class_8072
service_403,class_8073
service_403,class_8074
service_403,class_8075
service_403,class_8076
service_403,class_8077
service_403,class_8078
service_403,class_8079
service_404,class_8080
service_404,class_8081
service_404,class_8082
service_404,class_8083
service_404,class_8084
service_404,class_8085
service_404,class_8086
service_404,class_8087
service_404,class_8088
service_404,class_8089
service_404,class_8090
service_404,class_8091
service_404,class_8092
service_404,class_8093
service_404,class_8094
service_404,class_8095
service_404,class_8096
service_404,class_8097
service_404,class_8098
service_404,class_8099
service_405,class_8100
service_405,class_8101
service_405,class_8102
service_405,class_8103
service_405,class_8104
service_405,class_8105
service_405,class_8106
service_405,class_8107
service_405,class_8108
service_405,class_8109
service_405,class_8110
service_405,class_8111
service_405,class_8112
service_405,class_8113
service_405,class_8114
service_405,class_8115
service_405,class_8116
service_405,class_8117
service_405,class_8118
service_405,class_8119
service_406,class_8120
service_406,class_8121
service_406,class_8122
service_406,class_8123
service_406,class_8124
service_406,class_8125
service_406,class_8126
service_406,class_8127
service_406,class_8128
service_406,class_8129
service_406,class_8130
service_406,class_8131
service_406,class_8132
service_406,class_8133
service_406,class_8134
service_406,class_8135
service_406,class_8136
service_406,class_8137
service_406,class_8138
service_406,class_8139
service_407,class_8140
service_407,class_8141
service_407,class_8142
service_407,class_8143
service_407,class_8144
service_407,class_8145
service_407,class_8146
service_407,class_8147
service_407,class_8148
service_407,class_8149
service_407,class_8150
service_407,class_8151
service_407,class_8152
service_407,class_8153
service_407,class_8154
service_407,class_8155
service_407,class_8156
service_407,class_8157
service_407,class_8158
service_407,class_8159
service_408,class_8160
service_408,class_8161
service_408,class_8162
service_408,class_8163
service_408,class_8164
service_408,class_8165
service_408,class_8166
service_408,class_8167
service_408,class_8168
service_408,class_8169
service_408,class_8170
service_408,class_8171
service_408,class_8172
service_408,class_8173
service_408,class_8174
service_408,class_8175
service_408,class_8176
service_408,class_8177
service_408,class_8178
service_408,class_8179
service_409,class_8180
service_409,class_8181
service_409,class_8182
service_409,class_8183
service_409,class_8184
service_409,class_8185
service_409,class_8186
service_409,class_8187
service_409,class_8188
service_409,class_8189
service_409,class_8190
service_409,class_8191
service_409,class_8192
service_409,class_8193
service_409,class_8194
service_409,class_8195
service_409,class_8196
service_409,class_8197
service_409,class_8198
service_409,class_8199
service_410,class_8200
service_410,class_8201
service_410,class_8202
service_410,class_8203
service_410,class_8204
service_410,class_8205
service_410,class_8206
service_410,class_8207
service_410,class_8208
service_410,class_8209
service_410,class_8210
service_410,class_8211
service_410,class_8212
service_410,class_8213
service_410,class_8214
service_410,class_8215
service_410,class_8216
service_410,class_8217
service_410,class_8218
service_410,class_8219
service_411,class_8220
service_411,class_8221
service_411,class_8222
service_411,class_8223
service_411,class_8224
service_411,class_8225
service_411,class_8226
service_411,class_8227
service_411,class_8228
service_411,class_8229
service_411,class_8230
service_411,class_8231
service_411,class_8232
service_411,class_8233
service_411,class_8234
service_411,class_8235
service_411,class_8236
service_411,class_8237
service_411,class_8238
service_411,class_8239
service_412,class_8240
service_412,class_8241
service_412,class_8242
service_412,class_8243
service_412,class_8244
service_412,class_8245
service_412,class_8246
service_412,class_8247
service_412,class_8248
service_412,class_8249
service_412,class_8250
service_412,class_8251
service_412,class_8252
service_412,class_8253
service_412,class_8254
service_412,class_8255
service_412,class_8256
service_412,class_8257
service_412,class_8258
service_412,class_8259
service_413,class_8260
service_413,class_8261
service_413,class_8262
service_413,class_8263
service_413,class_8264
service_413,class_8265
service_413,class_8266
service_413,class_8267
service_413,class_8268
service_413,class_8269
service_413,class_8270
service_413,class_8271
service_413,class_8272
service_413,class_8273
service_413,class_8274
service_413,class_8275
service_413,class_8276
service_413,class_8277
service_413,class_8278
service_413,class_8279
service_414,class_8280
service_414,class_8281
service_414,class_8282
service_414,class_8283
service_414,class_8284
service_414,class_8285
service_414,class_8286
service_414,class_8287
service_414,class_8288
service_414,class_8289
service_414,class_8290
service_414,class_8291
service_414,class_8292
service_414,class_8293
service_414,class_8294
service_414,class_8295
service_414,class_8296
service_414,class_8297
service_414,class_8298
service_414,class_8299
service_415,class_8300
service_415,class_8301
service_415,class_8302
service_415,class_8303
service_415,class_8304
service_415,class_8305
service_415,class_8306
service_415,class_8307
service_415,class_8308
service_415,class_8309
service_415,class_8310
service_415,class_8311
service_415,class_8312
service_415,class_8313
service_415,class_8314
service_415,class_8315
service_415,class_8316
service_415,class_8317
service_415,class_8318
service_415,class_8319
service_416,class_8320
service_416,class_8321
service_416,class_8322
service_416,class_8323
service_416,class_8324
service_416,class_8325
service_416,class_8326
service_416,class_8327
service_416,class_8328
service_416,class_8329
service_416,class_8330
service_416,class_8331
service_416,class_8332
service_416,class_8333
service_416,class_8334
service_416,class_8335
service_416,class_8336
service_416,class_8337
service_416,class_8338
service_416,class_8339
service_417,class_8340
service_417,class_8341
service_417,class_8342
service_417,class_8343
service_417,class_8344
service_417,class_8345
service_417,class_8346
service_417,class_8347
service_417,class_8348
service_417,class_8349
service_417,class_8350
service_417,class_8351
service_417,class_8352
service_417,class_8353
service_417,class_8354
service_417,class_8355
service_417,class_8356
service_417,class_8357
service_417,class_8358
service_417,class_8359
service_418,class_8360
service_418,class_8361
service_418,class_8362
service_418,class_8363
service_418,class_8364
service_418,class_8365
service_418,class_8366
service_418,class_8367
service_418,class_8368
service_418,class_8369
service_418,class_8370
service_418,class_8371
service_418,class_8372
service_418,class_8373
service_418,class_8374
service_418,class_8375
service_418,class_8376
service_418,class_8377
service_418,class_8378
service_418,class_8379
service_419,class_8380
service_419,class_8381
service_419,class_8382
service_419,class_8383
service_419,class_8384
service_419,class_8385
service_419,class_8386
service_419,class_8387
service_419,class_8388
service_419,class_8389
service_419,class_8390
service_419,class_8391
service_419,class_8392
service_419,class_8393
service_419,class_8394
service_419,class_8395
service_419,class_8396
service_419,class_8397
service_419,class_8398
service_419,class_8399
service_420,class_8400
service_420,class_8401
service_420,class_8402
service_420,class_8403
service_420,class_8404
service_420,class_8405
service_420,class_8406
service_420,class_8407
service_420,class_8408
service_420,class_8409
service_420,class_8410
service_420,class_8411
service_420,class_8412
service_420,class_8413
service_420,class_8414
service_420,class_8415
service_420,class_8416
service_420,class_8417
service_420,class_8418
service_420,class_8419
service_421,class_8420
service_421,class_8421
service_421,class_8422
service_421,class_8423
service_421,class_8424
service_421,class_8425
service_421,class_8426
service_421,class_8427
service_421,class_8428
service_421,class_8429
service_421,class_8430
service_421,class_8431
service_421,class_8432
service_421,class_8433
service_421,class_8434
service_421,class_8435
service_421,class_8436
service_421,class_8437
service_421,class_8438
service_421,class_8439
service_422,class_8440
service_422,class_8441
service_422,class_8442
service_422,class_8443
service_422,class_8444
service_422,class_8445
service_422,class_8446
service_422,class_8447
service_422,class_8448
service_422,class_8449
service_422,class_8450
service_422,class_8451
service_422,class_8452
service_422,class_8453
service_422,class_8454
service_422,class_8455
service_422,class_8456
service_422,class_8457
service_422,class_8458
service_422,class_8459
service_423,class_8460
service_423,class_8461
service_423,class_8462
service_423,class_8463
service_423,class_8464
service_423,class_8465
service_423,class_8466
service_423,class_8467
service_423,class_8468
service_423,class_8469
service_423,class_8470
service_423,class_8471
service_423,class_8472
service_423,class_8473
service_423,class_8474
service_423,class_8475
service_423,class_8476
service_423,class_8477
service_423,class_8478
service_423,class_8479
service_424,class_8480
service_424,class_8481
service_424,class_8482
service_424,class_8483
service_424,class_8484
service_424,class_8485
service_424,class_8486
service_424,class_8487
service_424,class_8488
service_424,class_8489
service_424,class_8490
service_424,class_8491
service_424,class_8492
service_424,class_8493
service_424,class_8494
service_424,class_8495
service_424,class_8496
service_424,class_8497
service_424,class_8498
service_424,class_8499
service_425,class_8500
service_425,class_8501
service_425,class_8502
service_425,class_8503
service_425,class_8504
service_425,class_8505
service_425,class_8506
service_425,class_8507
service_425,class_8508
service_425,class_8509
service_425,class_8510
service_425,class_8511
service_425,class_8512
service_425,class_8513
service_425,class_8514
service_425,class_8515
service_425,class_8516
service_425,class_8517
service_425,class_8518
service_425,class_8519
service_426,class_8520
service_426,class_8521
service_426,class_8522
service_426,class_8523
service_426,class_8524
service_426,class_8525
service_426,class_8526
service_426,class_8527
service_426,class_8528
service_426,class_8529
service_426,class_8530
service_426,class_8531
service_426,class_8532
service_426,class_8533
service_426,class_8534
service_426,class_8535
service_426,class_8536
service_426,class_8537
service_426,class_8538
service_426,class_8539
service_427,class_8540
service_427,class_8541
service_427,class_8542
service_427,class_8543
service_427,class_8544
service_427,class_8545
service_427,class_8546
service_427,class_8547
service_427,class_8548
service_427,class_8549
service_427,class_8550
service_427,class_8551
service_427,class_8552
service_427,class_8553
service_427,class_8554
service_427,class_8555
service_427,class_8556
service_427,class_8557
service_427,class_8558
service_427,class_8559
service_428,class_8560
service_428,class_8561
service_428,class_8562
service_428,class_8563
service_428,class_8564
service_428,class_8565
service_428,class_8566
service_428,class_8567
service_428,class_8568
service_428,class_8569
service_428,class_8570
service_428,class_8571
service_428,class_8572
service_428,class_8573
service_428,class_8574
service_428,class_8575
service_428,class_8576
service_428,class_8577
service_428,class_8578
service_428,class_8579
service_429,class_8580
service_429,class_8581
service_429,class_8582
service_429,class_8583
service_429,class_8584
service_429,class_8585
service_429,class_8586
service_429,class_8587
service_429,class_8588
service_429,class_8589
service_429,class_8590
service_429,class_8591
service_429,class_8592
service_429,class_8593
service_429,class_8594
service_429,class_8595
service_429,class_8596
service_429,class_8597
service_429,class_8598
service_429,class_8599
service_430,class_8600
service_430,class_8601
service_430,class_8602
service_430,class_8603
service_430,class_8604
service_430,class_8605
service_430,class_8606
service_430,class_8607
service_430,class_8608
service_430,class_8609
service_430,class_8610
service_430,class_8611
service_430,class_8612
service_430,class_8613
service_430,class_8614
service_430,class_8615
service_430,class_8616
service_430,class_8617
service_430,class_8618
service_430,class_8619
service_431,class_8620
service_431,class_8621
service_431,class_8622
service_431,class_8623
service_431,class_8624
service_431,class_8625
service_431,class_8626
service_431,class_8627
service_431,class_8628
service_431,class_8629
service_431,class_8630
service_431,class_8631
service_431,class_8632
service_431,class_8633
service_431,class_8634
service_431,class_8635
service_431,class_8636
service_431,class_8637
service_431,class_8638
service_431,class_8639
service_432,class_8640
service_432,class_8641
service_432,class_8642
service_432,class_8643
service_432,class_8644
service_432,class_8645
service_432,class_8646
service_432,class_8647
service_432,class_8648
service_432,class_8649
service_432,class_8650
service_432,class_8651
service_432,class_8652
service_432,class_8653
service_432,class_8654
service_432,class_8655
service_432,class_8656
service_432,class_8657
service_432,class_8658
service_432,class_8659
service_433,class_8660
service_433,class_8661
service_433,class_8662
service_433,class_8663
service_433,class_8664
service_433,class_8665
service_433,class_8666
service_433,class_8667
service_433,class_8668
service_433,class_8669
service_433,class_8670
service_433,class_8671
service_433,class_8672
service_433,class_8673
service_433,class_8674
service_433,class_8675
service_433,class_8676
service_433,class_8677
service_433,class_8678
service_433,class_8679
service_434,class_8680
service_434,class_8681
service_434,class_8682
service_434,class_8683
service_434,class_8684
service_434,class_8685
service_434,class_8686
service_434,class_8687
service_434,class_8688
service_434,class_8689
service_434,class_8690
service_434,class_8691
service_434,class_8692
service_434,class_8693
service_434,class_8694
service_434,class_8695
service_434,class_8696
service_434,class_8697
service_434,class_8698
service_434,class_8699
service_435,class_8700
service_435,class_8701
service_435,class_8702
service_435,class_8703
service_435,class_8704
service_435,class_8705
service_435,class_8706
service_435,class_8707
service_435,class_8708
service_435,class_8709
service_435,class_8710
service_435,class_8711
service_435,class_8712
service_435,class_8713
service_435,class_8714
service_435,class_8715
service_435,class_8716
service_435,class_8717
service_435,class_8718
service_435,class_8719
service_436,class_8720
service_436,class_8721
service_436,class_8722
service_436,class_8723
service_436,class_8724
service_436,class_8725
service_436,class_8726
service_436,class_8727
service_436,class_8728
service_436,class_8729
service_436,class_8730
service_436,class_8731
service_436,class_8732
service_436,class_8733
service_436,class_8734
service_436,class_8735
service_436,class_8736
service_436,class_8737
service_436,class_8738
service_436,class_8739
service_437,class_8740
service_437,class_8741
service_437,class_8742
service_437,class_8743
service_437,class_8744
service_437,class_8745
service_437,class_8746
service_437,class_8747
service_437,class_8748
service_437,class_8749
service_437,class_8750
service_437,class_8751
service_437,class_8752
service_437,class_8753
service_437,class_8754
service_437,class_8755
service_437,class_8756
service_437,class_8757
service_437,class_8758
service_437,class_8759
service_438,class_8760
service_438,class_8761
service_438,class_8762
service_438,class_8763
service_438,class_8764
service_438,class_8765
service_438,class_8766
service_438,class_8767
service_438,class_8768
service_438,class_8769
service_438,class_8770
service_438,class_8771
service_438,class_8772
service_438,class_8773
service_438,class_8774
service_438,class_8775
service_438,class_8776
service_438,class_8777
service_438,class_8778
service_438,class_8779
service_439,class_8780
service_439,class_8781
service_439,class_8782
service_439,class_8783
service_439,class_8784
service_439,class_8785
service_439,class_8786
service_439,class_8787
service_439,class_8788
service_439,class_8789
service_439,class_8790
service_439,class_8791
service_439,class_8792
service_439,class_8793
service_439,class_8794
service_439,class_8795
service_439,class_8796
service_439,class_8797
service_439,class_8798
service_439,class_8799
service_440,class_8800
service_440,class_8801
service_440,class_8802
service_440,class_8803
service_440,class_8804
service_440,class_8805
service_440,class_8806
service_440,class_8807
service_440,class_8808
service_440,class_8809
service_440,class_8810
service_440,class_8811
service_440,class_8812
service_440,class_8813
service_440,class_8814
service_440,class_8815
service_440,class_8816
service_440,class_8817
service_440,class_8818
service_440,class_8819
service_441,class_8820
service_441,class_8821
service_441,class_8822
service_441,class_8823
service_441,class_8824
service_441,class_8825
service_441,class_8826
service_441,class_8827
service_441,class_8828
service_441,class_8829
service_441,class_8830
service_441,class_8831
service_441,class_8832
service_441,class_8833
service_441,class_8834
service_441,class_8835
service_441,class_8836
service_441,class_8837
service_441,class_8838
service_441,class_8839
service_442,class_8840
service_442,class_8841
service_442,class_8842
service_442,class_8843
service_442,class_8844
service_442,class_8845
service_442,class_8846
service_442,class_8847
service_442,class_8848
service_442,class_8849
service_442,class_8850
service_442,class_8851
service_442,class_8852
service_442,class_8853
service_442,class_8854
service_442,class_8855
service_442,class_8856
service_442,class_8857
service_442,class_8858
service_442,class_8859
service_443,class_8860
service_443,class_8861
service_443,class_8862
service_443,class_8863
service_443,class_8864
service_443,class_8865
service_443,class_8866
service_443,class_8867
service_443,class_8868
service_443,class_8869
service_443,class_8870
service_443,class_8871
service_443,class_8872
service_443,class_8873
service_443,class_8874
service_443,class_8875
service_443,class_8876
service_443,class_8877
service_443,class_8878
service_443,class_8879
service_444,class_8880
service_444,class_8881
service_444,class_8882
service_444,class_8883
service_444,class_8884
service_444,class_8885
service_444,class_8886
service_444,class_8887
service_444,class_8888
service_444,class_8889
service_444,class_8890
service_444,class_8891
service_444,class_8892
service_444,class_8893
service_444,class_8894
service_444,class_8895
service_444,class_8896
service_444,class_8897
service_444,class_8898
service_444,class_8899
service_445,class_8900
service_445,class_8901
service_445,class_8902
service_445,class_8903
service_445,class_8904
service_445,class_8905
service_445,class_8906
service_445,class_8907
service_445,class_8908
service_445,class_8909
service_445,class_8910
service_445,class_8911
service_445,class_8912
service_445,class_8913
service_445,class_8914
service_445,class_8915
service_445,class_8916
service_445,class_8917
service_445,class_8918
service_445,class_8919
service_446,class_8920
service_446,class_8921
service_446,class_8922
service_446,class_8923
service_446,class_8924
service_446,class_8925
service_446,class_8926
service_446,class_8927
service_446,class_8928
service_446,class_8929
service_446,class_8930
service_446,class_8931
service_446,class_8932
service_446,class_8933
service_446,class_8934
service_446,class_8935
service_446,class_8936
service_446,class_8937
service_446,class_8938
service_446,class_8939
service_447,class_8940
service_447,class_8941
service_447,class_8942
service_447,class_8943
service_447,class_8944
service_447,class_8945
service_447,class_8946
service_447,class_8947
service_447,class_8948
service_447,class_8949
service_447,class_8950
service_447,class_8951
service_447,class_8952
service_447,class_8953
service_447,class_8954
service_447,class_8955
service_447,class_8956
service_447,class_8957
service_447,class_8958
service_447,class_8959
service_448,class_8960
service_448,class_8961
service_448,class_8962
service_448,class_8963
service_448,class_8964
service_448,class_8965
service_448,class_8966
service_448,class_8967
service_448,class_8968
service_448,class_8969
service_448,class_8970
service_448,class_8971
service_448,class_8972
service_448,class_8973
service_448,class_8974
service_448,class_8975
service_448,class_8976
service_448,class_8977
service_448,class_8978
service_448,class_8979
service_449,class_8980
service_449,class_8981
service_449,class_8982
service_449,class_8983
service_449,class_8984
service_449,class_8985
service_449,class_8986
service_449,class_8987
service_449,class_8988
service_449,class_8989
service_449,class_8990
service_449,class_8991
service_449,class_8992
service_449,class_8993
service_449,class_8994
service_449,class_8995
service_449,class_8996
service_449,class_8997
service_449,class_8998
service_449,class_8999
service_450,class_9000
service_450,class_9001
service_450,class_9002
service_450,class_9003
service_450,class_9004
service_450,class_9005
service_450,class_9006
service_450,class_9007
service_450,class_9008
service_450,class_9009
service_450,class_9010
service_450,class_9011
service_450,class_9012
service_450,class_9013
service_450,class_9014
service_450,class_9015
service_450,class_9016
service_450,class_9017
service_450,class_9018
service_450,class_9019
service_451,class_9020
service_451,class_9021
service_451,class_9022
service_451,class_9023
service_451,class_9024
service_451,class_9025
service_451,class_9026
service_451,class_9027
service_451,class_9028
service_451,class_9029
service_451,class_9030
service_451,class_9031
service_451,class_9032
service_451,class_9033
service_451,class_9034
service_451,class_9035
service_451,class_9036
service_451,class_9037
service_451,class_9038
service_451,class_9039
service_452,class_9040
service_452,class_9041
service_452,class_9042
service_452,class_9043
service_452,class_9044
service_452,class_9045
service_452,class_9046
service_452,class_9047
service_452,class_9048
service_452,class_9049
service_452,class_9050
service_452,class_9051
service_452,class_9052
service_452,class_9053
service_452,class_9054
service_452,class_9055
service_452,class_9056
service_452,class_9057
service_452,class_9058
service_452,class_9059
service_453,class_9060
service_453,class_9061
service_453,class_9062
service_453,class_9063
service_453,class_9064
service_453,class_9065
service_453,class_9066
service_453,class_9067
service_453,class_9068
service_453,class_9069
service_453,class_9070
service_453,class_9071
service_453,class_9072
service_453,class_9073
service_453,class_9074
service_453,class_9075
service_453,class_9076
service_453,class_9077
service_453,class_9078
service_453,class_9079
service_454,class_9080
service_454,class_9081
service_454,class_9082
service_454,class_9083
service_454,class_9084
service_454,class_9085
service_454,class_9086
service_454,class_9087
service_454,class_9088
service_454,class_9089
service_454,class_9090
service_454,class_9091
service_454,class_9092
service_454,class_9093
service_454,class_9094
service_454,class_9095
service_454,class_9096
service_454,class_9097
service_454,class_9098
service_454,class_9099
service_455,class_9100
service_455,class_9101
service_455,class_9102
service_455,class_9103
service_455,class_9104
service_455,class_9105
service_455,class_9106
service_455,class_9107
service_455,class_9108
service_455,class_9109
service_455,class_9110
service_455,class_9111
service_455,class_9112
service_455,class_9113
service_455,class_9114
service_455,class_9115
service_455,class_9116
service_455,class_9117
service_455,class_9118
service_455,class_9119
service_456,class_9120
service_456,class_9121
service_456,class_9122
service_456,class_9123
service_456,class_9124
service_456,class_9125
service_456,class_9126
service_456,class_9127
service_456,class_9128
service_456,class_9129
service_456,class_9130
service_456,class_9131
service_456,class_9132
service_456,class_9133
service_456,class_9134
service_456,class_9135
service_456,class_9136
service_456,class_9137
service_456,class_9138
service_456,class_9139
service_457,class_9140
service_457,class_9141
service_457,class_9142
service_457,class_9143
service_457,class_9144
service_457,class_9145
service_457,class_9146
service_457,class_9147
service_457,class_9148
service_457,class_9149
service_457,class_9150
service_457,class_9151
service_457,class_9152
service_457,class_9153
service_457,class_9154
service_457,class_9155
service_457,class_9156
service_457,class_9157
service_457,class_9158
service_457,class_9159
service_458,class_9160
service_458,class_9161
service_458,class_9162
service_458,class_9163
service_458,class_9164
service_458,class_9165
service_458,class_9166
service_458,class_9167
service_458,class_9168
service_458,class_9169
service_458,class_9170
service_458,class_9171
service_458,class_9172
service_458,class_9173
service_458,class_9174
service_458,class_9175
service_458,class_9176
service_458,class_9177
service_458,class_9178
service_458,class_9179
service_459,class_9180
service_459,class_9181
service_459,class_9182
service_459,class_9183
service_459,class_9184
service_459,class_9185
service_459,class_9186
service_459,class_9187
service_459,class_9188
service_459,class_9189
service_459,class_9190
service_459,class_9191
service_459,class_9192
service_459,class_9193
service_459,class_9194
service_459,class_9195
service_459,class_9196
service_459,class_9197
service_459,class_9198
service_459,class_9199
service_460,class_9200
service_460,class_9201
service_460,class_9202
service_460,class_9203
service_460,class_9204
service_460,class_9205
service_460,class_9206
service_460,class_9207
service_460,class_9208
service_460,class_9209
service_460,class_9210
service_460,class_9211
service_460,class_9212
service_460,class_9213
service_460,class_9214
service_460,class_9215
service_460,class_9216
service_460,class_9217
service_460,class_9218
service_460,class_9219
service_461,class_9220
service_461,class_9221
service_461,class_9222
service_461,class_9223
service_461,class_9224
service_461,class_9225
service_461,class_9226
service_461,class_9227
service_461,class_9228
service_461,class_9229
service_461,class_9230
service_461,class_9231
service_461,class_9232
service_461,class_9233
service_461,class_9234
service_461,class_9235
service_461,class_9236
service_461,class_9237
service_461,class_9238
service_461,class_9239
service_462,class_9240
service_462,class_9241
service_462,class_9242
service_462,class_9243
service_462,class_9244
service_462,class_9245
service_462,class_9246
service_462,class_9247
service_462,class_9248
service_462,class_9249
service_462,class_9250
service_462,class_9251
service_462,class_9252
service_462,class_9253
service_462,class_9254
service_462,class_9255
service_462,class_9256
service_462,class_9257
service_462,class_9258
service_462,class_9259
service_463,class_9260
service_463,class_9261
service_463,class_9262
service_463,class_9263
service_463,class_9264
service_463,class_9265
service_463,class_9266
service_463,class_9267
service_463,class_9268
service_463,class_9269
service_463,class_9270
service_463,class_9271
service_463,class_9272
service_463,class_9273
service_463,class_9274
service_463,class_9275
service_463,class_9276
service_463,class_9277
service_463,class_9278
service_463,class_9279
service_464,class_9280
service_464,class_9281
service_464,class_9282
service_464,class_9283
service_464,class_9284
service_464,class_9285
service_464,class_9286
service_464,class_9287
service_464,class_9288
service_464,class_9289
service_464,class_9290
service_464,class_9291
service_464,class_9292
service_464,class_9293
service_464,class_9294
service_464,class_9295
service_464,class_9296
service_464,class_9297
service_464,class_9298
service_464,class_9299
service_465,class_9300
service_465,class_9301
service_465,class_9302
service_465,class_9303
service_465,class_9304
service_465,class_9305
service_465,class_9306
service_465,class_9307
service_465,class_9308
service_465,class_9309
service_465,class_9310
service_465,class_9311
service_465,class_9312
service_465,class_9313
service_465,class_9314
service_465,class_9315
service_465,class_9316
service_465,class_9317
service_465,class_9318
service_465,class_9319
service_466,class_9320
service_466,class_9321
service_466,class_9322
service_466,class_9323
service_466,class_9324
service_466,class_9325
service_466,class_9326
service_466,class_9327
service_466,class_9328
service_466,class_9329
service_466,class_9330
service_466,class_9331
service_466,class_9332
service_466,class_9333
service_466,class_9334
service_466,class_9335
service_466,class_9336
service_466,class_9337
service_466,class_9338
service_466,class_9339
service_467,class_9340
service_467,class_9341
service_467,class_9342
service_467,class_9343
service_467,class_9344
service_467,class_9345
service_467,class_9346
service_467,class_9347
service_467,class_9348
service_467,class_9349
service_467,class_9350
service_467,class_9351
service_467,class_9352
service_467,class_9353
service_467,class_9354
service_467,class_9355
service_467,class_9356
service_467,class_9357
service_467,class_9358
service_467,class_9359
service_468,class_9360
service_468,class_9361
service_468,class_9362
service_468,class_9363
service_468,class_9364
service_468,class_9365
service_468,class_9366
service_468,class_9367
service_468,class_9368
service_468,class_9369
service_468,class_9370
service_468,class_9371
service_468,class_9372
service_468,class_9373
service_468,class_9374
service_468,class_9375
service_468,class_9376
service_468,class_9377
service_468,class_9378
service_468,class_9379
service_469,class_9380
service_469,class_9381
service_469,class_9382
service_469,class_9383
service_469,class_9384
service_469,class_9385
service_469,class_9386
service_469,class_9387
service_469,class_9388
service_469,class_9389
service_469,class_9390
service_469,class_9391
service_469,class_9392
service_469,class_9393
service_469,class_9394
service_469,class_9395
service_469,class_9396
service_469,class_9397
service_469,class_9398
service_469,class_9399
service_470,class_9400
service_470,class_9401
service_470,class_9402
service_470,class_9403
service_470,class_9404
service_470,class_9405
service_470,class_9406
service_470,class_9407
service_470,class_9408
service_470,class_9409
service_470,class_9410
service_470,class_9411
service_470,class_9412
service_470,class_9413
service_470,class_9414
service_470,class_9415
service_470,class_9416
service_470,class_9417
service_470,class_9418
service_470,class_9419
service_471,class_9420
service_471,class_9421
service_471,class_9422
service_471,class_9423
service_471,class_9424
service_471,class_9425
service_471,class_9426
service_471,class_9427
service_471,class_9428
service_471,class_9429
service_471,class_9430
service_471,class_9431
service_471,class_9432
service_471,class_9433
service_471,class_9434
service_471,class_9435
service_471,class_9436
service_471,class_9437
service_471,class_9438
service_471,class_9439
service_472,class_9440
service_472,class_9441
service_472,class_9442
service_472,class_9443
service_472,class_9444
service_472,class_9445
service_472,class_9446
service_472,class_9447
service_472,class_9448
service_472,class_9449
service_472,class_9450
service_472,class_9451
service_472,class_9452
service_472,class_9453
service_472,class_9454
service_472,class_9455
service_472,class_9456
service_472,class_9457
service_472,class_9458
service_472,class_9459
service_473,class_9460
service_473,class_9461
service_473,class_9462
service_473,class_9463
service_473,class_9464
service_473,class_9465
service_473,class_9466
service_473,class_9467
service_473,class_9468
service_473,class_9469
service_473,class_9470
service_473,class_9471
service_473,class_9472
service_473,class_9473
service_473,class_9474
service_473,class_9475
service_473,class_9476
service_473,class_9477
service_473,class_9478
service_473,class_9479
service_474,class_9480
service_474,class_9481
service_474,class_9482
service_474,class_9483
service_474,class_9484
service_474,class_9485
service_474,class_9486
service_474,class_9487
service_474,class_9488
service_474,class_9489
service_474,class_9490
service_474,class_9491
service_474,class_9492
service_474,class_9493
service_474,class_9494
service_474,class_9495
service_474,class_9496
service_474,class_9497
service_474,class_9498
service_474,class_9499
service_475,class_9500
service_475,class_9501
service_475,class_9502
service_475,class_9503
service_475,class_9504
service_475,class_9505
service_475,class_9506
service_475,class_9507
service_475,class_9508
service_475,class_9509
service_475,class_9510
service_475,class_9511
service_475,class_9512
service_475,class_9513
service_475,class_9514
service_475,class_9515
service_475,class_9516
service_475,class_9517
service_475,class_9518
service_475,class_9519
service_476,class_9520
service_476,class_9521
service_476,class_9522
service_476,class_9523
service_476,class_9524
service_476,class_9525
service_476,class_9526
service_476,class_9527
service_476,class_9528
service_476,class_9529
service_476,class_9530
service_476,class_9531
service_476,class_9532
service_476,class_9533
service_476,class_9534
service_476,class_9535
service_476,class_9536
service_476,class_9537
service_476,class_9538
service_476,class_9539
service_477,class_9540
service_477,class_9541
service_477,class_9542
service_477,class_9543
service_477,class_9544
service_477,class_9545
service_477,class_9546
service_477,class_9547
service_477,class_9548
service_477,class_9549
service_477,class_9550
service_477,class_9551
service_477,class_9552
service_477,class_9553
service_477,class_9554
service_477,class_9555
service_477,class_9556
service_477,class_9557
service_477,class_9558
service_477,class_9559
service_478,class_9560
service_478,class_9561
service_478,class_9562
service_478,class_9563
service_478,class_9564
service_478,class_9565
service_478,class_9566
service_478,class_9567
service_478,class_9568
service_478,class_9569
service_478,class_9570
service_478,class_9571
service_478,class_9572
service_478,class_9573
service_478,class_9574
service_478,class_9575
service_478,class_9576
service_478,class_9577
service_478,class_9578
service_478,class_9579
service_479,class_9580
service_479,class_9581
service_479,class_9582
service_479,class_9583
service_479,class_9584
service_479,class_9585
service_479,class_9586
service_479,class_9587
service_479,class_9588
service_479,class_9589
service_479,class_9590
service_479,class_9591
service_479,class_9592
service_479,class_9593
service_479,class_9594
service_479,class_9595
service_479,class_9596
service_479,class_9597
service_479,class_9598
service_479,class_9599
service_480,class_9600
service_480,class_9601
service_480,class_9602
service_480,class_9603
service_480,class_9604
service_480,class_9605
service_480,class_9606
service_480,class_9607
service_480,class_9608
service_480,class_9609
service_480,class_9610
service_480,class_9611
service_480,class_9612
service_480,class_9613
service_480,class_9614
service_480,class_9615
service_480,class_9616
service_480,class_9617
service_480,class_9618
service_480,class_9619
service_481,class_9620
service_481,class_9621
service_481,class_9622
service_481,class_9623
service_481,class_9624
service_481,class_9625
service_481,class_9626
service_481,class_9627
service_481,class_9628
service_481,class_9629
service_481,class_9630
service_481,class_9631
service_481,class_9632
service_481,class_9633
service_481,class_9634
service_481,class_9635
service_481,class_9636
service_481,class_9637
service_481,class_9638
service_481,class_9639
service_482,class_9640
service_482,class_9641
service_482,class_9642
service_482,class_9643
service_482,class_9644
service_482,class_9645
service_482,class_9646
service_482,class_9647
service_482,class_9648
service_482,class_9649
service_482,class_9650
service_482,class_9651
service_482,class_9652
service_482,class_9653
service_482,class_9654
service_482,class_9655
service_482,class_9656
service_482,class_9657
service_482,class_9658
service_482,class_9659
service_483,class_9660
service_483,class_9661
service_483,class_9662
service_483,class_9663
service_483,class_9664
service_483,class_9665
service_483,class_9666
service_483,class_9667
service_483,class_9668
service_483,class_9669
service_483,class_9670
service_483,class_9671
service_483,class_9672
service_483,class_9673
service_483,class_9674
service_483,class_9675
service_483,class_9676
service_483,class_9677
service_483,class_9678
service_483,class_9679
service_484,class_9680
service_484,class_9681
service_484,class_9682
service_484,class_9683
service_484,class_9684
service_484,class_9685
service_484,class_9686
service_484,class_9687
service_484,class_9688
service_484,class_9689
service_484,class_9690
service_484,class_9691
service_484,class_9692
service_484,class_9693
service_484,class_9694
service_484,class_9695
service_484,class_9696
service_484,class_9697
service_484,class_9698
service_484,class_9699
service_485,class_9700
service_485,class_9701
service_485,class_9702
service_485,class_9703
service_485,class_9704
service_485,class_9705
service_485,class_9706
service_485,class_9707
service_485,class_9708
service_485,class_9709
service_485,class_9710
service_485,class_9711
service_485,class_9712
service_485,class_9713
service_485,class_9714
service_485,class_9715
service_485,class_9716
service_485,class_9717
service_485,class_9718
service_485,class_9719
service_486,class_9720
service_486,class_9721
service_486,class_9722
service_486,class_9723
service_486,class_9724
service_486,class_9725
service_486,class_9726
service_486,class_9727
service_486,class_9728
service_486,class_9729
service_486,class_9730
service_486,class_9731
service_486,class_9732
service_486,class_9733
service_486,class_9734
service_486,class_9735
service_486,class_9736
service_486,class_9737
service_486,class_9738
service_486,class_9739
service_487,class_9740
service_487,class_9741
service_487,class_9742
service_487,class_9743
service_487,class_9744
service_487,class_9745
service_487,class_9746
service_487,class_9747
service_487,class_9748
service_487,class_9749
service_487,class_9750
service_487,class_9751
service_487,class_9752
service_487,class_9753
service_487,class_9754
service_487,class_9755
service_487,class_9756
service_487,class_9757
service_487,class_9758
service_487,class_9759
service_488,class_9760
service_488,class_9761
service_488,class_9762
service_488,class_9763
service_488,class_9764
service_488,class_9765
service_488,class_9766
service_488,class_9767
service_488,class_9768
service_488,class_9769
service_488,class_9770
service_488,class_9771
service_488,class_9772
service_488,class_9773
service_488,class_9774
service_488,class_9775
service_488,class_9776
service_488,class_9777
service_488,class_9778
service_488,class_9779
service_489,class_9780
service_489,class_9781
service_489,class_9782
service_489,class_9783
service_489,class_9784
service_489,class_9785
service_489,class_9786
service_489,class_9787
service_489,class_9788
service_489,class_9789
service_489,class_9790
service_489,class_9791
service_489,class_9792
service_489,class_9793
service_489,class_9794
service_489,class_9795
service_489,class_9796
service_489,class_9797
service_489,class_9798
service_489,class_9799
service_490,class_9800
service_490,class_9801
service_490,class_9802
service_490,class_9803
service_490,class_9804
service_490,class_9805
service_490,class_9806
service_490,class_9807
service_490,class_9808
service_490,class_9809
service_490,class_9810
service_490,class_9811
service_490,class_9812
service_490,class_9813
service_490,class_9814
service_490,class_9815
service_490,class_9816
service_490,class_9817
service_490,class_9818
service_490,class_9819
service_491,class_9820
service_491,class_9821
service_491,class_9822
service_491,class_9823
service_491,class_9824
service_491,class_9825
service_491,class_9826
service_491,class_9827
service_491,class_9828
service_491,class_9829
service_491,class_9830
service_491,class_9831
service_491,class_9832
service_491,class_9833
service_491,class_9834
service_491,class_9835
service_491,class_9836
service_491,class_9837
service_491,class_9838
service_491,class_9839
service_492,class_9840
service_492,class_9841
service_492,class_9842
service_492,class_9843
service_492,class_9844
service_492,class_9845
service_492,class_9846
service_492,class_9847
service_492,class_9848
service_492,class_9849
service_492,class_9850
service_492,class_9851
service_492,class_9852
service_492,class_9853
service_492,class_9854
service_492,class_9855
service_492,class_9856
service_492,class_9857
service_492,class_9858
service_492,class_9859
service_493,class_9860
service_493,class_9861
service_493,class_9862
service_493,class_9863
service_493,class_9864
service_493,class_9865
service_493,class_9866
service_493,class_9867
service_493,class_9868
service_493,class_9869
service_493,class_9870
service_493,class_9871
service_493,class_9872
service_493,class_9873
service_493,class_9874
service_493,class_9875
service_493,class_9876
service_493,class_9877
service_493,class_9878
service_493,class_9879
service_494,class_9880
service_494,class_9881
service_494,class_9882
service_494,class_9883
service_494,class_9884
service_494,class_9885
service_494,class_9886
service_494,class_9887
service_494,class_9888
service_494,class_9889
service_494,class_9890
service_494,class_9891
service_494,class_9892
service_494,class_9893
service_494,class_9894
service_494,class_9895
service_494,class_9896
service_494,class_9897
service_494,class_9898
service_494,class_9899
service_495,class_9900
service_495,class_9901
service_495,class_9902
service_495,class_9903
service_495,class_9904
service_495,class_9905
service_495,class_9906
service_495,class_9907
service_495,class_9908
service_495,class_9909
service_495,class_9910
service_495,class_9911
service_495,class_9912
service_495,class_9913
service_495,class_9914
service_495,class_9915
service_495,class_9916
service_495,class_9917
service_495,class_9918
service_495,class_9919
service_496,class_9920
service_496,class_9921
service_496,class_9922
service_496,class_9923
service_496,class_9924
service_496,class_9925
service_496,class_9926
service_496,class_9927
service_496,class_9928
service_496,class_9929
service_496,class_9930
service_496,class_9931
service_496,class_9932
service_496,class_9933
service_496,class_9934
service_496,class_9935
service_496,class_9936
service_496,class_9937
service_496,class_9938
service_496,class_9939
service_497,class_9940
service_497,class_9941
service_497,class_9942
service_497,class_9943
service_497,class_9944
service_497,class_9945
service_497,class_9946
service_497,class_9947
service_497,class_9948
service_497,class_9949
service_497,class_9950
service_497,class_9951
service_497,class_9952
service_497,class_9953
service_497,class_9954
service_497,class_9955
service_497,class_9956
service_497,class_9957
service_497,class_9958
service_497,class_9959
service_498,class_9960
service_498,class_9961
service_498,class_9962
service_498,class_9963
service_498,class_9964
service_498,class_9965
service_498,class_9966
service_498,class_9967
service_498,class_9968
service_498,class_9969
service_498,class_9970
service_498,class_9971
service_498,class_9972
service_498,class_9973
service_498,class_9974
service_498,class_9975
service_498,class_9976
service_498,class_9977
service_498,class_9978
service_498,class_9979
service_499,class_9980
service_499,class_9981
service_499,class_9982
service_499,class_9983
service_499,class_9984
service_499,class_9985
service_499,class_9986
service_499,class_9987
service_499,class_9988
service_499,class_9989
service_499,class_9990
service_499,class_9991
service_499,class_9992
service_499,class_9993
service_499,class_9994
service_499,class_9995
service_499,class_9996
service_499,class_9997
service_499,class_9998
service_499,class_9999
service_500,class_10000
service_500,class_10001
service_500,class_10002
service_500,class_10003
service_500,class_10004
service_500,class_10005
service_500,class_10006
service_500,class_10007
service_500,class_10008
service_500,class_10009
service_500,class_10010
service_500,class_10011
service_500,class_10012
service_500,class_10013
service_500,class_10014
service_500,class_10015
service_500,class_10016
service_500,class_10017
service_500,class_10018
service_500,class_10019
service_501,class_10020
service_501,class_10021
service_501,class_10022
service_501,class_10023
service_501,class_10024
service_501,class_10025
service_501,class_10026
service_501,class_10027
service_501,class_10028
service_501,class_10029
service_501,class_10030
service_501,class_10031
service_501,class_10032
service_501,class_10033
service_501,class_10034
service_501,class_10035
service_501,class_10036
service_501,class_10037
service_501,class_10038
service_501,class_10039
service_502,class_10040
service_502,class_10041
service_502,class_10042
service_502,class_10043
service_502,class_10044
service_502,class_10045
service_502,class_10046
service_502,class_10047
service_502,class_10048
service_502,class_10049
service_502,class_10050
service_502,class_10051
service_502,class_10052
service_502,class_10053
service_502,class_10054
service_502,class_10055
service_502,class_10056
service_502,class_10057
service_502,class_10058
service_502,class_10059
service_503,class_10060
service_503,class_10061
service_503,class_10062
service_503,class_10063
service_503,class_10064
service_503,class_10065
service_503,class_10066
service_503,class_10067
service_503,class_10068
service_503,class_10069
service_503,class_10070
service_503,class_10071
service_503,class_10072
service_503,class_10073
service_503,class_10074
service_503,class_10075
service_503,class_10076
service_503,class_10077
service_503,class_10078
service_503,class_10079
service_504,class_10080
service_504,class_10081
service_504,class_10082
service_504,class_10083
service_504,class_10084
service_504,class_10085
service_504,class_10086
service_504,class_10087
service_504,class_10088
service_504,class_10089
service_504,class_10090
service_504,class_10091
service_504,class_10092
service_504,class_10093
service_504,class_10094
service_504,class_10095
service_504,class_10096
service_504,class_10097
service_504,class_10098
service_504,class_10099
service_505,class_10100
service_505,class_10101
service_505,class_10102
service_505,class_10103
service_505,class_10104
service_505,class_10105
service_505,class_10106
service_505,class_10107
service_505,class_10108
service_505,class_10109
service_505,class_10110
service_505,class_10111
service_505,class_10112
service_505,class_10113
service_505,class_10114
service_505,class_10115
service_505,class_10116
service_505,class_10117
service_505,class_10118
service_505,class_10119
service_506,class_10120
service_506,class_10121
service_506,class_10122
service_506,class_10123
service_506,class_10124
service_506,class_10125
service_506,class_10126
service_506,class_10127
service_506,class_10128
service_506,class_10129
service_506,class_10130
service_506,class_10131
service_506,class_10132
service_506,class_10133
service_506,class_10134
service_506,class_10135
service_506,class_10136
service_506,class_10137
service_506,class_10138
service_506,class_10139
service_507,class_10140
service_507,class_10141
service_507,class_10142
service_507,class_10143
service_507,class_10144
service_507,class_10145
service_507,class_10146
service_507,class_10147
service_507,class_10148
service_507,class_10149
service_507,class_10150
service_507,class_10151
service_507,class_10152
service_507,class_10153
service_507,class_10154
service_507,class_10155
service_507,class_10156
service_507,class_10157
service_507,class_10158
service_507,class_10159
service_508,class_10160
service_508,class_10161
service_508,class_10162
service_508,class_10163
service_508,class_10164
service_508,class_10165
service_508,class_10166
service_508,class_10167
service_508,class_10168
service_508,class_10169
service_508,class_10170
service_508,class_10171
service_508,class_10172
service_508,class_10173
service_508,class_10174
service_508,class_10175
service_508,class_10176
service_508,class_10177
service_508,class_10178
service_508,class_10179
service_509,class_10180
service_509,class_10181
service_509,class_10182
service_509,class_10183
service_509,class_10184
service_509,class_10185
service_509,class_10186
service_509,class_10187
service_509,class_10188
service_509,class_10189
service_509,class_10190
service_509,class_10191
service_509,class_10192
service_509,class_10193
service_509,class_10194
service_509,class_10195
service_509,class_10196
service_509,class_10197
service_509,class_10198
service_509,class_10199
service_510,class_10200
service_510,class_10201
service_510,class_10202
service_510,class_10203
service_510,class_10204
service_510,class_10205
service_510,class_10206
service_510,class_10207
service_510,class_10208
service_510,class_10209
service_510,class_10210
service_510,class_10211
service_510,class_10212
service_510,class_10213
service_510,class_10214
service_510,class_10215
service_510,class_10216
service_510,class_10217
service_510,class_10218
service_510,class_10219
service_511,class_10220
service_511,class_10221
service_511,class_10222
service_511,class_10223
service_511,class_10224
service_511,class_10225
service_511,class_10226
service_511,class_10227
service_511,class_10228
service_511,class_10229
service_511,class_10230
service_511,class_10231
service_511,class_10232
service_511,class_10233
service_511,class_10234
service_511,class_10235
service_511,class_10236
service_511,class_10237
service_511,class_10238
service_511,class_10239
service_512,class_10240
service_512,class_10241
service_512,class_10242
service_512,class_10243
service_512,class_10244
service_512,class_10245
service_512,class_10246
service_512,class_10247
service_512,class_10248
service_512,class_10249
service_512,class_10250
service_512,class_10251
service_512,class_10252
service_512,class_10253
service_512,class_10254
service_512,class_10255
service_512,class_10256
service_512,class_10257
service_512,class_10258
service_512,class_10259
service_513,class_10260
service_513,class_10261
service_513,class_10262
service_513,class_10263
service_513,class_10264
service_513,class_10265
service_513,class_10266
service_513,class_10267
service_513,class_10268
service_513,class_10269
service_513,class_10270
service_513,class_10271
service_513,class_10272
service_513,class_10273
service_513,class_10274
service_513,class_10275
service_513,class_10276
service_513,class_10277
service_513,class_10278
service_513,class_10279
service_514,class_10280
service_514,class_10281
service_514,class_10282
service_514,class_10283
service_514,class_10284
service_514,class_10285
service_514,class_10286
service_514,class_10287
service_514,class_10288
service_514,class_10289
service_514,class_10290
service_514,class_10291
service_514,class_10292
service_514,class_10293
service_514,class_10294
service_514,class_10295
service_514,class_10296
service_514,class_10297
service_514,class_10298
service_514,class_10299
service_515,class_10300
service_515,class_10301
service_515,class_10302
service_515,class_10303
service_515,class_10304
service_515,class_10305
service_515,class_10306
service_515,class_10307
service_515,class_10308
service_515,class_10309
service_515,class_10310
service_515,class_10311
service_515,class_10312
service_515,class_10313
service_515,class_10314
service_515,class_10315
service_515,class_10316
service_515,class_10317
service_515,class_10318
service_515,class_10319
service_516,class_10320
service_516,class_10321
service_516,class_10322
service_516,class_10323
service_516,class_10324
service_516,class_10325
service_516,class_10326
service_516,class_10327
service_516,class_10328
service_516,class_10329
service_516,class_10330
service_516,class_10331
service_516,class_10332
service_516,class_10333
service_516,class_10334
service_516,class_10335
service_516,class_10336
service_516,class_10337
service_516,class_10338
service_516,class_10339
service_517,class_10340
service_517,class_10341
service_517,class_10342
service_517,class_10343
service_517,class_10344
service_517,class_10345
service_517,class_10346
service_517,class_10347
service_517,class_10348
service_517,class_10349
service_517,class_10350
service_517,class_10351
service_517,class_10352
service_517,class_10353
service_517,class_10354
service_517,class_10355
service_517,class_10356
service_517,class_10357
service_517,class_10358
service_517,class_10359
service_518,class_10360
service_518,class_10361
service_518,class_10362
service_518,class_10363
service_518,class_10364
service_518,class_10365
service_518,class_10366
service_518,class_10367
service_518,class_10368
service_518,class_10369
service_518,class_10370
service_518,class_10371
service_518,class_10372
service_518,class_10373
service_518,class_10374
service_518,class_10375
service_518,class_10376
service_518,class_10377
service_518,class_10378
service_518,class_10379
service_519,class_10380
service_519,class_10381
service_519,class_10382
service_519,class_10383
service_519,class_10384
service_519,class_10385
service_519,class_10386
service_519,class_10387
service_519,class_10388
service_519,class_10389
service_519,class_10390
service_519,class_10391
service_519,class_10392
service_519,class_10393
service_519,class_10394
service_519,class_10395
service_519,class_10396
service_519,class_10397
service_519,class_10398
service_519,class_10399
service_520,class_10400
service_520,class_10401
service_520,class_10402
service_520,class_10403
service_520,class_10404
service_520,class_10405
service_520,class_10406
service_520,class_10407
service_520,class_10408
service_520,class_10409
service_520,class_10410
service_520,class_10411
service_520,class_10412
service_520,class_10413
service_520,class_10414
service_520,class_10415
service_520,class_10416
service_520,class_10417
service_520,class_10418
service_520,class_10419
service_521,class_10420
service_521,class_10421
service_521,class_10422
service_521,class_10423
service_521,class_10424
service_521,class_10425
service_521,class_10426
service_521,class_10427
service_521,class_10428
service_521,class_10429
service_521,class_10430
service_521,class_10431
service_521,class_10432
service_521,class_10433
service_521,class_10434
service_521,class_10435
service_521,class_10436
service_521,class_10437
service_521,class_10438
service_521,class_10439
service_522,class_10440
service_522,class_10441
service_522,class_10442
service_522,class_10443
service_522,class_10444
service_522,class_10445
service_522,class_10446
service_522,class_10447
service_522,class_10448
service_522,class_10449
service_522,class_10450
service_522,class_10451
service_522,class_10452
service_522,class_10453
service_522,class_10454
service_522,class_10455
service_522,class_10456
service_522,class_10457
service_522,class_10458
service_522,class_10459
service_523,class_10460
service_523,class_10461
service_523,class_10462
service_523,class_10463
service_523,class_10464
service_523,class_10465
service_523,class_10466
service_523,class_10467
service_523,class_10468
service_523,class_10469
service_523,class_10470
service_523,class_10471
service_523,class_10472
service_523,class_10473
service_523,class_10474
service_523,class_10475
service_523,class_10476
service_523,class_10477
service_523,class_10478
service_523,class_10479
service_524,class_10480
service_524,class_10481
service_524,class_10482
service_524,class_10483
service_524,class_10484
service_524,class_10485
service_524,class_10486
service_524,class_10487
service_524,class_10488
service_524,class_10489
service_524,class_10490
service_524,class_10491
service_524,class_10492
service_524,class_10493
service_524,class_10494
service_524,class_10495
service_524,class_10496
service_524,class_10497
service_524,class_10498
service_524,class_10499
service_525,class_10500
service_525,class_10501
service_525,class_10502
service_525,class_10503
service_525,class_10504
service_525,class_10505
service_525,class_10506
service_525,class_10507
service_525,class_10508
service_525,class_10509
service_525,class_10510
service_525,class_10511
service_525,class_10512
service_525,class_10513
service_525,class_10514
service_525,class_10515
service_525,class_10516
service_525,class_10517
service_525,class_10518
service_525,class_10519
service_526,class_10520
service_526,class_10521
service_526,class_10522
service_526,class_10523
service_526,class_10524
service_526,class_10525
service_526,class_10526
service_526,class_10527
service_526,class_10528
service_526,class_10529
service_526,class_10530
service_526,class_10531
service_526,class_10532
service_526,class_10533
service_526,class_10534
service_526,class_10535
service_526,class_10536
service_526,class_10537
service_526,class_10538
service_526,class_10539
service_527,class_10540
service_527,class_10541
service_527,class_10542
service_527,class_10543
service_527,class_10544
service_527,class_10545
service_527,class_10546
service_527,class_10547
service_527,class_10548
service_527,class_10549
service_527,class_10550
service_527,class_10551
service_527,class_10552
service_527,class_10553
service_527,class_10554
service_527,class_10555
service_527,class_10556
service_527,class_10557
service_527,class_10558
service_527,class_10559
service_528,class_10560
service_528,class_10561
service_528,class_10562
service_528,class_10563
service_528,class_10564
service_528,class_10565
service_528,class_10566
service_528,class_10567
service_528,class_10568
service_528,class_10569
service_528,class_10570
service_528,class_10571
service_528,class_10572
service_528,class_10573
service_528,class_10574
service_528,class_10575
service_528,class_10576
service_528,class_10577
service_528,class_10578
service_528,class_10579
service_529,class_10580
service_529,class_10581
service_529,class_10582
service_529,class_10583
service_529,class_10584
service_529,class_10585
service_529,class_10586
service_529,class_10587
service_529,class_10588
service_529,class_10589
service_529,class_10590
service_529,class_10591
service_529,class_10592
service_529,class_10593
service_529,class_10594
service_529,class_10595
service_529,class_10596
service_529,class_10597
service_529,class_10598
service_529,class_10599
service_530,class_10600
service_530,class_10601
service_530,class_10602
service_530,class_10603
service_530,class_10604
service_530,class_10605
service_530,class_10606
service_530,class_10607
service_530,class_10608
service_530,class_10609
service_530,class_10610
service_530,class_10611
service_530,class_10612
service_530,class_10613
service_530,class_10614
service_530,class_10615
service_530,class_10616
service_530,class_10617
service_530,class_10618
service_530,class_10619
service_531,class_10620
service_531,class_10621
service_531,class_10622
service_531,class_10623
service_531,class_10624
service_531,class_10625
service_531,class_10626
service_531,class_10627
service_531,class_10628
service_531,class_10629
service_531,class_10630
service_531,class_10631
service_531,class_10632
service_531,class_10633
service_531,class_10634
service_531,class_10635
service_531,class_10636
service_531,class_10637
service_531,class_10638
service_531,class_10639
service_532,class_10640
service_532,class_10641
service_532,class_10642
service_532,class_10643
service_532,class_10644
service_532,class_10645
service_532,class_10646
service_532,class_10647
service_532,class_10648
service_532,class_10649
service_532,class_10650
service_532,class_10651
service_532,class_10652
service_532,class_10653
service_532,class_10654
service_532,class_10655
service_532,class_10656
service_532,class_10657
service_532,class_10658
service_532,class_10659
service_533,class_10660
service_533,class_10661
service_533,class_10662
service_533,class_10663
service_533,class_10664
service_533,class_10665
service_533,class_10666
service_533,class_10667
service_533,class_10668
service_533,class_10669
service_533,class_10670
service_533,class_10671
service_533,class_10672
service_533,class_10673
service_533,class_10674
service_533,class_10675
service_533,class_10676
service_533,class_10677
service_533,class_10678
service_533,class_10679
service_534,class_10680
service_534,class_10681
service_534,class_10682
service_534,class_10683
service_534,class_10684
service_534,class_10685
service_534,class_10686
service_534,class_10687
service_534,class_10688
service_534,class_10689
service_534,class_10690
service_534,class_10691
service_534,class_10692
service_534,class_10693
service_534,class_10694
service_534,class_10695
service_534,class_10696
service_534,class_10697
service_534,class_10698
service_534,class_10699
service_535,class_10700
service_535,class_10701
service_535,class_10702
service_535,class_10703
service_535,class_10704
service_535,class_10705
service_535,class_10706
service_535,class_10707
service_535,class_10708
service_535,class_10709
service_535,class_10710
service_535,class_10711
service_535,class_10712
service_535,class_10713
service_535,class_10714
service_535,class_10715
service_535,class_10716
service_535,class_10717
service_535,class_10718
service_535,class_10719
service_536,class_10720
service_536,class_10721
service_536,class_10722
service_536,class_10723
service_536,class_10724
service_536,class_10725
service_536,class_10726
service_536,class_10727
service_536,class_10728
service_536,class_10729
service_536,class_10730
service_536,class_10731
service_536,class_10732
service_536,class_10733
service_536,class_10734
service_536,class_10735
service_536,class_10736
service_536,class_10737
service_536,class_10738
service_536,class_10739
service_537,class_10740
service_537,class_10741
service_537,class_10742
service_537,class_10743
service_537,class_10744
service_537,class_10745
service_537,class_10746
service_537,class_10747
service_537,class_10748
service_537,class_10749
service_537,class_10750
service_537,class_10751
service_537,class_10752
service_537,class_10753
service_537,class_10754
service_537,class_10755
service_537,class_10756
service_537,class_10757
service_537,class_10758
service_537,class_10759
service_538,class_10760
service_538,class_10761
service_538,class_10762
service_538,class_10763
service_538,class_10764
service_538,class_10765
service_538,class_10766
service_538,class_10767
service_538,class_10768
service_538,class_10769
service_538,class_10770
service_538,class_10771
service_538,class_10772
service_538,class_10773
service_538,class_10774
service_538,class_10775
service_538,class_10776
service_538,class_10777
service_538,class_10778
service_538,class_10779
service_539,class_10780
service_539,class_10781
service_539,class_10782
service_539,class_10783
service_539,class_10784
service_539,class_10785
service_539,class_10786
service_539,class_10787
service_539,class_10788
service_539,class_10789
service_539,class_10790
service_539,class_10791
service_539,class_10792
service_539,class_10793
service_539,class_10794
service_539,class_10795
service_539,class_10796
service_539,class_10797
service_539,class_10798
service_539,class_10799
service_540,class_10800
service_540,class_10801
service_540,class_10802
service_540,class_10803
service_540,class_10804
service_540,class_10805
service_540,class_10806
service_540,class_10807
service_540,class_10808
service_540,class_10809
service_540,class_10810
service_540,class_10811
service_540,class_10812
service_540,class_10813
service_540,class_10814
service_540,class_10815
service_540,class_10816
service_540,class_10817
service_540,class_10818
service_540,class_10819
service_541,class_10820
service_541,class_10821
service_541,class_10822
service_541,class_10823
service_541,class_10824
service_541,class_10825
service_541,class_10826
service_541,class_10827
service_541,class_10828
service_541,class_10829
service_541,class_10830
service_541,class_10831
service_541,class_10832
service_541,class_10833
service_541,class_10834
service_541,class_10835
service_541,class_10836
service_541,class_10837
service_541,class_10838
service_541,class_10839
service_542,class_10840
service_542,class_10841
service_542,class_10842
service_542,class_10843
service_542,class_10844
service_542,class_10845
service_542,class_10846
service_542,class_10847
service_542,class_10848
service_542,class_10849
service_542,class_10850
service_542,class_10851
service_542,class_10852
service_542,class_10853
service_542,class_10854
service_542,class_10855
service_542,class_10856
service_542,class_10857
service_542,class_10858
service_542,class_10859
service_543,class_10860
service_543,class_10861
service_543,class_10862
service_543,class_10863
service_543,class_10864
service_543,class_10865
service_543,class_10866
service_543,class_10867
service_543,class_10868
service_543,class_10869
service_543,class_10870
service_543,class_10871
service_543,class_10872
service_543,class_10873
service_543,class_10874
service_543,class_10875
service_543,class_10876
service_543,class_10877
service_543,class_10878
service_543,class_10879
service_544,class_10880
service_544,class_10881
service_544,class_10882
service_544,class_10883
service_544,class_10884
service_544,class_10885
service_544,class_10886
service_544,class_10887
service_544,class_10888
service_544,class_10889
service_544,class_10890
service_544,class_10891
service_544,class_10892
service_544,class_10893
service_544,class_10894
service_544,class_10895
service_544,class_10896
service_544,class_10897
service_544,class_10898
service_544,class_10899
service_545,class_10900
service_545,class_10901
service_545,class_10902
service_545,class_10903
service_545,class_10904
service_545,class_10905
service_545,class_10906
service_545,class_10907
service_545,class_10908
service_545,class_10909
service_545,class_10910
service_545,class_10911
service_545,class_10912
service_545,class_10913
service_545,class_10914
service_545,class_10915
service_545,class_10916
service_545,class_10917
service_545,class_10918
service_545,class_10919
service_546,class_10920
service_546,class_10921
service_546,class_10922
service_546,class_10923
service_546,class_10924
service_546,class_10925
service_546,class_10926
service_546,class_10927
service_546,class_10928
service_546,class_10929
service_546,class_10930
service_546,class_10931
service_546,class_10932
service_546,class_10933
service_546,class_10934
service_546,class_10935
service_546,class_10936
service_546,class_10937
service_546,class_10938
service_546,class_10939
service_547,class_10940
service_547,class_10941
service_547,class_10942
service_547,class_10943
service_547,class_10944
service_547,class_10945
service_547,class_10946
service_547,class_10947
service_547,class_10948
service_547,class_10949
service_547,class_10950
service_547,class_10951
service_547,class_10952
service_547,class_10953
service_547,class_10954
service_547,class_10955
service_547,class_10956
service_547,class_10957
service_547,class_10958
service_547,class_10959
service_548,class_10960
service_548,class_10961
service_548,class_10962
service_548,class_10963
service_548,class_10964
service_548,class_10965
service_548,class_10966
service_548,class_10967
service_548,class_10968
service_548,class_10969
service_548,class_10970
service_548,class_10971
service_548,class_10972
service_548,class_10973
service_548,class_10974
service_548,class_10975
service_548,class_10976
service_548,class_10977
service_548,class_10978
service_548,class_10979
service_549,class_10980
service_549,class_10981
service_549,class_10982
service_549,class_10983
service_549,class_10984
service_549,class_10985
service_549,class_10986
service_549,class_10987
service_549,class_10988
service_549,class_10989
service_549,class_10990
service_549,class_10991
service_549,class_10992
service_549,class_10993
service_549,class_10994
service_549,class_10995
service_549,class_10996
service_549,class_10997
service_549,class_10998
service_549,class_10999
service_550,class_11000
service_550,class_11001
service_550,class_11002
service_550,class_11003
service_550,class_11004
service_550,class_11005
service_550,class_11006
service_550,class_11007
service_550,class_11008
service_550,class_11009
service_550,class_11010
service_550,class_11011
service_550,class_11012
service_550,class_11013
service_550,class_11014
service_550,class_11015
service_550,class_11016
service_550,class_11017
service_550,class_11018
service_550,class_11019
service_551,class_11020
service_551,class_11021
service_551,class_11022
service_551,class_11023
service_551,class_11024
service_551,class_11025
service_551,class_11026
service_551,class_11027
service_551,class_11028
service_551,class_11029
service_551,class_11030
service_551,class_11031
service_551,class_11032
service_551,class_11033
service_551,class_11034
service_551,class_11035
service_551,class_11036
service_551,class_11037
service_551,class_11038
service_551,class_11039
service_552,class_11040
service_552,class_11041
service_552,class_11042
service_552,class_11043
service_552,class_11044
service_552,class_11045
service_552,class_11046
service_552,class_11047
service_552,class_11048
service_552,class_11049
service_552,class_11050
service_552,class_11051
service_552,class_11052
service_552,class_11053
service_552,class_11054
service_552,class_11055
service_552,class_11056
service_552,class_11057
service_552,class_11058
service_552,class_11059
service_553,class_11060
service_553,class_11061
service_553,class_11062
service_553,class_11063
service_553,class_11064
service_553,class_11065
service_553,class_11066
service_553,class_11067
service_553,class_11068
service_553,class_11069
service_553,class_11070
service_553,class_11071
service_553,class_11072
service_553,class_11073
service_553,class_11074
service_553,class_11075
service_553,class_11076
service_553,class_11077
service_553,class_11078
service_553,class_11079
service_554,class_11080
service_554,class_11081
service_554,class_11082
service_554,class_11083
service_554,class_11084
service_554,class_11085
service_554,class_11086
service_554,class_11087
service_554,class_11088
service_554,class_11089
service_554,class_11090
service_554,class_11091
service_554,class_11092
service_554,class_11093
service_554,class_11094
service_554,class_11095
service_554,class_11096
service_554,class_11097
service_554,class_11098
service_554,class_11099
service_555,class_11100
service_555,class_11101
service_555,class_11102
service_555,class_11103
service_555,class_11104
service_555,class_11105
service_555,class_11106
service_555,class_11107
service_555,class_11108
service_555,class_11109
service_555,class_11110
service_555,class_11111
service_555,class_11112
service_555,class_11113
service_555,class_11114
service_555,class_11115
service_555,class_11116
service_555,class_11117
service_555,class_11118
service_555,class_11119
service_556,class_11120
service_556,class_11121
service_556,class_11122
service_556,class_11123
service_556,class_11124
service_556,class_11125
service_556,class_11126
service_556,class_11127
service_556,class_11128
service_556,class_11129
service_556,class_11130
service_556,class_11131
service_556,class_11132
service_556,class_11133
service_556,class_11134
service_556,class_11135
service_556,class_11136
service_556,class_11137
service_556,class_11138
service_556,class_11139
service_557,class_11140
service_557,class_11141
service_557,class_11142
service_557,class_11143
service_557,class_11144
service_557,class_11145
service_557,class_11146
service_557,class_11147
service_557,class_11148
service_557,class_11149
service_557,class_11150
service_557,class_11151
service_557,class_11152
service_557,class_11153
service_557,class_11154
service_557,class_11155
service_557,class_11156
service_557,class_11157
service_557,class_11158
service_557,class_11159
service_558,class_11160
service_558,class_11161
service_558,class_11162
service_558,class_11163
service_558,class_11164
service_558,class_11165
service_558,class_11166
service_558,class_11167
service_558,class_11168
service_558,class_11169
service_558,class_11170
service_558,class_11171
service_558,class_11172
service_558,class_11173
service_558,class_11174
service_558,class_11175
service_558,class_11176
service_558,class_11177
service_558,class_11178
service_558,class_11179
service_559,class_11180
service_559,class_11181
service_559,class_11182
service_559,class_11183
service_559,class_11184
service_559,class_11185
service_559,class_11186
service_559,class_11187
service_559,class_11188
service_559,class_11189
service_559,class_11190
service_559,class_11191
service_559,class_11192
service_559,class_11193
service_559,class_11194
service_559,class_11195
service_559,class_11196
service_559,class_11197
service_559,class_11198
service_559,class_11199
service_560,class_11200
service_560,class_11201
service_560,class_11202
service_560,class_11203
service_560,class_11204
service_560,class_11205
service_560,class_11206
service_560,class_11207
service_560,class_11208
service_560,class_11209
service_560,class_11210
service_560,class_11211
service_560,class_11212
service_560,class_11213
service_560,class_11214
service_560,class_11215
service_560,class_11216
service_560,class_11217
service_560,class_11218
service_560,class_11219
service_561,class_11220
service_561,class_11221
service_561,class_11222
service_561,class_11223
service_561,class_11224
service_561,class_11225
service_561,class_11226
service_561,class_11227
service_561,class_11228
service_561,class_11229
service_561,class_11230
service_561,class_11231
service_561,class_11232
service_561,class_11233
service_561,class_11234
service_561,class_11235
service_561,class_11236
service_561,class_11237
service_561,class_11238
service_561,class_11239
service_562,class_11240
service_562,class_11241
service_562,class_11242
service_562,class_11243
service_562,class_11244
service_562,class_11245
service_562,class_11246
service_562,class_11247
service_562,class_11248
service_562,class_11249
service_562,class_11250
service_562,class_11251
service_562,class_11252
service_562,class_11253
service_562,class_11254
service_562,class_11255
service_562,class_11256
service_562,class_11257
service_562,class_11258
service_562,class_11259
service_563,class_11260
service_563,class_11261
service_563,class_11262
service_563,class_11263
service_563,class_11264
service_563,class_11265
service_563,class_11266
service_563,class_11267
service_563,class_11268
service_563,class_11269
service_563,class_11270
service_563,class_11271
service_563,class_11272
service_563,class_11273
service_563,class_11274
service_563,class_11275
service_563,class_11276
service_563,class_11277
service_563,class_11278
service_563,class_11279
service_564,class_11280
service_564,class_11281
service_564,class_11282
service_564,class_11283
service_564,class_11284
service_564,class_11285
service_564,class_11286
service_564,class_11287
service_564,class_11288
service_564,class_11289
service_564,class_11290
service_564,class_11291
service_564,class_11292
service_564,class_11293
service_564,class_11294
service_564,class_11295
service_564,class_11296
service_564,class_11297
service_564,class_11298
service_564,class_11299
service_565,class_11300
service_565,class_11301
service_565,class_11302
service_565,class_11303
service_565,class_11304
service_565,class_11305
service_565,class_11306
service_565,class_11307
service_565,class_11308
service_565,class_11309
service_565,class_11310
service_565,class_11311
service_565,class_11312
service_565,class_11313
service_565,class_11314
service_565,class_11315
service_565,class_11316
service_565,class_11317
service_565,class_11318
service_565,class_11319
service_566,class_11320
service_566,class_11321
service_566,class_11322
service_566,class_11323
service_566,class_11324
service_566,class_11325
service_566,class_11326
service_566,class_11327
service_566,class_11328
service_566,class_11329
service_566,class_11330
service_566,class_11331
service_566,class_11332
service_566,class_11333
service_566,class_11334
service_566,class_11335
service_566,class_11336
service_566,class_11337
service_566,class_11338
service_566,class_11339
service_567,class_11340
service_567,class_11341
service_567,class_11342
service_567,class_11343
service_567,class_11344
service_567,class_11345
service_567,class_11346
service_567,class_11347
service_567,class_11348
service_567,class_11349
service_567,class_11350
service_567,class_11351
service_567,class_11352
service_567,class_11353
service_567,class_11354
service_567,class_11355
service_567,class_11356
service_567,class_11357
service_567,class_11358
service_567,class_11359
service_568,class_11360
service_568,class_11361
service_568,class_11362
service_568,class_11363
service_568,class_11364
service_568,class_11365
service_568,class_11366
service_568,class_11367
service_568,class_11368
service_568,class_11369
service_568,class_11370
service_568,class_11371
service_568,class_11372
service_568,class_11373
service_568,class_11374
service_568,class_11375
service_568,class_11376
service_568,class_11377
service_568,class_11378
service_568,class_11379
service_569,class_11380
service_569,class_11381
service_569,class_11382
service_569,class_11383
service_569,class_11384
service_569,class_11385
service_569,class_11386
service_569,class_11387
service_569,class_11388
service_569,class_11389
service_569,class_11390
service_569,class_11391
service_569,class_11392
service_569,class_11393
service_569,class_11394
service_569,class_11395
service_569,class_11396
service_569,class_11397
service_569,class_11398
service_569,class_11399
service_570,class_11400
service_570,class_11401
service_570,class_11402
service_570,class_11403
service_570,class_11404
service_570,class_11405
service_570,class_11406
service_570,class_11407
service_570,class_11408
service_570,class_11409
service_570,class_11410
service_570,class_11411
service_570,class_11412
service_570,class_11413
service_570,class_11414
service_570,class_11415
service_570,class_11416
service_570,class_11417
service_570,class_11418
service_570,class_11419
service_571,class_11420
service_571,class_11421
service_571,class_11422
service_571,class_11423
service_571,class_11424
service_571,class_11425
service_571,class_11426
service_571,class_11427
service_571,class_11428
service_571,class_11429
service_571,class_11430
service_571,class_11431
service_571,class_11432
service_571,class_11433
service_571,class_11434
service_571,class_11435
service_571,class_11436
service_571,class_11437
service_571,class_11438
service_571,class_11439
service_572,class_11440
service_572,class_11441
service_572,class_11442
service_572,class_11443
service_572,class_11444
service_572,class_11445
service_572,class_11446
service_572,class_11447
service_572,class_11448
service_572,class_11449
service_572,class_11450
service_572,class_11451
service_572,class_11452
service_572,class_11453
service_572,class_11454
service_572,class_11455
service_572,class_11456
service_572,class_11457
service_572,class_11458
service_572,class_11459
service_573,class_11460
service_573,class_11461
service_573,class_11462
service_573,class_11463
service_573,class_11464
service_573,class_11465
service_573,class_11466
service_573,class_11467
service_573,class_11468
service_573,class_11469
service_573,class_11470
service_573,class_11471
service_573,class_11472
service_573,class_11473
service_573,class_11474
service_573,class_11475
service_573,class_11476
service_573,class_11477
service_573,class_11478
service_573,class_11479
service_574,class_11480
service_574,class_11481
service_574,class_11482
service_574,class_11483
service_574,class_11484
service_574,class_11485
service_574,class_11486
service_574,class_11487
service_574,class_11488
service_574,class_11489
service_574,class_11490
service_574,class_11491
service_574,class_11492
service_574,class_11493
service_574,class_11494
service_574,class_11495
service_574,class_11496
service_574,class_11497
service_574,class_11498
service_574,class_11499
service_575,class_11500
service_575,class_11501
service_575,class_11502
service_575,class_11503
service_575,class_11504
service_575,class_11505
service_575,class_11506
service_575,class_11507
service_575,class_11508
service_575,class_11509
service_575,class_11510
service_575,class_11511
service_575,class_11512
service_575,class_11513
service_575,class_11514
service_575,class_11515
service_575,class_11516
service_575,class_11517
service_575,class_11518
service_575,class_11519
service_576,class_11520
service_576,class_11521
service_576,class_11522
service_576,class_11523
service_576,class_11524
service_576,class_11525
service_576,class_11526
service_576,class_11527
service_576,class_11528
service_576,class_11529
service_576,class_11530
service_576,class_11531
service_576,class_11532
service_576,class_11533
service_576,class_11534
service_576,class_11535
service_576,class_11536
service_576,class_11537
service_576,class_11538
service_576,class_11539
service_577,class_11540
service_577,class_11541
service_577,class_11542
service_577,class_11543
service_577,class_11544
service_577,class_11545
service_577,class_11546
service_577,class_11547
service_577,class_11548
service_577,class_11549
service_577,class_11550
service_577,class_11551
service_577,class_11552
service_577,class_11553
service_577,class_11554
service_577,class_11555
service_577,class_11556
service_577,class_11557
service_577,class_11558
service_577,class_11559
service_578,class_11560
service_578,class_11561
service_578,class_11562
service_578,class_11563
service_578,class_11564
service_578,class_11565
service_578,class_11566
service_578,class_11567
service_578,class_11568
service_578,class_11569
service_578,class_11570
service_578,class_11571
service_578,class_11572
service_578,class_11573
service_578,class_11574
service_578,class_11575
service_578,class_11576
service_578,class_11577
service_578,class_11578
service_578,class_11579
service_579,class_11580
service_579,class_11581
service_579,class_11582
service_579,class_11583
service_579,class_11584
service_579,class_11585
service_579,class_11586
service_579,class_11587
service_579,class_11588
service_579,class_11589
service_579,class_11590
service_579,class_11591
service_579,class_11592
service_579,class_11593
service_579,class_11594
service_579,class_11595
service_579,class_11596
service_579,class_11597
service_579,class_11598
service_579,class_11599
service_580,class_11600
service_580,class_11601
service_580,class_11602
service_580,class_11603
service_580,class_11604
service_580,class_11605
service_580,class_11606
service_580,class_11607
service_580,class_11608
service_580,class_11609
service_580,class_11610
service_580,class_11611
service_580,class_11612
service_580,class_11613
service_580,class_11614
service_580,class_11615
service_580,class_11616
service_580,class_11617
service_580,class_11618
service_580,class_11619
service_581,class_11620
service_581,class_11621
service_581,class_11622
service_581,class_11623
service_581,class_11624
service_581,class_11625
service_581,class_11626
service_581,class_11627
service_581,class_11628
service_581,class_11629
service_581,class_11630
service_581,class_11631
service_581,class_11632
service_581,class_11633
service_581,class_11634
service_581,class_11635
service_581,class_11636
service_581,class_11637
service_581,class_11638
service_581,class_11639
service_582,class_11640
service_582,class_11641
service_582,class_11642
service_582,class_11643
service_582,class_11644
service_582,class_11645
service_582,class_11646
service_582,class_11647
service_582,class_11648
service_582,class_11649
service_582,class_11650
service_582,class_11651
service_582,class_11652
service_582,class_11653
service_582,class_11654
service_582,class_11655
service_582,class_11656
service_582,class_11657
service_582,class_11658
service_582,class_11659
service_583,class_11660
service_583,class_11661
service_583,class_11662
service_583,class_11663
service_583,class_11664
service_583,class_11665
service_583,class_11666
service_583,class_11667
service_583,class_11668
service_583,class_11669
service_583,class_11670
service_583,class_11671
service_583,class_11672
service_583,class_11673
service_583,class_11674
service_583,class_11675
service_583,class_11676
service_583,class_11677
service_583,class_11678
service_583,class_11679
service_584,class_11680
service_584,class_11681
service_584,class_11682
service_584,class_11683
service_584,class_11684
service_584,class_11685
service_584,class_11686
service_584,class_11687
service_584,class_11688
service_584,class_11689
service_584,class_11690
service_584,class_11691
service_584,class_11692
service_584,class_11693
service_584,class_11694
service_584,class_11695
service_584,class_11696
service_584,class_11697
service_584,class_11698
service_584,class_11699
service_585,class_11700
service_585,class_11701
service_585,class_11702
service_585,class_11703
service_585,class_11704
service_585,class_11705
service_585,class_11706
service_585,class_11707
service_585,class_11708
service_585,class_11709
service_585,class_11710
service_585,class_11711
service_585,class_11712
service_585,class_11713
service_585,class_11714
service_585,class_11715
service_585,class_11716
service_585,class_11717
service_585,class_11718
service_585,class_11719
service_586,class_11720
service_586,class_11721
service_586,class_11722
service_586,class_11723
service_586,class_11724
service_586,class_11725
service_586,class_11726
service_586,class_11727
service_586,class_11728
service_586,class_11729
service_586,class_11730
service_586,class_11731
service_586,class_11732
service_586,class_11733
service_586,class_11734
service_586,class_11735
service_586,class_11736
service_586,class_11737
service_586,class_11738
service_586,class_11739
service_587,class_11740
service_587,class_11741
service_587,class_11742
service_587,class_11743
service_587,class_11744
service_587,class_11745
service_587,class_11746
service_587,class_11747
service_587,class_11748
service_587,class_11749
service_587,class_11750
service_587,class_11751
service_587,class_11752
service_587,class_11753
service_587,class_11754
service_587,class_11755
service_587,class_11756
service_587,class_11757
service_587,class_11758
service_587,class_11759
service_588,class_11760
service_588,class_11761
service_588,class_11762
service_588,class_11763
service_588,class_11764
service_588,class_11765
service_588,class_11766
service_588,class_11767
service_588,class_11768
service_588,class_11769
service_588,class_11770
service_588,class_11771
service_588,class_11772
service_588,class_11773
service_588,class_11774
service_588,class_11775
service_588,class_11776
service_588,class_11777
service_588,class_11778
service_588,class_11779
service_589,class_11780
service_589,class_11781
service_589,class_11782
service_589,class_11783
service_589,class_11784
service_589,class_11785
service_589,class_11786
service_589,class_11787
service_589,class_11788
service_589,class_11789
service_589,class_11790
service_589,class_11791
service_589,class_11792
service_589,class_11793
service_589,class_11794
service_589,class_11795
service_589,class_11796
service_589,class_11797
service_589,class_11798
service_589,class_11799
service_590,class_11800
service_590,class_11801
service_590,class_11802
service_590,class_11803
service_590,class_11804
service_590,class_11805
service_590,class_11806
service_590,class_11807
service_590,class_11808
service_590,class_11809
service_590,class_11810
service_590,class_11811
service_590,class_11812
service_590,class_11813
service_590,class_11814
service_590,class_11815
service_590,class_11816
service_590,class_11817
service_590,class_11818
service_590,class_11819
service_591,class_11820
service_591,class_11821
service_591,class_11822
service_591,class_11823
service_591,class_11824
service_591,class_11825
service_591,class_11826
service_591,class_11827
service_591,class_11828
service_591,class_11829
service_591,class_11830
service_591,class_11831
service_591,class_11832
service_591,class_11833
service_591,class_11834
service_591,class_11835
service_591,class_11836
service_591,class_11837
service_591,class_11838
service_591,class_11839
service_592,class_11840
service_592,class_11841
service_592,class_11842
service_592,class_11843
service_592,class_11844
service_592,class_11845
service_592,class_11846
service_592,class_11847
service_592,class_11848
service_592,class_11849
service_592,class_11850
service_592,class_11851
service_592,class_11852
service_592,class_11853
service_592,class_11854
service_592,class_11855
service_592,class_11856
service_592,class_11857
service_592,class_11858
service_592,class_11859
service_593,class_11860
service_593,class_11861
service_593,class_11862
service_593,class_11863
service_593,class_11864
service_593,class_11865
service_593,class_11866
service_593,class_11867
service_593,class_11868
service_593,class_11869
service_593,class_11870
service_593,class_11871
service_593,class_11872
service_593,class_11873
service_593,class_11874
service_593,class_11875
service_593,class_11876
service_593,class_11877
service_593,class_11878
service_593,class_11879
service_594,class_11880
service_594,class_11881
service_594,class_11882
service_594,class_11883
service_594,class_11884
service_594,class_11885
service_594,class_11886
service_594,class_11887
service_594,class_11888
service_594,class_11889
service_594,class_11890
service_594,class_11891
service_594,class_11892
service_594,class_11893
service_594,class_11894
service_594,class_11895
service_594,class_11896
service_594,class_11897
service_594,class_11898
service_594,class_11899
service_595,class_11900
service_595,class_11901
service_595,class_11902
service_595,class_11903
service_595,class_11904
service_595,class_11905
service_595,class_11906
service_595,class_11907
service_595,class_11908
service_595,class_11909
service_595,class_11910
service_595,class_11911
service_595,class_11912
service_595,class_11913
service_595,class_11914
service_595,class_11915
service_595,class_11916
service_595,class_11917
service_595,class_11918
service_595,class_11919
service_596,class_11920
service_596,class_11921
service_596,class_11922
service_596,class_11923
service_596,class_11924
service_596,class_11925
service_596,class_11926
service_596,class_11927
service_596,class_11928
service_596,class_11929
service_596,class_11930
service_596,class_11931
service_596,class_11932
service_596,class_11933
service_596,class_11934
service_596,class_11935
service_596,class_11936
service_596,class_11937
service_596,class_11938
service_596,class_11939
service_597,class_11940
service_597,class_11941
service_597,class_11942
service_597,class_11943
service_597,class_11944
service_597,class_11945
service_597,class_11946
service_597,class_11947
service_597,class_11948
service_597,class_11949
service_597,class_11950
service_597,class_11951
service_597,class_11952
service_597,class_11953
service_597,class_11954
service_597,class_11955
service_597,class_11956
service_597,class_11957
service_597,class_11958
service_597,class_11959
service_598,class_11960
service_598,class_11961
service_598,class_11962
service_598,class_11963
service_598,class_11964
service_598,class_11965
service_598,class_11966
service_598,class_11967
service_598,class_11968
service_598,class_11969
service_598,class_11970
service_598,class_11971
service_598,class_11972
service_598,class_11973
service_598,class_11974
service_598,class_11975
service_598,class_11976
service_598,class_11977
service_598,class_11978
service_598,class_11979
service_599,class_11980
service_599,class_11981
service_599,class_11982
service_599,class_11983
service_599,class_11984
service_599,class_11985
service_599,class_11986
service_599,class_11987
service_599,class_11988
service_599,class_11989
service_599,class_11990
service_599,class_11991
service_599,class_11992
service_599,class_11993
service_599,class_11994
service_599,class_11995
service_599,class_11996
service_599,class_11997
service_599,class_11998
service_599,class_11999
service_600,class_12000
service_600,class_12001
service_600,class_12002
service_600,class_12003
service_600,class_12004
service_600,class_12005
service_600,class_12006
service_600,class_12007
service_600,class_12008
service_600,class_12009
service_600,class_12010
service_600,class_12011
service_600,class_12012
service_600,class_12013
service_600,class_12014
service_600,class_12015
service_600,class_12016
service_600,class_12017
service_600,class_12018
service_600,class_12019
service_601,class_12020
service_601,class_12021
service_601,class_12022
service_601,class_12023
service_601,class_12024
service_601,class_12025
service_601,class_12026
service_601,class_12027
service_601,class_12028
service_601,class_12029
service_601,class_12030
service_601,class_12031
service_601,class_12032
service_601,class_12033
service_601,class_12034
service_601,class_12035
service_601,class_12036
service_601,class_12037
service_601,class_12038
service_601,class_12039
service_602,class_12040
service_602,class_12041
service_602,class_12042
service_602,class_12043
service_602,class_12044
service_602,class_12045
service_602,class_12046
service_602,class_12047
service_602,class_12048
service_602,class_12049
service_602,class_12050
service_602,class_12051
service_602,class_12052
service_602,class_12053
service_602,class_12054
service_602,class_12055
service_602,class_12056
service_602,class_12057
service_602,class_12058
service_602,class_12059
service_603,class_12060
service_603,class_12061
service_603,class_12062
service_603,class_12063
service_603,class_12064
service_603,class_12065
service_603,class_12066
service_603,class_12067
service_603,class_12068
service_603,class_12069
service_603,class_12070
service_603,class_12071
service_603,class_12072
service_603,class_12073
service_603,class_12074
service_603,class_12075
service_603,class_12076
service_603,class_12077
service_603,class_12078
service_603,class_12079
service_604,class_12080
service_604,class_12081
service_604,class_12082
service_604,class_12083
service_604,class_12084
service_604,class_12085
service_604,class_12086
service_604,class_12087
service_604,class_12088
service_604,class_12089
service_604,class_12090
service_604,class_12091
service_604,class_12092
service_604,class_12093
service_604,class_12094
service_604,class_12095
service_604,class_12096
service_604,class_12097
service_604,class_12098
service_604,class_12099
service_605,class_12100
service_605,class_12101
service_605,class_12102
service_605,class_12103
service_605,class_12104
service_605,class_12105
service_605,class_12106
service_605,class_12107
service_605,class_12108
service_605,class_12109
service_605,class_12110
service_605,class_12111
service_605,class_12112
service_605,class_12113
service_605,class_12114
service_605,class_12115
service_605,class_12116
service_605,class_12117
service_605,class_12118
service_605,class_12119
service_606,class_12120
service_606,class_12121
service_606,class_12122
service_606,class_12123
service_606,class_12124
service_606,class_12125
service_606,class_12126
service_606,class_12127
service_606,class_12128
service_606,class_12129
service_606,class_12130
service_606,class_12131
service_606,class_12132
service_606,class_12133
service_606,class_12134
service_606,class_12135
service_606,class_12136
service_606,class_12137
service_606,class_12138
service_606,class_12139
service_607,class_12140
service_607,class_12141
service_607,class_12142
service_607,class_12143
service_607,class_12144
service_607,class_12145
service_607,class_12146
service_607,class_12147
service_607,class_12148
service_607,class_12149
service_607,class_12150
service_607,class_12151
service_607,class_12152
service_607,class_12153
service_607,class_12154
service_607,class_12155
service_607,class_12156
service_607,class_12157
service_607,class_12158
service_607,class_12159
service_608,class_12160
service_608,class_12161
service_608,class_12162
service_608,class_12163
service_608,class_12164
service_608,class_12165
service_608,class_12166
service_608,class_12167
service_608,class_12168
service_608,class_12169
service_608,class_12170
service_608,class_12171
service_608,class_12172
service_608,class_12173
service_608,class_12174
service_608,class_12175
service_608,class_12176
service_608,class_12177
service_608,class_12178
service_608,class_12179
service_609,class_12180
service_609,class_12181
service_609,class_12182
service_609,class_12183
service_609,class_12184
service_609,class_12185
service_609,class_12186
service_609,class_12187
service_609,class_12188
service_609,class_12189
service_609,class_12190
service_609,class_12191
service_609,class_12192
service_609,class_12193
service_609,class_12194
service_609,class_12195
service_609,class_12196
service_609,class_12197
service_609,class_12198
service_609,class_12199
service_610,class_12200
service_610,class_12201
service_610,class_12202
service_610,class_12203
service_610,class_12204
service_610,class_12205
service_610,class_12206
service_610,class_12207
service_610,class_12208
service_610,class_12209
service_610,class_12210
service_610,class_12211
service_610,class_12212
service_610,class_12213
service_610,class_12214
service_610,class_12215
service_610,class_12216
service_610,class_12217
service_610,class_12218
service_610,class_12219
service_611,class_12220
service_611,class_12221
service_611,class_12222
service_611,class_12223
service_611,class_12224
service_611,class_12225
service_611,class_12226
service_611,class_12227
service_611,class_12228
service_611,class_12229
service_611,class_12230
service_611,class_12231
service_611,class_12232
service_611,class_12233
service_611,class_12234
service_611,class_12235
service_611,class_12236
service_611,class_12237
service_611,class_12238
service_611,class_12239
service_612,class_12240
service_612,class_12241
service_612,class_12242
service_612,class_12243
service_612,class_12244
service_612,class_12245
service_612,class_12246
service_612,class_12247
service_612,class_12248
service_612,class_12249
service_612,class_12250
service_612,class_12251
service_612,class_12252
service_612,class_12253
service_612,class_12254
service_612,class_12255
service_612,class_12256
service_612,class_12257
service_612,class_12258
service_612,class_12259
service_613,class_12260
service_613,class_12261
service_613,class_12262
service_613,class_12263
service_613,class_12264
service_613,class_12265
service_613,class_12266
service_613,class_12267
service_613,class_12268
service_613,class_12269
service_613,class_12270
service_613,class_12271
service_613,class_12272
service_613,class_12273
service_613,class_12274
service_613,class_12275
service_613,class_12276
service_613,class_12277
service_613,class_12278
service_613,class_12279
service_614,class_12280
service_614,class_12281
service_614,class_12282
service_614,class_12283
service_614,class_12284
service_614,class_12285
service_614,class_12286
service_614,class_12287
service_614,class_12288
service_614,class_12289
service_614,class_12290
service_614,class_12291
service_614,class_12292
service_614,class_12293
service_614,class_12294
service_614,class_12295
service_614,class_12296
service_614,class_12297
service_614,class_12298
service_614,class_12299
service_615,class_12300
service_615,class_12301
service_615,class_12302
service_615,class_12303
service_615,class_12304
service_615,class_12305
service_615,class_12306
service_615,class_12307
service_615,class_12308
service_615,class_12309
service_615,class_12310
service_615,class_12311
service_615,class_12312
service_615,class_12313
service_615,class_12314
service_615,class_12315
service_615,class_12316
service_615,class_12317
service_615,class_12318
service_615,class_12319
service_616,class_12320
service_616,class_12321
service_616,class_12322
service_616,class_12323
service_616,class_12324
service_616,class_12325
service_616,class_12326
service_616,class_12327
service_616,class_12328
service_616,class_12329
service_616,class_12330
service_616,class_12331
service_616,class_12332
service_616,class_12333
service_616,class_12334
service_616,class_12335
service_616,class_12336
service_616,class_12337
service_616,class_12338
service_616,class_12339
service_617,class_12340
service_617,class_12341
service_617,class_12342
service_617,class_12343
service_617,class_12344
service_617,class_12345
service_617,class_12346
service_617,class_12347
service_617,class_12348
service_617,class_12349
service_617,class_12350
service_617,class_12351
service_617,class_12352
service_617,class_12353
service_617,class_12354
service_617,class_12355
service_617,class_12356
service_617,class_12357
service_617,class_12358
service_617,class_12359
service_618,class_12360
service_618,class_12361
service_618,class_12362
service_618,class_12363
service_618,class_12364
service_618,class_12365
service_618,class_12366
service_618,class_12367
service_618,class_12368
service_618,class_12369
service_618,class_12370
service_618,class_12371
service_618,class_12372
service_618,class_12373
service_618,class_12374
service_618,class_12375
service_618,class_12376
service_618,class_12377
service_618,class_12378
service_618,class_12379
service_619,class_12380
service_619,class_12381
service_619,class_12382
service_619,class_12383
service_619,class_12384
service_619,class_12385
service_619,class_12386
service_619,class_12387
service_619,class_12388
service_619,class_12389
service_619,class_12390
service_619,class_12391
service_619,class_12392
service_619,class_12393
service_619,class_12394
service_619,class_12395
service_619,class_12396
service_619,class_12397
service_619,class_12398
service_619,class_12399
service_620,class_12400
service_620,class_12401
service_620,class_12402
service_620,class_12403
service_620,class_12404
service_620,class_12405
service_620,class_12406
service_620,class_12407
service_620,class_12408
service_620,class_12409
service_620,class_12410
service_620,class_12411
service_620,class_12412
service_620,class_12413
service_620,class_12414
service_620,class_12415
service_620,class_12416
service_620,class_12417
service_620,class_12418
service_620,class_12419
service_621,class_12420
service_621,class_12421
service_621,class_12422
service_621,class_12423
service_621,class_12424
service_621,class_12425
service_621,class_12426
service_621,class_12427
service_621,class_12428
service_621,class_12429
service_621,class_12430
service_621,class_12431
service_621,class_12432
service_621,class_12433
service_621,class_12434
service_621,class_12435
service_621,class_12436
service_621,class_12437
service_621,class_12438
service_621,class_12439
service_622,class_12440
service_622,class_12441
service_622,class_12442
service_622,class_12443
service_622,class_12444
service_622,class_12445
service_622,class_12446
service_622,class_12447
service_622,class_12448
service_622,class_12449
service_622,class_12450
service_622,class_12451
service_622,class_12452
service_622,class_12453
service_622,class_12454
service_622,class_12455
service_622,class_12456
service_622,class_12457
service_622,class_12458
service_622,class_12459
service_623,class_12460
service_623,class_12461
service_623,class_12462
service_623,class_12463
service_623,class_12464
service_623,class_12465
service_623,class_12466
service_623,class_12467
service_623,class_12468
service_623,class_12469
service_623,class_12470
service_623,class_12471
service_623,class_12472
service_623,class_12473
service_623,class_12474
service_623,class_12475
service_623,class_12476
service_623,class_12477
service_623,class_12478
service_623,class_12479
service_624,class_12480
service_624,class_12481
service_624,class_12482
service_624,class_12483
service_624,class_12484
service_624,class_12485
service_624,class_12486
service_624,class_12487
service_624,class_12488
service_624,class_12489
service_624,class_12490
service_624,class_12491
service_624,class_12492
service_624,class_12493
service_624,class_12494
service_624,class_12495
service_624,class_12496
service_624,class_12497
service_624,class_12498
service_624,class_12499
service_625,class_12500
service_625,class_12501
service_625,class_12502
service_625,class_12503
service_625,class_12504
service_625,class_12505
service_625,class_12506
service_625,class_12507
service_625,class_12508
service_625,class_12509
service_625,class_12510
service_625,class_12511
service_625,class_12512
service_625,class_12513
service_625,class_12514
service_625,class_12515
service_625,class_12516
service_625,class_12517
service_625,class_12518
service_625,class_12519
service_626,class_12520
service_626,class_12521
service_626,class_12522
service_626,class_12523
service_626,class_12524
service_626,class_12525
service_626,class_12526
service_626,class_12527
service_626,class_12528
service_626,class_12529
service_626,class_12530
service_626,class_12531
service_626,class_12532
service_626,class_12533
service_626,class_12534
service_626,class_12535
service_626,class_12536
service_626,class_12537
service_626,class_12538
service_626,class_12539
service_627,class_12540
service_627,class_12541
service_627,class_12542
service_627,class_12543
service_627,class_12544
service_627,class_12545
service_627,class_12546
service_627,class_12547
service_627,class_12548
service_627,class_12549
service_627,class_12550
service_627,class_12551
service_627,class_12552
service_627,class_12553
service_627,class_12554
service_627,class_12555
service_627,class_12556
service_627,class_12557
service_627,class_12558
service_627,class_12559
service_628,class_12560
service_628,class_12561
service_628,class_12562
service_628,class_12563
service_628,class_12564
service_628,class_12565
service_628,class_12566
service_628,class_12567
service_628,class_12568
service_628,class_12569
service_628,class_12570
service_628,class_12571
service_628,class_12572
service_628,class_12573
service_628,class_12574
service_628,class_12575
service_628,class_12576
service_628,class_12577
service_628,class_12578
service_628,class_12579
service_629,class_12580
service_629,class_12581
service_629,class_12582
service_629,class_12583
service_629,class_12584
service_629,class_12585
service_629,class_12586
service_629,class_12587
service_629,class_12588
service_629,class_12589
service_629,class_12590
service_629,class_12591
service_629,class_12592
service_629,class_12593
service_629,class_12594
service_629,class_12595
service_629,class_12596
service_629,class_12597
service_629,class_12598
service_629,class_12599
service_630,class_12600
service_630,class_12601
service_630,class_12602
service_630,class_12603
service_630,class_12604
service_630,class_12605
service_630,class_12606
service_630,class_12607
service_630,class_12608
service_630,class_12609
service_630,class_12610
service_630,class_12611
service_630,class_12612
service_630,class_12613
service_630,class_12614
service_630,class_12615
service_630,class_12616
service_630,class_12617
service_630,class_12618
service_630,class_12619
service_631,class_12620
service_631,class_12621
service_631,class_12622
service_631,class_12623
service_631,class_12624
service_631,class_12625
service_631,class_12626
service_631,class_12627
service_631,class_12628
service_631,class_12629
service_631,class_12630
service_631,class_12631
service_631,class_12632
service_631,class_12633
service_631,class_12634
service_631,class_12635
service_631,class_12636
service_631,class_12637
service_631,class_12638
service_631,class_12639
service_632,class_12640
service_632,class_12641
service_632,class_12642
service_632,class_12643
service_632,class_12644
service_632,class_12645
service_632,class_12646
service_632,class_12647
service_632,class_12648
service_632,class_12649
service_632,class_12650
service_632,class_12651
service_632,class_12652
service_632,class_12653
service_632,class_12654
service_632,class_12655
service_632,class_12656
service_632,class_12657
service_632,class_12658
service_632,class_12659
service_633,class_12660
service_633,class_12661
service_633,class_12662
service_633,class_12663
service_633,class_12664
service_633,class_12665
service_633,class_12666
service_633,class_12667
service_633,class_12668
service_633,class_12669
service_633,class_12670
service_633,class_12671
service_633,class_12672
service_633,class_12673
service_633,class_12674
service_633,class_12675
service_633,class_12676
service_633,class_12677
service_633,class_12678
service_633,class_12679
service_634,class_12680
service_634,class_12681
service_634,class_12682
service_634,class_12683
service_634,class_12684
service_634,class_12685
service_634,class_12686
service_634,class_12687
service_634,class_12688
service_634,class_12689
service_634,class_12690
service_634,class_12691
service_634,class_12692
service_634,class_12693
service_634,class_12694
service_634,class_12695
service_634,class_12696
service_634,class_12697
service_634,class_12698
service_634,class_12699
service_635,class_12700
service_635,class_12701
service_635,class_12702
service_635,class_12703
service_635,class_12704
service_635,class_12705
service_635,class_12706
service_635,class_12707
service_635,class_12708
service_635,class_12709
service_635,class_12710
service_635,class_12711
service_635,class_12712
service_635,class_12713
service_635,class_12714
service_635,class_12715
service_635,class_12716
service_635,class_12717
service_635,class_12718
service_635,class_12719
service_636,class_12720
service_636,class_12721
service_636,class_12722
service_636,class_12723
service_636,class_12724
service_636,class_12725
service_636,class_12726
service_636,class_12727
service_636,class_12728
service_636,class_12729
service_636,class_12730
service_636,class_12731
service_636,class_12732
service_636,class_12733
service_636,class_12734
service_636,class_12735
service_636,class_12736
service_636,class_12737
service_636,class_12738
service_636,class_12739
service_637,class_12740
service_637,class_12741
service_637,class_12742
service_637,class_12743
service_637,class_12744
service_637,class_12745
service_637,class_12746
service_637,class_12747
service_637,class_12748
service_637,class_12749
service_637,class_12750
service_637,class_12751
service_637,class_12752
service_637,class_12753
service_637,class_12754
service_637,class_12755
service_637,class_12756
service_637,class_12757
service_637,class_12758
service_637,class_12759
service_638,class_12760
service_638,class_12761
service_638,class_12762
service_638,class_12763
service_638,class_12764
service_638,class_12765
service_638,class_12766
service_638,class_12767
service_638,class_12768
service_638,class_12769
service_638,class_12770
service_638,class_12771
service_638,class_12772
service_638,class_12773
service_638,class_12774
service_638,class_12775
service_638,class_12776
service_638,class_12777
service_638,class_12778
service_638,class_12779
service_639,class_12780
service_639,class_12781
service_639,class_12782
service_639,class_12783
service_639,class_12784
service_639,class_12785
service_639,class_12786
service_639,class_12787
service_639,class_12788
service_639,class_12789
service_639,class_12790
service_639,class_12791
service_639,class_12792
service_639,class_12793
service_639,class_12794
service_639,class_12795
service_639,class_12796
service_639,class_12797
service_639,class_12798
service_639,class_12799
service_640,class_12800
service_640,class_12801
service_640,class_12802
service_640,class_12803
service_640,class_12804
service_640,class_12805
service_640,class_12806
service_640,class_12807
service_640,class_12808
service_640,class_12809
service_640,class_12810
service_640,class_12811
service_640,class_12812
service_640,class_12813
service_640,class_12814
service_640,class_12815
service_640,class_12816
service_640,class_12817
service_640,class_12818
service_640,class_12819
service_641,class_12820
service_641,class_12821
service_641,class_12822
service_641,class_12823
service_641,class_12824
service_641,class_12825
service_641,class_12826
service_641,class_12827
service_641,class_12828
service_641,class_12829
service_641,class_12830
service_641,class_12831
service_641,class_12832
service_641,class_12833
service_641,class_12834
service_641,class_12835
service_641,class_12836
service_641,class_12837
service_641,class_12838
service_641,class_12839
service_642,class_12840
service_642,class_12841
service_642,class_12842
service_642,class_12843
service_642,class_12844
service_642,class_12845
service_642,class_12846
service_642,class_12847
service_642,class_12848
service_642,class_12849
service_642,class_12850
service_642,class_12851
service_642,class_12852
service_642,class_12853
service_642,class_12854
service_642,class_12855
service_642,class_12856
service_642,class_12857
service_642,class_12858
service_642,class_12859
service_643,class_12860
service_643,class_12861
service_643,class_12862
service_643,class_12863
service_643,class_12864
service_643,class_12865
service_643,class_12866
service_643,class_12867
service_643,class_12868
service_643,class_12869
service_643,class_12870
service_643,class_12871
service_643,class_12872
service_643,class_12873
service_643,class_12874
service_643,class_12875
service_643,class_12876
service_643,class_12877
service_643,class_12878
service_643,class_12879
service_644,class_12880
service_644,class_12881
service_644,class_12882
service_644,class_12883
service_644,class_12884
service_644,class_12885
service_644,class_12886
service_644,class_12887
service_644,class_12888
service_644,class_12889
service_644,class_12890
service_644,class_12891
service_644,class_12892
service_644,class_12893
service_644,class_12894
service_644,class_12895
service_644,class_12896
service_644,class_12897
service_644,class_12898
service_644,class_12899
service_645,class_12900
service_645,class_12901
service_645,class_12902
service_645,class_12903
service_645,class_12904
service_645,class_12905
service_645,class_12906
service_645,class_12907
service_645,class_12908
service_645,class_12909
service_645,class_12910
service_645,class_12911
service_645,class_12912
service_645,class_12913
service_645,class_12914
service_645,class_12915
service_645,class_12916
service_645,class_12917
service_645,class_12918
service_645,class_12919
service_646,class_12920
service_646,class_12921
service_646,class_12922
service_646,class_12923
service_646,class_12924
service_646,class_12925
service_646,class_12926
service_646,class_12927
service_646,class_12928
service_646,class_12929
service_646,class_12930
service_646,class_12931
service_646,class_12932
service_646,class_12933
service_646,class_12934
service_646,class_12935
service_646,class_12936
service_646,class_12937
service_646,class_12938
service_646,class_12939
service_647,class_12940
service_647,class_12941
service_647,class_12942
service_647,class_12943
service_647,class_12944
service_647,class_12945
service_647,class_12946
service_647,class_12947
service_647,class_12948
service_647,class_12949
service_647,class_12950
service_647,class_12951
service_647,class_12952
service_647,class_12953
service_647,class_12954
service_647,class_12955
service_647,class_12956
service_647,class_12957
service_647,class_12958
service_647,class_12959
service_648,class_12960
service_648,class_12961
service_648,class_12962
service_648,class_12963
service_648,class_12964
service_648,class_12965
service_648,class_12966
service_648,class_12967
service_648,class_12968
service_648,class_12969
service_648,class_12970
service_648,class_12971
service_648,class_12972
service_648,class_12973
service_648,class_12974
service_648,class_12975
service_648,class_12976
service_648,class_12977
service_648,class_12978
service_648,class_12979
service_649,class_12980
service_649,class_12981
service_649,class_12982
service_649,class_12983
service_649,class_12984
service_649,class_12985
service_649,class_12986
service_649,class_12987
service_649,class_12988
service_649,class_12989
service_649,class_12990
service_649,class_12991
service_649,class_12992
service_649,class_12993
service_649,class_12994
service_649,class_12995
service_649,class_12996
service_649,class_12997
service_649,class_12998
service_649,class_12999
service_650,class_13000
service_650,class_13001
service_650,class_13002
service_650,class_13003
service_650,class_13004
service_650,class_13005
service_650,class_13006
service_650,class_13007
service_650,class_13008
service_650,class_13009
service_650,class_13010
service_650,class_13011
service_650,class_13012
service_650,class_13013
service_650,class_13014
service_650,class_13015
service_650,class_13016
service_650,class_13017
service_650,class_13018
service_650,class_13019
service_651,class_13020
service_651,class_13021
service_651,class_13022
service_651,class_13023
service_651,class_13024
service_651,class_13025
service_651,class_13026
service_651,class_13027
service_651,class_13028
service_651,class_13029
service_651,class_13030
service_651,class_13031
service_651,class_13032
service_651,class_13033
service_651,class_13034
service_651,class_13035
service_651,class_13036
service_651,class_13037
service_651,class_13038
service_651,class_13039
service_652,class_13040
service_652,class_13041
service_652,class_13042
service_652,class_13043
service_652,class_13044
service_652,class_13045
service_652,class_13046
service_652,class_13047
service_652,class_13048
service_652,class_13049
service_652,class_13050
service_652,class_13051
service_652,class_13052
service_652,class_13053
service_652,class_13054
service_652,class_13055
service_652,class_13056
service_652,class_13057
service_652,class_13058
service_652,class_13059
service_653,class_13060
service_653,class_13061
service_653,class_13062
service_653,class_13063
service_653,class_13064
service_653,class_13065
service_653,class_13066
service_653,class_13067
service_653,class_13068
service_653,class_13069
service_653,class_13070
service_653,class_13071
service_653,class_13072
service_653,class_13073
service_653,class_13074
service_653,class_13075
service_653,class_13076
service_653,class_13077
service_653,class_13078
service_653,class_13079
service_654,class_13080
service_654,class_13081
service_654,class_13082
service_654,class_13083
service_654,class_13084
service_654,class_13085
service_654,class_13086
service_654,class_13087
service_654,class_13088
service_654,class_13089
service_654,class_13090
service_654,class_13091
service_654,class_13092
service_654,class_13093
service_654,class_13094
service_654,class_13095
service_654,class_13096
service_654,class_13097
service_654,class_13098
service_654,class_13099
service_655,class_13100
service_655,class_13101
service_655,class_13102
service_655,class_13103
service_655,class_13104
service_655,class_13105
service_655,class_13106
service_655,class_13107
service_655,class_13108
service_655,class_13109
service_655,class_13110
service_655,class_13111
service_655,class_13112
service_655,class_13113
service_655,class_13114
service_655,class_13115
service_655,class_13116
service_655,class_13117
service_655,class_13118
service_655,class_13119
service_656,class_13120
service_656,class_13121
service_656,class_13122
service_656,class_13123
service_656,class_13124
service_656,class_13125
service_656,class_13126
service_656,class_13127
service_656,class_13128
service_656,class_13129
service_656,class_13130
service_656,class_13131
service_656,class_13132
service_656,class_13133
service_656,class_13134
service_656,class_13135
service_656,class_13136
service_656,class_13137
service_656,class_13138
service_656,class_13139
service_657,class_13140
service_657,class_13141
service_657,class_13142
service_657,class_13143
service_657,class_13144
service_657,class_13145
service_657,class_13146
service_657,class_13147
service_657,class_13148
service_657,class_13149
service_657,class_13150
service_657,class_13151
service_657,class_13152
service_657,class_13153
service_657,class_13154
service_657,class_13155
service_657,class_13156
service_657,class_13157
service_657,class_13158
service_657,class_13159
service_658,class_13160
service_658,class_13161
service_658,class_13162
service_658,class_13163
service_658,class_13164
service_658,class_13165
service_658,class_13166
service_658,class_13167
service_658,class_13168
service_658,class_13169
service_658,class_13170
service_658,class_13171
service_658,class_13172
service_658,class_13173
service_658,class_13174
service_658,class_13175
service_658,class_13176
service_658,class_13177
service_658,class_13178
service_658,class_13179
service_659,class_13180
service_659,class_13181
service_659,class_13182
service_659,class_13183
service_659,class_13184
service_659,class_13185
service_659,class_13186
service_659,class_13187
service_659,class_13188
service_659,class_13189
service_659,class_13190
service_659,class_13191
service_659,class_13192
service_659,class_13193
service_659,class_13194
service_659,class_13195
service_659,class_13196
service_659,class_13197
service_659,class_13198
service_659,class_13199
service_660,class_13200
service_660,class_13201
service_660,class_13202
service_660,class_13203
service_660,class_13204
service_660,class_13205
service_660,class_13206
service_660,class_13207
service_660,class_13208
service_660,class_13209
service_660,class_13210
service_660,class_13211
service_660,class_13212
service_660,class_13213
service_660,class_13214
service_660,class_13215
service_660,class_13216
service_660,class_13217
service_660,class_13218
service_660,class_13219
service_661,class_13220
service_661,class_13221
service_661,class_13222
service_661,class_13223
service_661,class_13224
service_661,class_13225
service_661,class_13226
service_661,class_13227
service_661,class_13228
service_661,class_13229
service_661,class_13230
service_661,class_13231
service_661,class_13232
service_661,class_13233
service_661,class_13234
service_661,class_13235
service_661,class_13236
service_661,class_13237
service_661,class_13238
service_661,class_13239
service_662,class_13240
service_662,class_13241
service_662,class_13242
service_662,class_13243
service_662,class_13244
service_662,class_13245
service_662,class_13246
service_662,class_13247
service_662,class_13248
service_662,class_13249
service_662,class_13250
service_662,class_13251
service_662,class_13252
service_662,class_13253
service_662,class_13254
service_662,class_13255
service_662,class_13256
service_662,class_13257
service_662,class_13258
service_662,class_13259
service_663,class_13260
service_663,class_13261
service_663,class_13262
service_663,class_13263
service_663,class_13264
service_663,class_13265
service_663,class_13266
service_663,class_13267
service_663,class_13268
service_663,class_13269
service_663,class_13270
service_663,class_13271
service_663,class_13272
service_663,class_13273
service_663,class_13274
service_663,class_13275
service_663,class_13276
service_663,class_13277
service_663,class_13278
service_663,class_13279
service_664,class_13280
service_664,class_13281
service_664,class_13282
service_664,class_13283
service_664,class_13284
service_664,class_13285
service_664,class_13286
service_664,class_13287
service_664,class_13288
service_664,class_13289
service_664,class_13290
service_664,class_13291
service_664,class_13292
service_664,class_13293
service_664,class_13294
service_664,class_13295
service_664,class_13296
service_664,class_13297
service_664,class_13298
service_664,class_13299
service_665,class_13300
service_665,class_13301
service_665,class_13302
service_665,class_13303
service_665,class_13304
service_665,class_13305
service_665,class_13306
service_665,class_13307
service_665,class_13308
service_665,class_13309
service_665,class_13310
service_665,class_13311
service_665,class_13312
service_665,class_13313
service_665,class_13314
service_665,class_13315
service_665,class_13316
service_665,class_13317
service_665,class_13318
service_665,class_13319
service_666,class_13320
service_666,class_13321
service_666,class_13322
service_666,class_13323
service_666,class_13324
service_666,class_13325
service_666,class_13326
service_666,class_13327
service_666,class_13328
service_666,class_13329
service_666,class_13330
service_666,class_13331
service_666,class_13332
service_666,class_13333
service_666,class_13334
service_666,class_13335
service_666,class_13336
service_666,class_13337
service_666,class_13338
service_666,class_13339
service_667,class_13340
service_667,class_13341
service_667,class_13342
service_667,class_13343
service_667,class_13344
service_667,class_13345
service_667,class_13346
service_667,class_13347
service_667,class_13348
service_667,class_13349
service_667,class_13350
service_667,class_13351
service_667,class_13352
service_667,class_13353
service_667,class_13354
service_667,class_13355
service_667,class_13356
service_667,class_13357
service_667,class_13358
service_667,class_13359
service_668,class_13360
service_668,class_13361
service_668,class_13362
service_668,class_13363
service_668,class_13364
service_668,class_13365
service_668,class_13366
service_668,class_13367
service_668,class_13368
service_668,class_13369
service_668,class_13370
service_668,class_13371
service_668,class_13372
service_668,class_13373
service_668,class_13374
service_668,class_13375
service_668,class_13376
service_668,class_13377
service_668,class_13378
service_668,class_13379
service_669,class_13380
service_669,class_13381
service_669,class_13382
service_669,class_13383
service_669,class_13384
service_669,class_13385
service_669,class_13386
service_669,class_13387
service_669,class_13388
service_669,class_13389
service_669,class_13390
service_669,class_13391
service_669,class_13392
service_669,class_13393
service_669,class_13394
service_669,class_13395
service_669,class_13396
service_669,class_13397
service_669,class_13398
service_669,class_13399
service_670,class_13400
service_670,class_13401
service_670,class_13402
service_670,class_13403
service_670,class_13404
service_670,class_13405
service_670,class_13406
service_670,class_13407
service_670,class_13408
service_670,class_13409
service_670,class_13410
service_670,class_13411
service_670,class_13412
service_670,class_13413
service_670,class_13414
service_670,class_13415
service_670,class_13416
service_670,class_13417
service_670,class_13418
service_670,class_13419
service_671,class_13420
service_671,class_13421
service_671,class_13422
service_671,class_13423
service_671,class_13424
service_671,class_13425
service_671,class_13426
service_671,class_13427
service_671,class_13428
service_671,class_13429
service_671,class_13430
service_671,class_13431
service_671,class_13432
service_671,class_13433
service_671,class_13434
service_671,class_13435
service_671,class_13436
service_671,class_13437
service_671,class_13438
service_671,class_13439
service_672,class_13440
service_672,class_13441
service_672,class_13442
service_672,class_13443
service_672,class_13444
service_672,class_13445
service_672,class_13446
service_672,class_13447
service_672,class_13448
service_672,class_13449
service_672,class_13450
service_672,class_13451
service_672,class_13452
service_672,class_13453
service_672,class_13454
service_672,class_13455
service_672,class_13456
service_672,class_13457
service_672,class_13458
service_672,class_13459
service_673,class_13460
service_673,class_13461
service_673,class_13462
service_673,class_13463
service_673,class_13464
service_673,class_13465
service_673,class_13466
service_673,class_13467
service_673,class_13468
service_673,class_13469
service_673,class_13470
service_673,class_13471
service_673,class_13472
service_673,class_13473
service_673,class_13474
service_673,class_13475
service_673,class_13476
service_673,class_13477
service_673,class_13478
service_673,class_13479
service_674,class_13480
service_674,class_13481
service_674,class_13482
service_674,class_13483
service_674,class_13484
service_674,class_13485
service_674,class_13486
service_674,class_13487
service_674,class_13488
service_674,class_13489
service_674,class_13490
service_674,class_13491
service_674,class_13492
service_674,class_13493
service_674,class_13494
service_674,class_13495
service_674,class_13496
service_674,class_13497
service_674,class_13498
service_674,class_13499
service_675,class_13500
service_675,class_13501
service_675,class_13502
service_675,class_13503
service_675,class_13504
service_675,class_13505
service_675,class_13506
service_675,class_13507
service_675,class_13508
service_675,class_13509
service_675,class_13510
service_675,class_13511
service_675,class_13512
service_675,class_13513
service_675,class_13514
service_675,class_13515
service_675,class_13516
service_675,class_13517
service_675,class_13518
service_675,class_13519
service_676,class_13520
service_676,class_13521
service_676,class_13522
service_676,class_13523
service_676,class_13524
service_676,class_13525
service_676,class_13526
service_676,class_13527
service_676,class_13528
service_676,class_13529
service_676,class_13530
service_676,class_13531
service_676,class_13532
service_676,class_13533
service_676,class_13534
service_676,class_13535
service_676,class_13536
service_676,class_13537
service_676,class_13538
service_676,class_13539
service_677,class_13540
service_677,class_13541
service_677,class_13542
service_677,class_13543
service_677,class_13544
service_677,class_13545
service_677,class_13546
service_677,class_13547
service_677,class_13548
service_677,class_13549
service_677,class_13550
service_677,class_13551
service_677,class_13552
service_677,class_13553
service_677,class_13554
service_677,class_13555
service_677,class_13556
service_677,class_13557
service_677,class_13558
service_677,class_13559
service_678,class_13560
service_678,class_13561
service_678,class_13562
service_678,class_13563
service_678,class_13564
service_678,class_13565
service_678,class_13566
service_678,class_13567
service_678,class_13568
service_678,class_13569
service_678,class_13570
service_678,class_13571
service_678,class_13572
service_678,class_13573
service_678,class_13574
service_678,class_13575
service_678,class_13576
service_678,class_13577
service_678,class_13578
service_678,class_13579
service_679,class_13580
service_679,class_13581
service_679,class_13582
service_679,class_13583
service_679,class_13584
service_679,class_13585
service_679,class_13586
service_679,class_13587
service_679,class_13588
service_679,class_13589
service_679,class_13590
service_679,class_13591
service_679,class_13592
service_679,class_13593
service_679,class_13594
service_679,class_13595
service_679,class_13596
service_679,class_13597
service_679,class_13598
service_679,class_13599
service_680,class_13600
service_680,class_13601
service_680,class_13602
service_680,class_13603
service_680,class_13604
service_680,class_13605
service_680,class_13606
service_680,class_13607
service_680,class_13608
service_680,class_13609
service_680,class_13610
service_680,class_13611
service_680,class_13612
service_680,class_13613
service_680,class_13614
service_680,class_13615
service_680,class_13616
service_680,class_13617
service_680,class_13618
service_680,class_13619
service_681,class_13620
service_681,class_13621
service_681,class_13622
service_681,class_13623
service_681,class_13624
service_681,class_13625
service_681,class_13626
service_681,class_13627
service_681,class_13628
service_681,class_13629
service_681,class_13630
service_681,class_13631
service_681,class_13632
service_681,class_13633
service_681,class_13634
service_681,class_13635
service_681,class_13636
service_681,class_13637
service_681,class_13638
service_681,class_13639
service_682,class_13640
service_682,class_13641
service_682,class_13642
service_682,class_13643
service_682,class_13644
service_682,class_13645
service_682,class_13646
service_682,class_13647
service_682,class_13648
service_682,class_13649
service_682,class_13650
service_682,class_13651
service_682,class_13652
service_682,class_13653
service_682,class_13654
service_682,class_13655
service_682,class_13656
service_682,class_13657
service_682,class_13658
service_682,class_13659
service_683,class_13660
service_683,class_13661
service_683,class_13662
service_683,class_13663
service_683,class_13664
service_683,class_13665
service_683,class_13666
service_683,class_13667
service_683,class_13668
service_683,class_13669
service_683,class_13670
service_683,class_13671
service_683,class_13672
service_683,class_13673
service_683,class_13674
service_683,class_13675
service_683,class_13676
service_683,class_13677
service_683,class_13678
service_683,class_13679
service_684,class_13680
service_684,class_13681
service_684,class_13682
service_684,class_13683
service_684,class_13684
service_684,class_13685
service_684,class_13686
service_684,class_13687
service_684,class_13688
service_684,class_13689
service_684,class_13690
service_684,class_13691
service_684,class_13692
service_684,class_13693
service_684,class_13694
service_684,class_13695
service_684,class_13696
service_684,class_13697
service_684,class_13698
service_684,class_13699
service_685,class_13700
service_685,class_13701
service_685,class_13702
service_685,class_13703
service_685,class_13704
service_685,class_13705
service_685,class_13706
service_685,class_13707
service_685,class_13708
service_685,class_13709
service_685,class_13710
service_685,class_13711
service_685,class_13712
service_685,class_13713
service_685,class_13714
service_685,class_13715
service_685,class_13716
service_685,class_13717
service_685,class_13718
service_685,class_13719
service_686,class_13720
service_686,class_13721
service_686,class_13722
service_686,class_13723
service_686,class_13724
service_686,class_13725
service_686,class_13726
service_686,class_13727
service_686,class_13728
service_686,class_13729
service_686,class_13730
service_686,class_13731
service_686,class_13732
service_686,class_13733
service_686,class_13734
service_686,class_13735
service_686,class_13736
service_686,class_13737
service_686,class_13738
service_686,class_13739
service_687,class_13740
service_687,class_13741
service_687,class_13742
service_687,class_13743
service_687,class_13744
service_687,class_13745
service_687,class_13746
service_687,class_13747
service_687,class_13748
service_687,class_13749
service_687,class_13750
service_687,class_13751
service_687,class_13752
service_687,class_13753
service_687,class_13754
service_687,class_13755
service_687,class_13756
service_687,class_13757
service_687,class_13758
service_687,class_13759
service_688,class_13760
service_688,class_13761
service_688,class_13762
service_688,class_13763
service_688,class_13764
service_688,class_13765
service_688,class_13766
service_688,class_13767
service_688,class_13768
service_688,class_13769
service_688,class_13770
service_688,class_13771
service_688,class_13772
service_688,class_13773
service_688,class_13774
service_688,class_13775
service_688,class_13776
service_688,class_13777
service_688,class_13778
service_688,class_13779
service_689,class_13780
service_689,class_13781
service_689,class_13782
service_689,class_13783
service_689,class_13784
service_689,class_13785
service_689,class_13786
service_689,class_13787
service_689,class_13788
service_689,class_13789
service_689,class_13790
service_689,class_13791
service_689,class_13792
service_689,class_13793
service_689,class_13794
service_689,class_13795
service_689,class_13796
service_689,class_13797
service_689,class_13798
service_689,class_13799
service_690,class_13800
service_690,class_13801
service_690,class_13802
service_690,class_13803
service_690,class_13804
service_690,class_13805
service_690,class_13806
service_690,class_13807
service_690,class_13808
service_690,class_13809
service_690,class_13810
service_690,class_13811
service_690,class_13812
service_690,class_13813
service_690,class_13814
service_690,class_13815
service_690,class_13816
service_690,class_13817
service_690,class_13818
service_690,class_13819
service_691,class_13820
service_691,class_13821
service_691,class_13822
service_691,class_13823
service_691,class_13824
service_691,class_13825
service_691,class_13826
service_691,class_13827
service_691,class_13828
service_691,class_13829
service_691,class_13830
service_691,class_13831
service_691,class_13832
service_691,class_13833
service_691,class_13834
service_691,class_13835
service_691,class_13836
service_691,class_13837
service_691,class_13838
service_691,class_13839
service_692,class_13840
service_692,class_13841
service_692,class_13842
service_692,class_13843
service_692,class_13844
service_692,class_13845
service_692,class_13846
service_692,class_13847
service_692,class_13848
service_692,class_13849
service_692,class_13850
service_692,class_13851
service_692,class_13852
service_692,class_13853
service_692,class_13854
service_692,class_13855
service_692,class_13856
service_692,class_13857
service_692,class_13858
service_692,class_13859
service_693,class_13860
service_693,class_13861
service_693,class_13862
service_693,class_13863
service_693,class_13864
service_693,class_13865
service_693,class_13866
service_693,class_13867
service_693,class_13868
service_693,class_13869
service_693,class_13870
service_693,class_13871
service_693,class_13872
service_693,class_13873
service_693,class_13874
service_693,class_13875
service_693,class_13876
service_693,class_13877
service_693,class_13878
service_693,class_13879
service_694,class_13880
service_694,class_13881
service_694,class_13882
service_694,class_13883
service_694,class_13884
service_694,class_13885
service_694,class_13886
service_694,class_13887
service_694,class_13888
service_694,class_13889
service_694,class_13890
service_694,class_13891
service_694,class_13892
service_694,class_13893
service_694,class_13894
service_694,class_13895
service_694,class_13896
service_694,class_13897
service_694,class_13898
service_694,class_13899
service_695,class_13900
service_695,class_13901
service_695,class_13902
service_695,class_13903
service_695,class_13904
service_695,class_13905
service_695,class_13906
service_695,class_13907
service_695,class_13908
service_695,class_13909
service_695,class_13910
service_695,class_13911
service_695,class_13912
service_695,class_13913
service_695,class_13914
service_695,class_13915
service_695,class_13916
service_695,class_13917
service_695,class_13918
service_695,class_13919
service_696,class_13920
service_696,class_13921
service_696,class_13922
service_696,class_13923
service_696,class_13924
service_696,class_13925
service_696,class_13926
service_696,class_13927
service_696,class_13928
service_696,class_13929
service_696,class_13930
service_696,class_13931
service_696,class_13932
service_696,class_13933
service_696,class_13934
service_696,class_13935
service_696,class_13936
service_696,class_13937
service_696,class_13938
service_696,class_13939
service_697,class_13940
service_697,class_13941
service_697,class_13942
service_697,class_13943
service_697,class_13944
service_697,class_13945
service_697,class_13946
service_697,class_13947
service_697,class_13948
service_697,class_13949
service_697,class_13950
service_697,class_13951
service_697,class_13952
service_697,class_13953
service_697,class_13954
service_697,class_13955
service_697,class_13956
service_697,class_13957
service_697,class_13958
service_697,class_13959
service_698,class_13960
service_698,class_13961
service_698,class_13962
service_698,class_13963
service_698,class_13964
service_698,class_13965
service_698,class_13966
service_698,class_13967
service_698,class_13968
service_698,class_13969
service_698,class_13970
service_698,class_13971
service_698,class_13972
service_698,class_13973
service_698,class_13974
service_698,class_13975
service_698,class_13976
service_698,class_13977
service_698,class_13978
service_698,class_13979
service_699,class_13980
service_699,class_13981
service_699,class_13982
service_699,class_13983
service_699,class_13984
service_699,class_13985
service_699,class_13986
service_699,class_13987
service_699,class_13988
service_699,class_13989
service_699,class_13990
service_699,class_13991
service_699,class_13992
service_699,class_13993
service_699,class_13994
service_699,class_13995
service_699,class_13996
service_699,class_13997
service_699,class_13998
service_699,class_13999
service_700,class_14000
service_700,class_14001
service_700,class_14002
service_700,class_14003
service_700,class_14004
service_700,class_14005
service_700,class_14006
service_700,class_14007
service_700,class_14008
service_700,class_14009
service_700,class_14010
service_700,class_14011
service_700,class_14012
service_700,class_14013
service_700,class_14014
service_700,class_14015
service_700,class_14016
service_700,class_14017
service_700,class_14018
service_700,class_14019
service_701,class_14020
service_701,class_14021
service_701,class_14022
service_701,class_14023
service_701,class_14024
service_701,class_14025
service_701,class_14026
service_701,class_14027
service_701,class_14028
service_701,class_14029
service_701,class_14030
service_701,class_14031
service_701,class_14032
service_701,class_14033
service_701,class_14034
service_701,class_14035
service_701,class_14036
service_701,class_14037
service_701,class_14038
service_701,class_14039
service_702,class_14040
service_702,class_14041
service_702,class_14042
service_702,class_14043
service_702,class_14044
service_702,class_14045
service_702,class_14046
service_702,class_14047
service_702,class_14048
service_702,class_14049
service_702,class_14050
service_702,class_14051
service_702,class_14052
service_702,class_14053
service_702,class_14054
service_702,class_14055
service_702,class_14056
service_702,class_14057
service_702,class_14058
service_702,class_14059
service_703,class_14060
service_703,class_14061
service_703,class_14062
service_703,class_14063
service_703,class_14064
service_703,class_14065
service_703,class_14066
service_703,class_14067
service_703,class_14068
service_703,class_14069
service_703,class_14070
service_703,class_14071
service_703,class_14072
service_703,class_14073
service_703,class_14074
service_703,class_14075
service_703,class_14076
service_703,class_14077
service_703,class_14078
service_703,class_14079
service_704,class_14080
service_704,class_14081
service_704,class_14082
service_704,class_14083
service_704,class_14084
service_704,class_14085
service_704,class_14086
service_704,class_14087
service_704,class_14088
service_704,class_14089
service_704,class_14090
service_704,class_14091
service_704,class_14092
service_704,class_14093
service_704,class_14094
service_704,class_14095
service_704,class_14096
service_704,class_14097
service_704,class_14098
service_704,class_14099
service_705,class_14100
service_705,class_14101
service_705,class_14102
service_705,class_14103
service_705,class_14104
service_705,class_14105
service_705,class_14106
service_705,class_14107
service_705,class_14108
service_705,class_14109
service_705,class_14110
service_705,class_14111
service_705,class_14112
service_705,class_14113
service_705,class_14114
service_705,class_14115
service_705,class_14116
service_705,class_14117
service_705,class_14118
service_705,class_14119
service_706,class_14120
service_706,class_14121
service_706,class_14122
service_706,class_14123
service_706,class_14124
service_706,class_14125
service_706,class_14126
service_706,class_14127
service_706,class_14128
service_706,class_14129
service_706,class_14130
service_706,class_14131
service_706,class_14132
service_706,class_14133
service_706,class_14134
service_706,class_14135
service_706,class_14136
service_706,class_14137
service_706,class_14138
service_706,class_14139
service_707,class_14140
service_707,class_14141
service_707,class_14142
service_707,class_14143
service_707,class_14144
service_707,class_14145
service_707,class_14146
service_707,class_14147
service_707,class_14148
service_707,class_14149
service_707,class_14150
service_707,class_14151
service_707,class_14152
service_707,class_14153
service_707,class_14154
service_707,class_14155
service_707,class_14156
service_707,class_14157
service_707,class_14158
service_707,class_14159
service_708,class_14160
service_708,class_14161
service_708,class_14162
service_708,class_14163
service_708,class_14164
service_708,class_14165
service_708,class_14166
service_708,class_14167
service_708,class_14168
service_708,class_14169
service_708,class_14170
service_708,class_14171
service_708,class_14172
service_708,class_14173
service_708,class_14174
service_708,class_14175
service_708,class_14176
service_708,class_14177
service_708,class_14178
service_708,class_14179
service_709,class_14180
service_709,class_14181
service_709,class_14182
service_709,class_14183
service_709,class_14184
service_709,class_14185
service_709,class_14186
service_709,class_14187
service_709,class_14188
service_709,class_14189
service_709,class_14190
service_709,class_14191
service_709,class_14192
service_709,class_14193
service_709,class_14194
service_709,class_14195
service_709,class_14196
service_709,class_14197
service_709,class_14198
service_709,class_14199
service_710,class_14200
service_710,class_14201
service_710,class_14202
service_710,class_14203
service_710,class_14204
service_710,class_14205
service_710,class_14206
service_710,class_14207
service_710,class_14208
service_710,class_14209
service_710,class_14210
service_710,class_14211
service_710,class_14212
service_710,class_14213
service_710,class_14214
service_710,class_14215
service_710,class_14216
service_710,class_14217
service_710,class_14218
service_710,class_14219
service_711,class_14220
service_711,class_14221
service_711,class_14222
service_711,class_14223
service_711,class_14224
service_711,class_14225
service_711,class_14226
service_711,class_14227
service_711,class_14228
service_711,class_14229
service_711,class_14230
service_711,class_14231
service_711,class_14232
service_711,class_14233
service_711,class_14234
service_711,class_14235
service_711,class_14236
service_711,class_14237
service_711,class_14238
service_711,class_14239
service_712,class_14240
service_712,class_14241
service_712,class_14242
service_712,class_14243
service_712,class_14244
service_712,class_14245
service_712,class_14246
service_712,class_14247
service_712,class_14248
service_712,class_14249
service_712,class_14250
service_712,class_14251
service_712,class_14252
service_712,class_14253
service_712,class_14254
service_712,class_14255
service_712,class_14256
service_712,class_14257
service_712,class_14258
service_712,class_14259
service_713,class_14260
service_713,class_14261
service_713,class_14262
service_713,class_14263
service_713,class_14264
service_713,class_14265
service_713,class_14266
service_713,class_14267
service_713,class_14268
service_713,class_14269
service_713,class_14270
service_713,class_14271
service_713,class_14272
service_713,class_14273
service_713,class_14274
service_713,class_14275
service_713,class_14276
service_713,class_14277
service_713,class_14278
service_713,class_14279
service_714,class_14280
service_714,class_14281
service_714,class_14282
service_714,class_14283
service_714,class_14284
service_714,class_14285
service_714,class_14286
service_714,class_14287
service_714,class_14288
service_714,class_14289
service_714,class_14290
service_714,class_14291
service_714,class_14292
service_714,class_14293
service_714,class_14294
service_714,class_14295
service_714,class_14296
service_714,class_14297
service_714,class_14298
service_714,class_14299
service_715,class_14300
service_715,class_14301
service_715,class_14302
service_715,class_14303
service_715,class_14304
service_715,class_14305
service_715,class_14306
service_715,class_14307
service_715,class_14308
service_715,class_14309
service_715,class_14310
service_715,class_14311
service_715,class_14312
service_715,class_14313
service_715,class_14314
service_715,class_14315
service_715,class_14316
service_715,class_14317
service_715,class_14318
service_715,class_14319
service_716,class_14320
service_716,class_14321
service_716,class_14322
service_716,class_14323
service_716,class_14324
service_716,class_14325
service_716,class_14326
service_716,class_14327
service_716,class_14328
service_716,class_14329
service_716,class_14330
service_716,class_14331
service_716,class_14332
service_716,class_14333
service_716,class_14334
service_716,class_14335
service_716,class_14336
service_716,class_14337
service_716,class_14338
service_716,class_14339
service_717,class_14340
service_717,class_14341
service_717,class_14342
service_717,class_14343
service_717,class_14344
service_717,class_14345
service_717,class_14346
service_717,class_14347
service_717,class_14348
service_717,class_14349
service_717,class_14350
service_717,class_14351
service_717,class_14352
service_717,class_14353
service_717,class_14354
service_717,class_14355
service_717,class_14356
service_717,class_14357
service_717,class_14358
service_717,class_14359
service_718,class_14360
service_718,class_14361
service_718,class_14362
service_718,class_14363
service_718,class_14364
service_718,class_14365
service_718,class_14366
service_718,class_14367
service_718,class_14368
service_718,class_14369
service_718,class_14370
service_718,class_14371
service_718,class_14372
service_718,class_14373
service_718,class_14374
service_718,class_14375
service_718,class_14376
service_718,class_14377
service_718,class_14378
service_718,class_14379
service_719,class_14380
service_719,class_14381
service_719,class_14382
service_719,class_14383
service_719,class_14384
service_719,class_14385
service_719,class_14386
service_719,class_14387
service_719,class_14388
service_719,class_14389
service_719,class_14390
service_719,class_14391
service_719,class_14392
service_719,class_14393
service_719,class_14394
service_719,class_14395
service_719,class_14396
service_719,class_14397
service_719,class_14398
service_719,class_14399
service_720,class_14400
service_720,class_14401
service_720,class_14402
service_720,class_14403
service_720,class_14404
service_720,class_14405
service_720,class_14406
service_720,class_14407
service_720,class_14408
service_720,class_14409
service_720,class_14410
service_720,class_14411
service_720,class_14412
service_720,class_14413
service_720,class_14414
service_720,class_14415
service_720,class_14416
service_720,class_14417
service_720,class_14418
service_720,class_14419
service_721,class_14420
service_721,class_14421
service_721,class_14422
service_721,class_14423
service_721,class_14424
service_721,class_14425
service_721,class_14426
service_721,class_14427
service_721,class_14428
service_721,class_14429
service_721,class_14430
service_721,class_14431
service_721,class_14432
service_721,class_14433
service_721,class_14434
service_721,class_14435
service_721,class_14436
service_721,class_14437
service_721,class_14438
service_721,class_14439
service_722,class_14440
service_722,class_14441
service_722,class_14442
service_722,class_14443
service_722,class_14444
service_722,class_14445
service_722,class_14446
service_722,class_14447
service_722,class_14448
service_722,class_14449
service_722,class_14450
service_722,class_14451
service_722,class_14452
service_722,class_14453
service_722,class_14454
service_722,class_14455
service_722,class_14456
service_722,class_14457
service_722,class_14458
service_722,class_14459
service_723,class_14460
service_723,class_14461
service_723,class_14462
service_723,class_14463
service_723,class_14464
service_723,class_14465
service_723,class_14466
service_723,class_14467
service_723,class_14468
service_723,class_14469
service_723,class_14470
service_723,class_14471
service_723,class_14472
service_723,class_14473
service_723,class_14474
service_723,class_14475
service_723,class_14476
service_723,class_14477
service_723,class_14478
service_723,class_14479
service_724,class_14480
service_724,class_14481
service_724,class_14482
service_724,class_14483
service_724,class_14484
service_724,class_14485
service_724,class_14486
service_724,class_14487
service_724,class_14488
service_724,class_14489
service_724,class_14490
service_724,class_14491
service_724,class_14492
service_724,class_14493
service_724,class_14494
service_724,class_14495
service_724,class_14496
service_724,class_14497
service_724,class_14498
service_724,class_14499
service_725,class_14500
service_725,class_14501
service_725,class_14502
service_725,class_14503
service_725,class_14504
service_725,class_14505
service_725,class_14506
service_725,class_14507
service_725,class_14508
service_725,class_14509
service_725,class_14510
service_725,class_14511
service_725,class_14512
service_725,class_14513
service_725,class_14514
service_725,class_14515
service_725,class_14516
service_725,class_14517
service_725,class_14518
service_725,class_14519
service_726,class_14520
service_726,class_14521
service_726,class_14522
service_726,class_14523
service_726,class_14524
service_726,class_14525
service_726,class_14526
service_726,class_14527
service_726,class_14528
service_726,class_14529
service_726,class_14530
service_726,class_14531
service_726,class_14532
service_726,class_14533
service_726,class_14534
service_726,class_14535
service_726,class_14536
service_726,class_14537
service_726,class_14538
service_726,class_14539
service_727,class_14540
service_727,class_14541
service_727,class_14542
service_727,class_14543
service_727,class_14544
service_727,class_14545
service_727,class_14546
service_727,class_14547
service_727,class_14548
service_727,class_14549
service_727,class_14550
service_727,class_14551
service_727,class_14552
service_727,class_14553
service_727,class_14554
service_727,class_14555
service_727,class_14556
service_727,class_14557
service_727,class_14558
service_727,class_14559
service_728,class_14560
service_728,class_14561
service_728,class_14562
service_728,class_14563
service_728,class_14564
service_728,class_14565
service_728,class_14566
service_728,class_14567
service_728,class_14568
service_728,class_14569
service_728,class_14570
service_728,class_14571
service_728,class_14572
service_728,class_14573
service_728,class_14574
service_728,class_14575
service_728,class_14576
service_728,class_14577
service_728,class_14578
service_728,class_14579
service_729,class_14580
service_729,class_14581
service_729,class_14582
service_729,class_14583
service_729,class_14584
service_729,class_14585
service_729,class_14586
service_729,class_14587
service_729,class_14588
service_729,class_14589
service_729,class_14590
service_729,class_14591
service_729,class_14592
service_729,class_14593
service_729,class_14594
service_729,class_14595
service_729,class_14596
service_729,class_14597
service_729,class_14598
service_729,class_14599
service_730,class_14600
service_730,class_14601
service_730,class_14602
service_730,class_14603
service_730,class_14604
service_730,class_14605
service_730,class_14606
service_730,class_14607
service_730,class_14608
service_730,class_14609
service_730,class_14610
service_730,class_14611
service_730,class_14612
service_730,class_14613
service_730,class_14614
service_730,class_14615
service_730,class_14616
service_730,class_14617
service_730,class_14618
service_730,class_14619
service_731,class_14620
service_731,class_14621
service_731,class_14622
service_731,class_14623
service_731,class_14624
service_731,class_14625
service_731,class_14626
service_731,class_14627
service_731,class_14628
service_731,class_14629
service_731,class_14630
service_731,class_14631
service_731,class_14632
service_731,class_14633
service_731,class_14634
service_731,class_14635
service_731,class_14636
service_731,class_14637
service_731,class_14638
service_731,class_14639
service_732,class_14640
service_732,class_14641
service_732,class_14642
service_732,class_14643
service_732,class_14644
service_732,class_14645
service_732,class_14646
service_732,class_14647
service_732,class_14648
service_732,class_14649
service_732,class_14650
service_732,class_14651
service_732,class_14652
service_732,class_14653
service_732,class_14654
service_732,class_14655
service_732,class_14656
service_732,class_14657
service_732,class_14658
service_732,class_14659
service_733,class_14660
service_733,class_14661
service_733,class_14662
service_733,class_14663
service_733,class_14664
service_733,class_14665
service_733,class_14666
service_733,class_14667
service_733,class_14668
service_733,class_14669
service_733,class_14670
service_733,class_14671
service_733,class_14672
service_733,class_14673
service_733,class_14674
service_733,class_14675
service_733,class_14676
service_733,class_14677
service_733,class_14678
service_733,class_14679
service_734,class_14680
service_734,class_14681
service_734,class_14682
service_734,class_14683
service_734,class_14684
service_734,class_14685
service_734,class_14686
service_734,class_14687
service_734,class_14688
service_734,class_14689
service_734,class_14690
service_734,class_14691
service_734,class_14692
service_734,class_14693
service_734,class_14694
service_734,class_14695
service_734,class_14696
service_734,class_14697
service_734,class_14698
service_734,class_14699
service_735,class_14700
service_735,class_14701
service_735,class_14702
service_735,class_14703
service_735,class_14704
service_735,class_14705
service_735,class_14706
service_735,class_14707
service_735,class_14708
service_735,class_14709
service_735,class_14710
service_735,class_14711
service_735,class_14712
service_735,class_14713
service_735,class_14714
service_735,class_14715
service_735,class_14716
service_735,class_14717
service_735,class_14718
service_735,class_14719
service_736,class_14720
service_736,class_14721
service_736,class_14722
service_736,class_14723
service_736,class_14724
service_736,class_14725
service_736,class_14726
service_736,class_14727
service_736,class_14728
service_736,class_14729
service_736,class_14730
service_736,class_14731
service_736,class_14732
service_736,class_14733
service_736,class_14734
service_736,class_14735
service_736,class_14736
service_736,class_14737
service_736,class_14738
service_736,class_14739
service_737,class_14740
service_737,class_14741
service_737,class_14742
service_737,class_14743
service_737,class_14744
service_737,class_14745
service_737,class_14746
service_737,class_14747
service_737,class_14748
service_737,class_14749
service_737,class_14750
service_737,class_14751
service_737,class_14752
service_737,class_14753
service_737,class_14754
service_737,class_14755
service_737,class_14756
service_737,class_14757
service_737,class_14758
service_737,class_14759
service_738,class_14760
service_738,class_14761
service_738,class_14762
service_738,class_14763
service_738,class_14764
service_738,class_14765
service_738,class_14766
service_738,class_14767
service_738,class_14768
service_738,class_14769
service_738,class_14770
service_738,class_14771
service_738,class_14772
service_738,class_14773
service_738,class_14774
service_738,class_14775
service_738,class_14776
service_738,class_14777
service_738,class_14778
service_738,class_14779
service_739,class_14780
service_739,class_14781
service_739,class_14782
service_739,class_14783
service_739,class_14784
service_739,class_14785
service_739,class_14786
service_739,class_14787
service_739,class_14788
service_739,class_14789
service_739,class_14790
service_739,class_14791
service_739,class_14792
service_739,class_14793
service_739,class_14794
service_739,class_14795
service_739,class_14796
service_739,class_14797
service_739,class_14798
service_739,class_14799
service_740,class_14800
service_740,class_14801
service_740,class_14802
service_740,class_14803
service_740,class_14804
service_740,class_14805
service_740,class_14806
service_740,class_14807
service_740,class_14808
service_740,class_14809
service_740,class_14810
service_740,class_14811
service_740,class_14812
service_740,class_14813
service_740,class_14814
service_740,class_14815
service_740,class_14816
service_740,class_14817
service_740,class_14818
service_740,class_14819
service_741,class_14820
service_741,class_14821
service_741,class_14822
service_741,class_14823
service_741,class_14824
service_741,class_14825
service_741,class_14826
service_741,class_14827
service_741,class_14828
service_741,class_14829
service_741,class_14830
service_741,class_14831
service_741,class_14832
service_741,class_14833
service_741,class_14834
service_741,class_14835
service_741,class_14836
service_741,class_14837
service_741,class_14838
service_741,class_14839
service_742,class_14840
service_742,class_14841
service_742,class_14842
service_742,class_14843
service_742,class_14844
service_742,class_14845
service_742,class_14846
service_742,class_14847
service_742,class_14848
service_742,class_14849
service_742,class_14850
service_742,class_14851
service_742,class_14852
service_742,class_14853
service_742,class_14854
service_742,class_14855
service_742,class_14856
service_742,class_14857
service_742,class_14858
service_742,class_14859
service_743,class_14860
service_743,class_14861
service_743,class_14862
service_743,class_14863
service_743,class_14864
service_743,class_14865
service_743,class_14866
service_743,class_14867
service_743,class_14868
service_743,class_14869
service_743,class_14870
service_743,class_14871
service_743,class_14872
service_743,class_14873
service_743,class_14874
service_743,class_14875
service_743,class_14876
service_743,class_14877
service_743,class_14878
service_743,class_14879
service_744,class_14880
service_744,class_14881
service_744,class_14882
service_744,class_14883
service_744,class_14884
service_744,class_14885
service_744,class_14886
service_744,class_14887
service_744,class_14888
service_744,class_14889
service_744,class_14890
service_744,class_14891
service_744,class_14892
service_744,class_14893
service_744,class_14894
service_744,class_14895
service_744,class_14896
service_744,class_14897
service_744,class_14898
service_744,class_14899
service_745,class_14900
service_745,class_14901
service_745,class_14902
service_745,class_14903
service_745,class_14904
service_745,class_14905
service_745,class_14906
service_745,class_14907
service_745,class_14908
service_745,class_14909
service_745,class_14910
service_745,class_14911
service_745,class_14912
service_745,class_14913
service_745,class_14914
service_745,class_14915
service_745,class_14916
service_745,class_14917
service_745,class_14918
service_745,class_14919
service_746,class_14920
service_746,class_14921
service_746,class_14922
service_746,class_14923
service_746,class_14924
service_746,class_14925
service_746,class_14926
service_746,class_14927
service_746,class_14928
service_746,class_14929
service_746,class_14930
service_746,class_14931
service_746,class_14932
service_746,class_14933
service_746,class_14934
service_746,class_14935
service_746,class_14936
service_746,class_14937
service_746,class_14938
service_746,class_14939
service_747,class_14940
service_747,class_14941
service_747,class_14942
service_747,class_14943
service_747,class_14944
service_747,class_14945
service_747,class_14946
service_747,class_14947
service_747,class_14948
service_747,class_14949
service_747,class_14950
service_747,class_14951
service_747,class_14952
service_747,class_14953
service_747,class_14954
service_747,class_14955
service_747,class_14956
service_747,class_14957
service_747,class_14958
service_747,class_14959
service_748,class_14960
service_748,class_14961
service_748,class_14962
service_748,class_14963
service_748,class_14964
service_748,class_14965
service_748,class_14966
service_748,class_14967
service_748,class_14968
service_748,class_14969
service_748,class_14970
service_748,class_14971
service_748,class_14972
service_748,class_14973
service_748,class_14974
service_748,class_14975
service_748,class_14976
service_748,class_14977
service_748,class_14978
service_748,class_14979
service_749,class_14980
service_749,class_14981
service_749,class_14982
service_749,class_14983
service_749,class_14984
service_749,class_14985
service_749,class_14986
service_749,class_14987
service_749,class_14988
service_749,class_14989
service_749,class_14990
service_749,class_14991
service_749,class_14992
service_749,class_14993
service_749,class_14994
service_749,class_14995
service_749,class_14996
service_749,class_14997
service_749,class_14998
service_749,class_14999
service_750,class_15000
service_750,class_15001
service_750,class_15002
service_750,class_15003
service_750,class_15004
service_750,class_15005
service_750,class_15006
service_750,class_15007
service_750,class_15008
service_750,class_15009
service_750,class_15010
service_750,class_15011
service_750,class_15012
service_750,class_15013
service_750,class_15014
service_750,class_15015
service_750,class_15016
service_750,class_15017
service_750,class_15018
service_750,class_15019
service_751,class_15020
service_751,class_15021
service_751,class_15022
service_751,class_15023
service_751,class_15024
service_751,class_15025
service_751,class_15026
service_751,class_15027
service_751,class_15028
service_751,class_15029
service_751,class_15030
service_751,class_15031
service_751,class_15032
service_751,class_15033
service_751,class_15034
service_751,class_15035
service_751,class_15036
service_751,class_15037
service_751,class_15038
service_751,class_15039
service_752,class_15040
service_752,class_15041
service_752,class_15042
service_752,class_15043
service_752,class_15044
service_752,class_15045
service_752,class_15046
service_752,class_15047
service_752,class_15048
service_752,class_15049
service_752,class_15050
service_752,class_15051
service_752,class_15052
service_752,class_15053
service_752,class_15054
service_752,class_15055
service_752,class_15056
service_752,class_15057
service_752,class_15058
service_752,class_15059
service_753,class_15060
service_753,class_15061
service_753,class_15062
service_753,class_15063
service_753,class_15064
service_753,class_15065
service_753,class_15066
service_753,class_15067
service_753,class_15068
service_753,class_15069
service_753,class_15070
service_753,class_15071
service_753,class_15072
service_753,class_15073
service_753,class_15074
service_753,class_15075
service_753,class_15076
service_753,class_15077
service_753,class_15078
service_753,class_15079
service_754,class_15080
service_754,class_15081
service_754,class_15082
service_754,class_15083
service_754,class_15084
service_754,class_15085
service_754,class_15086
service_754,class_15087
service_754,class_15088
service_754,class_15089
service_754,class_15090
service_754,class_15091
service_754,class_15092
service_754,class_15093
service_754,class_15094
service_754,class_15095
service_754,class_15096
service_754,class_15097
service_754,class_15098
service_754,class_15099
service_755,class_15100
service_755,class_15101
service_755,class_15102
service_755,class_15103
service_755,class_15104
service_755,class_15105
service_755,class_15106
service_755,class_15107
service_755,class_15108
service_755,class_15109
service_755,class_15110
service_755,class_15111
service_755,class_15112
service_755,class_15113
service_755,class_15114
service_755,class_15115
service_755,class_15116
service_755,class_15117
service_755,class_15118
service_755,class_15119
service_756,class_15120
service_756,class_15121
service_756,class_15122
service_756,class_15123
service_756,class_15124
service_756,class_15125
service_756,class_15126
service_756,class_15127
service_756,class_15128
service_756,class_15129
service_756,class_15130
service_756,class_15131
service_756,class_15132
service_756,class_15133
service_756,class_15134
service_756,class_15135
service_756,class_15136
service_756,class_15137
service_756,class_15138
service_756,class_15139
service_757,class_15140
service_757,class_15141
service_757,class_15142
service_757,class_15143
service_757,class_15144
service_757,class_15145
service_757,class_15146
service_757,class_15147
service_757,class_15148
service_757,class_15149
service_757,class_15150
service_757,class_15151
service_757,class_15152
service_757,class_15153
service_757,class_15154
service_757,class_15155
service_757,class_15156
service_757,class_15157
service_757,class_15158
service_757,class_15159
service_758,class_15160
service_758,class_15161
service_758,class_15162
service_758,class_15163
service_758,class_15164
service_758,class_15165
service_758,class_15166
service_758,class_15167
service_758,class_15168
service_758,class_15169
service_758,class_15170
service_758,class_15171
service_758,class_15172
service_758,class_15173
service_758,class_15174
service_758,class_15175
service_758,class_15176
service_758,class_15177
service_758,class_15178
service_758,class_15179
service_759,class_15180
service_759,class_15181
service_759,class_15182
service_759,class_15183
service_759,class_15184
service_759,class_15185
service_759,class_15186
service_759,class_15187
service_759,class_15188
service_759,class_15189
service_759,class_15190
service_759,class_15191
service_759,class_15192
service_759,class_15193
service_759,class_15194
service_759,class_15195
service_759,class_15196
service_759,class_15197
service_759,class_15198
service_759,class_15199
service_760,class_15200
service_760,class_15201
service_760,class_15202
service_760,class_15203
service_760,class_15204
service_760,class_15205
service_760,class_15206
service_760,class_15207
service_760,class_15208
service_760,class_15209
service_760,class_15210
service_760,class_15211
service_760,class_15212
service_760,class_15213
service_760,class_15214
service_760,class_15215
service_760,class_15216
service_760,class_15217
service_760,class_15218
service_760,class_15219
service_761,class_15220
service_761,class_15221
service_761,class_15222
service_761,class_15223
service_761,class_15224
service_761,class_15225
service_761,class_15226
service_761,class_15227
service_761,class_15228
service_761,class_15229
service_761,class_15230
service_761,class_15231
service_761,class_15232
service_761,class_15233
service_761,class_15234
service_761,class_15235
service_761,class_15236
service_761,class_15237
service_761,class_15238
service_761,class_15239
service_762,class_15240
service_762,class_15241
service_762,class_15242
service_762,class_15243
service_762,class_15244
service_762,class_15245
service_762,class_15246
service_762,class_15247
service_762,class_15248
service_762,class_15249
service_762,class_15250
service_762,class_15251
service_762,class_15252
service_762,class_15253
service_762,class_15254
service_762,class_15255
service_762,class_15256
service_762,class_15257
service_762,class_15258
service_762,class_15259
service_763,class_15260
service_763,class_15261
service_763,class_15262
service_763,class_15263
service_763,class_15264
service_763,class_15265
service_763,class_15266
service_763,class_15267
service_763,class_15268
service_763,class_15269
service_763,class_15270
service_763,class_15271
service_763,class_15272
service_763,class_15273
service_763,class_15274
service_763,class_15275
service_763,class_15276
service_763,class_15277
service_763,class_15278
service_763,class_15279
service_764,class_15280
service_764,class_15281
service_764,class_15282
service_764,class_15283
service_764,class_15284
service_764,class_15285
service_764,class_15286
service_764,class_15287
service_764,class_15288
service_764,class_15289
service_764,class_15290
service_764,class_15291
service_764,class_15292
service_764,class_15293
service_764,class_15294
service_764,class_15295
service_764,class_15296
service_764,class_15297
service_764,class_15298
service_764,class_15299
service_765,class_15300
service_765,class_15301
service_765,class_15302
service_765,class_15303
service_765,class_15304
service_765,class_15305
service_765,class_15306
service_765,class_15307
service_765,class_15308
service_765,class_15309
service_765,class_15310
service_765,class_15311
service_765,class_15312
service_765,class_15313
service_765,class_15314
service_765,class_15315
service_765,class_15316
service_765,class_15317
service_765,class_15318
service_765,class_15319
service_766,class_15320
service_766,class_15321
service_766,class_15322
service_766,class_15323
service_766,class_15324
service_766,class_15325
service_766,class_15326
service_766,class_15327
service_766,class_15328
service_766,class_15329
service_766,class_15330
service_766,class_15331
service_766,class_15332
service_766,class_15333
service_766,class_15334
service_766,class_15335
service_766,class_15336
service_766,class_15337
service_766,class_15338
service_766,class_15339
service_767,class_15340
service_767,class_15341
service_767,class_15342
service_767,class_15343
service_767,class_15344
service_767,class_15345
service_767,class_15346
service_767,class_15347
service_767,class_15348
service_767,class_15349
service_767,class_15350
service_767,class_15351
service_767,class_15352
service_767,class_15353
service_767,class_15354
service_767,class_15355
service_767,class_15356
service_767,class_15357
service_767,class_15358
service_767,class_15359
service_768,class_15360
service_768,class_15361
service_768,class_15362
service_768,class_15363
service_768,class_15364
service_768,class_15365
service_768,class_15366
service_768,class_15367
service_768,class_15368
service_768,class_15369
service_768,class_15370
service_768,class_15371
service_768,class_15372
service_768,class_15373
service_768,class_15374
service_768,class_15375
service_768,class_15376
service_768,class_15377
service_768,class_15378
service_768,class_15379
service_769,class_15380
service_769,class_15381
service_769,class_15382
service_769,class_15383
service_769,class_15384
service_769,class_15385
service_769,class_15386
service_769,class_15387
service_769,class_15388
service_769,class_15389
service_769,class_15390
service_769,class_15391
service_769,class_15392
service_769,class_15393
service_769,class_15394
service_769,class_15395
service_769,class_15396
service_769,class_15397
service_769,class_15398
service_769,class_15399
service_770,class_15400
service_770,class_15401
service_770,class_15402
service_770,class_15403
service_770,class_15404
service_770,class_15405
service_770,class_15406
service_770,class_15407
service_770,class_15408
service_770,class_15409
service_770,class_15410
service_770,class_15411
service_770,class_15412
service_770,class_15413
service_770,class_15414
service_770,class_15415
service_770,class_15416
service_770,class_15417
service_770,class_15418
service_770,class_15419
service_771,class_15420
service_771,class_15421
service_771,class_15422
service_771,class_15423
service_771,class_15424
service_771,class_15425
service_771,class_15426
service_771,class_15427
service_771,class_15428
service_771,class_15429
service_771,class_15430
service_771,class_15431
service_771,class_15432
service_771,class_15433
service_771,class_15434
service_771,class_15435
service_771,class_15436
service_771,class_15437
service_771,class_15438
service_771,class_15439
service_772,class_15440
service_772,class_15441
service_772,class_15442
service_772,class_15443
service_772,class_15444
service_772,class_15445
service_772,class_15446
service_772,class_15447
service_772,class_15448
service_772,class_15449
service_772,class_15450
service_772,class_15451
service_772,class_15452
service_772,class_15453
service_772,class_15454
service_772,class_15455
service_772,class_15456
service_772,class_15457
service_772,class_15458
service_772,class_15459
service_773,class_15460
service_773,class_15461
service_773,class_15462
service_773,class_15463
service_773,class_15464
service_773,class_15465
service_773,class_15466
service_773,class_15467
service_773,class_15468
service_773,class_15469
service_773,class_15470
service_773,class_15471
service_773,class_15472
service_773,class_15473
service_773,class_15474
service_773,class_15475
service_773,class_15476
service_773,class_15477
service_773,class_15478
service_773,class_15479
service_774,class_15480
service_774,class_15481
service_774,class_15482
service_774,class_15483
service_774,class_15484
service_774,class_15485
service_774,class_15486
service_774,class_15487
service_774,class_15488
service_774,class_15489
service_774,class_15490
service_774,class_15491
service_774,class_15492
service_774,class_15493
service_774,class_15494
service_774,class_15495
service_774,class_15496
service_774,class_15497
service_774,class_15498
service_774,class_15499
service_775,class_15500
service_775,class_15501
service_775,class_15502
service_775,class_15503
service_775,class_15504
service_775,class_15505
service_775,class_15506
service_775,class_15507
service_775,class_15508
service_775,class_15509
service_775,class_15510
service_775,class_15511
service_775,class_15512
service_775,class_15513
service_775,class_15514
service_775,class_15515
service_775,class_15516
service_775,class_15517
service_775,class_15518
service_775,class_15519
service_776,class_15520
service_776,class_15521
service_776,class_15522
service_776,class_15523
service_776,class_15524
service_776,class_15525
service_776,class_15526
service_776,class_15527
service_776,class_15528
service_776,class_15529
service_776,class_15530
service_776,class_15531
service_776,class_15532
service_776,class_15533
service_776,class_15534
service_776,class_15535
service_776,class_15536
service_776,class_15537
service_776,class_15538
service_776,class_15539
service_777,class_15540
service_777,class_15541
service_777,class_15542
service_777,class_15543
service_777,class_15544
service_777,class_15545
service_777,class_15546
service_777,class_15547
service_777,class_15548
service_777,class_15549
service_777,class_15550
service_777,class_15551
service_777,class_15552
service_777,class_15553
service_777,class_15554
service_777,class_15555
service_777,class_15556
service_777,class_15557
service_777,class_15558
service_777,class_15559
service_778,class_15560
service_778,class_15561
service_778,class_15562
service_778,class_15563
service_778,class_15564
service_778,class_15565
service_778,class_15566
service_778,class_15567
service_778,class_15568
service_778,class_15569
service_778,class_15570
service_778,class_15571
service_778,class_15572
service_778,class_15573
service_778,class_15574
service_778,class_15575
service_778,class_15576
service_778,class_15577
service_778,class_15578
service_778,class_15579
service_779,class_15580
service_779,class_15581
service_779,class_15582
service_779,class_15583
service_779,class_15584
service_779,class_15585
service_779,class_15586
service_779,class_15587
service_779,class_15588
service_779,class_15589
service_779,class_15590
service_779,class_15591
service_779,class_15592
service_779,class_15593
service_779,class_15594
service_779,class_15595
service_779,class_15596
service_779,class_15597
service_779,class_15598
service_779,class_15599
service_780,class_15600
service_780,class_15601
service_780,class_15602
service_780,class_15603
service_780,class_15604
service_780,class_15605
service_780,class_15606
service_780,class_15607
service_780,class_15608
service_780,class_15609
service_780,class_15610
service_780,class_15611
service_780,class_15612
service_780,class_15613
service_780,class_15614
service_780,class_15615
service_780,class_15616
service_780,class_15617
service_780,class_15618
service_780,class_15619
service_781,class_15620
service_781,class_15621
service_781,class_15622
service_781,class_15623
service_781,class_15624
service_781,class_15625
service_781,class_15626
service_781,class_15627
service_781,class_15628
service_781,class_15629
service_781,class_15630
service_781,class_15631
service_781,class_15632
service_781,class_15633
service_781,class_15634
service_781,class_15635
service_781,class_15636
service_781,class_15637
service_781,class_15638
service_781,class_15639
service_782,class_15640
service_782,class_15641
service_782,class_15642
service_782,class_15643
service_782,class_15644
service_782,class_15645
service_782,class_15646
service_782,class_15647
service_782,class_15648
service_782,class_15649
service_782,class_15650
service_782,class_15651
service_782,class_15652
service_782,class_15653
service_782,class_15654
service_782,class_15655
service_782,class_15656
service_782,class_15657
service_782,class_15658
service_782,class_15659
service_783,class_15660
service_783,class_15661
service_783,class_15662
service_783,class_15663
service_783,class_15664
service_783,class_15665
service_783,class_15666
service_783,class_15667
service_783,class_15668
service_783,class_15669
service_783,class_15670
service_783,class_15671
service_783,class_15672
service_783,class_15673
service_783,class_15674
service_783,class_15675
service_783,class_15676
service_783,class_15677
service_783,class_15678
service_783,class_15679
service_784,class_15680
service_784,class_15681
service_784,class_15682
service_784,class_15683
service_784,class_15684
service_784,class_15685
service_784,class_15686
service_784,class_15687
service_784,class_15688
service_784,class_15689
service_784,class_15690
service_784,class_15691
service_784,class_15692
service_784,class_15693
service_784,class_15694
service_784,class_15695
service_784,class_15696
service_784,class_15697
service_784,class_15698
service_784,class_15699
service_785,class_15700
service_785,class_15701
service_785,class_15702
service_785,class_15703
service_785,class_15704
service_785,class_15705
service_785,class_15706
service_785,class_15707
service_785,class_15708
service_785,class_15709
service_785,class_15710
service_785,class_15711
service_785,class_15712
service_785,class_15713
service_785,class_15714
service_785,class_15715
service_785,class_15716
service_785,class_15717
service_785,class_15718
service_785,class_15719
service_786,class_15720
service_786,class_15721
service_786,class_15722
service_786,class_15723
service_786,class_15724
service_786,class_15725
service_786,class_15726
service_786,class_15727
service_786,class_15728
service_786,class_15729
service_786,class_15730
service_786,class_15731
service_786,class_15732
service_786,class_15733
service_786,class_15734
service_786,class_15735
service_786,class_15736
service_786,class_15737
service_786,class_15738
service_786,class_15739
service_787,class_15740
service_787,class_15741
service_787,class_15742
service_787,class_15743
service_787,class_15744
service_787,class_15745
service_787,class_15746
service_787,class_15747
service_787,class_15748
service_787,class_15749
service_787,class_15750
service_787,class_15751
service_787,class_15752
service_787,class_15753
service_787,class_15754
service_787,class_15755
service_787,class_15756
service_787,class_15757
service_787,class_15758
service_787,class_15759
service_788,class_15760
service_788,class_15761
service_788,class_15762
service_788,class_15763
service_788,class_15764
service_788,class_15765
service_788,class_15766
service_788,class_15767
service_788,class_15768
service_788,class_15769
service_788,class_15770
service_788,class_15771
service_788,class_15772
service_788,class_15773
service_788,class_15774
service_788,class_15775
service_788,class_15776
service_788,class_15777
service_788,class_15778
service_788,class_15779
service_789,class_15780
service_789,class_15781
service_789,class_15782
service_789,class_15783
service_789,class_15784
service_789,class_15785
service_789,class_15786
service_789,class_15787
service_789,class_15788
service_789,class_15789
service_789,class_15790
service_789,class_15791
service_789,class_15792
service_789,class_15793
service_789,class_15794
service_789,class_15795
service_789,class_15796
service_789,class_15797
service_789,class_15798
service_789,class_15799
service_790,class_15800
service_790,class_15801
service_790,class_15802
service_790,class_15803
service_790,class_15804
service_790,class_15805
service_790,class_15806
service_790,class_15807
service_790,class_15808
service_790,class_15809
service_790,class_15810
service_790,class_15811
service_790,class_15812
service_790,class_15813
service_790,class_15814
service_790,class_15815
service_790,class_15816
service_790,class_15817
service_790,class_15818
service_790,class_15819
service_791,class_15820
service_791,class_15821
service_791,class_15822
service_791,class_15823
service_791,class_15824
service_791,class_15825
service_791,class_15826
service_791,class_15827
service_791,class_15828
service_791,class_15829
service_791,class_15830
service_791,class_15831
service_791,class_15832
service_791,class_15833
service_791,class_15834
service_791,class_15835
service_791,class_15836
service_791,class_15837
service_791,class_15838
service_791,class_15839
service_792,class_15840
service_792,class_15841
service_792,class_15842
service_792,class_15843
service_792,class_15844
service_792,class_15845
service_792,class_15846
service_792,class_15847
service_792,class_15848
service_792,class_15849
service_792,class_15850
service_792,class_15851
service_792,class_15852
service_792,class_15853
service_792,class_15854
service_792,class_15855
service_792,class_15856
service_792,class_15857
service_792,class_15858
service_792,class_15859
service_793,class_15860
service_793,class_15861
service_793,class_15862
service_793,class_15863
service_793,class_15864
service_793,class_15865
service_793,class_15866
service_793,class_15867
service_793,class_15868
service_793,class_15869
service_793,class_15870
service_793,class_15871
service_793,class_15872
service_793,class_15873
service_793,class_15874
service_793,class_15875
service_793,class_15876
service_793,class_15877
service_793,class_15878
service_793,class_15879
service_794,class_15880
service_794,class_15881
service_794,class_15882
service_794,class_15883
service_794,class_15884
service_794,class_15885
service_794,class_15886
service_794,class_15887
service_794,class_15888
service_794,class_15889
service_794,class_15890
service_794,class_15891
service_794,class_15892
service_794,class_15893
service_794,class_15894
service_794,class_15895
service_794,class_15896
service_794,class_15897
service_794,class_15898
service_794,class_15899
service_795,class_15900
service_795,class_15901
service_795,class_15902
service_795,class_15903
service_795,class_15904
service_795,class_15905
service_795,class_15906
service_795,class_15907
service_795,class_15908
service_795,class_15909
service_795,class_15910
service_795,class_15911
service_795,class_15912
service_795,class_15913
service_795,class_15914
service_795,class_15915
service_795,class_15916
service_795,class_15917
service_795,class_15918
service_795,class_15919
service_796,class_15920
service_796,class_15921
service_796,class_15922
service_796,class_15923
service_796,class_15924
service_796,class_15925
service_796,class_15926
service_796,class_15927
service_796,class_15928
service_796,class_15929
service_796,class_15930
service_796,class_15931
service_796,class_15932
service_796,class_15933
service_796,class_15934
service_796,class_15935
service_796,class_15936
service_796,class_15937
service_796,class_15938
service_796,class_15939
service_797,class_15940
service_797,class_15941
service_797,class_15942
service_797,class_15943
service_797,class_15944
service_797,class_15945
service_797,class_15946
service_797,class_15947
service_797,class_15948
service_797,class_15949
service_797,class_15950
service_797,class_15951
service_797,class_15952
service_797,class_15953
service_797,class_15954
service_797,class_15955
service_797,class_15956
service_797,class_15957
service_797,class_15958
service_797,class_15959
service_798,class_15960
service_798,class_15961
service_798,class_15962
service_798,class_15963
service_798,class_15964
service_798,class_15965
service_798,class_15966
service_798,class_15967
service_798,class_15968
service_798,class_15969
service_798,class_15970
service_798,class_15971
service_798,class_15972
service_798,class_15973
service_798,class_15974
service_798,class_15975
service_798,class_15976
service_798,class_15977
service_798,class_15978
service_798,class_15979
service_799,class_15980
service_799,class_15981
service_799,class_15982
service_799,class_15983
service_799,class_15984
service_799,class_15985
service_799,class_15986
service_799,class_15987
service_799,class_15988
service_799,class_15989
service_799,class_15990
service_799,class_15991
service_799,class_15992
service_799,class_15993
service_799,class_15994
service_799,class_15995
service_799,class_15996
service_799,class_15997
service_799,class_15998
service_799,class_15999
service_800,class_16000
service_800,class_16001
service_800,class_16002
service_800,class_16003
service_800,class_16004
service_800,class_16005
service_800,class_16006
service_800,class_16007
service_800,class_16008
service_800,class_16009
service_800,class_16010
service_800,class_16011
service_800,class_16012
service_800,class_16013
service_800,class_16014
service_800,class_16015
service_800,class_16016
service_800,class_16017
service_800,class_16018
service_800,class_16019
service_801,class_16020
service_801,class_16021
service_801,class_16022
service_801,class_16023
service_801,class_16024
service_801,class_16025
service_801,class_16026
service_801,class_16027
service_801,class_16028
service_801,class_16029
service_801,class_16030
service_801,class_16031
service_801,class_16032
service_801,class_16033
service_801,class_16034
service_801,class_16035
service_801,class_16036
service_801,class_16037
service_801,class_16038
service_801,class_16039
service_802,class_16040
service_802,class_16041
service_802,class_16042
service_802,class_16043
service_802,class_16044
service_802,class_16045
service_802,class_16046
service_802,class_16047
service_802,class_16048
service_802,class_16049
service_802,class_16050
service_802,class_16051
service_802,class_16052
service_802,class_16053
service_802,class_16054
service_802,class_16055
service_802,class_16056
service_802,class_16057
service_802,class_16058
service_802,class_16059
service_803,class_16060
service_803,class_16061
service_803,class_16062
service_803,class_16063
service_803,class_16064
service_803,class_16065
service_803,class_16066
service_803,class_16067
service_803,class_16068
service_803,class_16069
service_803,class_16070
service_803,class_16071
service_803,class_16072
service_803,class_16073
service_803,class_16074
service_803,class_16075
service_803,class_16076
service_803,class_16077
service_803,class_16078
service_803,class_16079
service_804,class_16080
service_804,class_16081
service_804,class_16082
service_804,class_16083
service_804,class_16084
service_804,class_16085
service_804,class_16086
service_804,class_16087
service_804,class_16088
service_804,class_16089
service_804,class_16090
service_804,class_16091
service_804,class_16092
service_804,class_16093
service_804,class_16094
service_804,class_16095
service_804,class_16096
service_804,class_16097
service_804,class_16098
service_804,class_16099
service_805,class_16100
service_805,class_16101
service_805,class_16102
service_805,class_16103
service_805,class_16104
service_805,class_16105
service_805,class_16106
service_805,class_16107
service_805,class_16108
service_805,class_16109
service_805,class_16110
service_805,class_16111
service_805,class_16112
service_805,class_16113
service_805,class_16114
service_805,class_16115
service_805,class_16116
service_805,class_16117
service_805,class_16118
service_805,class_16119
service_806,class_16120
service_806,class_16121
service_806,class_16122
service_806,class_16123
service_806,class_16124
service_806,class_16125
service_806,class_16126
service_806,class_16127
service_806,class_16128
service_806,class_16129
service_806,class_16130
service_806,class_16131
service_806,class_16132
service_806,class_16133
service_806,class_16134
service_806,class_16135
service_806,class_16136
service_806,class_16137
service_806,class_16138
service_806,class_16139
service_807,class_16140
service_807,class_16141
service_807,class_16142
service_807,class_16143
service_807,class_16144
service_807,class_16145
service_807,class_16146
service_807,class_16147
service_807,class_16148
service_807,class_16149
service_807,class_16150
service_807,class_16151
service_807,class_16152
service_807,class_16153
service_807,class_16154
service_807,class_16155
service_807,class_16156
service_807,class_16157
service_807,class_16158
service_807,class_16159
service_808,class_16160
service_808,class_16161
service_808,class_16162
service_808,class_16163
service_808,class_16164
service_808,class_16165
service_808,class_16166
service_808,class_16167
service_808,class_16168
service_808,class_16169
service_808,class_16170
service_808,class_16171
service_808,class_16172
service_808,class_16173
service_808,class_16174
service_808,class_16175
service_808,class_16176
service_808,class_16177
service_808,class_16178
service_808,class_16179
service_809,class_16180
service_809,class_16181
service_809,class_16182
service_809,class_16183
service_809,class_16184
service_809,class_16185
service_809,class_16186
service_809,class_16187
service_809,class_16188
service_809,class_16189
service_809,class_16190
service_809,class_16191
service_809,class_16192
service_809,class_16193
service_809,class_16194
service_809,class_16195
service_809,class_16196
service_809,class_16197
service_809,class_16198
service_809,class_16199
service_810,class_16200
service_810,class_16201
service_810,class_16202
service_810,class_16203
service_810,class_16204
service_810,class_16205
service_810,class_16206
service_810,class_16207
service_810,class_16208
service_810,class_16209
service_810,class_16210
service_810,class_16211
service_810,class_16212
service_810,class_16213
service_810,class_16214
service_810,class_16215
service_810,class_16216
service_810,class_16217
service_810,class_16218
service_810,class_16219
service_811,class_16220
service_811,class_16221
service_811,class_16222
service_811,class_16223
service_811,class_16224
service_811,class_16225
service_811,class_16226
service_811,class_16227
service_811,class_16228
service_811,class_16229
service_811,class_16230
service_811,class_16231
service_811,class_16232
service_811,class_16233
service_811,class_16234
service_811,class_16235
service_811,class_16236
service_811,class_16237
service_811,class_16238
service_811,class_16239
service_812,class_16240
service_812,class_16241
service_812,class_16242
service_812,class_16243
service_812,class_16244
service_812,class_16245
service_812,class_16246
service_812,class_16247
service_812,class_16248
service_812,class_16249
service_812,class_16250
service_812,class_16251
service_812,class_16252
service_812,class_16253
service_812,class_16254
service_812,class_16255
service_812,class_16256
service_812,class_16257
service_812,class_16258
service_812,class_16259
service_813,class_16260
service_813,class_16261
service_813,class_16262
service_813,class_16263
service_813,class_16264
service_813,class_16265
service_813,class_16266
service_813,class_16267
service_813,class_16268
service_813,class_16269
service_813,class_16270
service_813,class_16271
service_813,class_16272
service_813,class_16273
service_813,class_16274
service_813,class_16275
service_813,class_16276
service_813,class_16277
service_813,class_16278
service_813,class_16279
service_814,class_16280
service_814,class_16281
service_814,class_16282
service_814,class_16283
service_814,class_16284
service_814,class_16285
service_814,class_16286
service_814,class_16287
service_814,class_16288
service_814,class_16289
service_814,class_16290
service_814,class_16291
service_814,class_16292
service_814,class_16293
service_814,class_16294
service_814,class_16295
service_814,class_16296
service_814,class_16297
service_814,class_16298
service_814,class_16299
service_815,class_16300
service_815,class_16301
service_815,class_16302
service_815,class_16303
service_815,class_16304
service_815,class_16305
service_815,class_16306
service_815,class_16307
service_815,class_16308
service_815,class_16309
service_815,class_16310
service_815,class_16311
service_815,class_16312
service_815,class_16313
service_815,class_16314
service_815,class_16315
service_815,class_16316
service_815,class_16317
service_815,class_16318
service_815,class_16319
service_816,class_16320
service_816,class_16321
service_816,class_16322
service_816,class_16323
service_816,class_16324
service_816,class_16325
service_816,class_16326
service_816,class_16327
service_816,class_16328
service_816,class_16329
service_816,class_16330
service_816,class_16331
service_816,class_16332
service_816,class_16333
service_816,class_16334
service_816,class_16335
service_816,class_16336
service_816,class_16337
service_816,class_16338
service_816,class_16339
service_817,class_16340
service_817,class_16341
service_817,class_16342
service_817,class_16343
service_817,class_16344
service_817,class_16345
service_817,class_16346
service_817,class_16347
service_817,class_16348
service_817,class_16349
service_817,class_16350
service_817,class_16351
service_817,class_16352
service_817,class_16353
service_817,class_16354
service_817,class_16355
service_817,class_16356
service_817,class_16357
service_817,class_16358
service_817,class_16359
service_818,class_16360
service_818,class_16361
service_818,class_16362
service_818,class_16363
service_818,class_16364
service_818,class_16365
service_818,class_16366
service_818,class_16367
service_818,class_16368
service_818,class_16369
service_818,class_16370
service_818,class_16371
service_818,class_16372
service_818,class_16373
service_818,class_16374
service_818,class_16375
service_818,class_16376
service_818,class_16377
service_818,class_16378
service_818,class_16379
service_819,class_16380
service_819,class_16381
service_819,class_16382
service_819,class_16383
service_819,class_16384
service_819,class_16385
service_819,class_16386
service_819,class_16387
service_819,class_16388
service_819,class_16389
service_819,class_16390
service_819,class_16391
service_819,class_16392
service_819,class_16393
service_819,class_16394
service_819,class_16395
service_819,class_16396
service_819,class_16397
service_819,class_16398
service_819,class_16399
service_820,class_16400
service_820,class_16401
service_820,class_16402
service_820,class_16403
service_820,class_16404
service_820,class_16405
service_820,class_16406
service_820,class_16407
service_820,class_16408
service_820,class_16409
service_820,class_16410
service_820,class_16411
service_820,class_16412
service_820,class_16413
service_820,class_16414
service_820,class_16415
service_820,class_16416
service_820,class_16417
service_820,class_16418
service_820,class_16419
service_821,class_16420
service_821,class_16421
service_821,class_16422
service_821,class_16423
service_821,class_16424
service_821,class_16425
service_821,class_16426
service_821,class_16427
service_821,class_16428
service_821,class_16429
service_821,class_16430
service_821,class_16431
service_821,class_16432
service_821,class_16433
service_821,class_16434
service_821,class_16435
service_821,class_16436
service_821,class_16437
service_821,class_16438
service_821,class_16439
service_822,class_16440
service_822,class_16441
service_822,class_16442
service_822,class_16443
service_822,class_16444
service_822,class_16445
service_822,class_16446
service_822,class_16447
service_822,class_16448
service_822,class_16449
service_822,class_16450
service_822,class_16451
service_822,class_16452
service_822,class_16453
service_822,class_16454
service_822,class_16455
service_822,class_16456
service_822,class_16457
service_822,class_16458
service_822,class_16459
service_823,class_16460
service_823,class_16461
service_823,class_16462
service_823,class_16463
service_823,class_16464
service_823,class_16465
service_823,class_16466
service_823,class_16467
service_823,class_16468
service_823,class_16469
service_823,class_16470
service_823,class_16471
service_823,class_16472
service_823,class_16473
service_823,class_16474
service_823,class_16475
service_823,class_16476
service_823,class_16477
service_823,class_16478
service_823,class_16479
service_824,class_16480
service_824,class_16481
service_824,class_16482
service_824,class_16483
service_824,class_16484
service_824,class_16485
service_824,class_16486
service_824,class_16487
service_824,class_16488
service_824,class_16489
service_824,class_16490
service_824,class_16491
service_824,class_16492
service_824,class_16493
service_824,class_16494
service_824,class_16495
service_824,class_16496
service_824,class_16497
service_824,class_16498
service_824,class_16499
service_825,class_16500
service_825,class_16501
service_825,class_16502
service_825,class_16503
service_825,class_16504
service_825,class_16505
service_825,class_16506
service_825,class_16507
service_825,class_16508
service_825,class_16509
service_825,class_16510
service_825,class_16511
service_825,class_16512
service_825,class_16513
service_825,class_16514
service_825,class_16515
service_825,class_16516
service_825,class_16517
service_825,class_16518
service_825,class_16519
service_826,class_16520
service_826,class_16521
service_826,class_16522
service_826,class_16523
service_826,class_16524
service_826,class_16525
service_826,class_16526
service_826,class_16527
service_826,class_16528
service_826,class_16529
service_826,class_16530
service_826,class_16531
service_826,class_16532
service_826,class_16533
service_826,class_16534
service_826,class_16535
service_826,class_16536
service_826,class_16537
service_826,class_16538
service_826,class_16539
service_827,class_16540
service_827,class_16541
service_827,class_16542
service_827,class_16543
service_827,class_16544
service_827,class_16545
service_827,class_16546
service_827,class_16547
service_827,class_16548
service_827,class_16549
service_827,class_16550
service_827,class_16551
service_827,class_16552
service_827,class_16553
service_827,class_16554
service_827,class_16555
service_827,class_16556
service_827,class_16557
service_827,class_16558
service_827,class_16559
service_828,class_16560
service_828,class_16561
service_828,class_16562
service_828,class_16563
service_828,class_16564
service_828,class_16565
service_828,class_16566
service_828,class_16567
service_828,class_16568
service_828,class_16569
service_828,class_16570
service_828,class_16571
service_828,class_16572
service_828,class_16573
service_828,class_16574
service_828,class_16575
service_828,class_16576
service_828,class_16577
service_828,class_16578
service_828,class_16579
service_829,class_16580
service_829,class_16581
service_829,class_16582
service_829,class_16583
service_829,class_16584
service_829,class_16585
service_829,class_16586
service_829,class_16587
service_829,class_16588
service_829,class_16589
service_829,class_16590
service_829,class_16591
service_829,class_16592
service_829,class_16593
service_829,class_16594
service_829,class_16595
service_829,class_16596
service_829,class_16597
service_829,class_16598
service_829,class_16599
service_830,class_16600
service_830,class_16601
service_830,class_16602
service_830,class_16603
service_830,class_16604
service_830,class_16605
service_830,class_16606
service_830,class_16607
service_830,class_16608
service_830,class_16609
service_830,class_16610
service_830,class_16611
service_830,class_16612
service_830,class_16613
service_830,class_16614
service_830,class_16615
service_830,class_16616
service_830,class_16617
service_830,class_16618
service_830,class_16619
service_831,class_16620
service_831,class_16621
service_831,class_16622
service_831,class_16623
service_831,class_16624
service_831,class_16625
service_831,class_16626
service_831,class_16627
service_831,class_16628
service_831,class_16629
service_831,class_16630
service_831,class_16631
service_831,class_16632
service_831,class_16633
service_831,class_16634
service_831,class_16635
service_831,class_16636
service_831,class_16637
service_831,class_16638
service_831,class_16639
service_832,class_16640
service_832,class_16641
service_832,class_16642
service_832,class_16643
service_832,class_16644
service_832,class_16645
service_832,class_16646
service_832,class_16647
service_832,class_16648
service_832,class_16649
service_832,class_16650
service_832,class_16651
service_832,class_16652
service_832,class_16653
service_832,class_16654
service_832,class_16655
service_832,class_16656
service_832,class_16657
service_832,class_16658
service_832,class_16659
service_833,class_16660
service_833,class_16661
service_833,class_16662
service_833,class_16663
service_833,class_16664
service_833,class_16665
service_833,class_16666
service_833,class_16667
service_833,class_16668
service_833,class_16669
service_833,class_16670
service_833,class_16671
service_833,class_16672
service_833,class_16673
service_833,class_16674
service_833,class_16675
service_833,class_16676
service_833,class_16677
service_833,class_16678
service_833,class_16679
service_834,class_16680
service_834,class_16681
service_834,class_16682
service_834,class_16683
service_834,class_16684
service_834,class_16685
service_834,class_16686
service_834,class_16687
service_834,class_16688
service_834,class_16689
service_834,class_16690
service_834,class_16691
service_834,class_16692
service_834,class_16693
service_834,class_16694
service_834,class_16695
service_834,class_16696
service_834,class_16697
service_834,class_16698
service_834,class_16699
service_835,class_16700
service_835,class_16701
service_835,class_16702
service_835,class_16703
service_835,class_16704
service_835,class_16705
service_835,class_16706
service_835,class_16707
service_835,class_16708
service_835,class_16709
service_835,class_16710
service_835,class_16711
service_835,class_16712
service_835,class_16713
service_835,class_16714
service_835,class_16715
service_835,class_16716
service_835,class_16717
service_835,class_16718
service_835,class_16719
service_836,class_16720
service_836,class_16721
service_836,class_16722
service_836,class_16723
service_836,class_16724
service_836,class_16725
service_836,class_16726
service_836,class_16727
service_836,class_16728
service_836,class_16729
service_836,class_16730
service_836,class_16731
service_836,class_16732
service_836,class_16733
service_836,class_16734
service_836,class_16735
service_836,class_16736
service_836,class_16737
service_836,class_16738
service_836,class_16739
service_837,class_16740
service_837,class_16741
service_837,class_16742
service_837,class_16743
service_837,class_16744
service_837,class_16745
service_837,class_16746
service_837,class_16747
service_837,class_16748
service_837,class_16749
service_837,class_16750
service_837,class_16751
service_837,class_16752
service_837,class_16753
service_837,class_16754
service_837,class_16755
service_837,class_16756
service_837,class_16757
service_837,class_16758
service_837,class_16759
service_838,class_16760
service_838,class_16761
service_838,class_16762
service_838,class_16763
service_838,class_16764
service_838,class_16765
service_838,class_16766
service_838,class_16767
service_838,class_16768
service_838,class_16769
service_838,class_16770
service_838,class_16771
service_838,class_16772
service_838,class_16773
service_838,class_16774
service_838,class_16775
service_838,class_16776
service_838,class_16777
service_838,class_16778
service_838,class_16779
service_839,class_16780
service_839,class_16781
service_839,class_16782
service_839,class_16783
service_839,class_16784
service_839,class_16785
service_839,class_16786
service_839,class_16787
service_839,class_16788
service_839,class_16789
service_839,class_16790
service_839,class_16791
service_839,class_16792
service_839,class_16793
service_839,class_16794
service_839,class_16795
service_839,class_16796
service_839,class_16797
service_839,class_16798
service_839,class_16799
service_840,class_16800
service_840,class_16801
service_840,class_16802
service_840,class_16803
service_840,class_16804
service_840,class_16805
service_840,class_16806
service_840,class_16807
service_840,class_16808
service_840,class_16809
service_840,class_16810
service_840,class_16811
service_840,class_16812
service_840,class_16813
service_840,class_16814
service_840,class_16815
service_840,class_16816
service_840,class_16817
service_840,class_16818
service_840,class_16819
service_841,class_16820
service_841,class_16821
service_841,class_16822
service_841,class_16823
service_841,class_16824
service_841,class_16825
service_841,class_16826
service_841,class_16827
service_841,class_16828
service_841,class_16829
service_841,class_16830
service_841,class_16831
service_841,class_16832
service_841,class_16833
service_841,class_16834
service_841,class_16835
service_841,class_16836
service_841,class_16837
service_841,class_16838
service_841,class_16839
service_842,class_16840
service_842,class_16841
service_842,class_16842
service_842,class_16843
service_842,class_16844
service_842,class_16845
service_842,class_16846
service_842,class_16847
service_842,class_16848
service_842,class_16849
service_842,class_16850
service_842,class_16851
service_842,class_16852
service_842,class_16853
service_842,class_16854
service_842,class_16855
service_842,class_16856
service_842,class_16857
service_842,class_16858
service_842,class_16859
service_843,class_16860
service_843,class_16861
service_843,class_16862
service_843,class_16863
service_843,class_16864
service_843,class_16865
service_843,class_16866
service_843,class_16867
service_843,class_16868
service_843,class_16869
service_843,class_16870
service_843,class_16871
service_843,class_16872
service_843,class_16873
service_843,class_16874
service_843,class_16875
service_843,class_16876
service_843,class_16877
service_843,class_16878
service_843,class_16879
service_844,class_16880
service_844,class_16881
service_844,class_16882
service_844,class_16883
service_844,class_16884
service_844,class_16885
service_844,class_16886
service_844,class_16887
service_844,class_16888
service_844,class_16889
service_844,class_16890
service_844,class_16891
service_844,class_16892
service_844,class_16893
service_844,class_16894
service_844,class_16895
service_844,class_16896
service_844,class_16897
service_844,class_16898
service_844,class_16899
service_845,class_16900
service_845,class_16901
service_845,class_16902
service_845,class_16903
service_845,class_16904
service_845,class_16905
service_845,class_16906
service_845,class_16907
service_845,class_16908
service_845,class_16909
service_845,class_16910
service_845,class_16911
service_845,class_16912
service_845,class_16913
service_845,class_16914
service_845,class_16915
service_845,class_16916
service_845,class_16917
service_845,class_16918
service_845,class_16919
service_846,class_16920
service_846,class_16921
service_846,class_16922
service_846,class_16923
service_846,class_16924
service_846,class_16925
service_846,class_16926
service_846,class_16927
service_846,class_16928
service_846,class_16929
service_846,class_16930
service_846,class_16931
service_846,class_16932
service_846,class_16933
service_846,class_16934
service_846,class_16935
service_846,class_16936
service_846,class_16937
service_846,class_16938
service_846,class_16939
service_847,class_16940
service_847,class_16941
service_847,class_16942
service_847,class_16943
service_847,class_16944
service_847,class_16945
service_847,class_16946
service_847,class_16947
service_847,class_16948
service_847,class_16949
service_847,class_16950
service_847,class_16951
service_847,class_16952
service_847,class_16953
service_847,class_16954
service_847,class_16955
service_847,class_16956
service_847,class_16957
service_847,class_16958
service_847,class_16959
service_848,class_16960
service_848,class_16961
service_848,class_16962
service_848,class_16963
service_848,class_16964
service_848,class_16965
service_848,class_16966
service_848,class_16967
service_848,class_16968
service_848,class_16969
service_848,class_16970
service_848,class_16971
service_848,class_16972
service_848,class_16973
service_848,class_16974
service_848,class_16975
service_848,class_16976
service_848,class_16977
service_848,class_16978
service_848,class_16979
service_849,class_16980
service_849,class_16981
service_849,class_16982
service_849,class_16983
service_849,class_16984
service_849,class_16985
service_849,class_16986
service_849,class_16987
service_849,class_16988
service_849,class_16989
service_849,class_16990
service_849,class_16991
service_849,class_16992
service_849,class_16993
service_849,class_16994
service_849,class_16995
service_849,class_16996
service_849,class_16997
service_849,class_16998
service_849,class_16999
service_850,class_17000
service_850,class_17001
service_850,class_17002
service_850,class_17003
service_850,class_17004
service_850,class_17005
service_850,class_17006
service_850,class_17007
service_850,class_17008
service_850,class_17009
service_850,class_17010
service_850,class_17011
service_850,class_17012
service_850,class_17013
service_850,class_17014
service_850,class_17015
service_850,class_17016
service_850,class_17017
service_850,class_17018
service_850,class_17019
service_851,class_17020
service_851,class_17021
service_851,class_17022
service_851,class_17023
service_851,class_17024
service_851,class_17025
service_851,class_17026
service_851,class_17027
service_851,class_17028
service_851,class_17029
service_851,class_17030
service_851,class_17031
service_851,class_17032
service_851,class_17033
service_851,class_17034
service_851,class_17035
service_851,class_17036
service_851,class_17037
service_851,class_17038
service_851,class_17039
service_852,class_17040
service_852,class_17041
service_852,class_17042
service_852,class_17043
service_852,class_17044
service_852,class_17045
service_852,class_17046
service_852,class_17047
service_852,class_17048
service_852,class_17049
service_852,class_17050
service_852,class_17051
service_852,class_17052
service_852,class_17053
service_852,class_17054
service_852,class_17055
service_852,class_17056
service_852,class_17057
service_852,class_17058
service_852,class_17059
service_853,class_17060
service_853,class_17061
service_853,class_17062
service_853,class_17063
service_853,class_17064
service_853,class_17065
service_853,class_17066
service_853,class_17067
service_853,class_17068
service_853,class_17069
service_853,class_17070
service_853,class_17071
service_853,class_17072
service_853,class_17073
service_853,class_17074
service_853,class_17075
service_853,class_17076
service_853,class_17077
service_853,class_17078
service_853,class_17079
service_854,class_17080
service_854,class_17081
service_854,class_17082
service_854,class_17083
service_854,class_17084
service_854,class_17085
service_854,class_17086
service_854,class_17087
service_854,class_17088
service_854,class_17089
service_854,class_17090
service_854,class_17091
service_854,class_17092
service_854,class_17093
service_854,class_17094
service_854,class_17095
service_854,class_17096
service_854,class_17097
service_854,class_17098
service_854,class_17099
service_855,class_17100
service_855,class_17101
service_855,class_17102
service_855,class_17103
service_855,class_17104
service_855,class_17105
service_855,class_17106
service_855,class_17107
service_855,class_17108
service_855,class_17109
service_855,class_17110
service_855,class_17111
service_855,class_17112
service_855,class_17113
service_855,class_17114
service_855,class_17115
service_855,class_17116
service_855,class_17117
service_855,class_17118
service_855,class_17119
service_856,class_17120
service_856,class_17121
service_856,class_17122
service_856,class_17123
service_856,class_17124
service_856,class_17125
service_856,class_17126
service_856,class_17127
service_856,class_17128
service_856,class_17129
service_856,class_17130
service_856,class_17131
service_856,class_17132
service_856,class_17133
service_856,class_17134
service_856,class_17135
service_856,class_17136
service_856,class_17137
service_856,class_17138
service_856,class_17139
service_857,class_17140
service_857,class_17141
service_857,class_17142
service_857,class_17143
service_857,class_17144
service_857,class_17145
service_857,class_17146
service_857,class_17147
service_857,class_17148
service_857,class_17149
service_857,class_17150
service_857,class_17151
service_857,class_17152
service_857,class_17153
service_857,class_17154
service_857,class_17155
service_857,class_17156
service_857,class_17157
service_857,class_17158
service_857,class_17159
service_858,class_17160
service_858,class_17161
service_858,class_17162
service_858,class_17163
service_858,class_17164
service_858,class_17165
service_858,class_17166
service_858,class_17167
service_858,class_17168
service_858,class_17169
service_858,class_17170
service_858,class_17171
service_858,class_17172
service_858,class_17173
service_858,class_17174
service_858,class_17175
service_858,class_17176
service_858,class_17177
service_858,class_17178
service_858,class_17179
service_859,class_17180
service_859,class_17181
service_859,class_17182
service_859,class_17183
service_859,class_17184
service_859,class_17185
service_859,class_17186
service_859,class_17187
service_859,class_17188
service_859,class_17189
service_859,class_17190
service_859,class_17191
service_859,class_17192
service_859,class_17193
service_859,class_17194
service_859,class_17195
service_859,class_17196
service_859,class_17197
service_859,class_17198
service_859,class_17199
service_860,class_17200
service_860,class_17201
service_860,class_17202
service_860,class_17203
service_860,class_17204
service_860,class_17205
service_860,class_17206
service_860,class_17207
service_860,class_17208
service_860,class_17209
service_860,class_17210
service_860,class_17211
service_860,class_17212
service_860,class_17213
service_860,class_17214
service_860,class_17215
service_860,class_17216
service_860,class_17217
service_860,class_17218
service_860,class_17219
service_861,class_17220
service_861,class_17221
service_861,class_17222
service_861,class_17223
service_861,class_17224
service_861,class_17225
service_861,class_17226
service_861,class_17227
service_861,class_17228
service_861,class_17229
service_861,class_17230
service_861,class_17231
service_861,class_17232
service_861,class_17233
service_861,class_17234
service_861,class_17235
service_861,class_17236
service_861,class_17237
service_861,class_17238
service_861,class_17239
service_862,class_17240
service_862,class_17241
service_862,class_17242
service_862,class_17243
service_862,class_17244
service_862,class_17245
service_862,class_17246
service_862,class_17247
service_862,class_17248
service_862,class_17249
service_862,class_17250
service_862,class_17251
service_862,class_17252
service_862,class_17253
service_862,class_17254
service_862,class_17255
service_862,class_17256
service_862,class_17257
service_862,class_17258
service_862,class_17259
service_863,class_17260
service_863,class_17261
service_863,class_17262
service_863,class_17263
service_863,class_17264
service_863,class_17265
service_863,class_17266
service_863,class_17267
service_863,class_17268
service_863,class_17269
service_863,class_17270
service_863,class_17271
service_863,class_17272
service_863,class_17273
service_863,class_17274
service_863,class_17275
service_863,class_17276
service_863,class_17277
service_863,class_17278
service_863,class_17279
service_864,class_17280
service_864,class_17281
service_864,class_17282
service_864,class_17283
service_864,class_17284
service_864,class_17285
service_864,class_17286
service_864,class_17287
service_864,class_17288
service_864,class_17289
service_864,class_17290
service_864,class_17291
service_864,class_17292
service_864,class_17293
service_864,class_17294
service_864,class_17295
service_864,class_17296
service_864,class_17297
service_864,class_17298
service_864,class_17299
service_865,class_17300
service_865,class_17301
service_865,class_17302
service_865,class_17303
service_865,class_17304
service_865,class_17305
service_865,class_17306
service_865,class_17307
service_865,class_17308
service_865,class_17309
service_865,class_17310
service_865,class_17311
service_865,class_17312
service_865,class_17313
service_865,class_17314
service_865,class_17315
service_865,class_17316
service_865,class_17317
service_865,class_17318
service_865,class_17319
service_866,class_17320
service_866,class_17321
service_866,class_17322
service_866,class_17323
service_866,class_17324
service_866,class_17325
service_866,class_17326
service_866,class_17327
service_866,class_17328
service_866,class_17329
service_866,class_17330
service_866,class_17331
service_866,class_17332
service_866,class_17333
service_866,class_17334
service_866,class_17335
service_866,class_17336
service_866,class_17337
service_866,class_17338
service_866,class_17339
service_867,class_17340
service_867,class_17341
service_867,class_17342
service_867,class_17343
service_867,class_17344
service_867,class_17345
service_867,class_17346
service_867,class_17347
service_867,class_17348
service_867,class_17349
service_867,class_17350
service_867,class_17351
service_867,class_17352
service_867,class_17353
service_867,class_17354
service_867,class_17355
service_867,class_17356
service_867,class_17357
service_867,class_17358
service_867,class_17359
service_868,class_17360
service_868,class_17361
service_868,class_17362
service_868,class_17363
service_868,class_17364
service_868,class_17365
service_868,class_17366
service_868,class_17367
service_868,class_17368
service_868,class_17369
service_868,class_17370
service_868,class_17371
service_868,class_17372
service_868,class_17373
service_868,class_17374
service_868,class_17375
service_868,class_17376
service_868,class_17377
service_868,class_17378
service_868,class_17379
service_869,class_17380
service_869,class_17381
service_869,class_17382
service_869,class_17383
service_869,class_17384
service_869,class_17385
service_869,class_17386
service_869,class_17387
service_869,class_17388
service_869,class_17389
service_869,class_17390
service_869,class_17391
service_869,class_17392
service_869,class_17393
service_869,class_17394
service_869,class_17395
service_869,class_17396
service_869,class_17397
service_869,class_17398
service_869,class_17399
service_870,class_17400
service_870,class_17401
service_870,class_17402
service_870,class_17403
service_870,class_17404
service_870,class_17405
service_870,class_17406
service_870,class_17407
service_870,class_17408
service_870,class_17409
service_870,class_17410
service_870,class_17411
service_870,class_17412
service_870,class_17413
service_870,class_17414
service_870,class_17415
service_870,class_17416
service_870,class_17417
service_870,class_17418
service_870,class_17419
service_871,class_17420
service_871,class_17421
service_871,class_17422
service_871,class_17423
service_871,class_17424
service_871,class_17425
service_871,class_17426
service_871,class_17427
service_871,class_17428
service_871,class_17429
service_871,class_17430
service_871,class_17431
service_871,class_17432
service_871,class_17433
service_871,class_17434
service_871,class_17435
service_871,class_17436
service_871,class_17437
service_871,class_17438
service_871,class_17439
service_872,class_17440
service_872,class_17441
service_872,class_17442
service_872,class_17443
service_872,class_17444
service_872,class_17445
service_872,class_17446
service_872,class_17447
service_872,class_17448
service_872,class_17449
service_872,class_17450
service_872,class_17451
service_872,class_17452
service_872,class_17453
service_872,class_17454
service_872,class_17455
service_872,class_17456
service_872,class_17457
service_872,class_17458
service_872,class_17459
service_873,class_17460
service_873,class_17461
service_873,class_17462
service_873,class_17463
service_873,class_17464
service_873,class_17465
service_873,class_17466
service_873,class_17467
service_873,class_17468
service_873,class_17469
service_873,class_17470
service_873,class_17471
service_873,class_17472
service_873,class_17473
service_873,class_17474
service_873,class_17475
service_873,class_17476
service_873,class_17477
service_873,class_17478
service_873,class_17479
service_874,class_17480
service_874,class_17481
service_874,class_17482
service_874,class_17483
service_874,class_17484
service_874,class_17485
service_874,class_17486
service_874,class_17487
service_874,class_17488
service_874,class_17489
service_874,class_17490
service_874,class_17491
service_874,class_17492
service_874,class_17493
service_874,class_17494
service_874,class_17495
service_874,class_17496
service_874,class_17497
service_874,class_17498
service_874,class_17499
service_875,class_17500
service_875,class_17501
service_875,class_17502
service_875,class_17503
service_875,class_17504
service_875,class_17505
service_875,class_17506
service_875,class_17507
service_875,class_17508
service_875,class_17509
service_875,class_17510
service_875,class_17511
service_875,class_17512
service_875,class_17513
service_875,class_17514
service_875,class_17515
service_875,class_17516
service_875,class_17517
service_875,class_17518
service_875,class_17519
service_876,class_17520
service_876,class_17521
service_876,class_17522
service_876,class_17523
service_876,class_17524
service_876,class_17525
service_876,class_17526
service_876,class_17527
service_876,class_17528
service_876,class_17529
service_876,class_17530
service_876,class_17531
service_876,class_17532
service_876,class_17533
service_876,class_17534
service_876,class_17535
service_876,class_17536
service_876,class_17537
service_876,class_17538
service_876,class_17539
service_877,class_17540
service_877,class_17541
service_877,class_17542
service_877,class_17543
service_877,class_17544
service_877,class_17545
service_877,class_17546
service_877,class_17547
service_877,class_17548
service_877,class_17549
service_877,class_17550
service_877,class_17551
service_877,class_17552
service_877,class_17553
service_877,class_17554
service_877,class_17555
service_877,class_17556
service_877,class_17557
service_877,class_17558
service_877,class_17559
service_878,class_17560
service_878,class_17561
service_878,class_17562
service_878,class_17563
service_878,class_17564
service_878,class_17565
service_878,class_17566
service_878,class_17567
service_878,class_17568
service_878,class_17569
service_878,class_17570
service_878,class_17571
service_878,class_17572
service_878,class_17573
service_878,class_17574
service_878,class_17575
service_878,class_17576
service_878,class_17577
service_878,class_17578
service_878,class_17579
service_879,class_17580
service_879,class_17581
service_879,class_17582
service_879,class_17583
service_879,class_17584
service_879,class_17585
service_879,class_17586
service_879,class_17587
service_879,class_17588
service_879,class_17589
service_879,class_17590
service_879,class_17591
service_879,class_17592
service_879,class_17593
service_879,class_17594
service_879,class_17595
service_879,class_17596
service_879,class_17597
service_879,class_17598
service_879,class_17599
service_880,class_17600
service_880,class_17601
service_880,class_17602
service_880,class_17603
service_880,class_17604
service_880,class_17605
service_880,class_17606
service_880,class_17607
service_880,class_17608
service_880,class_17609
service_880,class_17610
service_880,class_17611
service_880,class_17612
service_880,class_17613
service_880,class_17614
service_880,class_17615
service_880,class_17616
service_880,class_17617
service_880,class_17618
service_880,class_17619
service_881,class_17620
service_881,class_17621
service_881,class_17622
service_881,class_17623
service_881,class_17624
service_881,class_17625
service_881,class_17626
service_881,class_17627
service_881,class_17628
service_881,class_17629
service_881,class_17630
service_881,class_17631
service_881,class_17632
service_881,class_17633
service_881,class_17634
service_881,class_17635
service_881,class_17636
service_881,class_17637
service_881,class_17638
service_881,class_17639
service_882,class_17640
service_882,class_17641
service_882,class_17642
service_882,class_17643
service_882,class_17644
service_882,class_17645
service_882,class_17646
service_882,class_17647
service_882,class_17648
service_882,class_17649
service_882,class_17650
service_882,class_17651
service_882,class_17652
service_882,class_17653
service_882,class_17654
service_882,class_17655
service_882,class_17656
service_882,class_17657
service_882,class_17658
service_882,class_17659
service_883,class_17660
service_883,class_17661
service_883,class_17662
service_883,class_17663
service_883,class_17664
service_883,class_17665
service_883,class_17666
service_883,class_17667
service_883,class_17668
service_883,class_17669
service_883,class_17670
service_883,class_17671
service_883,class_17672
service_883,class_17673
service_883,class_17674
service_883,class_17675
service_883,class_17676
service_883,class_17677
service_883,class_17678
service_883,class_17679
service_884,class_17680
service_884,class_17681
service_884,class_17682
service_884,class_17683
service_884,class_17684
service_884,class_17685
service_884,class_17686
service_884,class_17687
service_884,class_17688
service_884,class_17689
service_884,class_17690
service_884,class_17691
service_884,class_17692
service_884,class_17693
service_884,class_17694
service_884,class_17695
service_884,class_17696
service_884,class_17697
service_884,class_17698
service_884,class_17699
service_885,class_17700
service_885,class_17701
service_885,class_17702
service_885,class_17703
service_885,class_17704
service_885,class_17705
service_885,class_17706
service_885,class_17707
service_885,class_17708
service_885,class_17709
service_885,class_17710
service_885,class_17711
service_885,class_17712
service_885,class_17713
service_885,class_17714
service_885,class_17715
service_885,class_17716
service_885,class_17717
service_885,class_17718
service_885,class_17719
service_886,class_17720
service_886,class_17721
service_886,class_17722
service_886,class_17723
service_886,class_17724
service_886,class_17725
service_886,class_17726
service_886,class_17727
service_886,class_17728
service_886,class_17729
service_886,class_17730
service_886,class_17731
service_886,class_17732
service_886,class_17733
service_886,class_17734
service_886,class_17735
service_886,class_17736
service_886,class_17737
service_886,class_17738
service_886,class_17739
service_887,class_17740
service_887,class_17741
service_887,class_17742
service_887,class_17743
service_887,class_17744
service_887,class_17745
service_887,class_17746
service_887,class_17747
service_887,class_17748
service_887,class_17749
service_887,class_17750
service_887,class_17751
service_887,class_17752
service_887,class_17753
service_887,class_17754
service_887,class_17755
service_887,class_17756
service_887,class_17757
service_887,class_17758
service_887,class_17759
service_888,class_17760
service_888,class_17761
service_888,class_17762
service_888,class_17763
service_888,class_17764
service_888,class_17765
service_888,class_17766
service_888,class_17767
service_888,class_17768
service_888,class_17769
service_888,class_17770
service_888,class_17771
service_888,class_17772
service_888,class_17773
service_888,class_17774
service_888,class_17775
service_888,class_17776
service_888,class_17777
service_888,class_17778
service_888,class_17779
service_889,class_17780
service_889,class_17781
service_889,class_17782
service_889,class_17783
service_889,class_17784
service_889,class_17785
service_889,class_17786
service_889,class_17787
service_889,class_17788
service_889,class_17789
service_889,class_17790
service_889,class_17791
service_889,class_17792
service_889,class_17793
service_889,class_17794
service_889,class_17795
service_889,class_17796
service_889,class_17797
service_889,class_17798
service_889,class_17799
service_890,class_17800
service_890,class_17801
service_890,class_17802
service_890,class_17803
service_890,class_17804
service_890,class_17805
service_890,class_17806
service_890,class_17807
service_890,class_17808
service_890,class_17809
service_890,class_17810
service_890,class_17811
service_890,class_17812
service_890,class_17813
service_890,class_17814
service_890,class_17815
service_890,class_17816
service_890,class_17817
service_890,class_17818
service_890,class_17819
service_891,class_17820
service_891,class_17821
service_891,class_17822
service_891,class_17823
service_891,class_17824
service_891,class_17825
service_891,class_17826
service_891,class_17827
service_891,class_17828
service_891,class_17829
service_891,class_17830
service_891,class_17831
service_891,class_17832
service_891,class_17833
service_891,class_17834
service_891,class_17835
service_891,class_17836
service_891,class_17837
service_891,class_17838
service_891,class_17839
service_892,class_17840
service_892,class_17841
service_892,class_17842
service_892,class_17843
service_892,class_17844
service_892,class_17845
service_892,class_17846
service_892,class_17847
service_892,class_17848
service_892,class_17849
service_892,class_17850
service_892,class_17851
service_892,class_17852
service_892,class_17853
service_892,class_17854
service_892,class_17855
service_892,class_17856
service_892,class_17857
service_892,class_17858
service_892,class_17859
service_893,class_17860
service_893,class_17861
service_893,class_17862
service_893,class_17863
service_893,class_17864
service_893,class_17865
service_893,class_17866
service_893,class_17867
service_893,class_17868
service_893,class_17869
service_893,class_17870
service_893,class_17871
service_893,class_17872
service_893,class_17873
service_893,class_17874
service_893,class_17875
service_893,class_17876
service_893,class_17877
service_893,class_17878
service_893,class_17879
service_894,class_17880
service_894,class_17881
service_894,class_17882
service_894,class_17883
service_894,class_17884
service_894,class_17885
service_894,class_17886
service_894,class_17887
service_894,class_17888
service_894,class_17889
service_894,class_17890
service_894,class_17891
service_894,class_17892
service_894,class_17893
service_894,class_17894
service_894,class_17895
service_894,class_17896
service_894,class_17897
service_894,class_17898
service_894,class_17899
service_895,class_17900
service_895,class_17901
service_895,class_17902
service_895,class_17903
service_895,class_17904
service_895,class_17905
service_895,class_17906
service_895,class_17907
service_895,class_17908
service_895,class_17909
service_895,class_17910
service_895,class_17911
service_895,class_17912
service_895,class_17913
service_895,class_17914
service_895,class_17915
service_895,class_17916
service_895,class_17917
service_895,class_17918
service_895,class_17919
service_896,class_17920
service_896,class_17921
service_896,class_17922
service_896,class_17923
service_896,class_17924
service_896,class_17925
service_896,class_17926
service_896,class_17927
service_896,class_17928
service_896,class_17929
service_896,class_17930
service_896,class_17931
service_896,class_17932
service_896,class_17933
service_896,class_17934
service_896,class_17935
service_896,class_17936
service_896,class_17937
service_896,class_17938
service_896,class_17939
service_897,class_17940
service_897,class_17941
service_897,class_17942
service_897,class_17943
service_897,class_17944
service_897,class_17945
service_897,class_17946
service_897,class_17947
service_897,class_17948
service_897,class_17949
service_897,class_17950
service_897,class_17951
service_897,class_17952
service_897,class_17953
service_897,class_17954
service_897,class_17955
service_897,class_17956
service_897,class_17957
service_897,class_17958
service_897,class_17959
service_898,class_17960
service_898,class_17961
service_898,class_17962
service_898,class_17963
service_898,class_17964
service_898,class_17965
service_898,class_17966
service_898,class_17967
service_898,class_17968
service_898,class_17969
service_898,class_17970
service_898,class_17971
service_898,class_17972
service_898,class_17973
service_898,class_17974
service_898,class_17975
service_898,class_17976
service_898,class_17977
service_898,class_17978
service_898,class_17979
service_899,class_17980
service_899,class_17981
service_899,class_17982
service_899,class_17983
service_899,class_17984
service_899,class_17985
service_899,class_17986
service_899,class_17987
service_899,class_17988
service_899,class_17989
service_899,class_17990
service_899,class_17991
service_899,class_17992
service_899,class_17993
service_899,class_17994
service_899,class_17995
service_899,class_17996
service_899,class_17997
service_899,class_17998
service_899,class_17999
service_900,class_18000
service_900,class_18001
service_900,class_18002
service_900,class_18003
service_900,class_18004
service_900,class_18005
service_900,class_18006
service_900,class_18007
service_900,class_18008
service_900,class_18009
service_900,class_18010
service_900,class_18011
service_900,class_18012
service_900,class_18013
service_900,class_18014
service_900,class_18015
service_900,class_18016
service_900,class_18017
service_900,class_18018
service_900,class_18019
service_901,class_18020
service_901,class_18021
service_901,class_18022
service_901,class_18023
service_901,class_18024
service_901,class_18025
service_901,class_18026
service_901,class_18027
service_901,class_18028
service_901,class_18029
service_901,class_18030
service_901,class_18031
service_901,class_18032
service_901,class_18033
service_901,class_18034
service_901,class_18035
service_901,class_18036
service_901,class_18037
service_901,class_18038
service_901,class_18039
service_902,class_18040
service_902,class_18041
service_902,class_18042
service_902,class_18043
service_902,class_18044
service_902,class_18045
service_902,class_18046
service_902,class_18047
service_902,class_18048
service_902,class_18049
service_902,class_18050
service_902,class_18051
service_902,class_18052
service_902,class_18053
service_902,class_18054
service_902,class_18055
service_902,class_18056
service_902,class_18057
service_902,class_18058
service_902,class_18059
service_903,class_18060
service_903,class_18061
service_903,class_18062
service_903,class_18063
service_903,class_18064
service_903,class_18065
service_903,class_18066
service_903,class_18067
service_903,class_18068
service_903,class_18069
service_903,class_18070
service_903,class_18071
service_903,class_18072
service_903,class_18073
service_903,class_18074
service_903,class_18075
service_903,class_18076
service_903,class_18077
service_903,class_18078
service_903,class_18079
service_904,class_18080
service_904,class_18081
service_904,class_18082
service_904,class_18083
service_904,class_18084
service_904,class_18085
service_904,class_18086
service_904,class_18087
service_904,class_18088
service_904,class_18089
service_904,class_18090
service_904,class_18091
service_904,class_18092
service_904,class_18093
service_904,class_18094
service_904,class_18095
service_904,class_18096
service_904,class_18097
service_904,class_18098
service_904,class_18099
service_905,class_18100
service_905,class_18101
service_905,class_18102
service_905,class_18103
service_905,class_18104
service_905,class_18105
service_905,class_18106
service_905,class_18107
service_905,class_18108
service_905,class_18109
service_905,class_18110
service_905,class_18111
service_905,class_18112
service_905,class_18113
service_905,class_18114
service_905,class_18115
service_905,class_18116
service_905,class_18117
service_905,class_18118
service_905,class_18119
service_906,class_18120
service_906,class_18121
service_906,class_18122
service_906,class_18123
service_906,class_18124
service_906,class_18125
service_906,class_18126
service_906,class_18127
service_906,class_18128
service_906,class_18129
service_906,class_18130
service_906,class_18131
service_906,class_18132
service_906,class_18133
service_906,class_18134
service_906,class_18135
service_906,class_18136
service_906,class_18137
service_906,class_18138
service_906,class_18139
service_907,class_18140
service_907,class_18141
service_907,class_18142
service_907,class_18143
service_907,class_18144
service_907,class_18145
service_907,class_18146
service_907,class_18147
service_907,class_18148
service_907,class_18149
service_907,class_18150
service_907,class_18151
service_907,class_18152
service_907,class_18153
service_907,class_18154
service_907,class_18155
service_907,class_18156
service_907,class_18157
service_907,class_18158
service_907,class_18159
service_908,class_18160
service_908,class_18161
service_908,class_18162
service_908,class_18163
service_908,class_18164
service_908,class_18165
service_908,class_18166
service_908,class_18167
service_908,class_18168
service_908,class_18169
service_908,class_18170
service_908,class_18171
service_908,class_18172
service_908,class_18173
service_908,class_18174
service_908,class_18175
service_908,class_18176
service_908,class_18177
service_908,class_18178
service_908,class_18179
service_909,class_18180
service_909,class_18181
service_909,class_18182
service_909,class_18183
service_909,class_18184
service_909,class_18185
service_909,class_18186
service_909,class_18187
service_909,class_18188
service_909,class_18189
service_909,class_18190
service_909,class_18191
service_909,class_18192
service_909,class_18193
service_909,class_18194
service_909,class_18195
service_909,class_18196
service_909,class_18197
service_909,class_18198
service_909,class_18199
service_910,class_18200
service_910,class_18201
service_910,class_18202
service_910,class_18203
service_910,class_18204
service_910,class_18205
service_910,class_18206
service_910,class_18207
service_910,class_18208
service_910,class_18209
service_910,class_18210
service_910,class_18211
service_910,class_18212
service_910,class_18213
service_910,class_18214
service_910,class_18215
service_910,class_18216
service_910,class_18217
service_910,class_18218
service_910,class_18219
service_911,class_18220
service_911,class_18221
service_911,class_18222
service_911,class_18223
service_911,class_18224
service_911,class_18225
service_911,class_18226
service_911,class_18227
service_911,class_18228
service_911,class_18229
service_911,class_18230
service_911,class_18231
service_911,class_18232
service_911,class_18233
service_911,class_18234
service_911,class_18235
service_911,class_18236
service_911,class_18237
service_911,class_18238
service_911,class_18239
service_912,class_18240
service_912,class_18241
service_912,class_18242
service_912,class_18243
service_912,class_18244
service_912,class_18245
service_912,class_18246
service_912,class_18247
service_912,class_18248
service_912,class_18249
service_912,class_18250
service_912,class_18251
service_912,class_18252
service_912,class_18253
service_912,class_18254
service_912,class_18255
service_912,class_18256
service_912,class_18257
service_912,class_18258
service_912,class_18259
service_913,class_18260
service_913,class_18261
service_913,class_18262
service_913,class_18263
service_913,class_18264
service_913,class_18265
service_913,class_18266
service_913,class_18267
service_913,class_18268
service_913,class_18269
service_913,class_18270
service_913,class_18271
service_913,class_18272
service_913,class_18273
service_913,class_18274
service_913,class_18275
service_913,class_18276
service_913,class_18277
service_913,class_18278
service_913,class_18279
service_914,class_18280
service_914,class_18281
service_914,class_18282
service_914,class_18283
service_914,class_18284
service_914,class_18285
service_914,class_18286
service_914,class_18287
service_914,class_18288
service_914,class_18289
service_914,class_18290
service_914,class_18291
service_914,class_18292
service_914,class_18293
service_914,class_18294
service_914,class_18295
service_914,class_18296
service_914,class_18297
service_914,class_18298
service_914,class_18299
service_915,class_18300
service_915,class_18301
service_915,class_18302
service_915,class_18303
service_915,class_18304
service_915,class_18305
service_915,class_18306
service_915,class_18307
service_915,class_18308
service_915,class_18309
service_915,class_18310
service_915,class_18311
service_915,class_18312
service_915,class_18313
service_915,class_18314
service_915,class_18315
service_915,class_18316
service_915,class_18317
service_915,class_18318
service_915,class_18319
service_916,class_18320
service_916,class_18321
service_916,class_18322
service_916,class_18323
service_916,class_18324
service_916,class_18325
service_916,class_18326
service_916,class_18327
service_916,class_18328
service_916,class_18329
service_916,class_18330
service_916,class_18331
service_916,class_18332
service_916,class_18333
service_916,class_18334
service_916,class_18335
service_916,class_18336
service_916,class_18337
service_916,class_18338
service_916,class_18339
service_917,class_18340
service_917,class_18341
service_917,class_18342
service_917,class_18343
service_917,class_18344
service_917,class_18345
service_917,class_18346
service_917,class_18347
service_917,class_18348
service_917,class_18349
service_917,class_18350
service_917,class_18351
service_917,class_18352
service_917,class_18353
service_917,class_18354
service_917,class_18355
service_917,class_18356
service_917,class_18357
service_917,class_18358
service_917,class_18359
service_918,class_18360
service_918,class_18361
service_918,class_18362
service_918,class_18363
service_918,class_18364
service_918,class_18365
service_918,class_18366
service_918,class_18367
service_918,class_18368
service_918,class_18369
service_918,class_18370
service_918,class_18371
service_918,class_18372
service_918,class_18373
service_918,class_18374
service_918,class_18375
service_918,class_18376
service_918,class_18377
service_918,class_18378
service_918,class_18379
service_919,class_18380
service_919,class_18381
service_919,class_18382
service_919,class_18383
service_919,class_18384
service_919,class_18385
service_919,class_18386
service_919,class_18387
service_919,class_18388
service_919,class_18389
service_919,class_18390
service_919,class_18391
service_919,class_18392
service_919,class_18393
service_919,class_18394
service_919,class_18395
service_919,class_18396
service_919,class_18397
service_919,class_18398
service_919,class_18399
service_920,class_18400
service_920,class_18401
service_920,class_18402
service_920,class_18403
service_920,class_18404
service_920,class_18405
service_920,class_18406
service_920,class_18407
service_920,class_18408
service_920,class_18409
service_920,class_18410
service_920,class_18411
service_920,class_18412
service_920,class_18413
service_920,class_18414
service_920,class_18415
service_920,class_18416
service_920,class_18417
service_920,class_18418
service_920,class_18419
service_921,class_18420
service_921,class_18421
service_921,class_18422
service_921,class_18423
service_921,class_18424
service_921,class_18425
service_921,class_18426
service_921,class_18427
service_921,class_18428
service_921,class_18429
service_921,class_18430
service_921,class_18431
service_921,class_18432
service_921,class_18433
service_921,class_18434
service_921,class_18435
service_921,class_18436
service_921,class_18437
service_921,class_18438
service_921,class_18439
service_922,class_18440
service_922,class_18441
service_922,class_18442
service_922,class_18443
service_922,class_18444
service_922,class_18445
service_922,class_18446
service_922,class_18447
service_922,class_18448
service_922,class_18449
service_922,class_18450
service_922,class_18451
service_922,class_18452
service_922,class_18453
service_922,class_18454
service_922,class_18455
service_922,class_18456
service_922,class_18457
service_922,class_18458
service_922,class_18459
service_923,class_18460
service_923,class_18461
service_923,class_18462
service_923,class_18463
service_923,class_18464
service_923,class_18465
service_923,class_18466
service_923,class_18467
service_923,class_18468
service_923,class_18469
service_923,class_18470
service_923,class_18471
service_923,class_18472
service_923,class_18473
service_923,class_18474
service_923,class_18475
service_923,class_18476
service_923,class_18477
service_923,class_18478
service_923,class_18479
service_924,class_18480
service_924,class_18481
service_924,class_18482
service_924,class_18483
service_924,class_18484
service_924,class_18485
service_924,class_18486
service_924,class_18487
service_924,class_18488
service_924,class_18489
service_924,class_18490
service_924,class_18491
service_924,class_18492
service_924,class_18493
service_924,class_18494
service_924,class_18495
service_924,class_18496
service_924,class_18497
service_924,class_18498
service_924,class_18499
service_925,class_18500
service_925,class_18501
service_925,class_18502
service_925,class_18503
service_925,class_18504
service_925,class_18505
service_925,class_18506
service_925,class_18507
service_925,class_18508
service_925,class_18509
service_925,class_18510
service_925,class_18511
service_925,class_18512
service_925,class_18513
service_925,class_18514
service_925,class_18515
service_925,class_18516
service_925,class_18517
service_925,class_18518
service_925,class_18519
service_926,class_18520
service_926,class_18521
service_926,class_18522
service_926,class_18523
service_926,class_18524
service_926,class_18525
service_926,class_18526
service_926,class_18527
service_926,class_18528
service_926,class_18529
service_926,class_18530
service_926,class_18531
service_926,class_18532
service_926,class_18533
service_926,class_18534
service_926,class_18535
service_926,class_18536
service_926,class_18537
service_926,class_18538
service_926,class_18539
service_927,class_18540
service_927,class_18541
service_927,class_18542
service_927,class_18543
service_927,class_18544
service_927,class_18545
service_927,class_18546
service_927,class_18547
service_927,class_18548
service_927,class_18549
service_927,class_18550
service_927,class_18551
service_927,class_18552
service_927,class_18553
service_927,class_18554
service_927,class_18555
service_927,class_18556
service_927,class_18557
service_927,class_18558
service_927,class_18559
service_928,class_18560
service_928,class_18561
service_928,class_18562
service_928,class_18563
service_928,class_18564
service_928,class_18565
service_928,class_18566
service_928,class_18567
service_928,class_18568
service_928,class_18569
service_928,class_18570
service_928,class_18571
service_928,class_18572
service_928,class_18573
service_928,class_18574
service_928,class_18575
service_928,class_18576
service_928,class_18577
service_928,class_18578
service_928,class_18579
service_929,class_18580
service_929,class_18581
service_929,class_18582
service_929,class_18583
service_929,class_18584
service_929,class_18585
service_929,class_18586
service_929,class_18587
service_929,class_18588
service_929,class_18589
service_929,class_18590
service_929,class_18591
service_929,class_18592
service_929,class_18593
service_929,class_18594
service_929,class_18595
service_929,class_18596
service_929,class_18597
service_929,class_18598
service_929,class_18599
service_930,class_18600
service_930,class_18601
service_930,class_18602
service_930,class_18603
service_930,class_18604
service_930,class_18605
service_930,class_18606
service_930,class_18607
service_930,class_18608
service_930,class_18609
service_930,class_18610
service_930,class_18611
service_930,class_18612
service_930,class_18613
service_930,class_18614
service_930,class_18615
service_930,class_18616
service_930,class_18617
service_930,class_18618
service_930,class_18619
service_931,class_18620
service_931,class_18621
service_931,class_18622
service_931,class_18623
service_931,class_18624
service_931,class_18625
service_931,class_18626
service_931,class_18627
service_931,class_18628
service_931,class_18629
service_931,class_18630
service_931,class_18631
service_931,class_18632
service_931,class_18633
service_931,class_18634
service_931,class_18635
service_931,class_18636
service_931,class_18637
service_931,class_18638
service_931,class_18639
service_932,class_18640
service_932,class_18641
service_932,class_18642
service_932,class_18643
service_932,class_18644
service_932,class_18645
service_932,class_18646
service_932,class_18647
service_932,class_18648
service_932,class_18649
service_932,class_18650
service_932,class_18651
service_932,class_18652
service_932,class_18653
service_932,class_18654
service_932,class_18655
service_932,class_18656
service_932,class_18657
service_932,class_18658
service_932,class_18659
service_933,class_18660
service_933,class_18661
service_933,class_18662
service_933,class_18663
service_933,class_18664
service_933,class_18665
service_933,class_18666
service_933,class_18667
service_933,class_18668
service_933,class_18669
service_933,class_18670
service_933,class_18671
service_933,class_18672
service_933,class_18673
service_933,class_18674
service_933,class_18675
service_933,class_18676
service_933,class_18677
service_933,class_18678
service_933,class_18679
service_934,class_18680
service_934,class_18681
service_934,class_18682
service_934,class_18683
service_934,class_18684
service_934,class_18685
service_934,class_18686
service_934,class_18687
service_934,class_18688
service_934,class_18689
service_934,class_18690
service_934,class_18691
service_934,class_18692
service_934,class_18693
service_934,class_18694
service_934,class_18695
service_934,class_18696
service_934,class_18697
service_934,class_18698
service_934,class_18699
service_935,class_18700
service_935,class_18701
service_935,class_18702
service_935,class_18703
service_935,class_18704
service_935,class_18705
service_935,class_18706
service_935,class_18707
service_935,class_18708
service_935,class_18709
service_935,class_18710
service_935,class_18711
service_935,class_18712
service_935,class_18713
service_935,class_18714
service_935,class_18715
service_935,class_18716
service_935,class_18717
service_935,class_18718
service_935,class_18719
service_936,class_18720
service_936,class_18721
service_936,class_18722
service_936,class_18723
service_936,class_18724
service_936,class_18725
service_936,class_18726
service_936,class_18727
service_936,class_18728
service_936,class_18729
service_936,class_18730
service_936,class_18731
service_936,class_18732
service_936,class_18733
service_936,class_18734
service_936,class_18735
service_936,class_18736
service_936,class_18737
service_936,class_18738
service_936,class_18739
service_937,class_18740
service_937,class_18741
service_937,class_18742
service_937,class_18743
service_937,class_18744
service_937,class_18745
service_937,class_18746
service_937,class_18747
service_937,class_18748
service_937,class_18749
service_937,class_18750
service_937,class_18751
service_937,class_18752
service_937,class_18753
service_937,class_18754
service_937,class_18755
service_937,class_18756
service_937,class_18757
service_937,class_18758
service_937,class_18759
service_938,class_18760
service_938,class_18761
service_938,class_18762
service_938,class_18763
service_938,class_18764
service_938,class_18765
service_938,class_18766
service_938,class_18767
service_938,class_18768
service_938,class_18769
service_938,class_18770
service_938,class_18771
service_938,class_18772
service_938,class_18773
service_938,class_18774
service_938,class_18775
service_938,class_18776
service_938,class_18777
service_938,class_18778
service_938,class_18779
service_939,class_18780
service_939,class_18781
service_939,class_18782
service_939,class_18783
service_939,class_18784
service_939,class_18785
service_939,class_18786
service_939,class_18787
service_939,class_18788
service_939,class_18789
service_939,class_18790
service_939,class_18791
service_939,class_18792
service_939,class_18793
service_939,class_18794
service_939,class_18795
service_939,class_18796
service_939,class_18797
service_939,class_18798
service_939,class_18799
service_940,class_18800
service_940,class_18801
service_940,class_18802
service_940,class_18803
service_940,class_18804
service_940,class_18805
service_940,class_18806
service_940,class_18807
service_940,class_18808
service_940,class_18809
service_940,class_18810
service_940,class_18811
service_940,class_18812
service_940,class_18813
service_940,class_18814
service_940,class_18815
service_940,class_18816
service_940,class_18817
service_940,class_18818
service_940,class_18819
service_941,class_18820
service_941,class_18821
service_941,class_18822
service_941,class_18823
service_941,class_18824
service_941,class_18825
service_941,class_18826
service_941,class_18827
service_941,class_18828
service_941,class_18829
service_941,class_18830
service_941,class_18831
service_941,class_18832
service_941,class_18833
service_941,class_18834
service_941,class_18835
service_941,class_18836
service_941,class_18837
service_941,class_18838
service_941,class_18839
service_942,class_18840
service_942,class_18841
service_942,class_18842
service_942,class_18843
service_942,class_18844
service_942,class_18845
service_942,class_18846
service_942,class_18847
service_942,class_18848
service_942,class_18849
service_942,class_18850
service_942,class_18851
service_942,class_18852
service_942,class_18853
service_942,class_18854
service_942,class_18855
service_942,class_18856
service_942,class_18857
service_942,class_18858
service_942,class_18859
service_943,class_18860
service_943,class_18861
service_943,class_18862
service_943,class_18863
service_943,class_18864
service_943,class_18865
service_943,class_18866
service_943,class_18867
service_943,class_18868
service_943,class_18869
service_943,class_18870
service_943,class_18871
service_943,class_18872
service_943,class_18873
service_943,class_18874
service_943,class_18875
service_943,class_18876
service_943,class_18877
service_943,class_18878
service_943,class_18879
service_944,class_18880
service_944,class_18881
service_944,class_18882
service_944,class_18883
service_944,class_18884
service_944,class_18885
service_944,class_18886
service_944,class_18887
service_944,class_18888
service_944,class_18889
service_944,class_18890
service_944,class_18891
service_944,class_18892
service_944,class_18893
service_944,class_18894
service_944,class_18895
service_944,class_18896
service_944,class_18897
service_944,class_18898
service_944,class_18899
service_945,class_18900
service_945,class_18901
service_945,class_18902
service_945,class_18903
service_945,class_18904
service_945,class_18905
service_945,class_18906
service_945,class_18907
service_945,class_18908
service_945,class_18909
service_945,class_18910
service_945,class_18911
service_945,class_18912
service_945,class_18913
service_945,class_18914
service_945,class_18915
service_945,class_18916
service_945,class_18917
service_945,class_18918
service_945,class_18919
service_946,class_18920
service_946,class_18921
service_946,class_18922
service_946,class_18923
service_946,class_18924
service_946,class_18925
service_946,class_18926
service_946,class_18927
service_946,class_18928
service_946,class_18929
service_946,class_18930
service_946,class_18931
service_946,class_18932
service_946,class_18933
service_946,class_18934
service_946,class_18935
service_946,class_18936
service_946,class_18937
service_946,class_18938
service_946,class_18939
service_947,class_18940
service_947,class_18941
service_947,class_18942
service_947,class_18943
service_947,class_18944
service_947,class_18945
service_947,class_18946
service_947,class_18947
service_947,class_18948
service_947,class_18949
service_947,class_18950
service_947,class_18951
service_947,class_18952
service_947,class_18953
service_947,class_18954
service_947,class_18955
service_947,class_18956
service_947,class_18957
service_947,class_18958
service_947,class_18959
service_948,class_18960
service_948,class_18961
service_948,class_18962
service_948,class_18963
service_948,class_18964
service_948,class_18965
service_948,class_18966
service_948,class_18967
service_948,class_18968
service_948,class_18969
service_948,class_18970
service_948,class_18971
service_948,class_18972
service_948,class_18973
service_948,class_18974
service_948,class_18975
service_948,class_18976
service_948,class_18977
service_948,class_18978
service_948,class_18979
service_949,class_18980
service_949,class_18981
service_949,class_18982
service_949,class_18983
service_949,class_18984
service_949,class_18985
service_949,class_18986
service_949,class_18987
service_949,class_18988
service_949,class_18989
service_949,class_18990
service_949,class_18991
service_949,class_18992
service_949,class_18993
service_949,class_18994
service_949,class_18995
service_949,class_18996
service_949,class_18997
service_949,class_18998
service_949,class_18999
service_950,class_19000
service_950,class_19001
service_950,class_19002
service_950,class_19003
service_950,class_19004
service_950,class_19005
service_950,class_19006
service_950,class_19007
service_950,class_19008
service_950,class_19009
service_950,class_19010
service_950,class_19011
service_950,class_19012
service_950,class_19013
service_950,class_19014
service_950,class_19015
service_950,class_19016
service_950,class_19017
service_950,class_19018
service_950,class_19019
service_951,class_19020
service_951,class_19021
service_951,class_19022
service_951,class_19023
service_951,class_19024
service_951,class_19025
service_951,class_19026
service_951,class_19027
service_951,class_19028
service_951,class_19029
service_951,class_19030
service_951,class_19031
service_951,class_19032
service_951,class_19033
service_951,class_19034
service_951,class_19035
service_951,class_19036
service_951,class_19037
service_951,class_19038
service_951,class_19039
service_952,class_19040
service_952,class_19041
service_952,class_19042
service_952,class_19043
service_952,class_19044
service_952,class_19045
service_952,class_19046
service_952,class_19047
service_952,class_19048
service_952,class_19049
service_952,class_19050
service_952,class_19051
service_952,class_19052
service_952,class_19053
service_952,class_19054
service_952,class_19055
service_952,class_19056
service_952,class_19057
service_952,class_19058
service_952,class_19059
service_953,class_19060
service_953,class_19061
service_953,class_19062
service_953,class_19063
service_953,class_19064
service_953,class_19065
service_953,class_19066
service_953,class_19067
service_953,class_19068
service_953,class_19069
service_953,class_19070
service_953,class_19071
service_953,class_19072
service_953,class_19073
service_953,class_19074
service_953,class_19075
service_953,class_19076
service_953,class_19077
service_953,class_19078
service_953,class_19079
service_954,class_19080
service_954,class_19081
service_954,class_19082
service_954,class_19083
service_954,class_19084
service_954,class_19085
service_954,class_19086
service_954,class_19087
service_954,class_19088
service_954,class_19089
service_954,class_19090
service_954,class_19091
service_954,class_19092
service_954,class_19093
service_954,class_19094
service_954,class_19095
service_954,class_19096
service_954,class_19097
service_954,class_19098
service_954,class_19099
service_955,class_19100
service_955,class_19101
service_955,class_19102
service_955,class_19103
service_955,class_19104
service_955,class_19105
service_955,class_19106
service_955,class_19107
service_955,class_19108
service_955,class_19109
service_955,class_19110
service_955,class_19111
service_955,class_19112
service_955,class_19113
service_955,class_19114
service_955,class_19115
service_955,class_19116
service_955,class_19117
service_955,class_19118
service_955,class_19119
service_956,class_19120
service_956,class_19121
service_956,class_19122
service_956,class_19123
service_956,class_19124
service_956,class_19125
service_956,class_19126
service_956,class_19127
service_956,class_19128
service_956,class_19129
service_956,class_19130
service_956,class_19131
service_956,class_19132
service_956,class_19133
service_956,class_19134
service_956,class_19135
service_956,class_19136
service_956,class_19137
service_956,class_19138
service_956,class_19139
service_957,class_19140
service_957,class_19141
service_957,class_19142
service_957,class_19143
service_957,class_19144
service_957,class_19145
service_957,class_19146
service_957,class_19147
service_957,class_19148
service_957,class_19149
service_957,class_19150
service_957,class_19151
service_957,class_19152
service_957,class_19153
service_957,class_19154
service_957,class_19155
service_957,class_19156
service_957,class_19157
service_957,class_19158
service_957,class_19159
service_958,class_19160
service_958,class_19161
service_958,class_19162
service_958,class_19163
service_958,class_19164
service_958,class_19165
service_958,class_19166
service_958,class_19167
service_958,class_19168
service_958,class_19169
service_958,class_19170
service_958,class_19171
service_958,class_19172
service_958,class_19173
service_958,class_19174
service_958,class_19175
service_958,class_19176
service_958,class_19177
service_958,class_19178
service_958,class_19179
service_959,class_19180
service_959,class_19181
service_959,class_19182
service_959,class_19183
service_959,class_19184
service_959,class_19185
service_959,class_19186
service_959,class_19187
service_959,class_19188
service_959,class_19189
service_959,class_19190
service_959,class_19191
service_959,class_19192
service_959,class_19193
service_959,class_19194
service_959,class_19195
service_959,class_19196
service_959,class_19197
service_959,class_19198
service_959,class_19199
service_960,class_19200
service_960,class_19201
service_960,class_19202
service_960,class_19203
service_960,class_19204
service_960,class_19205
service_960,class_19206
service_960,class_19207
service_960,class_19208
service_960,class_19209
service_960,class_19210
service_960,class_19211
service_960,class_19212
service_960,class_19213
service_960,class_19214
service_960,class_19215
service_960,class_19216
service_960,class_19217
service_960,class_19218
service_960,class_19219
service_961,class_19220
service_961,class_19221
service_961,class_19222
service_961,class_19223
service_961,class_19224
service_961,class_19225
service_961,class_19226
service_961,class_19227
service_961,class_19228
service_961,class_19229
service_961,class_19230
service_961,class_19231
service_961,class_19232
service_961,class_19233
service_961,class_19234
service_961,class_19235
service_961,class_19236
service_961,class_19237
service_961,class_19238
service_961,class_19239
service_962,class_19240
service_962,class_19241
service_962,class_19242
service_962,class_19243
service_962,class_19244
service_962,class_19245
service_962,class_19246
service_962,class_19247
service_962,class_19248
service_962,class_19249
service_962,class_19250
service_962,class_19251
service_962,class_19252
service_962,class_19253
service_962,class_19254
service_962,class_19255
service_962,class_19256
service_962,class_19257
service_962,class_19258
service_962,class_19259
service_963,class_19260
service_963,class_19261
service_963,class_19262
service_963,class_19263
service_963,class_19264
service_963,class_19265
service_963,class_19266
service_963,class_19267
service_963,class_19268
service_963,class_19269
service_963,class_19270
service_963,class_19271
service_963,class_19272
service_963,class_19273
service_963,class_19274
service_963,class_19275
service_963,class_19276
service_963,class_19277
service_963,class_19278
service_963,class_19279
service_964,class_19280
service_964,class_19281
service_964,class_19282
service_964,class_19283
service_964,class_19284
service_964,class_19285
service_964,class_19286
service_964,class_19287
service_964,class_19288
service_964,class_19289
service_964,class_19290
service_964,class_19291
service_964,class_19292
service_964,class_19293
service_964,class_19294
service_964,class_19295
service_964,class_19296
service_964,class_19297
service_964,class_19298
service_964,class_19299
service_965,class_19300
service_965,class_19301
service_965,class_19302
service_965,class_19303
service_965,class_19304
service_965,class_19305
service_965,class_19306
service_965,class_19307
service_965,class_19308
service_965,class_19309
service_965,class_19310
service_965,class_19311
service_965,class_19312
service_965,class_19313
service_965,class_19314
service_965,class_19315
service_965,class_19316
service_965,class_19317
service_965,class_19318
service_965,class_19319
service_966,class_19320
service_966,class_19321
service_966,class_19322
service_966,class_19323
service_966,class_19324
service_966,class_19325
service_966,class_19326
service_966,class_19327
service_966,class_19328
service_966,class_19329
service_966,class_19330
service_966,class_19331
service_966,class_19332
service_966,class_19333
service_966,class_19334
service_966,class_19335
service_966,class_19336
service_966,class_19337
service_966,class_19338
service_966,class_19339
service_967,class_19340
service_967,class_19341
service_967,class_19342
service_967,class_19343
service_967,class_19344
service_967,class_19345
service_967,class_19346
service_967,class_19347
service_967,class_19348
service_967,class_19349
service_967,class_19350
service_967,class_19351
service_967,class_19352
service_967,class_19353
service_967,class_19354
service_967,class_19355
service_967,class_19356
service_967,class_19357
service_967,class_19358
service_967,class_19359
service_968,class_19360
service_968,class_19361
service_968,class_19362
service_968,class_19363
service_968,class_19364
service_968,class_19365
service_968,class_19366
service_968,class_19367
service_968,class_19368
service_968,class_19369
service_968,class_19370
service_968,class_19371
service_968,class_19372
service_968,class_19373
service_968,class_19374
service_968,class_19375
service_968,class_19376
service_968,class_19377
service_968,class_19378
service_968,class_19379
service_969,class_19380
service_969,class_19381
service_969,class_19382
service_969,class_19383
service_969,class_19384
service_969,class_19385
service_969,class_19386
service_969,class_19387
service_969,class_19388
service_969,class_19389
service_969,class_19390
service_969,class_19391
service_969,class_19392
service_969,class_19393
service_969,class_19394
service_969,class_19395
service_969,class_19396
service_969,class_19397
service_969,class_19398
service_969,class_19399
service_970,class_19400
service_970,class_19401
service_970,class_19402
service_970,class_19403
service_970,class_19404
service_970,class_19405
service_970,class_19406
service_970,class_19407
service_970,class_19408
service_970,class_19409
service_970,class_19410
service_970,class_19411
service_970,class_19412
service_970,class_19413
service_970,class_19414
service_970,class_19415
service_970,class_19416
service_970,class_19417
service_970,class_19418
service_970,class_19419
service_971,class_19420
service_971,class_19421
service_971,class_19422
service_971,class_19423
service_971,class_19424
service_971,class_19425
service_971,class_19426
service_971,class_19427
service_971,class_19428
service_971,class_19429
service_971,class_19430
service_971,class_19431
service_971,class_19432
service_971,class_19433
service_971,class_19434
service_971,class_19435
service_971,class_19436
service_971,class_19437
service_971,class_19438
service_971,class_19439
service_972,class_19440
service_972,class_19441
service_972,class_19442
service_972,class_19443
service_972,class_19444
service_972,class_19445
service_972,class_19446
service_972,class_19447
service_972,class_19448
service_972,class_19449
service_972,class_19450
service_972,class_19451
service_972,class_19452
service_972,class_19453
service_972,class_19454
service_972,class_19455
service_972,class_19456
service_972,class_19457
service_972,class_19458
service_972,class_19459
service_973,class_19460
service_973,class_19461
service_973,class_19462
service_973,class_19463
service_973,class_19464
service_973,class_19465
service_973,class_19466
service_973,class_19467
service_973,class_19468
service_973,class_19469
service_973,class_19470
service_973,class_19471
service_973,class_19472
service_973,class_19473
service_973,class_19474
service_973,class_19475
service_973,class_19476
service_973,class_19477
service_973,class_19478
service_973,class_19479
service_974,class_19480
service_974,class_19481
service_974,class_19482
service_974,class_19483
service_974,class_19484
service_974,class_19485
service_974,class_19486
service_974,class_19487
service_974,class_19488
service_974,class_19489
service_974,class_19490
service_974,class_19491
service_974,class_19492
service_974,class_19493
service_974,class_19494
service_974,class_19495
service_974,class_19496
service_974,class_19497
service_974,class_19498
service_974,class_19499
service_975,class_19500
service_975,class_19501
service_975,class_19502
service_975,class_19503
service_975,class_19504
service_975,class_19505
service_975,class_19506
service_975,class_19507
service_975,class_19508
service_975,class_19509
service_975,class_19510
service_975,class_19511
service_975,class_19512
service_975,class_19513
service_975,class_19514
service_975,class_19515
service_975,class_19516
service_975,class_19517
service_975,class_19518
service_975,class_19519
service_976,class_19520
service_976,class_19521
service_976,class_19522
service_976,class_19523
service_976,class_19524
service_976,class_19525
service_976,class_19526
service_976,class_19527
service_976,class_19528
service_976,class_19529
service_976,class_19530
service_976,class_19531
service_976,class_19532
service_976,class_19533
service_976,class_19534
service_976,class_19535
service_976,class_19536
service_976,class_19537
service_976,class_19538
service_976,class_19539
service_977,class_19540
service_977,class_19541
service_977,class_19542
service_977,class_19543
service_977,class_19544
service_977,class_19545
service_977,class_19546
service_977,class_19547
service_977,class_19548
service_977,class_19549
service_977,class_19550
service_977,class_19551
service_977,class_19552
service_977,class_19553
service_977,class_19554
service_977,class_19555
service_977,class_19556
service_977,class_19557
service_977,class_19558
service_977,class_19559
service_978,class_19560
service_978,class_19561
service_978,class_19562
service_978,class_19563
service_978,class_19564
service_978,class_19565
service_978,class_19566
service_978,class_19567
service_978,class_19568
service_978,class_19569
service_978,class_19570
service_978,class_19571
service_978,class_19572
service_978,class_19573
service_978,class_19574
service_978,class_19575
service_978,class_19576
service_978,class_19577
service_978,class_19578
service_978,class_19579
service_979,class_19580
service_979,class_19581
service_979,class_19582
service_979,class_19583
service_979,class_19584
service_979,class_19585
service_979,class_19586
service_979,class_19587
service_979,class_19588
service_979,class_19589
service_979,class_19590
service_979,class_19591
service_979,class_19592
service_979,class_19593
service_979,class_19594
service_979,class_19595
service_979,class_19596
service_979,class_19597
service_979,class_19598
service_979,class_19599
service_980,class_19600
service_980,class_19601
service_980,class_19602
service_980,class_19603
service_980,class_19604
service_980,class_19605
service_980,class_19606
service_980,class_19607
service_980,class_19608
service_980,class_19609
service_980,class_19610
service_980,class_19611
service_980,class_19612
service_980,class_19613
service_980,class_19614
service_980,class_19615
service_980,class_19616
service_980,class_19617
service_980,class_19618
service_980,class_19619
service_981,class_19620
service_981,class_19621
service_981,class_19622
service_981,class_19623
service_981,class_19624
service_981,class_19625
service_981,class_19626
service_981,class_19627
service_981,class_19628
service_981,class_19629
service_981,class_19630
service_981,class_19631
service_981,class_19632
service_981,class_19633
service_981,class_19634
service_981,class_19635
service_981,class_19636
service_981,class_19637
service_981,class_19638
service_981,class_19639
service_982,class_19640
service_982,class_19641
service_982,class_19642
service_982,class_19643
service_982,class_19644
service_982,class_19645
service_982,class_19646
service_982,class_19647
service_982,class_19648
service_982,class_19649
service_982,class_19650
service_982,class_19651
service_982,class_19652
service_982,class_19653
service_982,class_19654
service_982,class_19655
service_982,class_19656
service_982,class_19657
service_982,class_19658
service_982,class_19659
service_983,class_19660
service_983,class_19661
service_983,class_19662
service_983,class_19663
service_983,class_19664
service_983,class_19665
service_983,class_19666
service_983,class_19667
service_983,class_19668
service_983,class_19669
service_983,class_19670
service_983,class_19671
service_983,class_19672
service_983,class_19673
service_983,class_19674
service_983,class_19675
service_983,class_19676
service_983,class_19677
service_983,class_19678
service_983,class_19679
service_984,class_19680
service_984,class_19681
service_984,class_19682
service_984,class_19683
service_984,class_19684
service_984,class_19685
service_984,class_19686
service_984,class_19687
service_984,class_19688
service_984,class_19689
service_984,class_19690
service_984,class_19691
service_984,class_19692
service_984,class_19693
service_984,class_19694
service_984,class_19695
service_984,class_19696
service_984,class_19697
service_984,class_19698
service_984,class_19699
service_985,class_19700
service_985,class_19701
service_985,class_19702
service_985,class_19703
service_985,class_19704
service_985,class_19705
service_985,class_19706
service_985,class_19707
service_985,class_19708
service_985,class_19709
service_985,class_19710
service_985,class_19711
service_985,class_19712
service_985,class_19713
service_985,class_19714
service_985,class_19715
service_985,class_19716
service_985,class_19717
service_985,class_19718
service_985,class_19719
service_986,class_19720
service_986,class_19721
service_986,class_19722
service_986,class_19723
service_986,class_19724
service_986,class_19725
service_986,class_19726
service_986,class_19727
service_986,class_19728
service_986,class_19729
service_986,class_19730
service_986,class_19731
service_986,class_19732
service_986,class_19733
service_986,class_19734
service_986,class_19735
service_986,class_19736
service_986,class_19737
service_986,class_19738
service_986,class_19739
service_987,class_19740
service_987,class_19741
service_987,class_19742
service_987,class_19743
service_987,class_19744
service_987,class_19745
service_987,class_19746
service_987,class_19747
service_987,class_19748
service_987,class_19749
service_987,class_19750
service_987,class_19751
service_987,class_19752
service_987,class_19753
service_987,class_19754
service_987,class_19755
service_987,class_19756
service_987,class_19757
service_987,class_19758
service_987,class_19759
service_988,class_19760
service_988,class_19761
service_988,class_19762
service_988,class_19763
service_988,class_19764
service_988,class_19765
service_988,class_19766
service_988,class_19767
service_988,class_19768
service_988,class_19769
service_988,class_19770
service_988,class_19771
service_988,class_19772
service_988,class_19773
service_988,class_19774
service_988,class_19775
service_988,class_19776
service_988,class_19777
service_988,class_19778
service_988,class_19779
service_989,class_19780
service_989,class_19781
service_989,class_19782
service_989,class_19783
service_989,class_19784
service_989,class_19785
service_989,class_19786
service_989,class_19787
service_989,class_19788
service_989,class_19789
service_989,class_19790
service_989,class_19791
service_989,class_19792
service_989,class_19793
service_989,class_19794
service_989,class_19795
service_989,class_19796
service_989,class_19797
service_989,class_19798
service_989,class_19799
service_990,class_19800
service_990,class_19801
service_990,class_19802
service_990,class_19803
service_990,class_19804
service_990,class_19805
service_990,class_19806
service_990,class_19807
service_990,class_19808
service_990,class_19809
service_990,class_19810
service_990,class_19811
service_990,class_19812
service_990,class_19813
service_990,class_19814
service_990,class_19815
service_990,class_19816
service_990,class_19817
service_990,class_19818
service_990,class_19819
service_991,class_19820
service_991,class_19821
service_991,class_19822
service_991,class_19823
service_991,class_19824
service_991,class_19825
service_991,class_19826
service_991,class_19827
service_991,class_19828
service_991,class_19829
service_991,class_19830
service_991,class_19831
service_991,class_19832
service_991,class_19833
service_991,class_19834
service_991,class_19835
service_991,class_19836
service_991,class_19837
service_991,class_19838
service_991,class_19839
service_992,class_19840
service_992,class_19841
service_992,class_19842
service_992,class_19843
service_992,class_19844
service_992,class_19845
service_992,class_19846
service_992,class_19847
service_992,class_19848
service_992,class_19849
service_992,class_19850
service_992,class_19851
service_992,class_19852
service_992,class_19853
service_992,class_19854
service_992,class_19855
service_992,class_19856
service_992,class_19857
service_992,class_19858
service_992,class_19859
service_993,class_19860
service_993,class_19861
service_993,class_19862
service_993,class_19863
service_993,class_19864
service_993,class_19865
service_993,class_19866
service_993,class_19867
service_993,class_19868
service_993,class_19869
service_993,class_19870
service_993,class_19871
service_993,class_19872
service_993,class_19873
service_993,class_19874
service_993,class_19875
service_993,class_19876
service_993,class_19877
service_993,class_19878
service_993,class_19879
service_994,class_19880
service_994,class_19881
service_994,class_19882
service_994,class_19883
service_994,class_19884
service_994,class_19885
service_994,class_19886
service_994,class_19887
service_994,class_19888
service_994,class_19889
service_994,class_19890
service_994,class_19891
service_994,class_19892
service_994,class_19893
service_994,class_19894
service_994,class_19895
service_994,class_19896
service_994,class_19897
service_994,class_19898
service_994,class_19899
service_995,class_19900
service_995,class_19901
service_995,class_19902
service_995,class_19903
service_995,class_19904
service_995,class_19905
service_995,class_19906
service_995,class_19907
service_995,class_19908
service_995,class_19909
service_995,class_19910
service_995,class_19911
service_995,class_19912
service_995,class_19913
service_995,class_19914
service_995,class_19915
service_995,class_19916
service_995,class_19917
service_995,class_19918
service_995,class_19919
service_996,class_19920
service_996,class_19921
service_996,class_19922
service_996,class_19923
service_996,class_19924
service_996,class_19925
service_996,class_19926
service_996,class_19927
service_996,class_19928
service_996,class_19929
service_996,class_19930
service_996,class_19931
service_996,class_19932
service_996,class_19933
service_996,class_19934
service_996,class_19935
service_996,class_19936
service_996,class_19937
service_996,class_19938
service_996,class_19939
service_997,class_19940
service_997,class_19941
service_997,class_19942
service_997,class_19943
service_997,class_19944
service_997,class_19945
service_997,class_19946
service_997,class_19947
service_997,class_19948
service_997,class_19949
service_997,class_19950
service_997,class_19951
service_997,class_19952
service_997,class_19953
service_997,class_19954
service_997,class_19955
service_997,class_19956
service_997,class_19957
service_997,class_19958
service_997,class_19959
service_998,class_19960
service_998,class_19961
service_998,class_19962
service_998,class_19963
service_998,class_19964
service_998,class_19965
service_998,class_19966
service_998,class_19967
service_998,class_19968
service_998,class_19969
service_998,class_19970
service_998,class_19971
service_998,class_19972
service_998,class_19973
service_998,class_19974
service_998,class_19975
service_998,class_19976
service_998,class_19977
service_998,class_19978
service_998,class_19979
service_999,class_19980
service_999,class_19981
service_999,class_19982
service_999,class_19983
service_999,class_19984
service_999,class_19985
service_999,class_19986
service_999,class_19987
service_999,class_19988
service_999,class_19989
service_999,class_19990
service_999,class_19991
service_999,class_19992
service_999,class_19993
service_999,class_19994
service_999,class_19995
service_999,class_19996
service_999,class_19997
service_999,class_19998
service_999,class_19999
