from,to
class_0,class_13
class_1,class_20
class_10,class_83
class_100,class_713
class_1000,class_7013
class_10000,class_10013
class_10001,class_10020
class_10002,class_10027
class_10003,class_10034
class_10004,class_10041
class_10005,class_10048
class_10006,class_10055
class_10007,class_10062
class_10008,class_10069
class_10009,class_10076
class_1001,class_7020
class_10010,class_10083
class_10011,class_10090
class_10012,class_10097
class_10013,class_10104
class_10014,class_10111
class_10015,class_10118
class_10016,class_10125
class_10017,class_10132
class_10018,class_10139
class_10019,class_10146
class_1002,class_7027
class_10020,class_10153
class_10021,class_10160
class_10022,class_10167
class_10023,class_10174
class_10024,class_10181
class_10025,class_10188
class_10026,class_10195
class_10027,class_10202
class_10028,class_10209
class_10029,class_10216
class_1003,class_7034
class_10030,class_10223
class_10031,class_10230
class_10032,class_10237
class_10033,class_10244
class_10034,class_10251
class_10035,class_10258
class_10036,class_10265
class_10037,class_10272
class_10038,class_10279
class_10039,class_10286
class_1004,class_7041
class_10040,class_10293
class_10041,class_10300
class_10042,class_10307
class_10043,class_10314
class_10044,class_10321
class_10045,class_10328
class_10046,class_10335
class_10047,class_10342
class_10048,class_10349
class_10049,class_10356
class_1005,class_7048
class_10050,class_10363
class_10051,class_10370
class_10052,class_10377
class_10053,class_10384
class_10054,class_10391
class_10055,class_10398
class_10056,class_10405
class_10057,class_10412
class_10058,class_10419
class_10059,class_10426
class_1006,class_7055
class_10060,class_10433
class_10061,class_10440
class_10062,class_10447
class_10063,class_10454
class_10064,class_10461
class_10065,class_10468
class_10066,class_10475
class_10067,class_10482
class_10068,class_10489
class_10069,class_10496
class_1007,class_7062
class_10070,class_10503
class_10071,class_10510
class_10072,class_10517
class_10073,class_10524
class_10074,class_10531
class_10075,class_10538
class_10076,class_10545
class_10077,class_10552
class_10078,class_10559
class_10079,class_10566
class_1008,class_7069
class_10080,class_10573
class_10081,class_10580
class_10082,class_10587
class_10083,class_10594
class_10084,class_10601
class_10085,class_10608
class_10086,class_10615
class_10087,class_10622
class_10088,class_10629
class_10089,class_10636
class_1009,class_7076
class_10090,class_10643
class_10091,class_10650
class_10092,class_10657
class_10093,class_10664
class_10094,class_10671
class_10095,class_10678
class_10096,class_10685
class_10097,class_10692
class_10098,class_10699
class_10099,class_10706
class_101,class_720
class_1010,class_7083
class_10100,class_10713
class_10101,class_10720
class_10102,class_10727
class_10103,class_10734
class_10104,class_10741
class_10105,class_10748
class_10106,class_10755
class_10107,class_10762
class_10108,class_10769
class_10109,class_10776
class_1011,class_7090
class_10110,class_10783
class_10111,class_10790
class_10112,class_10797
class_10113,class_10804
class_10114,class_10811
class_10115,class_10818
class_10116,class_10825
class_10117,class_10832
class_10118,class_10839
class_10119,class_10846
class_1012,class_7097
class_10120,class_10853
class_10121,class_10860
class_10122,class_10867
class_10123,class_10874
class_10124,class_10881
class_10125,class_10888
class_10126,class_10895
class_10127,class_10902
class_10128,class_10909
class_10129,class_10916
class_1013,class_7104
class_10130,class_10923
class_10131,class_10930
class_10132,class_10937
class_10133,class_10944
class_10134,class_10951
class_10135,class_10958
class_10136,class_10965
class_10137,class_10972
class_10138,class_10979
class_10139,class_10986
class_1014,class_7111
class_10140,class_10993
class_10141,class_11000
class_10142,class_11007
class_10143,class_11014
class_10144,class_11021
class_10145,class_11028
class_10146,class_11035
class_10147,class_11042
class_10148,class_11049
class_10149,class_11056
class_1015,class_7118
class_10150,class_11063
class_10151,class_11070
class_10152,class_11077
class_10153,class_11084
class_10154,class_11091
class_10155,class_11098
class_10156,class_11105
class_10157,class_11112
class_10158,class_11119
class_10159,class_11126
class_1016,class_7125
class_10160,class_11133
class_10161,class_11140
class_10162,class_11147
class_10163,class_11154
class_10164,class_11161
class_10165,class_11168
class_10166,class_11175
class_10167,class_11182
class_10168,class_11189
class_10169,class_11196
class_1017,class_7132
class_10170,class_11203
class_10171,class_11210
class_10172,class_11217
class_10173,class_11224
class_10174,class_11231
class_10175,class_11238
class_10176,class_11245
class_10177,class_11252
class_10178,class_11259
class_10179,class_11266
class_1018,class_7139
class_10180,class_11273
class_10181,class_11280
class_10182,class_11287
class_10183,class_11294
class_10184,class_11301
class_10185,class_11308
class_10186,class_11315
class_10187,class_11322
class_10188,class_11329
class_10189,class_11336
class_1019,class_7146
class_10190,class_11343
class_10191,class_11350
class_10192,class_11357
class_10193,class_11364
class_10194,class_11371
class_10195,class_11378
class_10196,class_11385
class_10197,class_11392
class_10198,class_11399
class_10199,class_11406
class_102,class_727
class_1020,class_7153
class_10200,class_11413
class_10201,class_11420
class_10202,class_11427
class_10203,class_11434
class_10204,class_11441
class_10205,class_11448
class_10206,class_11455
class_10207,class_11462
class_10208,class_11469
class_10209,class_11476
class_1021,class_7160
class_10210,class_11483
class_10211,class_11490
class_10212,class_11497
class_10213,class_11504
class_10214,class_11511
class_10215,class_11518
class_10216,class_11525
class_10217,class_11532
class_10218,class_11539
class_10219,class_11546
class_1022,class_7167
class_10220,class_11553
class_10221,class_11560
class_10222,class_11567
class_10223,class_11574
class_10224,class_11581
class_10225,class_11588
class_10226,class_11595
class_10227,class_11602
class_10228,class_11609
class_10229,class_11616
class_1023,class_7174
class_10230,class_11623
class_10231,class_11630
class_10232,class_11637
class_10233,class_11644
class_10234,class_11651
class_10235,class_11658
class_10236,class_11665
class_10237,class_11672
class_10238,class_11679
class_10239,class_11686
class_1024,class_7181
class_10240,class_11693
class_10241,class_11700
class_10242,class_11707
class_10243,class_11714
class_10244,class_11721
class_10245,class_11728
class_10246,class_11735
class_10247,class_11742
class_10248,class_11749
class_10249,class_11756
class_1025,class_7188
class_10250,class_11763
class_10251,class_11770
class_10252,class_11777
class_10253,class_11784
class_10254,class_11791
class_10255,class_11798
class_10256,class_11805
class_10257,class_11812
class_10258,class_11819
class_10259,class_11826
class_1026,class_7195
class_10260,class_11833
class_10261,class_11840
class_10262,class_11847
class_10263,class_11854
class_10264,class_11861
class_10265,class_11868
class_10266,class_11875
class_10267,class_11882
class_10268,class_11889
class_10269,class_11896
class_1027,class_7202
class_10270,class_11903
class_10271,class_11910
class_10272,class_11917
class_10273,class_11924
class_10274,class_11931
class_10275,class_11938
class_10276,class_11945
class_10277,class_11952
class_10278,class_11959
class_10279,class_11966
class_1028,class_7209
class_10280,class_11973
class_10281,class_11980
class_10282,class_11987
class_10283,class_11994
class_10284,class_12001
class_10285,class_12008
class_10286,class_12015
class_10287,class_12022
class_10288,class_12029
class_10289,class_12036
class_1029,class_7216
class_10290,class_12043
class_10291,class_12050
class_10292,class_12057
class_10293,class_12064
class_10294,class_12071
class_10295,class_12078
class_10296,class_12085
class_10297,class_12092
class_10298,class_12099
class_10299,class_12106
class_103,class_734
class_1030,class_7223
class_10300,class_12113
class_10301,class_12120
class_10302,class_12127
class_10303,class_12134
class_10304,class_12141
class_10305,class_12148
class_10306,class_12155
class_10307,class_12162
class_10308,class_12169
class_10309,class_12176
class_1031,class_7230
class_10310,class_12183
class_10311,class_12190
class_10312,class_12197
class_10313,class_12204
class_10314,class_12211
class_10315,class_12218
class_10316,class_12225
class_10317,class_12232
class_10318,class_12239
class_10319,class_12246
class_1032,class_7237
class_10320,class_12253
class_10321,class_12260
class_10322,class_12267
class_10323,class_12274
class_10324,class_12281
class_10325,class_12288
class_10326,class_12295
class_10327,class_12302
class_10328,class_12309
class_10329,class_12316
class_1033,class_7244
class_10330,class_12323
class_10331,class_12330
class_10332,class_12337
class_10333,class_12344
class_10334,class_12351
class_10335,class_12358
class_10336,class_12365
class_10337,class_12372
class_10338,class_12379
class_10339,class_12386
class_1034,class_7251
class_10340,class_12393
class_10341,class_12400
class_10342,class_12407
class_10343,class_12414
class_10344,class_12421
class_10345,class_12428
class_10346,class_12435
class_10347,class_12442
class_10348,class_12449
class_10349,class_12456
class_1035,class_7258
class_10350,class_12463
class_10351,class_12470
class_10352,class_12477
class_10353,class_12484
class_10354,class_12491
class_10355,class_12498
class_10356,class_12505
class_10357,class_12512
class_10358,class_12519
class_10359,class_12526
class_1036,class_7265
class_10360,class_12533
class_10361,class_12540
class_10362,class_12547
class_10363,class_12554
class_10364,class_12561
class_10365,class_12568
class_10366,class_12575
class_10367,class_12582
class_10368,class_12589
class_10369,class_12596
class_1037,class_7272
class_10370,class_12603
class_10371,class_12610
class_10372,class_12617
class_10373,class_12624
class_10374,class_12631
class_10375,class_12638
class_10376,class_12645
class_10377,class_12652
class_10378,class_12659
class_10379,class_12666
class_1038,class_7279
class_10380,class_12673
class_10381,class_12680
class_10382,class_12687
class_10383,class_12694
class_10384,class_12701
class_10385,class_12708
class_10386,class_12715
class_10387,class_12722
class_10388,class_12729
class_10389,class_12736
class_1039,class_7286
class_10390,class_12743
class_10391,class_12750
class_10392,class_12757
class_10393,class_12764
class_10394,class_12771
class_10395,class_12778
class_10396,class_12785
class_10397,class_12792
class_10398,class_12799
class_10399,class_12806
class_104,class_741
class_1040,class_7293
class_10400,class_12813
class_10401,class_12820
class_10402,class_12827
class_10403,class_12834
class_10404,class_12841
class_10405,class_12848
class_10406,class_12855
class_10407,class_12862
class_10408,class_12869
class_10409,class_12876
class_1041,class_7300
class_10410,class_12883
class_10411,class_12890
class_10412,class_12897
class_10413,class_12904
class_10414,class_12911
class_10415,class_12918
class_10416,class_12925
class_10417,class_12932
class_10418,class_12939
class_10419,class_12946
class_1042,class_7307
class_10420,class_12953
class_10421,class_12960
class_10422,class_12967
class_10423,class_12974
class_10424,class_12981
class_10425,class_12988
class_10426,class_12995
class_10427,class_13002
class_10428,class_13009
class_10429,class_13016
class_1043,class_7314
class_10430,class_13023
class_10431,class_13030
class_10432,class_13037
class_10433,class_13044
class_10434,class_13051
class_10435,class_13058
class_10436,class_13065
class_10437,class_13072
class_10438,class_13079
class_10439,class_13086
class_1044,class_7321
class_10440,class_13093
class_10441,class_13100
class_10442,class_13107
class_10443,class_13114
class_10444,class_13121
class_10445,class_13128
class_10446,class_13135
class_10447,class_13142
class_10448,class_13149
class_10449,class_13156
class_1045,class_7328
class_10450,class_13163
class_10451,class_13170
class_10452,class_13177
class_10453,class_13184
class_10454,class_13191
class_10455,class_13198
class_10456,class_13205
class_10457,class_13212
class_10458,class_13219
class_10459,class_13226
class_1046,class_7335
class_10460,class_13233
class_10461,class_13240
class_10462,class_13247
class_10463,class_13254
class_10464,class_13261
class_10465,class_13268
class_10466,class_13275
class_10467,class_13282
class_10468,class_13289
class_10469,class_13296
class_1047,class_7342
class_10470,class_13303
class_10471,class_13310
class_10472,class_13317
class_10473,class_13324
class_10474,class_13331
class_10475,class_13338
class_10476,class_13345
class_10477,class_13352
class_10478,class_13359
class_10479,class_13366
class_1048,class_7349
class_10480,class_13373
class_10481,class_13380
class_10482,class_13387
class_10483,class_13394
class_10484,class_13401
class_10485,class_13408
class_10486,class_13415
class_10487,class_13422
class_10488,class_13429
class_10489,class_13436
class_1049,class_7356
class_10490,class_13443
class_10491,class_13450
class_10492,class_13457
class_10493,class_13464
class_10494,class_13471
class_10495,class_13478
class_10496,class_13485
class_10497,class_13492
class_10498,class_13499
class_10499,class_13506
class_105,class_748
class_1050,class_7363
class_10500,class_13513
class_10501,class_13520
class_10502,class_13527
class_10503,class_13534
class_10504,class_13541
class_10505,class_13548
class_10506,class_13555
class_10507,class_13562
class_10508,class_13569
class_10509,class_13576
class_1051,class_7370
class_10510,class_13583
class_10511,class_13590
class_10512,class_13597
class_10513,class_13604
class_10514,class_13611
class_10515,class_13618
class_10516,class_13625
class_10517,class_13632
class_10518,class_13639
class_10519,class_13646
class_1052,class_7377
class_10520,class_13653
class_10521,class_13660
class_10522,class_13667
class_10523,class_13674
class_10524,class_13681
class_10525,class_13688
class_10526,class_13695
class_10527,class_13702
class_10528,class_13709
class_10529,class_13716
class_1053,class_7384
class_10530,class_13723
class_10531,class_13730
class_10532,class_13737
class_10533,class_13744
class_10534,class_13751
class_10535,class_13758
class_10536,class_13765
class_10537,class_13772
class_10538,class_13779
class_10539,class_13786
class_1054,class_7391
class_10540,class_13793
class_10541,class_13800
class_10542,class_13807
class_10543,class_13814
class_10544,class_13821
class_10545,class_13828
class_10546,class_13835
class_10547,class_13842
class_10548,class_13849
class_10549,class_13856
class_1055,class_7398
class_10550,class_13863
class_10551,class_13870
class_10552,class_13877
class_10553,class_13884
class_10554,class_13891
class_10555,class_13898
class_10556,class_13905
class_10557,class_13912
class_10558,class_13919
class_10559,class_13926
class_1056,class_7405
class_10560,class_13933
class_10561,class_13940
class_10562,class_13947
class_10563,class_13954
class_10564,class_13961
class_10565,class_13968
class_10566,class_13975
class_10567,class_13982
class_10568,class_13989
class_10569,class_13996
class_1057,class_7412
class_10570,class_14003
class_10571,class_14010
class_10572,class_14017
class_10573,class_14024
class_10574,class_14031
class_10575,class_14038
class_10576,class_14045
class_10577,class_14052
class_10578,class_14059
class_10579,class_14066
class_1058,class_7419
class_10580,class_14073
class_10581,class_14080
class_10582,class_14087
class_10583,class_14094
class_10584,class_14101
class_10585,class_14108
class_10586,class_14115
class_10587,class_14122
class_10588,class_14129
class_10589,class_14136
class_1059,class_7426
class_10590,class_14143
class_10591,class_14150
class_10592,class_14157
class_10593,class_14164
class_10594,class_14171
class_10595,class_14178
class_10596,class_14185
class_10597,class_14192
class_10598,class_14199
class_10599,class_14206
class_106,class_755
class_1060,class_7433
class_10600,class_14213
class_10601,class_14220
class_10602,class_14227
class_10603,class_14234
class_10604,class_14241
class_10605,class_14248
class_10606,class_14255
class_10607,class_14262
class_10608,class_14269
class_10609,class_14276
class_1061,class_7440
class_10610,class_14283
class_10611,class_14290
class_10612,class_14297
class_10613,class_14304
class_10614,class_14311
class_10615,class_14318
class_10616,class_14325
class_10617,class_14332
class_10618,class_14339
class_10619,class_14346
class_1062,class_7447
class_10620,class_14353
class_10621,class_14360
class_10622,class_14367
class_10623,class_14374
class_10624,class_14381
class_10625,class_14388
class_10626,class_14395
class_10627,class_14402
class_10628,class_14409
class_10629,class_14416
class_1063,class_7454
class_10630,class_14423
class_10631,class_14430
class_10632,class_14437
class_10633,class_14444
class_10634,class_14451
class_10635,class_14458
class_10636,class_14465
class_10637,class_14472
class_10638,class_14479
class_10639,class_14486
class_1064,class_7461
class_10640,class_14493
class_10641,class_14500
class_10642,class_14507
class_10643,class_14514
class_10644,class_14521
class_10645,class_14528
class_10646,class_14535
class_10647,class_14542
class_10648,class_14549
class_10649,class_14556
class_1065,class_7468
class_10650,class_14563
class_10651,class_14570
class_10652,class_14577
class_10653,class_14584
class_10654,class_14591
class_10655,class_14598
class_10656,class_14605
class_10657,class_14612
class_10658,class_14619
class_10659,class_14626
class_1066,class_7475
class_10660,class_14633
class_10661,class_14640
class_10662,class_14647
class_10663,class_14654
class_10664,class_14661
class_10665,class_14668
class_10666,class_14675
class_10667,class_14682
class_10668,class_14689
class_10669,class_14696
class_1067,class_7482
class_10670,class_14703
class_10671,class_14710
class_10672,class_14717
class_10673,class_14724
class_10674,class_14731
class_10675,class_14738
class_10676,class_14745
class_10677,class_14752
class_10678,class_14759
class_10679,class_14766
class_1068,class_7489
class_10680,class_14773
class_10681,class_14780
class_10682,class_14787
class_10683,class_14794
class_10684,class_14801
class_10685,class_14808
class_10686,class_14815
class_10687,class_14822
class_10688,class_14829
class_10689,class_14836
class_1069,class_7496
class_10690,class_14843
class_10691,class_14850
class_10692,class_14857
class_10693,class_14864
class_10694,class_14871
class_10695,class_14878
class_10696,class_14885
class_10697,class_14892
class_10698,class_14899
class_10699,class_14906
class_107,class_762
class_1070,class_7503
class_10700,class_14913
class_10701,class_14920
class_10702,class_14927
class_10703,class_14934
class_10704,class_14941
class_10705,class_14948
class_10706,class_14955
class_10707,class_14962
class_10708,class_14969
class_10709,class_14976
class_1071,class_7510
class_10710,class_14983
class_10711,class_14990
class_10712,class_14997
class_10713,class_15004
class_10714,class_15011
class_10715,class_15018
class_10716,class_15025
class_10717,class_15032
class_10718,class_15039
class_10719,class_15046
class_1072,class_7517
class_10720,class_15053
class_10721,class_15060
class_10722,class_15067
class_10723,class_15074
class_10724,class_15081
class_10725,class_15088
class_10726,class_15095
class_10727,class_15102
class_10728,class_15109
class_10729,class_15116
class_1073,class_7524
class_10730,class_15123
class_10731,class_15130
class_10732,class_15137
class_10733,class_15144
class_10734,class_15151
class_10735,class_15158
class_10736,class_15165
class_10737,class_15172
class_10738,class_15179
class_10739,class_15186
class_1074,class_7531
class_10740,class_15193
class_10741,class_15200
class_10742,class_15207
class_10743,class_15214
class_10744,class_15221
class_10745,class_15228
class_10746,class_15235
class_10747,class_15242
class_10748,class_15249
class_10749,class_15256
class_1075,class_7538
class_10750,class_15263
class_10751,class_15270
class_10752,class_15277
class_10753,class_15284
class_10754,class_15291
class_10755,class_15298
class_10756,class_15305
class_10757,class_15312
class_10758,class_15319
class_10759,class_15326
class_1076,class_7545
class_10760,class_15333
class_10761,class_15340
class_10762,class_15347
class_10763,class_15354
class_10764,class_15361
class_10765,class_15368
class_10766,class_15375
class_10767,class_15382
class_10768,class_15389
class_10769,class_15396
class_1077,class_7552
class_10770,class_15403
class_10771,class_15410
class_10772,class_15417
class_10773,class_15424
class_10774,class_15431
class_10775,class_15438
class_10776,class_15445
class_10777,class_15452
class_10778,class_15459
class_10779,class_15466
class_1078,class_7559
class_10780,class_15473
class_10781,class_15480
class_10782,class_15487
class_10783,class_15494
class_10784,class_15501
class_10785,class_15508
class_10786,class_15515
class_10787,class_15522
class_10788,class_15529
class_10789,class_15536
class_1079,class_7566
class_10790,class_15543
class_10791,class_15550
class_10792,class_15557
class_10793,class_15564
class_10794,class_15571
class_10795,class_15578
class_10796,class_15585
class_10797,class_15592
class_10798,class_15599
class_10799,class_15606
class_108,class_769
class_1080,class_7573
class_10800,class_15613
class_10801,class_15620
class_10802,class_15627
class_10803,class_15634
class_10804,class_15641
class_10805,class_15648
class_10806,class_15655
class_10807,class_15662
class_10808,class_15669
class_10809,class_15676
class_1081,class_7580
class_10810,class_15683
class_10811,class_15690
class_10812,class_15697
class_10813,class_15704
class_10814,class_15711
class_10815,class_15718
class_10816,class_15725
class_10817,class_15732
class_10818,class_15739
class_10819,class_15746
class_1082,class_7587
class_10820,class_15753
class_10821,class_15760
class_10822,class_15767
class_10823,class_15774
class_10824,class_15781
class_10825,class_15788
class_10826,class_15795
class_10827,class_15802
class_10828,class_15809
class_10829,class_15816
class_1083,class_7594
class_10830,class_15823
class_10831,class_15830
class_10832,class_15837
class_10833,class_15844
class_10834,class_15851
class_10835,class_15858
class_10836,class_15865
class_10837,class_15872
class_10838,class_15879
class_10839,class_15886
class_1084,class_7601
class_10840,class_15893
class_10841,class_15900
class_10842,class_15907
class_10843,class_15914
class_10844,class_15921
class_10845,class_15928
class_10846,class_15935
class_10847,class_15942
class_10848,class_15949
class_10849,class_15956
class_1085,class_7608
class_10850,class_15963
class_10851,class_15970
class_10852,class_15977
class_10853,class_15984
class_10854,class_15991
class_10855,class_15998
class_10856,class_16005
class_10857,class_16012
class_10858,class_16019
class_10859,class_16026
class_1086,class_7615
class_10860,class_16033
class_10861,class_16040
class_10862,class_16047
class_10863,class_16054
class_10864,class_16061
class_10865,class_16068
class_10866,class_16075
class_10867,class_16082
class_10868,class_16089
class_10869,class_16096
class_1087,class_7622
class_10870,class_16103
class_10871,class_16110
class_10872,class_16117
class_10873,class_16124
class_10874,class_16131
class_10875,class_16138
class_10876,class_16145
class_10877,class_16152
class_10878,class_16159
class_10879,class_16166
class_1088,class_7629
class_10880,class_16173
class_10881,class_16180
class_10882,class_16187
class_10883,class_16194
class_10884,class_16201
class_10885,class_16208
class_10886,class_16215
class_10887,class_16222
class_10888,class_16229
class_10889,class_16236
class_1089,class_7636
class_10890,class_16243
class_10891,class_16250
class_10892,class_16257
class_10893,class_16264
class_10894,class_16271
class_10895,class_16278
class_10896,class_16285
class_10897,class_16292
class_10898,class_16299
class_10899,class_16306
class_109,class_776
class_1090,class_7643
class_10900,class_16313
class_10901,class_16320
class_10902,class_16327
class_10903,class_16334
class_10904,class_16341
class_10905,class_16348
class_10906,class_16355
class_10907,class_16362
class_10908,class_16369
class_10909,class_16376
class_1091,class_7650
class_10910,class_16383
class_10911,class_16390
class_10912,class_16397
class_10913,class_16404
class_10914,class_16411
class_10915,class_16418
class_10916,class_16425
class_10917,class_16432
class_10918,class_16439
class_10919,class_16446
class_1092,class_7657
class_10920,class_16453
class_10921,class_16460
class_10922,class_16467
class_10923,class_16474
class_10924,class_16481
class_10925,class_16488
class_10926,class_16495
class_10927,class_16502
class_10928,class_16509
class_10929,class_16516
class_1093,class_7664
class_10930,class_16523
class_10931,class_16530
class_10932,class_16537
class_10933,class_16544
class_10934,class_16551
class_10935,class_16558
class_10936,class_16565
class_10937,class_16572
class_10938,class_16579
class_10939,class_16586
class_1094,class_7671
class_10940,class_16593
class_10941,class_16600
class_10942,class_16607
class_10943,class_16614
class_10944,class_16621
class_10945,class_16628
class_10946,class_16635
class_10947,class_16642
class_10948,class_16649
class_10949,class_16656
class_1095,class_7678
class_10950,class_16663
class_10951,class_16670
class_10952,class_16677
class_10953,class_16684
class_10954,class_16691
class_10955,class_16698
class_10956,class_16705
class_10957,class_16712
class_10958,class_16719
class_10959,class_16726
class_1096,class_7685
class_10960,class_16733
class_10961,class_16740
class_10962,class_16747
class_10963,class_16754
class_10964,class_16761
class_10965,class_16768
class_10966,class_16775
class_10967,class_16782
class_10968,class_16789
class_10969,class_16796
class_1097,class_7692
class_10970,class_16803
class_10971,class_16810
class_10972,class_16817
class_10973,class_16824
class_10974,class_16831
class_10975,class_16838
class_10976,class_16845
class_10977,class_16852
class_10978,class_16859
class_10979,class_16866
class_1098,class_7699
class_10980,class_16873
class_10981,class_16880
class_10982,class_16887
class_10983,class_16894
class_10984,class_16901
class_10985,class_16908
class_10986,class_16915
class_10987,class_16922
class_10988,class_16929
class_10989,class_16936
class_1099,class_7706
class_10990,class_16943
class_10991,class_16950
class_10992,class_16957
class_10993,class_16964
class_10994,class_16971
class_10995,class_16978
class_10996,class_16985
class_10997,class_16992
class_10998,class_16999
class_10999,class_17006
class_11,class_90
class_110,class_783
class_1100,class_7713
class_11000,class_17013
class_11001,class_17020
class_11002,class_17027
class_11003,class_17034
class_11004,class_17041
class_11005,class_17048
class_11006,class_17055
class_11007,class_17062
class_11008,class_17069
class_11009,class_17076
class_1101,class_7720
class_11010,class_17083
class_11011,class_17090
class_11012,class_17097
class_11013,class_17104
class_11014,class_17111
class_11015,class_17118
class_11016,class_17125
class_11017,class_17132
class_11018,class_17139
class_11019,class_17146
class_1102,class_7727
class_11020,class_17153
class_11021,class_17160
class_11022,class_17167
class_11023,class_17174
class_11024,class_17181
class_11025,class_17188
class_11026,class_17195
class_11027,class_17202
class_11028,class_17209
class_11029,class_17216
class_1103,class_7734
class_11030,class_17223
class_11031,class_17230
class_11032,class_17237
class_11033,class_17244
class_11034,class_17251
class_11035,class_17258
class_11036,class_17265
class_11037,class_17272
class_11038,class_17279
class_11039,class_17286
class_1104,class_7741
class_11040,class_17293
class_11041,class_17300
class_11042,class_17307
class_11043,class_17314
class_11044,class_17321
class_11045,class_17328
class_11046,class_17335
class_11047,class_17342
class_11048,class_17349
class_11049,class_17356
class_1105,class_7748
class_11050,class_17363
class_11051,class_17370
class_11052,class_17377
class_11053,class_17384
class_11054,class_17391
class_11055,class_17398
class_11056,class_17405
class_11057,class_17412
class_11058,class_17419
class_11059,class_17426
class_1106,class_7755
class_11060,class_17433
class_11061,class_17440
class_11062,class_17447
class_11063,class_17454
class_11064,class_17461
class_11065,class_17468
class_11066,class_17475
class_11067,class_17482
class_11068,class_17489
class_11069,class_17496
class_1107,class_7762
class_11070,class_17503
class_11071,class_17510
class_11072,class_17517
class_11073,class_17524
class_11074,class_17531
class_11075,class_17538
class_11076,class_17545
class_11077,class_17552
class_11078,class_17559
class_11079,class_17566
class_1108,class_7769
class_11080,class_17573
class_11081,class_17580
class_11082,class_17587
class_11083,class_17594
class_11084,class_17601
class_11085,class_17608
class_11086,class_17615
class_11087,class_17622
class_11088,class_17629
class_11089,class_17636
class_1109,class_7776
class_11090,class_17643
class_11091,class_17650
class_11092,class_17657
class_11093,class_17664
class_11094,class_17671
class_11095,class_17678
class_11096,class_17685
class_11097,class_17692
class_11098,class_17699
class_11099,class_17706
class_111,class_790
class_1110,class_7783
class_11100,class_17713
class_11101,class_17720
class_11102,class_17727
class_11103,class_17734
class_11104,class_17741
class_11105,class_17748
class_11106,class_17755
class_11107,class_17762
class_11108,class_17769
class_11109,class_17776
class_1111,class_7790
class_11110,class_17783
class_11111,class_17790
class_11112,class_17797
class_11113,class_17804
class_11114,class_17811
class_11115,class_17818
class_11116,class_17825
class_11117,class_17832
class_11118,class_17839
class_11119,class_17846
class_1112,class_7797
class_11120,class_17853
class_11121,class_17860
class_11122,class_17867
class_11123,class_17874
class_11124,class_17881
class_11125,class_17888
class_11126,class_17895
class_11127,class_17902
class_11128,class_17909
class_11129,class_17916
class_1113,class_7804
class_11130,class_17923
class_11131,class_17930
class_11132,class_17937
class_11133,class_17944
class_11134,class_17951
class_11135,class_17958
class_11136,class_17965
class_11137,class_17972
class_11138,class_17979
class_11139,class_17986
class_1114,class_7811
class_11140,class_17993
class_11141,class_18000
class_11142,class_18007
class_11143,class_18014
class_11144,class_18021
class_11145,class_18028
class_11146,class_18035
class_11147,class_18042
class_11148,class_18049
class_11149,class_18056
class_1115,class_7818
class_11150,class_18063
class_11151,class_18070
class_11152,class_18077
class_11153,class_18084
class_11154,class_18091
class_11155,class_18098
class_11156,class_18105
class_11157,class_18112
class_11158,class_18119
class_11159,class_18126
class_1116,class_7825
class_11160,class_18133
class_11161,class_18140
class_11162,class_18147
class_11163,class_18154
class_11164,class_18161
class_11165,class_18168
class_11166,class_18175
class_11167,class_18182
class_11168,class_18189
class_11169,class_18196
class_1117,class_7832
class_11170,class_18203
class_11171,class_18210
class_11172,class_18217
class_11173,class_18224
class_11174,class_18231
class_11175,class_18238
class_11176,class_18245
class_11177,class_18252
class_11178,class_18259
class_11179,class_18266
class_1118,class_7839
class_11180,class_18273
class_11181,class_18280
class_11182,class_18287
class_11183,class_18294
class_11184,class_18301
class_11185,class_18308
class_11186,class_18315
class_11187,class_18322
class_11188,class_18329
class_11189,class_18336
class_1119,class_7846
class_11190,class_18343
class_11191,class_18350
class_11192,class_18357
class_11193,class_18364
class_11194,class_18371
class_11195,class_18378
class_11196,class_18385
class_11197,class_18392
class_11198,class_18399
class_11199,class_18406
class_112,class_797
class_1120,class_7853
class_11200,class_18413
class_11201,class_18420
class_11202,class_18427
class_11203,class_18434
class_11204,class_18441
class_11205,class_18448
class_11206,class_18455
class_11207,class_18462
class_11208,class_18469
class_11209,class_18476
class_1121,class_7860
class_11210,class_18483
class_11211,class_18490
class_11212,class_18497
class_11213,class_18504
class_11214,class_18511
class_11215,class_18518
class_11216,class_18525
class_11217,class_18532
class_11218,class_18539
class_11219,class_18546
class_1122,class_7867
class_11220,class_18553
class_11221,class_18560
class_11222,class_18567
class_11223,class_18574
class_11224,class_18581
class_11225,class_18588
class_11226,class_18595
class_11227,class_18602
class_11228,class_18609
class_11229,class_18616
class_1123,class_7874
class_11230,class_18623
class_11231,class_18630
class_11232,class_18637
class_11233,class_18644
class_11234,class_18651
class_11235,class_18658
class_11236,class_18665
class_11237,class_18672
class_11238,class_18679
class_11239,class_18686
class_1124,class_7881
class_11240,class_18693
class_11241,class_18700
class_11242,class_18707
class_11243,class_18714
class_11244,class_18721
class_11245,class_18728
class_11246,class_18735
class_11247,class_18742
class_11248,class_18749
class_11249,class_18756
class_1125,class_7888
class_11250,class_18763
class_11251,class_18770
class_11252,class_18777
class_11253,class_18784
class_11254,class_18791
class_11255,class_18798
class_11256,class_18805
class_11257,class_18812
class_11258,class_18819
class_11259,class_18826
class_1126,class_7895
class_11260,class_18833
class_11261,class_18840
class_11262,class_18847
class_11263,class_18854
class_11264,class_18861
class_11265,class_18868
class_11266,class_18875
class_11267,class_18882
class_11268,class_18889
class_11269,class_18896
class_1127,class_7902
class_11270,class_18903
class_11271,class_18910
class_11272,class_18917
class_11273,class_18924
class_11274,class_18931
class_11275,class_18938
class_11276,class_18945
class_11277,class_18952
class_11278,class_18959
class_11279,class_18966
class_1128,class_7909
class_11280,class_18973
class_11281,class_18980
class_11282,class_18987
class_11283,class_18994
class_11284,class_19001
class_11285,class_19008
class_11286,class_19015
class_11287,class_19022
class_11288,class_19029
class_11289,class_19036
class_1129,class_7916
class_11290,class_19043
class_11291,class_19050
class_11292,class_19057
class_11293,class_19064
class_11294,class_19071
class_11295,class_19078
class_11296,class_19085
class_11297,class_19092
class_11298,class_19099
class_11299,class_19106
class_113,class_804
class_1130,class_7923
class_11300,class_19113
class_11301,class_19120
class_11302,class_19127
class_11303,class_19134
class_11304,class_19141
class_11305,class_19148
class_11306,class_19155
class_11307,class_19162
class_11308,class_19169
class_11309,class_19176
class_1131,class_7930
class_11310,class_19183
class_11311,class_19190
class_11312,class_19197
class_11313,class_19204
class_11314,class_19211
class_11315,class_19218
class_11316,class_19225
class_11317,class_19232
class_11318,class_19239
class_11319,class_19246
class_1132,class_7937
class_11320,class_19253
class_11321,class_19260
class_11322,class_19267
class_11323,class_19274
class_11324,class_19281
class_11325,class_19288
class_11326,class_19295
class_11327,class_19302
class_11328,class_19309
class_11329,class_19316
class_1133,class_7944
class_11330,class_19323
class_11331,class_19330
class_11332,class_19337
class_11333,class_19344
class_11334,class_19351
class_11335,class_19358
class_11336,class_19365
class_11337,class_19372
class_11338,class_19379
class_11339,class_19386
class_1134,class_7951
class_11340,class_19393
class_11341,class_19400
class_11342,class_19407
class_11343,class_19414
class_11344,class_19421
class_11345,class_19428
class_11346,class_19435
class_11347,class_19442
class_11348,class_19449
class_11349,class_19456
class_1135,class_7958
class_11350,class_19463
class_11351,class_19470
class_11352,class_19477
class_11353,class_19484
class_11354,class_19491
class_11355,class_19498
class_11356,class_19505
class_11357,class_19512
class_11358,class_19519
class_11359,class_19526
class_1136,class_7965
class_11360,class_19533
class_11361,class_19540
class_11362,class_19547
class_11363,class_19554
class_11364,class_19561
class_11365,class_19568
class_11366,class_19575
class_11367,class_19582
class_11368,class_19589
class_11369,class_19596
class_1137,class_7972
class_11370,class_19603
class_11371,class_19610
class_11372,class_19617
class_11373,class_19624
class_11374,class_19631
class_11375,class_19638
class_11376,class_19645
class_11377,class_19652
class_11378,class_19659
class_11379,class_19666
class_1138,class_7979
class_11380,class_19673
class_11381,class_19680
class_11382,class_19687
class_11383,class_19694
class_11384,class_19701
class_11385,class_19708
class_11386,class_19715
class_11387,class_19722
class_11388,class_19729
class_11389,class_19736
class_1139,class_7986
class_11390,class_19743
class_11391,class_19750
class_11392,class_19757
class_11393,class_19764
class_11394,class_19771
class_11395,class_19778
class_11396,class_19785
class_11397,class_19792
class_11398,class_19799
class_11399,class_19806
class_114,class_811
class_1140,class_7993
class_11400,class_19813
class_11401,class_19820
class_11402,class_19827
class_11403,class_19834
class_11404,class_19841
class_11405,class_19848
class_11406,class_19855
class_11407,class_19862
class_11408,class_19869
class_11409,class_19876
class_1141,class_8000
class_11410,class_19883
class_11411,class_19890
class_11412,class_19897
class_11413,class_19904
class_11414,class_19911
class_11415,class_19918
class_11416,class_19925
class_11417,class_19932
class_11418,class_19939
class_11419,class_19946
class_1142,class_8007
class_11420,class_19953
class_11421,class_19960
class_11422,class_19967
class_11423,class_19974
class_11424,class_19981
class_11425,class_19988
class_11426,class_19995
class_11427,class_2
class_11428,class_9
class_11429,class_16
class_1143,class_8014
class_11430,class_23
class_11431,class_30
class_11432,class_37
class_11433,class_44
class_11434,class_51
class_11435,class_58
class_11436,class_65
class_11437,class_72
class_11438,class_79
class_11439,class_86
class_1144,class_8021
class_11440,class_93
class_11441,class_100
class_11442,class_107
class_11443,class_114
class_11444,class_121
class_11445,class_128
class_11446,class_135
class_11447,class_142
class_11448,class_149
class_11449,class_156
class_1145,class_8028
class_11450,class_163
class_11451,class_170
class_11452,class_177
class_11453,class_184
class_11454,class_191
class_11455,class_198
class_11456,class_205
class_11457,class_212
class_11458,class_219
class_11459,class_226
class_1146,class_8035
class_11460,class_233
class_11461,class_240
class_11462,class_247
class_11463,class_254
class_11464,class_261
class_11465,class_268
class_11466,class_275
class_11467,class_282
class_11468,class_289
class_11469,class_296
class_1147,class_8042
class_11470,class_303
class_11471,class_310
class_11472,class_317
class_11473,class_324
class_11474,class_331
class_11475,class_338
class_11476,class_345
class_11477,class_352
class_11478,class_359
class_11479,class_366
class_1148,class_8049
class_11480,class_373
class_11481,class_380
class_11482,class_387
class_11483,class_394
class_11484,class_401
class_11485,class_408
class_11486,class_415
class_11487,class_422
class_11488,class_429
class_11489,class_436
class_1149,class_8056
class_11490,class_443
class_11491,class_450
class_11492,class_457
class_11493,class_464
class_11494,class_471
class_11495,class_478
class_11496,class_485
class_11497,class_492
class_11498,class_499
class_11499,class_506
class_115,class_818
class_1150,class_8063
class_11500,class_513
class_11501,class_520
class_11502,class_527
class_11503,class_534
class_11504,class_541
class_11505,class_548
class_11506,class_555
class_11507,class_562
class_11508,class_569
class_11509,class_576
class_1151,class_8070
class_11510,class_583
class_11511,class_590
class_11512,class_597
class_11513,class_604
class_11514,class_611
class_11515,class_618
class_11516,class_625
class_11517,class_632
class_11518,class_639
class_11519,class_646
class_1152,class_8077
class_11520,class_653
class_11521,class_660
class_11522,class_667
class_11523,class_674
class_11524,class_681
class_11525,class_688
class_11526,class_695
class_11527,class_702
class_11528,class_709
class_11529,class_716
class_1153,class_8084
class_11530,class_723
class_11531,class_730
class_11532,class_737
class_11533,class_744
class_11534,class_751
class_11535,class_758
class_11536,class_765
class_11537,class_772
class_11538,class_779
class_11539,class_786
class_1154,class_8091
class_11540,class_793
class_11541,class_800
class_11542,class_807
class_11543,class_814
class_11544,class_821
class_11545,class_828
class_11546,class_835
class_11547,class_842
class_11548,class_849
class_11549,class_856
class_1155,class_8098
class_11550,class_863
class_11551,class_870
class_11552,class_877
class_11553,class_884
class_11554,class_891
class_11555,class_898
class_11556,class_905
class_11557,class_912
class_11558,class_919
class_11559,class_926
class_1156,class_8105
class_11560,class_933
class_11561,class_940
class_11562,class_947
class_11563,class_954
class_11564,class_961
class_11565,class_968
class_11566,class_975
class_11567,class_982
class_11568,class_989
class_11569,class_996
class_1157,class_8112
class_11570,class_1003
class_11571,class_1010
class_11572,class_1017
class_11573,class_1024
class_11574,class_1031
class_11575,class_1038
class_11576,class_1045
class_11577,class_1052
class_11578,class_1059
class_11579,class_1066
class_1158,class_8119
class_11580,class_1073
class_11581,class_1080
class_11582,class_1087
class_11583,class_1094
class_11584,class_1101
class_11585,class_1108
class_11586,class_1115
class_11587,class_1122
class_11588,class_1129
class_11589,class_1136
class_1159,class_8126
class_11590,class_1143
class_11591,class_1150
class_11592,class_1157
class_11593,class_1164
class_11594,class_1171
class_11595,class_1178
class_11596,class_1185
class_11597,class_1192
class_11598,class_1199
class_11599,class_1206
class_116,class_825
class_1160,class_8133
class_11600,class_1213
class_11601,class_1220
class_11602,class_1227
class_11603,class_1234
class_11604,class_1241
class_11605,class_1248
class_11606,class_1255
class_11607,class_1262
class_11608,class_1269
class_11609,class_1276
class_1161,class_8140
class_11610,class_1283
class_11611,class_1290
class_11612,class_1297
class_11613,class_1304
class_11614,class_1311
class_11615,class_1318
class_11616,class_1325
class_11617,class_1332
class_11618,class_1339
class_11619,class_1346
class_1162,class_8147
class_11620,class_1353
class_11621,class_1360
class_11622,class_1367
class_11623,class_1374
class_11624,class_1381
class_11625,class_1388
class_11626,class_1395
class_11627,class_1402
class_11628,class_1409
class_11629,class_1416
class_1163,class_8154
class_11630,class_1423
class_11631,class_1430
class_11632,class_1437
class_11633,class_1444
class_11634,class_1451
class_11635,class_1458
class_11636,class_1465
class_11637,class_1472
class_11638,class_1479
class_11639,class_1486
class_1164,class_8161
class_11640,class_1493
class_11641,class_1500
class_11642,class_1507
class_11643,class_1514
class_11644,class_1521
class_11645,class_1528
class_11646,class_1535
class_11647,class_1542
class_11648,class_1549
class_11649,class_1556
class_1165,class_8168
class_11650,class_1563
class_11651,class_1570
class_11652,class_1577
class_11653,class_1584
class_11654,class_1591
class_11655,class_1598
class_11656,class_1605
class_11657,class_1612
class_11658,class_1619
class_11659,class_1626
class_1166,class_8175
class_11660,class_1633
class_11661,class_1640
class_11662,class_1647
class_11663,class_1654
class_11664,class_1661
class_11665,class_1668
class_11666,class_1675
class_11667,class_1682
class_11668,class_1689
class_11669,class_1696
class_1167,class_8182
class_11670,class_1703
class_11671,class_1710
class_11672,class_1717
class_11673,class_1724
class_11674,class_1731
class_11675,class_1738
class_11676,class_1745
class_11677,class_1752
class_11678,class_1759
class_11679,class_1766
class_1168,class_8189
class_11680,class_1773
class_11681,class_1780
class_11682,class_1787
class_11683,class_1794
class_11684,class_1801
class_11685,class_1808
class_11686,class_1815
class_11687,class_1822
class_11688,class_1829
class_11689,class_1836
class_1169,class_8196
class_11690,class_1843
class_11691,class_1850
class_11692,class_1857
class_11693,class_1864
class_11694,class_1871
class_11695,class_1878
class_11696,class_1885
class_11697,class_1892
class_11698,class_1899
class_11699,class_1906
class_117,class_832
class_1170,class_8203
class_11700,class_1913
class_11701,class_1920
class_11702,class_1927
class_11703,class_1934
class_11704,class_1941
class_11705,class_1948
class_11706,class_1955
class_11707,class_1962
class_11708,class_1969
class_11709,class_1976
class_1171,class_8210
class_11710,class_1983
class_11711,class_1990
class_11712,class_1997
class_11713,class_2004
class_11714,class_2011
class_11715,class_2018
class_11716,class_2025
class_11717,class_2032
class_11718,class_2039
class_11719,class_2046
class_1172,class_8217
class_11720,class_2053
class_11721,class_2060
class_11722,class_2067
class_11723,class_2074
class_11724,class_2081
class_11725,class_2088
class_11726,class_2095
class_11727,class_2102
class_11728,class_2109
class_11729,class_2116
class_1173,class_8224
class_11730,class_2123
class_11731,class_2130
class_11732,class_2137
class_11733,class_2144
class_11734,class_2151
class_11735,class_2158
class_11736,class_2165
class_11737,class_2172
class_11738,class_2179
class_11739,class_2186
class_1174,class_8231
class_11740,class_2193
class_11741,class_2200
class_11742,class_2207
class_11743,class_2214
class_11744,class_2221
class_11745,class_2228
class_11746,class_2235
class_11747,class_2242
class_11748,class_2249
class_11749,class_2256
class_1175,class_8238
class_11750,class_2263
class_11751,class_2270
class_11752,class_2277
class_11753,class_2284
class_11754,class_2291
class_11755,class_2298
class_11756,class_2305
class_11757,class_2312
class_11758,class_2319
class_11759,class_2326
class_1176,class_8245
class_11760,class_2333
class_11761,class_2340
class_11762,class_2347
class_11763,class_2354
class_11764,class_2361
class_11765,class_2368
class_11766,class_2375
class_11767,class_2382
class_11768,class_2389
class_11769,class_2396
class_1177,class_8252
class_11770,class_2403
class_11771,class_2410
class_11772,class_2417
class_11773,class_2424
class_11774,class_2431
class_11775,class_2438
class_11776,class_2445
class_11777,class_2452
class_11778,class_2459
class_11779,class_2466
class_1178,class_8259
class_11780,class_2473
class_11781,class_2480
class_11782,class_2487
class_11783,class_2494
class_11784,class_2501
class_11785,class_2508
class_11786,class_2515
class_11787,class_2522
class_11788,class_2529
class_11789,class_2536
class_1179,class_8266
class_11790,class_2543
class_11791,class_2550
class_11792,class_2557
class_11793,class_2564
class_11794,class_2571
class_11795,class_2578
class_11796,class_2585
class_11797,class_2592
class_11798,class_2599
class_11799,class_2606
class_118,class_839
class_1180,class_8273
class_11800,class_2613
class_11801,class_2620
class_11802,class_2627
class_11803,class_2634
class_11804,class_2641
class_11805,class_2648
class_11806,class_2655
class_11807,class_2662
class_11808,class_2669
class_11809,class_2676
class_1181,class_8280
class_11810,class_2683
class_11811,class_2690
class_11812,class_2697
class_11813,class_2704
class_11814,class_2711
class_11815,class_2718
class_11816,class_2725
class_11817,class_2732
class_11818,class_2739
class_11819,class_2746
class_1182,class_8287
class_11820,class_2753
class_11821,class_2760
class_11822,class_2767
class_11823,class_2774
class_11824,class_2781
class_11825,class_2788
class_11826,class_2795
class_11827,class_2802
class_11828,class_2809
class_11829,class_2816
class_1183,class_8294
class_11830,class_2823
class_11831,class_2830
class_11832,class_2837
class_11833,class_2844
class_11834,class_2851
class_11835,class_2858
class_11836,class_2865
class_11837,class_2872
class_11838,class_2879
class_11839,class_2886
class_1184,class_8301
class_11840,class_2893
class_11841,class_2900
class_11842,class_2907
class_11843,class_2914
class_11844,class_2921
class_11845,class_2928
class_11846,class_2935
class_11847,class_2942
class_11848,class_2949
class_11849,class_2956
class_1185,class_8308
class_11850,class_2963
class_11851,class_2970
class_11852,class_2977
class_11853,class_2984
class_11854,class_2991
class_11855,class_2998
class_11856,class_3005
class_11857,class_3012
class_11858,class_3019
class_11859,class_3026
class_1186,class_8315
class_11860,class_3033
class_11861,class_3040
class_11862,class_3047
class_11863,class_3054
class_11864,class_3061
class_11865,class_3068
class_11866,class_3075
class_11867,class_3082
class_11868,class_3089
class_11869,class_3096
class_1187,class_8322
class_11870,class_3103
class_11871,class_3110
class_11872,class_3117
class_11873,class_3124
class_11874,class_3131
class_11875,class_3138
class_11876,class_3145
class_11877,class_3152
class_11878,class_3159
class_11879,class_3166
class_1188,class_8329
class_11880,class_3173
class_11881,class_3180
class_11882,class_3187
class_11883,class_3194
class_11884,class_3201
class_11885,class_3208
class_11886,class_3215
class_11887,class_3222
class_11888,class_3229
class_11889,class_3236
class_1189,class_8336
class_11890,class_3243
class_11891,class_3250
class_11892,class_3257
class_11893,class_3264
class_11894,class_3271
class_11895,class_3278
class_11896,class_3285
class_11897,class_3292
class_11898,class_3299
class_11899,class_3306
class_119,class_846
class_1190,class_8343
class_11900,class_3313
class_11901,class_3320
class_11902,class_3327
class_11903,class_3334
class_11904,class_3341
class_11905,class_3348
class_11906,class_3355
class_11907,class_3362
class_11908,class_3369
class_11909,class_3376
class_1191,class_8350
class_11910,class_3383
class_11911,class_3390
class_11912,class_3397
class_11913,class_3404
class_11914,class_3411
class_11915,class_3418
class_11916,class_3425
class_11917,class_3432
class_11918,class_3439
class_11919,class_3446
class_1192,class_8357
class_11920,class_3453
class_11921,class_3460
class_11922,class_3467
class_11923,class_3474
class_11924,class_3481
class_11925,class_3488
class_11926,class_3495
class_11927,class_3502
class_11928,class_3509
class_11929,class_3516
class_1193,class_8364
class_11930,class_3523
class_11931,class_3530
class_11932,class_3537
class_11933,class_3544
class_11934,class_3551
class_11935,class_3558
class_11936,class_3565
class_11937,class_3572
class_11938,class_3579
class_11939,class_3586
class_1194,class_8371
class_11940,class_3593
class_11941,class_3600
class_11942,class_3607
class_11943,class_3614
class_11944,class_3621
class_11945,class_3628
class_11946,class_3635
class_11947,class_3642
class_11948,class_3649
class_11949,class_3656
class_1195,class_8378
class_11950,class_3663
class_11951,class_3670
class_11952,class_3677
class_11953,class_3684
class_11954,class_3691
class_11955,class_3698
class_11956,class_3705
class_11957,class_3712
class_11958,class_3719
class_11959,class_3726
class_1196,class_8385
class_11960,class_3733
class_11961,class_3740
class_11962,class_3747
class_11963,class_3754
class_11964,class_3761
class_11965,class_3768
class_11966,class_3775
class_11967,class_3782
class_11968,class_3789
class_11969,class_3796
class_1197,class_8392
class_11970,class_3803
class_11971,class_3810
class_11972,class_3817
class_11973,class_3824
class_11974,class_3831
class_11975,class_3838
class_11976,class_3845
class_11977,class_3852
class_11978,class_3859
class_11979,class_3866
class_1198,class_8399
class_11980,class_3873
class_11981,class_3880
class_11982,class_3887
class_11983,class_3894
class_11984,class_3901
class_11985,class_3908
class_11986,class_3915
class_11987,class_3922
class_11988,class_3929
class_11989,class_3936
class_1199,class_8406
class_11990,class_3943
class_11991,class_3950
class_11992,class_3957
class_11993,class_3964
class_11994,class_3971
class_11995,class_3978
class_11996,class_3985
class_11997,class_3992
class_11998,class_3999
class_11999,class_4006
class_12,class_97
class_120,class_853
class_1200,class_8413
class_12000,class_4013
class_12001,class_4020
class_12002,class_4027
class_12003,class_4034
class_12004,class_4041
class_12005,class_4048
class_12006,class_4055
class_12007,class_4062
class_12008,class_4069
class_12009,class_4076
class_1201,class_8420
class_12010,class_4083
class_12011,class_4090
class_12012,class_4097
class_12013,class_4104
class_12014,class_4111
class_12015,class_4118
class_12016,class_4125
class_12017,class_4132
class_12018,class_4139
class_12019,class_4146
class_1202,class_8427
class_12020,class_4153
class_12021,class_4160
class_12022,class_4167
class_12023,class_4174
class_12024,class_4181
class_12025,class_4188
class_12026,class_4195
class_12027,class_4202
class_12028,class_4209
class_12029,class_4216
class_1203,class_8434
class_12030,class_4223
class_12031,class_4230
class_12032,class_4237
class_12033,class_4244
class_12034,class_4251
class_12035,class_4258
class_12036,class_4265
class_12037,class_4272
class_12038,class_4279
class_12039,class_4286
class_1204,class_8441
class_12040,class_4293
class_12041,class_4300
class_12042,class_4307
class_12043,class_4314
class_12044,class_4321
class_12045,class_4328
class_12046,class_4335
class_12047,class_4342
class_12048,class_4349
class_12049,class_4356
class_1205,class_8448
class_12050,class_4363
class_12051,class_4370
class_12052,class_4377
class_12053,class_4384
class_12054,class_4391
class_12055,class_4398
class_12056,class_4405
class_12057,class_4412
class_12058,class_4419
class_12059,class_4426
class_1206,class_8455
class_12060,class_4433
class_12061,class_4440
class_12062,class_4447
class_12063,class_4454
class_12064,class_4461
class_12065,class_4468
class_12066,class_4475
class_12067,class_4482
class_12068,class_4489
class_12069,class_4496
class_1207,class_8462
class_12070,class_4503
class_12071,class_4510
class_12072,class_4517
class_12073,class_4524
class_12074,class_4531
class_12075,class_4538
class_12076,class_4545
class_12077,class_4552
class_12078,class_4559
class_12079,class_4566
class_1208,class_8469
class_12080,class_4573
class_12081,class_4580
class_12082,class_4587
class_12083,class_4594
class_12084,class_4601
class_12085,class_4608
class_12086,class_4615
class_12087,class_4622
class_12088,class_4629
class_12089,class_4636
class_1209,class_8476
class_12090,class_4643
class_12091,class_4650
class_12092,class_4657
class_12093,class_4664
class_12094,class_4671
class_12095,class_4678
class_12096,class_4685
class_12097,class_4692
class_12098,class_4699
class_12099,class_4706
class_121,class_860
class_1210,class_8483
class_12100,class_4713
class_12101,class_4720
class_12102,class_4727
class_12103,class_4734
class_12104,class_4741
class_12105,class_4748
class_12106,class_4755
class_12107,class_4762
class_12108,class_4769
class_12109,class_4776
class_1211,class_8490
class_12110,class_4783
class_12111,class_4790
class_12112,class_4797
class_12113,class_4804
class_12114,class_4811
class_12115,class_4818
class_12116,class_4825
class_12117,class_4832
class_12118,class_4839
class_12119,class_4846
class_1212,class_8497
class_12120,class_4853
class_12121,class_4860
class_12122,class_4867
class_12123,class_4874
class_12124,class_4881
class_12125,class_4888
class_12126,class_4895
class_12127,class_4902
class_12128,class_4909
class_12129,class_4916
class_1213,class_8504
class_12130,class_4923
class_12131,class_4930
class_12132,class_4937
class_12133,class_4944
class_12134,class_4951
class_12135,class_4958
class_12136,class_4965
class_12137,class_4972
class_12138,class_4979
class_12139,class_4986
class_1214,class_8511
class_12140,class_4993
class_12141,class_5000
class_12142,class_5007
class_12143,class_5014
class_12144,class_5021
class_12145,class_5028
class_12146,class_5035
class_12147,class_5042
class_12148,class_5049
class_12149,class_5056
class_1215,class_8518
class_12150,class_5063
class_12151,class_5070
class_12152,class_5077
class_12153,class_5084
class_12154,class_5091
class_12155,class_5098
class_12156,class_5105
class_12157,class_5112
class_12158,class_5119
class_12159,class_5126
class_1216,class_8525
class_12160,class_5133
class_12161,class_5140
class_12162,class_5147
class_12163,class_5154
class_12164,class_5161
class_12165,class_5168
class_12166,class_5175
class_12167,class_5182
class_12168,class_5189
class_12169,class_5196
class_1217,class_8532
class_12170,class_5203
class_12171,class_5210
class_12172,class_5217
class_12173,class_5224
class_12174,class_5231
class_12175,class_5238
class_12176,class_5245
class_12177,class_5252
class_12178,class_5259
class_12179,class_5266
class_1218,class_8539
class_12180,class_5273
class_12181,class_5280
class_12182,class_5287
class_12183,class_5294
class_12184,class_5301
class_12185,class_5308
class_12186,class_5315
class_12187,class_5322
class_12188,class_5329
class_12189,class_5336
class_1219,class_8546
class_12190,class_5343
class_12191,class_5350
class_12192,class_5357
class_12193,class_5364
class_12194,class_5371
class_12195,class_5378
class_12196,class_5385
class_12197,class_5392
class_12198,class_5399
class_12199,class_5406
class_122,class_867
class_1220,class_8553
class_12200,class_5413
class_12201,class_5420
class_12202,class_5427
class_12203,class_5434
class_12204,class_5441
class_12205,class_5448
class_12206,class_5455
class_12207,class_5462
class_12208,class_5469
class_12209,class_5476
class_1221,class_8560
class_12210,class_5483
class_12211,class_5490
class_12212,class_5497
class_12213,class_5504
class_12214,class_5511
class_12215,class_5518
class_12216,class_5525
class_12217,class_5532
class_12218,class_5539
class_12219,class_5546
class_1222,class_8567
class_12220,class_5553
class_12221,class_5560
class_12222,class_5567
class_12223,class_5574
class_12224,class_5581
class_12225,class_5588
class_12226,class_5595
class_12227,class_5602
class_12228,class_5609
class_12229,class_5616
class_1223,class_8574
class_12230,class_5623
class_12231,class_5630
class_12232,class_5637
class_12233,class_5644
class_12234,class_5651
class_12235,class_5658
class_12236,class_5665
class_12237,class_5672
class_12238,class_5679
class_12239,class_5686
class_1224,class_8581
class_12240,class_5693
class_12241,class_5700
class_12242,class_5707
class_12243,class_5714
class_12244,class_5721
class_12245,class_5728
class_12246,class_5735
class_12247,class_5742
class_12248,class_5749
class_12249,class_5756
class_1225,class_8588
class_12250,class_5763
class_12251,class_5770
class_12252,class_5777
class_12253,class_5784
class_12254,class_5791
class_12255,class_5798
class_12256,class_5805
class_12257,class_5812
class_12258,class_5819
class_12259,class_5826
class_1226,class_8595
class_12260,class_5833
class_12261,class_5840
class_12262,class_5847
class_12263,class_5854
class_12264,class_5861
class_12265,class_5868
class_12266,class_5875
class_12267,class_5882
class_12268,class_5889
class_12269,class_5896
class_1227,class_8602
class_12270,class_5903
class_12271,class_5910
class_12272,class_5917
class_12273,class_5924
class_12274,class_5931
class_12275,class_5938
class_12276,class_5945
class_12277,class_5952
class_12278,class_5959
class_12279,class_5966
class_1228,class_8609
class_12280,class_5973
class_12281,class_5980
class_12282,class_5987
class_12283,class_5994
class_12284,class_6001
class_12285,class_6008
class_12286,class_6015
class_12287,class_6022
class_12288,class_6029
class_12289,class_6036
class_1229,class_8616
class_12290,class_6043
class_12291,class_6050
class_12292,class_6057
class_12293,class_6064
class_12294,class_6071
class_12295,class_6078
class_12296,class_6085
class_12297,class_6092
class_12298,class_6099
class_12299,class_6106
class_123,class_874
class_1230,class_8623
class_12300,class_6113
class_12301,class_6120
class_12302,class_6127
class_12303,class_6134
class_12304,class_6141
class_12305,class_6148
class_12306,class_6155
class_12307,class_6162
class_12308,class_6169
class_12309,class_6176
class_1231,class_8630
class_12310,class_6183
class_12311,class_6190
class_12312,class_6197
class_12313,class_6204
class_12314,class_6211
class_12315,class_6218
class_12316,class_6225
class_12317,class_6232
class_12318,class_6239
class_12319,class_6246
class_1232,class_8637
class_12320,class_6253
class_12321,class_6260
class_12322,class_6267
class_12323,class_6274
class_12324,class_6281
class_12325,class_6288
class_12326,class_6295
class_12327,class_6302
class_12328,class_6309
class_12329,class_6316
class_1233,class_8644
class_12330,class_6323
class_12331,class_6330
class_12332,class_6337
class_12333,class_6344
class_12334,class_6351
class_12335,class_6358
class_12336,class_6365
class_12337,class_6372
class_12338,class_6379
class_12339,class_6386
class_1234,class_8651
class_12340,class_6393
class_12341,class_6400
class_12342,class_6407
class_12343,class_6414
class_12344,class_6421
class_12345,class_6428
class_12346,class_6435
class_12347,class_6442
class_12348,class_6449
class_12349,class_6456
class_1235,class_8658
class_12350,class_6463
class_12351,class_6470
class_12352,class_6477
class_12353,class_6484
class_12354,class_6491
class_12355,class_6498
class_12356,class_6505
class_12357,class_6512
class_12358,class_6519
class_12359,class_6526
class_1236,class_8665
class_12360,class_6533
class_12361,class_6540
class_12362,class_6547
class_12363,class_6554
class_12364,class_6561
class_12365,class_6568
class_12366,class_6575
class_12367,class_6582
class_12368,class_6589
class_12369,class_6596
class_1237,class_8672
class_12370,class_6603
class_12371,class_6610
class_12372,class_6617
class_12373,class_6624
class_12374,class_6631
class_12375,class_6638
class_12376,class_6645
class_12377,class_6652
class_12378,class_6659
class_12379,class_6666
class_1238,class_8679
class_12380,class_6673
class_12381,class_6680
class_12382,class_6687
class_12383,class_6694
class_12384,class_6701
class_12385,class_6708
class_12386,class_6715
class_12387,class_6722
class_12388,class_6729
class_12389,class_6736
class_1239,class_8686
class_12390,class_6743
class_12391,class_6750
class_12392,class_6757
class_12393,class_6764
class_12394,class_6771
class_12395,class_6778
class_12396,class_6785
class_12397,class_6792
class_12398,class_6799
class_12399,class_6806
class_124,class_881
class_1240,class_8693
class_12400,class_6813
class_12401,class_6820
class_12402,class_6827
class_12403,class_6834
class_12404,class_6841
class_12405,class_6848
class_12406,class_6855
class_12407,class_6862
class_12408,class_6869
class_12409,class_6876
class_1241,class_8700
class_12410,class_6883
class_12411,class_6890
class_12412,class_6897
class_12413,class_6904
class_12414,class_6911
class_12415,class_6918
class_12416,class_6925
class_12417,class_6932
class_12418,class_6939
class_12419,class_6946
class_1242,class_8707
class_12420,class_6953
class_12421,class_6960
class_12422,class_6967
class_12423,class_6974
class_12424,class_6981
class_12425,class_6988
class_12426,class_6995
class_12427,class_7002
class_12428,class_7009
class_12429,class_7016
class_1243,class_8714
class_12430,class_7023
class_12431,class_7030
class_12432,class_7037
class_12433,class_7044
class_12434,class_7051
class_12435,class_7058
class_12436,class_7065
class_12437,class_7072
class_12438,class_7079
class_12439,class_7086
class_1244,class_8721
class_12440,class_7093
class_12441,class_7100
class_12442,class_7107
class_12443,class_7114
class_12444,class_7121
class_12445,class_7128
class_12446,class_7135
class_12447,class_7142
class_12448,class_7149
class_12449,class_7156
class_1245,class_8728
class_12450,class_7163
class_12451,class_7170
class_12452,class_7177
class_12453,class_7184
class_12454,class_7191
class_12455,class_7198
class_12456,class_7205
class_12457,class_7212
class_12458,class_7219
class_12459,class_7226
class_1246,class_8735
class_12460,class_7233
class_12461,class_7240
class_12462,class_7247
class_12463,class_7254
class_12464,class_7261
class_12465,class_7268
class_12466,class_7275
class_12467,class_7282
class_12468,class_7289
class_12469,class_7296
class_1247,class_8742
class_12470,class_7303
class_12471,class_7310
class_12472,class_7317
class_12473,class_7324
class_12474,class_7331
class_12475,class_7338
class_12476,class_7345
class_12477,class_7352
class_12478,class_7359
class_12479,class_7366
class_1248,class_8749
class_12480,class_7373
class_12481,class_7380
class_12482,class_7387
class_12483,class_7394
class_12484,class_7401
class_12485,class_7408
class_12486,class_7415
class_12487,class_7422
class_12488,class_7429
class_12489,class_7436
class_1249,class_8756
class_12490,class_7443
class_12491,class_7450
class_12492,class_7457
class_12493,class_7464
class_12494,class_7471
class_12495,class_7478
class_12496,class_7485
class_12497,class_7492
class_12498,class_7499
class_12499,class_7506
class_125,class_888
class_1250,class_8763
class_12500,class_7513
class_12501,class_7520
class_12502,class_7527
class_12503,class_7534
class_12504,class_7541
class_12505,class_7548
class_12506,class_7555
class_12507,class_7562
class_12508,class_7569
class_12509,class_7576
class_1251,class_8770
class_12510,class_7583
class_12511,class_7590
class_12512,class_7597
class_12513,class_7604
class_12514,class_7611
class_12515,class_7618
class_12516,class_7625
class_12517,class_7632
class_12518,class_7639
class_12519,class_7646
class_1252,class_8777
class_12520,class_7653
class_12521,class_7660
class_12522,class_7667
class_12523,class_7674
class_12524,class_7681
class_12525,class_7688
class_12526,class_7695
class_12527,class_7702
class_12528,class_7709
class_12529,class_7716
class_1253,class_8784
class_12530,class_7723
class_12531,class_7730
class_12532,class_7737
class_12533,class_7744
class_12534,class_7751
class_12535,class_7758
class_12536,class_7765
class_12537,class_7772
class_12538,class_7779
class_12539,class_7786
class_1254,class_8791
class_12540,class_7793
class_12541,class_7800
class_12542,class_7807
class_12543,class_7814
class_12544,class_7821
class_12545,class_7828
class_12546,class_7835
class_12547,class_7842
class_12548,class_7849
class_12549,class_7856
class_1255,class_8798
class_12550,class_7863
class_12551,class_7870
class_12552,class_7877
class_12553,class_7884
class_12554,class_7891
class_12555,class_7898
class_12556,class_7905
class_12557,class_7912
class_12558,class_7919
class_12559,class_7926
class_1256,class_8805
class_12560,class_7933
class_12561,class_7940
class_12562,class_7947
class_12563,class_7954
class_12564,class_7961
class_12565,class_7968
class_12566,class_7975
class_12567,class_7982
class_12568,class_7989
class_12569,class_7996
class_1257,class_8812
class_12570,class_8003
class_12571,class_8010
class_12572,class_8017
class_12573,class_8024
class_12574,class_8031
class_12575,class_8038
class_12576,class_8045
class_12577,class_8052
class_12578,class_8059
class_12579,class_8066
class_1258,class_8819
class_12580,class_8073
class_12581,class_8080
class_12582,class_8087
class_12583,class_8094
class_12584,class_8101
class_12585,class_8108
class_12586,class_8115
class_12587,class_8122
class_12588,class_8129
class_12589,class_8136
class_1259,class_8826
class_12590,class_8143
class_12591,class_8150
class_12592,class_8157
class_12593,class_8164
class_12594,class_8171
class_12595,class_8178
class_12596,class_8185
class_12597,class_8192
class_12598,class_8199
class_12599,class_8206
class_126,class_895
class_1260,class_8833
class_12600,class_8213
class_12601,class_8220
class_12602,class_8227
class_12603,class_8234
class_12604,class_8241
class_12605,class_8248
class_12606,class_8255
class_12607,class_8262
class_12608,class_8269
class_12609,class_8276
class_1261,class_8840
class_12610,class_8283
class_12611,class_8290
class_12612,class_8297
class_12613,class_8304
class_12614,class_8311
class_12615,class_8318
class_12616,class_8325
class_12617,class_8332
class_12618,class_8339
class_12619,class_8346
class_1262,class_8847
class_12620,class_8353
class_12621,class_8360
class_12622,class_8367
class_12623,class_8374
class_12624,class_8381
class_12625,class_8388
class_12626,class_8395
class_12627,class_8402
class_12628,class_8409
class_12629,class_8416
class_1263,class_8854
class_12630,class_8423
class_12631,class_8430
class_12632,class_8437
class_12633,class_8444
class_12634,class_8451
class_12635,class_8458
class_12636,class_8465
class_12637,class_8472
class_12638,class_8479
class_12639,class_8486
class_1264,class_8861
class_12640,class_8493
class_12641,class_8500
class_12642,class_8507
class_12643,class_8514
class_12644,class_8521
class_12645,class_8528
class_12646,class_8535
class_12647,class_8542
class_12648,class_8549
class_12649,class_8556
class_1265,class_8868
class_12650,class_8563
class_12651,class_8570
class_12652,class_8577
class_12653,class_8584
class_12654,class_8591
class_12655,class_8598
class_12656,class_8605
class_12657,class_8612
class_12658,class_8619
class_12659,class_8626
class_1266,class_8875
class_12660,class_8633
class_12661,class_8640
class_12662,class_8647
class_12663,class_8654
class_12664,class_8661
class_12665,class_8668
class_12666,class_8675
class_12667,class_8682
class_12668,class_8689
class_12669,class_8696
class_1267,class_8882
class_12670,class_8703
class_12671,class_8710
class_12672,class_8717
class_12673,class_8724
class_12674,class_8731
class_12675,class_8738
class_12676,class_8745
class_12677,class_8752
class_12678,class_8759
class_12679,class_8766
class_1268,class_8889
class_12680,class_8773
class_12681,class_8780
class_12682,class_8787
class_12683,class_8794
class_12684,class_8801
class_12685,class_8808
class_12686,class_8815
class_12687,class_8822
class_12688,class_8829
class_12689,class_8836
class_1269,class_8896
class_12690,class_8843
class_12691,class_8850
class_12692,class_8857
class_12693,class_8864
class_12694,class_8871
class_12695,class_8878
class_12696,class_8885
class_12697,class_8892
class_12698,class_8899
class_12699,class_8906
class_127,class_902
class_1270,class_8903
class_12700,class_8913
class_12701,class_8920
class_12702,class_8927
class_12703,class_8934
class_12704,class_8941
class_12705,class_8948
class_12706,class_8955
class_12707,class_8962
class_12708,class_8969
class_12709,class_8976
class_1271,class_8910
class_12710,class_8983
class_12711,class_8990
class_12712,class_8997
class_12713,class_9004
class_12714,class_9011
class_12715,class_9018
class_12716,class_9025
class_12717,class_9032
class_12718,class_9039
class_12719,class_9046
class_1272,class_8917
class_12720,class_9053
class_12721,class_9060
class_12722,class_9067
class_12723,class_9074
class_12724,class_9081
class_12725,class_9088
class_12726,class_9095
class_12727,class_9102
class_12728,class_9109
class_12729,class_9116
class_1273,class_8924
class_12730,class_9123
class_12731,class_9130
class_12732,class_9137
class_12733,class_9144
class_12734,class_9151
class_12735,class_9158
class_12736,class_9165
class_12737,class_9172
class_12738,class_9179
class_12739,class_9186
class_1274,class_8931
class_12740,class_9193
class_12741,class_9200
class_12742,class_9207
class_12743,class_9214
class_12744,class_9221
class_12745,class_9228
class_12746,class_9235
class_12747,class_9242
class_12748,class_9249
class_12749,class_9256
class_1275,class_8938
class_12750,class_9263
class_12751,class_9270
class_12752,class_9277
class_12753,class_9284
class_12754,class_9291
class_12755,class_9298
class_12756,class_9305
class_12757,class_9312
class_12758,class_9319
class_12759,class_9326
class_1276,class_8945
class_12760,class_9333
class_12761,class_9340
class_12762,class_9347
class_12763,class_9354
class_12764,class_9361
class_12765,class_9368
class_12766,class_9375
class_12767,class_9382
class_12768,class_9389
class_12769,class_9396
class_1277,class_8952
class_12770,class_9403
class_12771,class_9410
class_12772,class_9417
class_12773,class_9424
class_12774,class_9431
class_12775,class_9438
class_12776,class_9445
class_12777,class_9452
class_12778,class_9459
class_12779,class_9466
class_1278,class_8959
class_12780,class_9473
class_12781,class_9480
class_12782,class_9487
class_12783,class_9494
class_12784,class_9501
class_12785,class_9508
class_12786,class_9515
class_12787,class_9522
class_12788,class_9529
class_12789,class_9536
class_1279,class_8966
class_12790,class_9543
class_12791,class_9550
class_12792,class_9557
class_12793,class_9564
class_12794,class_9571
class_12795,class_9578
class_12796,class_9585
class_12797,class_9592
class_12798,class_9599
class_12799,class_9606
class_128,class_909
class_1280,class_8973
class_12800,class_9613
class_12801,class_9620
class_12802,class_9627
class_12803,class_9634
class_12804,class_9641
class_12805,class_9648
class_12806,class_9655
class_12807,class_9662
class_12808,class_9669
class_12809,class_9676
class_1281,class_8980
class_12810,class_9683
class_12811,class_9690
class_12812,class_9697
class_12813,class_9704
class_12814,class_9711
class_12815,class_9718
class_12816,class_9725
class_12817,class_9732
class_12818,class_9739
class_12819,class_9746
class_1282,class_8987
class_12820,class_9753
class_12821,class_9760
class_12822,class_9767
class_12823,class_9774
class_12824,class_9781
class_12825,class_9788
class_12826,class_9795
class_12827,class_9802
class_12828,class_9809
class_12829,class_9816
class_1283,class_8994
class_12830,class_9823
class_12831,class_9830
class_12832,class_9837
class_12833,class_9844
class_12834,class_9851
class_12835,class_9858
class_12836,class_9865
class_12837,class_9872
class_12838,class_9879
class_12839,class_9886
class_1284,class_9001
class_12840,class_9893
class_12841,class_9900
class_12842,class_9907
class_12843,class_9914
class_12844,class_9921
class_12845,class_9928
class_12846,class_9935
class_12847,class_9942
class_12848,class_9949
class_12849,class_9956
class_1285,class_9008
class_12850,class_9963
class_12851,class_9970
class_12852,class_9977
class_12853,class_9984
class_12854,class_9991
class_12855,class_9998
class_12856,class_10005
class_12857,class_10012
class_12858,class_10019
class_12859,class_10026
class_1286,class_9015
class_12860,class_10033
class_12861,class_10040
class_12862,class_10047
class_12863,class_10054
class_12864,class_10061
class_12865,class_10068
class_12866,class_10075
class_12867,class_10082
class_12868,class_10089
class_12869,class_10096
class_1287,class_9022
class_12870,class_10103
class_12871,class_10110
class_12872,class_10117
class_12873,class_10124
class_12874,class_10131
class_12875,class_10138
class_12876,class_10145
class_12877,class_10152
class_12878,class_10159
class_12879,class_10166
class_1288,class_9029
class_12880,class_10173
class_12881,class_10180
class_12882,class_10187
class_12883,class_10194
class_12884,class_10201
class_12885,class_10208
class_12886,class_10215
class_12887,class_10222
class_12888,class_10229
class_12889,class_10236
class_1289,class_9036
class_12890,class_10243
class_12891,class_10250
class_12892,class_10257
class_12893,class_10264
class_12894,class_10271
class_12895,class_10278
class_12896,class_10285
class_12897,class_10292
class_12898,class_10299
class_12899,class_10306
class_129,class_916
class_1290,class_9043
class_12900,class_10313
class_12901,class_10320
class_12902,class_10327
class_12903,class_10334
class_12904,class_10341
class_12905,class_10348
class_12906,class_10355
class_12907,class_10362
class_12908,class_10369
class_12909,class_10376
class_1291,class_9050
class_12910,class_10383
class_12911,class_10390
class_12912,class_10397
class_12913,class_10404
class_12914,class_10411
class_12915,class_10418
class_12916,class_10425
class_12917,class_10432
class_12918,class_10439
class_12919,class_10446
class_1292,class_9057
class_12920,class_10453
class_12921,class_10460
class_12922,class_10467
class_12923,class_10474
class_12924,class_10481
class_12925,class_10488
class_12926,class_10495
class_12927,class_10502
class_12928,class_10509
class_12929,class_10516
class_1293,class_9064
class_12930,class_10523
class_12931,class_10530
class_12932,class_10537
class_12933,class_10544
class_12934,class_10551
class_12935,class_10558
class_12936,class_10565
class_12937,class_10572
class_12938,class_10579
class_12939,class_10586
class_1294,class_9071
class_12940,class_10593
class_12941,class_10600
class_12942,class_10607
class_12943,class_10614
class_12944,class_10621
class_12945,class_10628
class_12946,class_10635
class_12947,class_10642
class_12948,class_10649
class_12949,class_10656
class_1295,class_9078
class_12950,class_10663
class_12951,class_10670
class_12952,class_10677
class_12953,class_10684
class_12954,class_10691
class_12955,class_10698
class_12956,class_10705
class_12957,class_10712
class_12958,class_10719
class_12959,class_10726
class_1296,class_9085
class_12960,class_10733
class_12961,class_10740
class_12962,class_10747
class_12963,class_10754
class_12964,class_10761
class_12965,class_10768
class_12966,class_10775
class_12967,class_10782
class_12968,class_10789
class_12969,class_10796
class_1297,class_9092
class_12970,class_10803
class_12971,class_10810
class_12972,class_10817
class_12973,class_10824
class_12974,class_10831
class_12975,class_10838
class_12976,class_10845
class_12977,class_10852
class_12978,class_10859
class_12979,class_10866
class_1298,class_9099
class_12980,class_10873
class_12981,class_10880
class_12982,class_10887
class_12983,class_10894
class_12984,class_10901
class_12985,class_10908
class_12986,class_10915
class_12987,class_10922
class_12988,class_10929
class_12989,class_10936
class_1299,class_9106
class_12990,class_10943
class_12991,class_10950
class_12992,class_10957
class_12993,class_10964
class_12994,class_10971
class_12995,class_10978
class_12996,class_10985
class_12997,class_10992
class_12998,class_10999
class_12999,class_11006
class_13,class_104
class_130,class_923
class_1300,class_9113
class_13000,class_11013
class_13001,class_11020
class_13002,class_11027
class_13003,class_11034
class_13004,class_11041
class_13005,class_11048
class_13006,class_11055
class_13007,class_11062
class_13008,class_11069
class_13009,class_11076
class_1301,class_9120
class_13010,class_11083
class_13011,class_11090
class_13012,class_11097
class_13013,class_11104
class_13014,class_11111
class_13015,class_11118
class_13016,class_11125
class_13017,class_11132
class_13018,class_11139
class_13019,class_11146
class_1302,class_9127
class_13020,class_11153
class_13021,class_11160
class_13022,class_11167
class_13023,class_11174
class_13024,class_11181
class_13025,class_11188
class_13026,class_11195
class_13027,class_11202
class_13028,class_11209
class_13029,class_11216
class_1303,class_9134
class_13030,class_11223
class_13031,class_11230
class_13032,class_11237
class_13033,class_11244
class_13034,class_11251
class_13035,class_11258
class_13036,class_11265
class_13037,class_11272
class_13038,class_11279
class_13039,class_11286
class_1304,class_9141
class_13040,class_11293
class_13041,class_11300
class_13042,class_11307
class_13043,class_11314
class_13044,class_11321
class_13045,class_11328
class_13046,class_11335
class_13047,class_11342
class_13048,class_11349
class_13049,class_11356
class_1305,class_9148
class_13050,class_11363
class_13051,class_11370
class_13052,class_11377
class_13053,class_11384
class_13054,class_11391
class_13055,class_11398
class_13056,class_11405
class_13057,class_11412
class_13058,class_11419
class_13059,class_11426
class_1306,class_9155
class_13060,class_11433
class_13061,class_11440
class_13062,class_11447
class_13063,class_11454
class_13064,class_11461
class_13065,class_11468
class_13066,class_11475
class_13067,class_11482
class_13068,class_11489
class_13069,class_11496
class_1307,class_9162
class_13070,class_11503
class_13071,class_11510
class_13072,class_11517
class_13073,class_11524
class_13074,class_11531
class_13075,class_11538
class_13076,class_11545
class_13077,class_11552
class_13078,class_11559
class_13079,class_11566
class_1308,class_9169
class_13080,class_11573
class_13081,class_11580
class_13082,class_11587
class_13083,class_11594
class_13084,class_11601
class_13085,class_11608
class_13086,class_11615
class_13087,class_11622
class_13088,class_11629
class_13089,class_11636
class_1309,class_9176
class_13090,class_11643
class_13091,class_11650
class_13092,class_11657
class_13093,class_11664
class_13094,class_11671
class_13095,class_11678
class_13096,class_11685
class_13097,class_11692
class_13098,class_11699
class_13099,class_11706
class_131,class_930
class_1310,class_9183
class_13100,class_11713
class_13101,class_11720
class_13102,class_11727
class_13103,class_11734
class_13104,class_11741
class_13105,class_11748
class_13106,class_11755
class_13107,class_11762
class_13108,class_11769
class_13109,class_11776
class_1311,class_9190
class_13110,class_11783
class_13111,class_11790
class_13112,class_11797
class_13113,class_11804
class_13114,class_11811
class_13115,class_11818
class_13116,class_11825
class_13117,class_11832
class_13118,class_11839
class_13119,class_11846
class_1312,class_9197
class_13120,class_11853
class_13121,class_11860
class_13122,class_11867
class_13123,class_11874
class_13124,class_11881
class_13125,class_11888
class_13126,class_11895
class_13127,class_11902
class_13128,class_11909
class_13129,class_11916
class_1313,class_9204
class_13130,class_11923
class_13131,class_11930
class_13132,class_11937
class_13133,class_11944
class_13134,class_11951
class_13135,class_11958
class_13136,class_11965
class_13137,class_11972
class_13138,class_11979
class_13139,class_11986
class_1314,class_9211
class_13140,class_11993
class_13141,class_12000
class_13142,class_12007
class_13143,class_12014
class_13144,class_12021
class_13145,class_12028
class_13146,class_12035
class_13147,class_12042
class_13148,class_12049
class_13149,class_12056
class_1315,class_9218
class_13150,class_12063
class_13151,class_12070
class_13152,class_12077
class_13153,class_12084
class_13154,class_12091
class_13155,class_12098
class_13156,class_12105
class_13157,class_12112
class_13158,class_12119
class_13159,class_12126
class_1316,class_9225
class_13160,class_12133
class_13161,class_12140
class_13162,class_12147
class_13163,class_12154
class_13164,class_12161
class_13165,class_12168
class_13166,class_12175
class_13167,class_12182
class_13168,class_12189
class_13169,class_12196
class_1317,class_9232
class_13170,class_12203
class_13171,class_12210
class_13172,class_12217
class_13173,class_12224
class_13174,class_12231
class_13175,class_12238
class_13176,class_12245
class_13177,class_12252
class_13178,class_12259
class_13179,class_12266
class_1318,class_9239
class_13180,class_12273
class_13181,class_12280
class_13182,class_12287
class_13183,class_12294
class_13184,class_12301
class_13185,class_12308
class_13186,class_12315
class_13187,class_12322
class_13188,class_12329
class_13189,class_12336
class_1319,class_9246
class_13190,class_12343
class_13191,class_12350
class_13192,class_12357
class_13193,class_12364
class_13194,class_12371
class_13195,class_12378
class_13196,class_12385
class_13197,class_12392
class_13198,class_12399
class_13199,class_12406
class_132,class_937
class_1320,class_9253
class_13200,class_12413
class_13201,class_12420
class_13202,class_12427
class_13203,class_12434
class_13204,class_12441
class_13205,class_12448
class_13206,class_12455
class_13207,class_12462
class_13208,class_12469
class_13209,class_12476
class_1321,class_9260
class_13210,class_12483
class_13211,class_12490
class_13212,class_12497
class_13213,class_12504
class_13214,class_12511
class_13215,class_12518
class_13216,class_12525
class_13217,class_12532
class_13218,class_12539
class_13219,class_12546
class_1322,class_9267
class_13220,class_12553
class_13221,class_12560
class_13222,class_12567
class_13223,class_12574
class_13224,class_12581
class_13225,class_12588
class_13226,class_12595
class_13227,class_12602
class_13228,class_12609
class_13229,class_12616
class_1323,class_9274
class_13230,class_12623
class_13231,class_12630
class_13232,class_12637
class_13233,class_12644
class_13234,class_12651
class_13235,class_12658
class_13236,class_12665
class_13237,class_12672
class_13238,class_12679
class_13239,class_12686
class_1324,class_9281
class_13240,class_12693
class_13241,class_12700
class_13242,class_12707
class_13243,class_12714
class_13244,class_12721
class_13245,class_12728
class_13246,class_12735
class_13247,class_12742
class_13248,class_12749
class_13249,class_12756
class_1325,class_9288
class_13250,class_12763
class_13251,class_12770
class_13252,class_12777
class_13253,class_12784
class_13254,class_12791
class_13255,class_12798
class_13256,class_12805
class_13257,class_12812
class_13258,class_12819
class_13259,class_12826
class_1326,class_9295
class_13260,class_12833
class_13261,class_12840
class_13262,class_12847
class_13263,class_12854
class_13264,class_12861
class_13265,class_12868
class_13266,class_12875
class_13267,class_12882
class_13268,class_12889
class_13269,class_12896
class_1327,class_9302
class_13270,class_12903
class_13271,class_12910
class_13272,class_12917
class_13273,class_12924
class_13274,class_12931
class_13275,class_12938
class_13276,class_12945
class_13277,class_12952
class_13278,class_12959
class_13279,class_12966
class_1328,class_9309
class_13280,class_12973
class_13281,class_12980
class_13282,class_12987
class_13283,class_12994
class_13284,class_13001
class_13285,class_13008
class_13286,class_13015
class_13287,class_13022
class_13288,class_13029
class_13289,class_13036
class_1329,class_9316
class_13290,class_13043
class_13291,class_13050
class_13292,class_13057
class_13293,class_13064
class_13294,class_13071
class_13295,class_13078
class_13296,class_13085
class_13297,class_13092
class_13298,class_13099
class_13299,class_13106
class_133,class_944
class_1330,class_9323
class_13300,class_13113
class_13301,class_13120
class_13302,class_13127
class_13303,class_13134
class_13304,class_13141
class_13305,class_13148
class_13306,class_13155
class_13307,class_13162
class_13308,class_13169
class_13309,class_13176
class_1331,class_9330
class_13310,class_13183
class_13311,class_13190
class_13312,class_13197
class_13313,class_13204
class_13314,class_13211
class_13315,class_13218
class_13316,class_13225
class_13317,class_13232
class_13318,class_13239
class_13319,class_13246
class_1332,class_9337
class_13320,class_13253
class_13321,class_13260
class_13322,class_13267
class_13323,class_13274
class_13324,class_13281
class_13325,class_13288
class_13326,class_13295
class_13327,class_13302
class_13328,class_13309
class_13329,class_13316
class_1333,class_9344
class_13330,class_13323
class_13331,class_13330
class_13332,class_13337
class_13333,class_13344
class_13334,class_13351
class_13335,class_13358
class_13336,class_13365
class_13337,class_13372
class_13338,class_13379
class_13339,class_13386
class_1334,class_9351
class_13340,class_13393
class_13341,class_13400
class_13342,class_13407
class_13343,class_13414
class_13344,class_13421
class_13345,class_13428
class_13346,class_13435
class_13347,class_13442
class_13348,class_13449
class_13349,class_13456
class_1335,class_9358
class_13350,class_13463
class_13351,class_13470
class_13352,class_13477
class_13353,class_13484
class_13354,class_13491
class_13355,class_13498
class_13356,class_13505
class_13357,class_13512
class_13358,class_13519
class_13359,class_13526
class_1336,class_9365
class_13360,class_13533
class_13361,class_13540
class_13362,class_13547
class_13363,class_13554
class_13364,class_13561
class_13365,class_13568
class_13366,class_13575
class_13367,class_13582
class_13368,class_13589
class_13369,class_13596
class_1337,class_9372
class_13370,class_13603
class_13371,class_13610
class_13372,class_13617
class_13373,class_13624
class_13374,class_13631
class_13375,class_13638
class_13376,class_13645
class_13377,class_13652
class_13378,class_13659
class_13379,class_13666
class_1338,class_9379
class_13380,class_13673
class_13381,class_13680
class_13382,class_13687
class_13383,class_13694
class_13384,class_13701
class_13385,class_13708
class_13386,class_13715
class_13387,class_13722
class_13388,class_13729
class_13389,class_13736
class_1339,class_9386
class_13390,class_13743
class_13391,class_13750
class_13392,class_13757
class_13393,class_13764
class_13394,class_13771
class_13395,class_13778
class_13396,class_13785
class_13397,class_13792
class_13398,class_13799
class_13399,class_13806
class_134,class_951
class_1340,class_9393
class_13400,class_13813
class_13401,class_13820
class_13402,class_13827
class_13403,class_13834
class_13404,class_13841
class_13405,class_13848
class_13406,class_13855
class_13407,class_13862
class_13408,class_13869
class_13409,class_13876
class_1341,class_9400
class_13410,class_13883
class_13411,class_13890
class_13412,class_13897
class_13413,class_13904
class_13414,class_13911
class_13415,class_13918
class_13416,class_13925
class_13417,class_13932
class_13418,class_13939
class_13419,class_13946
class_1342,class_9407
class_13420,class_13953
class_13421,class_13960
class_13422,class_13967
class_13423,class_13974
class_13424,class_13981
class_13425,class_13988
class_13426,class_13995
class_13427,class_14002
class_13428,class_14009
class_13429,class_14016
class_1343,class_9414
class_13430,class_14023
class_13431,class_14030
class_13432,class_14037
class_13433,class_14044
class_13434,class_14051
class_13435,class_14058
class_13436,class_14065
class_13437,class_14072
class_13438,class_14079
class_13439,class_14086
class_1344,class_9421
class_13440,class_14093
class_13441,class_14100
class_13442,class_14107
class_13443,class_14114
class_13444,class_14121
class_13445,class_14128
class_13446,class_14135
class_13447,class_14142
class_13448,class_14149
class_13449,class_14156
class_1345,class_9428
class_13450,class_14163
class_13451,class_14170
class_13452,class_14177
class_13453,class_14184
class_13454,class_14191
class_13455,class_14198
class_13456,class_14205
class_13457,class_14212
class_13458,class_14219
class_13459,class_14226
class_1346,class_9435
class_13460,class_14233
class_13461,class_14240
class_13462,class_14247
class_13463,class_14254
class_13464,class_14261
class_13465,class_14268
class_13466,class_14275
class_13467,class_14282
class_13468,class_14289
class_13469,class_14296
class_1347,class_9442
class_13470,class_14303
class_13471,class_14310
class_13472,class_14317
class_13473,class_14324
class_13474,class_14331
class_13475,class_14338
class_13476,class_14345
class_13477,class_14352
class_13478,class_14359
class_13479,class_14366
class_1348,class_9449
class_13480,class_14373
class_13481,class_14380
class_13482,class_14387
class_13483,class_14394
class_13484,class_14401
class_13485,class_14408
class_13486,class_14415
class_13487,class_14422
class_13488,class_14429
class_13489,class_14436
class_1349,class_9456
class_13490,class_14443
class_13491,class_14450
class_13492,class_14457
class_13493,class_14464
class_13494,class_14471
class_13495,class_14478
class_13496,class_14485
class_13497,class_14492
class_13498,class_14499
class_13499,class_14506
class_135,class_958
class_1350,class_9463
class_13500,class_14513
class_13501,class_14520
class_13502,class_14527
class_13503,class_14534
class_13504,class_14541
class_13505,class_14548
class_13506,class_14555
class_13507,class_14562
class_13508,class_14569
class_13509,class_14576
class_1351,class_9470
class_13510,class_14583
class_13511,class_14590
class_13512,class_14597
class_13513,class_14604
class_13514,class_14611
class_13515,class_14618
class_13516,class_14625
class_13517,class_14632
class_13518,class_14639
class_13519,class_14646
class_1352,class_9477
class_13520,class_14653
class_13521,class_14660
class_13522,class_14667
class_13523,class_14674
class_13524,class_14681
class_13525,class_14688
class_13526,class_14695
class_13527,class_14702
class_13528,class_14709
class_13529,class_14716
class_1353,class_9484
class_13530,class_14723
class_13531,class_14730
class_13532,class_14737
class_13533,class_14744
class_13534,class_14751
class_13535,class_14758
class_13536,class_14765
class_13537,class_14772
class_13538,class_14779
class_13539,class_14786
class_1354,class_9491
class_13540,class_14793
class_13541,class_14800
class_13542,class_14807
class_13543,class_14814
class_13544,class_14821
class_13545,class_14828
class_13546,class_14835
class_13547,class_14842
class_13548,class_14849
class_13549,class_14856
class_1355,class_9498
class_13550,class_14863
class_13551,class_14870
class_13552,class_14877
class_13553,class_14884
class_13554,class_14891
class_13555,class_14898
class_13556,class_14905
class_13557,class_14912
class_13558,class_14919
class_13559,class_14926
class_1356,class_9505
class_13560,class_14933
class_13561,class_14940
class_13562,class_14947
class_13563,class_14954
class_13564,class_14961
class_13565,class_14968
class_13566,class_14975
class_13567,class_14982
class_13568,class_14989
class_13569,class_14996
class_1357,class_9512
class_13570,class_15003
class_13571,class_15010
class_13572,class_15017
class_13573,class_15024
class_13574,class_15031
class_13575,class_15038
class_13576,class_15045
class_13577,class_15052
class_13578,class_15059
class_13579,class_15066
class_1358,class_9519
class_13580,class_15073
class_13581,class_15080
class_13582,class_15087
class_13583,class_15094
class_13584,class_15101
class_13585,class_15108
class_13586,class_15115
class_13587,class_15122
class_13588,class_15129
class_13589,class_15136
class_1359,class_9526
class_13590,class_15143
class_13591,class_15150
class_13592,class_15157
class_13593,class_15164
class_13594,class_15171
class_13595,class_15178
class_13596,class_15185
class_13597,class_15192
class_13598,class_15199
class_13599,class_15206
class_136,class_965
class_1360,class_9533
class_13600,class_15213
class_13601,class_15220
class_13602,class_15227
class_13603,class_15234
class_13604,class_15241
class_13605,class_15248
class_13606,class_15255
class_13607,class_15262
class_13608,class_15269
class_13609,class_15276
class_1361,class_9540
class_13610,class_15283
class_13611,class_15290
class_13612,class_15297
class_13613,class_15304
class_13614,class_15311
class_13615,class_15318
class_13616,class_15325
class_13617,class_15332
class_13618,class_15339
class_13619,class_15346
class_1362,class_9547
class_13620,class_15353
class_13621,class_15360
class_13622,class_15367
class_13623,class_15374
class_13624,class_15381
class_13625,class_15388
class_13626,class_15395
class_13627,class_15402
class_13628,class_15409
class_13629,class_15416
class_1363,class_9554
class_13630,class_15423
class_13631,class_15430
class_13632,class_15437
class_13633,class_15444
class_13634,class_15451
class_13635,class_15458
class_13636,class_15465
class_13637,class_15472
class_13638,class_15479
class_13639,class_15486
class_1364,class_9561
class_13640,class_15493
class_13641,class_15500
class_13642,class_15507
class_13643,class_15514
class_13644,class_15521
class_13645,class_15528
class_13646,class_15535
class_13647,class_15542
class_13648,class_15549
class_13649,class_15556
class_1365,class_9568
class_13650,class_15563
class_13651,class_15570
class_13652,class_15577
class_13653,class_15584
class_13654,class_15591
class_13655,class_15598
class_13656,class_15605
class_13657,class_15612
class_13658,class_15619
class_13659,class_15626
class_1366,class_9575
class_13660,class_15633
class_13661,class_15640
class_13662,class_15647
class_13663,class_15654
class_13664,class_15661
class_13665,class_15668
class_13666,class_15675
class_13667,class_15682
class_13668,class_15689
class_13669,class_15696
class_1367,class_9582
class_13670,class_15703
class_13671,class_15710
class_13672,class_15717
class_13673,class_15724
class_13674,class_15731
class_13675,class_15738
class_13676,class_15745
class_13677,class_15752
class_13678,class_15759
class_13679,class_15766
class_1368,class_9589
class_13680,class_15773
class_13681,class_15780
class_13682,class_15787
class_13683,class_15794
class_13684,class_15801
class_13685,class_15808
class_13686,class_15815
class_13687,class_15822
class_13688,class_15829
class_13689,class_15836
class_1369,class_9596
class_13690,class_15843
class_13691,class_15850
class_13692,class_15857
class_13693,class_15864
class_13694,class_15871
class_13695,class_15878
class_13696,class_15885
class_13697,class_15892
class_13698,class_15899
class_13699,class_15906
class_137,class_972
class_1370,class_9603
class_13700,class_15913
class_13701,class_15920
class_13702,class_15927
class_13703,class_15934
class_13704,class_15941
class_13705,class_15948
class_13706,class_15955
class_13707,class_15962
class_13708,class_15969
class_13709,class_15976
class_1371,class_9610
class_13710,class_15983
class_13711,class_15990
class_13712,class_15997
class_13713,class_16004
class_13714,class_16011
class_13715,class_16018
class_13716,class_16025
class_13717,class_16032
class_13718,class_16039
class_13719,class_16046
class_1372,class_9617
class_13720,class_16053
class_13721,class_16060
class_13722,class_16067
class_13723,class_16074
class_13724,class_16081
class_13725,class_16088
class_13726,class_16095
class_13727,class_16102
class_13728,class_16109
class_13729,class_16116
class_1373,class_9624
class_13730,class_16123
class_13731,class_16130
class_13732,class_16137
class_13733,class_16144
class_13734,class_16151
class_13735,class_16158
class_13736,class_16165
class_13737,class_16172
class_13738,class_16179
class_13739,class_16186
class_1374,class_9631
class_13740,class_16193
class_13741,class_16200
class_13742,class_16207
class_13743,class_16214
class_13744,class_16221
class_13745,class_16228
class_13746,class_16235
class_13747,class_16242
class_13748,class_16249
class_13749,class_16256
class_1375,class_9638
class_13750,class_16263
class_13751,class_16270
class_13752,class_16277
class_13753,class_16284
class_13754,class_16291
class_13755,class_16298
class_13756,class_16305
class_13757,class_16312
class_13758,class_16319
class_13759,class_16326
class_1376,class_9645
class_13760,class_16333
class_13761,class_16340
class_13762,class_16347
class_13763,class_16354
class_13764,class_16361
class_13765,class_16368
class_13766,class_16375
class_13767,class_16382
class_13768,class_16389
class_13769,class_16396
class_1377,class_9652
class_13770,class_16403
class_13771,class_16410
class_13772,class_16417
class_13773,class_16424
class_13774,class_16431
class_13775,class_16438
class_13776,class_16445
class_13777,class_16452
class_13778,class_16459
class_13779,class_16466
class_1378,class_9659
class_13780,class_16473
class_13781,class_16480
class_13782,class_16487
class_13783,class_16494
class_13784,class_16501
class_13785,class_16508
class_13786,class_16515
class_13787,class_16522
class_13788,class_16529
class_13789,class_16536
class_1379,class_9666
class_13790,class_16543
class_13791,class_16550
class_13792,class_16557
class_13793,class_16564
class_13794,class_16571
class_13795,class_16578
class_13796,class_16585
class_13797,class_16592
class_13798,class_16599
class_13799,class_16606
class_138,class_979
class_1380,class_9673
class_13800,class_16613
class_13801,class_16620
class_13802,class_16627
class_13803,class_16634
class_13804,class_16641
class_13805,class_16648
class_13806,class_16655
class_13807,class_16662
class_13808,class_16669
class_13809,class_16676
class_1381,class_9680
class_13810,class_16683
class_13811,class_16690
class_13812,class_16697
class_13813,class_16704
class_13814,class_16711
class_13815,class_16718
class_13816,class_16725
class_13817,class_16732
class_13818,class_16739
class_13819,class_16746
class_1382,class_9687
class_13820,class_16753
class_13821,class_16760
class_13822,class_16767
class_13823,class_16774
class_13824,class_16781
class_13825,class_16788
class_13826,class_16795
class_13827,class_16802
class_13828,class_16809
class_13829,class_16816
class_1383,class_9694
class_13830,class_16823
class_13831,class_16830
class_13832,class_16837
class_13833,class_16844
class_13834,class_16851
class_13835,class_16858
class_13836,class_16865
class_13837,class_16872
class_13838,class_16879
class_13839,class_16886
class_1384,class_9701
class_13840,class_16893
class_13841,class_16900
class_13842,class_16907
class_13843,class_16914
class_13844,class_16921
class_13845,class_16928
class_13846,class_16935
class_13847,class_16942
class_13848,class_16949
class_13849,class_16956
class_1385,class_9708
class_13850,class_16963
class_13851,class_16970
class_13852,class_16977
class_13853,class_16984
class_13854,class_16991
class_13855,class_16998
class_13856,class_17005
class_13857,class_17012
class_13858,class_17019
class_13859,class_17026
class_1386,class_9715
class_13860,class_17033
class_13861,class_17040
class_13862,class_17047
class_13863,class_17054
class_13864,class_17061
class_13865,class_17068
class_13866,class_17075
class_13867,class_17082
class_13868,class_17089
class_13869,class_17096
class_1387,class_9722
class_13870,class_17103
class_13871,class_17110
class_13872,class_17117
class_13873,class_17124
class_13874,class_17131
class_13875,class_17138
class_13876,class_17145
class_13877,class_17152
class_13878,class_17159
class_13879,class_17166
class_1388,class_9729
class_13880,class_17173
class_13881,class_17180
class_13882,class_17187
class_13883,class_17194
class_13884,class_17201
class_13885,class_17208
class_13886,class_17215
class_13887,class_17222
class_13888,class_17229
class_13889,class_17236
class_1389,class_9736
class_13890,class_17243
class_13891,class_17250
class_13892,class_17257
class_13893,class_17264
class_13894,class_17271
class_13895,class_17278
class_13896,class_17285
class_13897,class_17292
class_13898,class_17299
class_13899,class_17306
class_139,class_986
class_1390,class_9743
class_13900,class_17313
class_13901,class_17320
class_13902,class_17327
class_13903,class_17334
class_13904,class_17341
class_13905,class_17348
class_13906,class_17355
class_13907,class_17362
class_13908,class_17369
class_13909,class_17376
class_1391,class_9750
class_13910,class_17383
class_13911,class_17390
class_13912,class_17397
class_13913,class_17404
class_13914,class_17411
class_13915,class_17418
class_13916,class_17425
class_13917,class_17432
class_13918,class_17439
class_13919,class_17446
class_1392,class_9757
class_13920,class_17453
class_13921,class_17460
class_13922,class_17467
class_13923,class_17474
class_13924,class_17481
class_13925,class_17488
class_13926,class_17495
class_13927,class_17502
class_13928,class_17509
class_13929,class_17516
class_1393,class_9764
class_13930,class_17523
class_13931,class_17530
class_13932,class_17537
class_13933,class_17544
class_13934,class_17551
class_13935,class_17558
class_13936,class_17565
class_13937,class_17572
class_13938,class_17579
class_13939,class_17586
class_1394,class_9771
class_13940,class_17593
class_13941,class_17600
class_13942,class_17607
class_13943,class_17614
class_13944,class_17621
class_13945,class_17628
class_13946,class_17635
class_13947,class_17642
class_13948,class_17649
class_13949,class_17656
class_1395,class_9778
class_13950,class_17663
class_13951,class_17670
class_13952,class_17677
class_13953,class_17684
class_13954,class_17691
class_13955,class_17698
class_13956,class_17705
class_13957,class_17712
class_13958,class_17719
class_13959,class_17726
class_1396,class_9785
class_13960,class_17733
class_13961,class_17740
class_13962,class_17747
class_13963,class_17754
class_13964,class_17761
class_13965,class_17768
class_13966,class_17775
class_13967,class_17782
class_13968,class_17789
class_13969,class_17796
class_1397,class_9792
class_13970,class_17803
class_13971,class_17810
class_13972,class_17817
class_13973,class_17824
class_13974,class_17831
class_13975,class_17838
class_13976,class_17845
class_13977,class_17852
class_13978,class_17859
class_13979,class_17866
class_1398,class_9799
class_13980,class_17873
class_13981,class_17880
class_13982,class_17887
class_13983,class_17894
class_13984,class_17901
class_13985,class_17908
class_13986,class_17915
class_13987,class_17922
class_13988,class_17929
class_13989,class_17936
class_1399,class_9806
class_13990,class_17943
class_13991,class_17950
class_13992,class_17957
class_13993,class_17964
class_13994,class_17971
class_13995,class_17978
class_13996,class_17985
class_13997,class_17992
class_13998,class_17999
class_13999,class_18006
class_14,class_111
class_140,class_993
class_1400,class_9813
class_14000,class_18013
class_14001,class_18020
class_14002,class_18027
class_14003,class_18034
class_14004,class_18041
class_14005,class_18048
class_14006,class_18055
class_14007,class_18062
class_14008,class_18069
class_14009,class_18076
class_1401,class_9820
class_14010,class_18083
class_14011,class_18090
class_14012,class_18097
class_14013,class_18104
class_14014,class_18111
class_14015,class_18118
class_14016,class_18125
class_14017,class_18132
class_14018,class_18139
class_14019,class_18146
class_1402,class_9827
class_14020,class_18153
class_14021,class_18160
class_14022,class_18167
class_14023,class_18174
class_14024,class_18181
class_14025,class_18188
class_14026,class_18195
class_14027,class_18202
class_14028,class_18209
class_14029,class_18216
class_1403,class_9834
class_14030,class_18223
class_14031,class_18230
class_14032,class_18237
class_14033,class_18244
class_14034,class_18251
class_14035,class_18258
class_14036,class_18265
class_14037,class_18272
class_14038,class_18279
class_14039,class_18286
class_1404,class_9841
class_14040,class_18293
class_14041,class_18300
class_14042,class_18307
class_14043,class_18314
class_14044,class_18321
class_14045,class_18328
class_14046,class_18335
class_14047,class_18342
class_14048,class_18349
class_14049,class_18356
class_1405,class_9848
class_14050,class_18363
class_14051,class_18370
class_14052,class_18377
class_14053,class_18384
class_14054,class_18391
class_14055,class_18398
class_14056,class_18405
class_14057,class_18412
class_14058,class_18419
class_14059,class_18426
class_1406,class_9855
class_14060,class_18433
class_14061,class_18440
class_14062,class_18447
class_14063,class_18454
class_14064,class_18461
class_14065,class_18468
class_14066,class_18475
class_14067,class_18482
class_14068,class_18489
class_14069,class_18496
class_1407,class_9862
class_14070,class_18503
class_14071,class_18510
class_14072,class_18517
class_14073,class_18524
class_14074,class_18531
class_14075,class_18538
class_14076,class_18545
class_14077,class_18552
class_14078,class_18559
class_14079,class_18566
class_1408,class_9869
class_14080,class_18573
class_14081,class_18580
class_14082,class_18587
class_14083,class_18594
class_14084,class_18601
class_14085,class_18608
class_14086,class_18615
class_14087,class_18622
class_14088,class_18629
class_14089,class_18636
class_1409,class_9876
class_14090,class_18643
class_14091,class_18650
class_14092,class_18657
class_14093,class_18664
class_14094,class_18671
class_14095,class_18678
class_14096,class_18685
class_14097,class_18692
class_14098,class_18699
class_14099,class_18706
class_141,class_1000
class_1410,class_9883
class_14100,class_18713
class_14101,class_18720
class_14102,class_18727
class_14103,class_18734
class_14104,class_18741
class_14105,class_18748
class_14106,class_18755
class_14107,class_18762
class_14108,class_18769
class_14109,class_18776
class_1411,class_9890
class_14110,class_18783
class_14111,class_18790
class_14112,class_18797
class_14113,class_18804
class_14114,class_18811
class_14115,class_18818
class_14116,class_18825
class_14117,class_18832
class_14118,class_18839
class_14119,class_18846
class_1412,class_9897
class_14120,class_18853
class_14121,class_18860
class_14122,class_18867
class_14123,class_18874
class_14124,class_18881
class_14125,class_18888
class_14126,class_18895
class_14127,class_18902
class_14128,class_18909
class_14129,class_18916
class_1413,class_9904
class_14130,class_18923
class_14131,class_18930
class_14132,class_18937
class_14133,class_18944
class_14134,class_18951
class_14135,class_18958
class_14136,class_18965
class_14137,class_18972
class_14138,class_18979
class_14139,class_18986
class_1414,class_9911
class_14140,class_18993
class_14141,class_19000
class_14142,class_19007
class_14143,class_19014
class_14144,class_19021
class_14145,class_19028
class_14146,class_19035
class_14147,class_19042
class_14148,class_19049
class_14149,class_19056
class_1415,class_9918
class_14150,class_19063
class_14151,class_19070
class_14152,class_19077
class_14153,class_19084
class_14154,class_19091
class_14155,class_19098
class_14156,class_19105
class_14157,class_19112
class_14158,class_19119
class_14159,class_19126
class_1416,class_9925
class_14160,class_19133
class_14161,class_19140
class_14162,class_19147
class_14163,class_19154
class_14164,class_19161
class_14165,class_19168
class_14166,class_19175
class_14167,class_19182
class_14168,class_19189
class_14169,class_19196
class_1417,class_9932
class_14170,class_19203
class_14171,class_19210
class_14172,class_19217
class_14173,class_19224
class_14174,class_19231
class_14175,class_19238
class_14176,class_19245
class_14177,class_19252
class_14178,class_19259
class_14179,class_19266
class_1418,class_9939
class_14180,class_19273
class_14181,class_19280
class_14182,class_19287
class_14183,class_19294
class_14184,class_19301
class_14185,class_19308
class_14186,class_19315
class_14187,class_19322
class_14188,class_19329
class_14189,class_19336
class_1419,class_9946
class_14190,class_19343
class_14191,class_19350
class_14192,class_19357
class_14193,class_19364
class_14194,class_19371
class_14195,class_19378
class_14196,class_19385
class_14197,class_19392
class_14198,class_19399
class_14199,class_19406
class_142,class_1007
class_1420,class_9953
class_14200,class_19413
class_14201,class_19420
class_14202,class_19427
class_14203,class_19434
class_14204,class_19441
class_14205,class_19448
class_14206,class_19455
class_14207,class_19462
class_14208,class_19469
class_14209,class_19476
class_1421,class_9960
class_14210,class_19483
class_14211,class_19490
class_14212,class_19497
class_14213,class_19504
class_14214,class_19511
class_14215,class_19518
class_14216,class_19525
class_14217,class_19532
class_14218,class_19539
class_14219,class_19546
class_1422,class_9967
class_14220,class_19553
class_14221,class_19560
class_14222,class_19567
class_14223,class_19574
class_14224,class_19581
class_14225,class_19588
class_14226,class_19595
class_14227,class_19602
class_14228,class_19609
class_14229,class_19616
class_1423,class_9974
class_14230,class_19623
class_14231,class_19630
class_14232,class_19637
class_14233,class_19644
class_14234,class_19651
class_14235,class_19658
class_14236,class_19665
class_14237,class_19672
class_14238,class_19679
class_14239,class_19686
class_1424,class_9981
class_14240,class_19693
class_14241,class_19700
class_14242,class_19707
class_14243,class_19714
class_14244,class_19721
class_14245,class_19728
class_14246,class_19735
class_14247,class_19742
class_14248,class_19749
class_14249,class_19756
class_1425,class_9988
class_14250,class_19763
class_14251,class_19770
class_14252,class_19777
class_14253,class_19784
class_14254,class_19791
class_14255,class_19798
class_14256,class_19805
class_14257,class_19812
class_14258,class_19819
class_14259,class_19826
class_1426,class_9995
class_14260,class_19833
class_14261,class_19840
class_14262,class_19847
class_14263,class_19854
class_14264,class_19861
class_14265,class_19868
class_14266,class_19875
class_14267,class_19882
class_14268,class_19889
class_14269,class_19896
class_1427,class_10002
class_14270,class_19903
class_14271,class_19910
class_14272,class_19917
class_14273,class_19924
class_14274,class_19931
class_14275,class_19938
class_14276,class_19945
class_14277,class_19952
class_14278,class_19959
class_14279,class_19966
class_1428,class_10009
class_14280,class_19973
class_14281,class_19980
class_14282,class_19987
class_14283,class_19994
class_14284,class_1
class_14285,class_8
class_14286,class_15
class_14287,class_22
class_14288,class_29
class_14289,class_36
class_1429,class_10016
class_14290,class_43
class_14291,class_50
class_14292,class_57
class_14293,class_64
class_14294,class_71
class_14295,class_78
class_14296,class_85
class_14297,class_92
class_14298,class_99
class_14299,class_106
class_143,class_1014
class_1430,class_10023
class_14300,class_113
class_14301,class_120
class_14302,class_127
class_14303,class_134
class_14304,class_141
class_14305,class_148
class_14306,class_155
class_14307,class_162
class_14308,class_169
class_14309,class_176
class_1431,class_10030
class_14310,class_183
class_14311,class_190
class_14312,class_197
class_14313,class_204
class_14314,class_211
class_14315,class_218
class_14316,class_225
class_14317,class_232
class_14318,class_239
class_14319,class_246
class_1432,class_10037
class_14320,class_253
class_14321,class_260
class_14322,class_267
class_14323,class_274
class_14324,class_281
class_14325,class_288
class_14326,class_295
class_14327,class_302
class_14328,class_309
class_14329,class_316
class_1433,class_10044
class_14330,class_323
class_14331,class_330
class_14332,class_337
class_14333,class_344
class_14334,class_351
class_14335,class_358
class_14336,class_365
class_14337,class_372
class_14338,class_379
class_14339,class_386
class_1434,class_10051
class_14340,class_393
class_14341,class_400
class_14342,class_407
class_14343,class_414
class_14344,class_421
class_14345,class_428
class_14346,class_435
class_14347,class_442
class_14348,class_449
class_14349,class_456
class_1435,class_10058
class_14350,class_463
class_14351,class_470
class_14352,class_477
class_14353,class_484
class_14354,class_491
class_14355,class_498
class_14356,class_505
class_14357,class_512
class_14358,class_519
class_14359,class_526
class_1436,class_10065
class_14360,class_533
class_14361,class_540
class_14362,class_547
class_14363,class_554
class_14364,class_561
class_14365,class_568
class_14366,class_575
class_14367,class_582
class_14368,class_589
class_14369,class_596
class_1437,class_10072
class_14370,class_603
class_14371,class_610
class_14372,class_617
class_14373,class_624
class_14374,class_631
class_14375,class_638
class_14376,class_645
class_14377,class_652
class_14378,class_659
class_14379,class_666
class_1438,class_10079
class_14380,class_673
class_14381,class_680
class_14382,class_687
class_14383,class_694
class_14384,class_701
class_14385,class_708
class_14386,class_715
class_14387,class_722
class_14388,class_729
class_14389,class_736
class_1439,class_10086
class_14390,class_743
class_14391,class_750
class_14392,class_757
class_14393,class_764
class_14394,class_771
class_14395,class_778
class_14396,class_785
class_14397,class_792
class_14398,class_799
class_14399,class_806
class_144,class_1021
class_1440,class_10093
class_14400,class_813
class_14401,class_820
class_14402,class_827
class_14403,class_834
class_14404,class_841
class_14405,class_848
class_14406,class_855
class_14407,class_862
class_14408,class_869
class_14409,class_876
class_1441,class_10100
class_14410,class_883
class_14411,class_890
class_14412,class_897
class_14413,class_904
class_14414,class_911
class_14415,class_918
class_14416,class_925
class_14417,class_932
class_14418,class_939
class_14419,class_946
class_1442,class_10107
class_14420,class_953
class_14421,class_960
class_14422,class_967
class_14423,class_974
class_14424,class_981
class_14425,class_988
class_14426,class_995
class_14427,class_1002
class_14428,class_1009
class_14429,class_1016
class_1443,class_10114
class_14430,class_1023
class_14431,class_1030
class_14432,class_1037
class_14433,class_1044
class_14434,class_1051
class_14435,class_1058
class_14436,class_1065
class_14437,class_1072
class_14438,class_1079
class_14439,class_1086
class_1444,class_10121
class_14440,class_1093
class_14441,class_1100
class_14442,class_1107
class_14443,class_1114
class_14444,class_1121
class_14445,class_1128
class_14446,class_1135
class_14447,class_1142
class_14448,class_1149
class_14449,class_1156
class_1445,class_10128
class_14450,class_1163
class_14451,class_1170
class_14452,class_1177
class_14453,class_1184
class_14454,class_1191
class_14455,class_1198
class_14456,class_1205
class_14457,class_1212
class_14458,class_1219
class_14459,class_1226
class_1446,class_10135
class_14460,class_1233
class_14461,class_1240
class_14462,class_1247
class_14463,class_1254
class_14464,class_1261
class_14465,class_1268
class_14466,class_1275
class_14467,class_1282
class_14468,class_1289
class_14469,class_1296
class_1447,class_10142
class_14470,class_1303
class_14471,class_1310
class_14472,class_1317
class_14473,class_1324
class_14474,class_1331
class_14475,class_1338
class_14476,class_1345
class_14477,class_1352
class_14478,class_1359
class_14479,class_1366
class_1448,class_10149
class_14480,class_1373
class_14481,class_1380
class_14482,class_1387
class_14483,class_1394
class_14484,class_1401
class_14485,class_1408
class_14486,class_1415
class_14487,class_1422
class_14488,class_1429
class_14489,class_1436
class_1449,class_10156
class_14490,class_1443
class_14491,class_1450
class_14492,class_1457
class_14493,class_1464
class_14494,class_1471
class_14495,class_1478
class_14496,class_1485
class_14497,class_1492
class_14498,class_1499
class_14499,class_1506
class_145,class_1028
class_1450,class_10163
class_14500,class_1513
class_14501,class_1520
class_14502,class_1527
class_14503,class_1534
class_14504,class_1541
class_14505,class_1548
class_14506,class_1555
class_14507,class_1562
class_14508,class_1569
class_14509,class_1576
class_1451,class_10170
class_14510,class_1583
class_14511,class_1590
class_14512,class_1597
class_14513,class_1604
class_14514,class_1611
class_14515,class_1618
class_14516,class_1625
class_14517,class_1632
class_14518,class_1639
class_14519,class_1646
class_1452,class_10177
class_14520,class_1653
class_14521,class_1660
class_14522,class_1667
class_14523,class_1674
class_14524,class_1681
class_14525,class_1688
class_14526,class_1695
class_14527,class_1702
class_14528,class_1709
class_14529,class_1716
class_1453,class_10184
class_14530,class_1723
class_14531,class_1730
class_14532,class_1737
class_14533,class_1744
class_14534,class_1751
class_14535,class_1758
class_14536,class_1765
class_14537,class_1772
class_14538,class_1779
class_14539,class_1786
class_1454,class_10191
class_14540,class_1793
class_14541,class_1800
class_14542,class_1807
class_14543,class_1814
class_14544,class_1821
class_14545,class_1828
class_14546,class_1835
class_14547,class_1842
class_14548,class_1849
class_14549,class_1856
class_1455,class_10198
class_14550,class_1863
class_14551,class_1870
class_14552,class_1877
class_14553,class_1884
class_14554,class_1891
class_14555,class_1898
class_14556,class_1905
class_14557,class_1912
class_14558,class_1919
class_14559,class_1926
class_1456,class_10205
class_14560,class_1933
class_14561,class_1940
class_14562,class_1947
class_14563,class_1954
class_14564,class_1961
class_14565,class_1968
class_14566,class_1975
class_14567,class_1982
class_14568,class_1989
class_14569,class_1996
class_1457,class_10212
class_14570,class_2003
class_14571,class_2010
class_14572,class_2017
class_14573,class_2024
class_14574,class_2031
class_14575,class_2038
class_14576,class_2045
class_14577,class_2052
class_14578,class_2059
class_14579,class_2066
class_1458,class_10219
class_14580,class_2073
class_14581,class_2080
class_14582,class_2087
class_14583,class_2094
class_14584,class_2101
class_14585,class_2108
class_14586,class_2115
class_14587,class_2122
class_14588,class_2129
class_14589,class_2136
class_1459,class_10226
class_14590,class_2143
class_14591,class_2150
class_14592,class_2157
class_14593,class_2164
class_14594,class_2171
class_14595,class_2178
class_14596,class_2185
class_14597,class_2192
class_14598,class_2199
class_14599,class_2206
class_146,class_1035
class_1460,class_10233
class_14600,class_2213
class_14601,class_2220
class_14602,class_2227
class_14603,class_2234
class_14604,class_2241
class_14605,class_2248
class_14606,class_2255
class_14607,class_2262
class_14608,class_2269
class_14609,class_2276
class_1461,class_10240
class_14610,class_2283
class_14611,class_2290
class_14612,class_2297
class_14613,class_2304
class_14614,class_2311
class_14615,class_2318
class_14616,class_2325
class_14617,class_2332
class_14618,class_2339
class_14619,class_2346
class_1462,class_10247
class_14620,class_2353
class_14621,class_2360
class_14622,class_2367
class_14623,class_2374
class_14624,class_2381
class_14625,class_2388
class_14626,class_2395
class_14627,class_2402
class_14628,class_2409
class_14629,class_2416
class_1463,class_10254
class_14630,class_2423
class_14631,class_2430
class_14632,class_2437
class_14633,class_2444
class_14634,class_2451
class_14635,class_2458
class_14636,class_2465
class_14637,class_2472
class_14638,class_2479
class_14639,class_2486
class_1464,class_10261
class_14640,class_2493
class_14641,class_2500
class_14642,class_2507
class_14643,class_2514
class_14644,class_2521
class_14645,class_2528
class_14646,class_2535
class_14647,class_2542
class_14648,class_2549
class_14649,class_2556
class_1465,class_10268
class_14650,class_2563
class_14651,class_2570
class_14652,class_2577
class_14653,class_2584
class_14654,class_2591
class_14655,class_2598
class_14656,class_2605
class_14657,class_2612
class_14658,class_2619
class_14659,class_2626
class_1466,class_10275
class_14660,class_2633
class_14661,class_2640
class_14662,class_2647
class_14663,class_2654
class_14664,class_2661
class_14665,class_2668
class_14666,class_2675
class_14667,class_2682
class_14668,class_2689
class_14669,class_2696
class_1467,class_10282
class_14670,class_2703
class_14671,class_2710
class_14672,class_2717
class_14673,class_2724
class_14674,class_2731
class_14675,class_2738
class_14676,class_2745
class_14677,class_2752
class_14678,class_2759
class_14679,class_2766
class_1468,class_10289
class_14680,class_2773
class_14681,class_2780
class_14682,class_2787
class_14683,class_2794
class_14684,class_2801
class_14685,class_2808
class_14686,class_2815
class_14687,class_2822
class_14688,class_2829
class_14689,class_2836
class_1469,class_10296
class_14690,class_2843
class_14691,class_2850
class_14692,class_2857
class_14693,class_2864
class_14694,class_2871
class_14695,class_2878
class_14696,class_2885
class_14697,class_2892
class_14698,class_2899
class_14699,class_2906
class_147,class_1042
class_1470,class_10303
class_14700,class_2913
class_14701,class_2920
class_14702,class_2927
class_14703,class_2934
class_14704,class_2941
class_14705,class_2948
class_14706,class_2955
class_14707,class_2962
class_14708,class_2969
class_14709,class_2976
class_1471,class_10310
class_14710,class_2983
class_14711,class_2990
class_14712,class_2997
class_14713,class_3004
class_14714,class_3011
class_14715,class_3018
class_14716,class_3025
class_14717,class_3032
class_14718,class_3039
class_14719,class_3046
class_1472,class_10317
class_14720,class_3053
class_14721,class_3060
class_14722,class_3067
class_14723,class_3074
class_14724,class_3081
class_14725,class_3088
class_14726,class_3095
class_14727,class_3102
class_14728,class_3109
class_14729,class_3116
class_1473,class_10324
class_14730,class_3123
class_14731,class_3130
class_14732,class_3137
class_14733,class_3144
class_14734,class_3151
class_14735,class_3158
class_14736,class_3165
class_14737,class_3172
class_14738,class_3179
class_14739,class_3186
class_1474,class_10331
class_14740,class_3193
class_14741,class_3200
class_14742,class_3207
class_14743,class_3214
class_14744,class_3221
class_14745,class_3228
class_14746,class_3235
class_14747,class_3242
class_14748,class_3249
class_14749,class_3256
class_1475,class_10338
class_14750,class_3263
class_14751,class_3270
class_14752,class_3277
class_14753,class_3284
class_14754,class_3291
class_14755,class_3298
class_14756,class_3305
class_14757,class_3312
class_14758,class_3319
class_14759,class_3326
class_1476,class_10345
class_14760,class_3333
class_14761,class_3340
class_14762,class_3347
class_14763,class_3354
class_14764,class_3361
class_14765,class_3368
class_14766,class_3375
class_14767,class_3382
class_14768,class_3389
class_14769,class_3396
class_1477,class_10352
class_14770,class_3403
class_14771,class_3410
class_14772,class_3417
class_14773,class_3424
class_14774,class_3431
class_14775,class_3438
class_14776,class_3445
class_14777,class_3452
class_14778,class_3459
class_14779,class_3466
class_1478,class_10359
class_14780,class_3473
class_14781,class_3480
class_14782,class_3487
class_14783,class_3494
class_14784,class_3501
class_14785,class_3508
class_14786,class_3515
class_14787,class_3522
class_14788,class_3529
class_14789,class_3536
class_1479,class_10366
class_14790,class_3543
class_14791,class_3550
class_14792,class_3557
class_14793,class_3564
class_14794,class_3571
class_14795,class_3578
class_14796,class_3585
class_14797,class_3592
class_14798,class_3599
class_14799,class_3606
class_148,class_1049
class_1480,class_10373
class_14800,class_3613
class_14801,class_3620
class_14802,class_3627
class_14803,class_3634
class_14804,class_3641
class_14805,class_3648
class_14806,class_3655
class_14807,class_3662
class_14808,class_3669
class_14809,class_3676
class_1481,class_10380
class_14810,class_3683
class_14811,class_3690
class_14812,class_3697
class_14813,class_3704
class_14814,class_3711
class_14815,class_3718
class_14816,class_3725
class_14817,class_3732
class_14818,class_3739
class_14819,class_3746
class_1482,class_10387
class_14820,class_3753
class_14821,class_3760
class_14822,class_3767
class_14823,class_3774
class_14824,class_3781
class_14825,class_3788
class_14826,class_3795
class_14827,class_3802
class_14828,class_3809
class_14829,class_3816
class_1483,class_10394
class_14830,class_3823
class_14831,class_3830
class_14832,class_3837
class_14833,class_3844
class_14834,class_3851
class_14835,class_3858
class_14836,class_3865
class_14837,class_3872
class_14838,class_3879
class_14839,class_3886
class_1484,class_10401
class_14840,class_3893
class_14841,class_3900
class_14842,class_3907
class_14843,class_3914
class_14844,class_3921
class_14845,class_3928
class_14846,class_3935
class_14847,class_3942
class_14848,class_3949
class_14849,class_3956
class_1485,class_10408
class_14850,class_3963
class_14851,class_3970
class_14852,class_3977
class_14853,class_3984
class_14854,class_3991
class_14855,class_3998
class_14856,class_4005
class_14857,class_4012
class_14858,class_4019
class_14859,class_4026
class_1486,class_10415
class_14860,class_4033
class_14861,class_4040
class_14862,class_4047
class_14863,class_4054
class_14864,class_4061
class_14865,class_4068
class_14866,class_4075
class_14867,class_4082
class_14868,class_4089
class_14869,class_4096
class_1487,class_10422
class_14870,class_4103
class_14871,class_4110
class_14872,class_4117
class_14873,class_4124
class_14874,class_4131
class_14875,class_4138
class_14876,class_4145
class_14877,class_4152
class_14878,class_4159
class_14879,class_4166
class_1488,class_10429
class_14880,class_4173
class_14881,class_4180
class_14882,class_4187
class_14883,class_4194
class_14884,class_4201
class_14885,class_4208
class_14886,class_4215
class_14887,class_4222
class_14888,class_4229
class_14889,class_4236
class_1489,class_10436
class_14890,class_4243
class_14891,class_4250
class_14892,class_4257
class_14893,class_4264
class_14894,class_4271
class_14895,class_4278
class_14896,class_4285
class_14897,class_4292
class_14898,class_4299
class_14899,class_4306
class_149,class_1056
class_1490,class_10443
class_14900,class_4313
class_14901,class_4320
class_14902,class_4327
class_14903,class_4334
class_14904,class_4341
class_14905,class_4348
class_14906,class_4355
class_14907,class_4362
class_14908,class_4369
class_14909,class_4376
class_1491,class_10450
class_14910,class_4383
class_14911,class_4390
class_14912,class_4397
class_14913,class_4404
class_14914,class_4411
class_14915,class_4418
class_14916,class_4425
class_14917,class_4432
class_14918,class_4439
class_14919,class_4446
class_1492,class_10457
class_14920,class_4453
class_14921,class_4460
class_14922,class_4467
class_14923,class_4474
class_14924,class_4481
class_14925,class_4488
class_14926,class_4495
class_14927,class_4502
class_14928,class_4509
class_14929,class_4516
class_1493,class_10464
class_14930,class_4523
class_14931,class_4530
class_14932,class_4537
class_14933,class_4544
class_14934,class_4551
class_14935,class_4558
class_14936,class_4565
class_14937,class_4572
class_14938,class_4579
class_14939,class_4586
class_1494,class_10471
class_14940,class_4593
class_14941,class_4600
class_14942,class_4607
class_14943,class_4614
class_14944,class_4621
class_14945,class_4628
class_14946,class_4635
class_14947,class_4642
class_14948,class_4649
class_14949,class_4656
class_1495,class_10478
class_14950,class_4663
class_14951,class_4670
class_14952,class_4677
class_14953,class_4684
class_14954,class_4691
class_14955,class_4698
class_14956,class_4705
class_14957,class_4712
class_14958,class_4719
class_14959,class_4726
class_1496,class_10485
class_14960,class_4733
class_14961,class_4740
class_14962,class_4747
class_14963,class_4754
class_14964,class_4761
class_14965,class_4768
class_14966,class_4775
class_14967,class_4782
class_14968,class_4789
class_14969,class_4796
class_1497,class_10492
class_14970,class_4803
class_14971,class_4810
class_14972,class_4817
class_14973,class_4824
class_14974,class_4831
class_14975,class_4838
class_14976,class_4845
class_14977,class_4852
class_14978,class_4859
class_14979,class_4866
class_1498,class_10499
class_14980,class_4873
class_14981,class_4880
class_14982,class_4887
class_14983,class_4894
class_14984,class_4901
class_14985,class_4908
class_14986,class_4915
class_14987,class_4922
class_14988,class_4929
class_14989,class_4936
class_1499,class_10506
class_14990,class_4943
class_14991,class_4950
class_14992,class_4957
class_14993,class_4964
class_14994,class_4971
class_14995,class_4978
class_14996,class_4985
class_14997,class_4992
class_14998,class_4999
class_14999,class_5006
class_15,class_118
class_150,class_1063
class_1500,class_10513
class_15000,class_5013
class_15001,class_5020
class_15002,class_5027
class_15003,class_5034
class_15004,class_5041
class_15005,class_5048
class_15006,class_5055
class_15007,class_5062
class_15008,class_5069
class_15009,class_5076
class_1501,class_10520
class_15010,class_5083
class_15011,class_5090
class_15012,class_5097
class_15013,class_5104
class_15014,class_5111
class_15015,class_5118
class_15016,class_5125
class_15017,class_5132
class_15018,class_5139
class_15019,class_5146
class_1502,class_10527
class_15020,class_5153
class_15021,class_5160
class_15022,class_5167
class_15023,class_5174
class_15024,class_5181
class_15025,class_5188
class_15026,class_5195
class_15027,class_5202
class_15028,class_5209
class_15029,class_5216
class_1503,class_10534
class_15030,class_5223
class_15031,class_5230
class_15032,class_5237
class_15033,class_5244
class_15034,class_5251
class_15035,class_5258
class_15036,class_5265
class_15037,class_5272
class_15038,class_5279
class_15039,class_5286
class_1504,class_10541
class_15040,class_5293
class_15041,class_5300
class_15042,class_5307
class_15043,class_5314
class_15044,class_5321
class_15045,class_5328
class_15046,class_5335
class_15047,class_5342
class_15048,class_5349
class_15049,class_5356
class_1505,class_10548
class_15050,class_5363
class_15051,class_5370
class_15052,class_5377
class_15053,class_5384
class_15054,class_5391
class_15055,class_5398
class_15056,class_5405
class_15057,class_5412
class_15058,class_5419
class_15059,class_5426
class_1506,class_10555
class_15060,class_5433
class_15061,class_5440
class_15062,class_5447
class_15063,class_5454
class_15064,class_5461
class_15065,class_5468
class_15066,class_5475
class_15067,class_5482
class_15068,class_5489
class_15069,class_5496
class_1507,class_10562
class_15070,class_5503
class_15071,class_5510
class_15072,class_5517
class_15073,class_5524
class_15074,class_5531
class_15075,class_5538
class_15076,class_5545
class_15077,class_5552
class_15078,class_5559
class_15079,class_5566
class_1508,class_10569
class_15080,class_5573
class_15081,class_5580
class_15082,class_5587
class_15083,class_5594
class_15084,class_5601
class_15085,class_5608
class_15086,class_5615
class_15087,class_5622
class_15088,class_5629
class_15089,class_5636
class_1509,class_10576
class_15090,class_5643
class_15091,class_5650
class_15092,class_5657
class_15093,class_5664
class_15094,class_5671
class_15095,class_5678
class_15096,class_5685
class_15097,class_5692
class_15098,class_5699
class_15099,class_5706
class_151,class_1070
class_1510,class_10583
class_15100,class_5713
class_15101,class_5720
class_15102,class_5727
class_15103,class_5734
class_15104,class_5741
class_15105,class_5748
class_15106,class_5755
class_15107,class_5762
class_15108,class_5769
class_15109,class_5776
class_1511,class_10590
class_15110,class_5783
class_15111,class_5790
class_15112,class_5797
class_15113,class_5804
class_15114,class_5811
class_15115,class_5818
class_15116,class_5825
class_15117,class_5832
class_15118,class_5839
class_15119,class_5846
class_1512,class_10597
class_15120,class_5853
class_15121,class_5860
class_15122,class_5867
class_15123,class_5874
class_15124,class_5881
class_15125,class_5888
class_15126,class_5895
class_15127,class_5902
class_15128,class_5909
class_15129,class_5916
class_1513,class_10604
class_15130,class_5923
class_15131,class_5930
class_15132,class_5937
class_15133,class_5944
class_15134,class_5951
class_15135,class_5958
class_15136,class_5965
class_15137,class_5972
class_15138,class_5979
class_15139,class_5986
class_1514,class_10611
class_15140,class_5993
class_15141,class_6000
class_15142,class_6007
class_15143,class_6014
class_15144,class_6021
class_15145,class_6028
class_15146,class_6035
class_15147,class_6042
class_15148,class_6049
class_15149,class_6056
class_1515,class_10618
class_15150,class_6063
class_15151,class_6070
class_15152,class_6077
class_15153,class_6084
class_15154,class_6091
class_15155,class_6098
class_15156,class_6105
class_15157,class_6112
class_15158,class_6119
class_15159,class_6126
class_1516,class_10625
class_15160,class_6133
class_15161,class_6140
class_15162,class_6147
class_15163,class_6154
class_15164,class_6161
class_15165,class_6168
class_15166,class_6175
class_15167,class_6182
class_15168,class_6189
class_15169,class_6196
class_1517,class_10632
class_15170,class_6203
class_15171,class_6210
class_15172,class_6217
class_15173,class_6224
class_15174,class_6231
class_15175,class_6238
class_15176,class_6245
class_15177,class_6252
class_15178,class_6259
class_15179,class_6266
class_1518,class_10639
class_15180,class_6273
class_15181,class_6280
class_15182,class_6287
class_15183,class_6294
class_15184,class_6301
class_15185,class_6308
class_15186,class_6315
class_15187,class_6322
class_15188,class_6329
class_15189,class_6336
class_1519,class_10646
class_15190,class_6343
class_15191,class_6350
class_15192,class_6357
class_15193,class_6364
class_15194,class_6371
class_15195,class_6378
class_15196,class_6385
class_15197,class_6392
class_15198,class_6399
class_15199,class_6406
class_152,class_1077
class_1520,class_10653
class_15200,class_6413
class_15201,class_6420
class_15202,class_6427
class_15203,class_6434
class_15204,class_6441
class_15205,class_6448
class_15206,class_6455
class_15207,class_6462
class_15208,class_6469
class_15209,class_6476
class_1521,class_10660
class_15210,class_6483
class_15211,class_6490
class_15212,class_6497
class_15213,class_6504
class_15214,class_6511
class_15215,class_6518
class_15216,class_6525
class_15217,class_6532
class_15218,class_6539
class_15219,class_6546
class_1522,class_10667
class_15220,class_6553
class_15221,class_6560
class_15222,class_6567
class_15223,class_6574
class_15224,class_6581
class_15225,class_6588
class_15226,class_6595
class_15227,class_6602
class_15228,class_6609
class_15229,class_6616
class_1523,class_10674
class_15230,class_6623
class_15231,class_6630
class_15232,class_6637
class_15233,class_6644
class_15234,class_6651
class_15235,class_6658
class_15236,class_6665
class_15237,class_6672
class_15238,class_6679
class_15239,class_6686
class_1524,class_10681
class_15240,class_6693
class_15241,class_6700
class_15242,class_6707
class_15243,class_6714
class_15244,class_6721
class_15245,class_6728
class_15246,class_6735
class_15247,class_6742
class_15248,class_6749
class_15249,class_6756
class_1525,class_10688
class_15250,class_6763
class_15251,class_6770
class_15252,class_6777
class_15253,class_6784
class_15254,class_6791
class_15255,class_6798
class_15256,class_6805
class_15257,class_6812
class_15258,class_6819
class_15259,class_6826
class_1526,class_10695
class_15260,class_6833
class_15261,class_6840
class_15262,class_6847
class_15263,class_6854
class_15264,class_6861
class_15265,class_6868
class_15266,class_6875
class_15267,class_6882
class_15268,class_6889
class_15269,class_6896
class_1527,class_10702
class_15270,class_6903
class_15271,class_6910
class_15272,class_6917
class_15273,class_6924
class_15274,class_6931
class_15275,class_6938
class_15276,class_6945
class_15277,class_6952
class_15278,class_6959
class_15279,class_6966
class_1528,class_10709
class_15280,class_6973
class_15281,class_6980
class_15282,class_6987
class_15283,class_6994
class_15284,class_7001
class_15285,class_7008
class_15286,class_7015
class_15287,class_7022
class_15288,class_7029
class_15289,class_7036
class_1529,class_10716
class_15290,class_7043
class_15291,class_7050
class_15292,class_7057
class_15293,class_7064
class_15294,class_7071
class_15295,class_7078
class_15296,class_7085
class_15297,class_7092
class_15298,class_7099
class_15299,class_7106
class_153,class_1084
class_1530,class_10723
class_15300,class_7113
class_15301,class_7120
class_15302,class_7127
class_15303,class_7134
class_15304,class_7141
class_15305,class_7148
class_15306,class_7155
class_15307,class_7162
class_15308,class_7169
class_15309,class_7176
class_1531,class_10730
class_15310,class_7183
class_15311,class_7190
class_15312,class_7197
class_15313,class_7204
class_15314,class_7211
class_15315,class_7218
class_15316,class_7225
class_15317,class_7232
class_15318,class_7239
class_15319,class_7246
class_1532,class_10737
class_15320,class_7253
class_15321,class_7260
class_15322,class_7267
class_15323,class_7274
class_15324,class_7281
class_15325,class_7288
class_15326,class_7295
class_15327,class_7302
class_15328,class_7309
class_15329,class_7316
class_1533,class_10744
class_15330,class_7323
class_15331,class_7330
class_15332,class_7337
class_15333,class_7344
class_15334,class_7351
class_15335,class_7358
class_15336,class_7365
class_15337,class_7372
class_15338,class_7379
class_15339,class_7386
class_1534,class_10751
class_15340,class_7393
class_15341,class_7400
class_15342,class_7407
class_15343,class_7414
class_15344,class_7421
class_15345,class_7428
class_15346,class_7435
class_15347,class_7442
class_15348,class_7449
class_15349,class_7456
class_1535,class_10758
class_15350,class_7463
class_15351,class_7470
class_15352,class_7477
class_15353,class_7484
class_15354,class_7491
class_15355,class_7498
class_15356,class_7505
class_15357,class_7512
class_15358,class_7519
class_15359,class_7526
class_1536,class_10765
class_15360,class_7533
class_15361,class_7540
class_15362,class_7547
class_15363,class_7554
class_15364,class_7561
class_15365,class_7568
class_15366,class_7575
class_15367,class_7582
class_15368,class_7589
class_15369,class_7596
class_1537,class_10772
class_15370,class_7603
class_15371,class_7610
class_15372,class_7617
class_15373,class_7624
class_15374,class_7631
class_15375,class_7638
class_15376,class_7645
class_15377,class_7652
class_15378,class_7659
class_15379,class_7666
class_1538,class_10779
class_15380,class_7673
class_15381,class_7680
class_15382,class_7687
class_15383,class_7694
class_15384,class_7701
class_15385,class_7708
class_15386,class_7715
class_15387,class_7722
class_15388,class_7729
class_15389,class_7736
class_1539,class_10786
class_15390,class_7743
class_15391,class_7750
class_15392,class_7757
class_15393,class_7764
class_15394,class_7771
class_15395,class_7778
class_15396,class_7785
class_15397,class_7792
class_15398,class_7799
class_15399,class_7806
class_154,class_1091
class_1540,class_10793
class_15400,class_7813
class_15401,class_7820
class_15402,class_7827
class_15403,class_7834
class_15404,class_7841
class_15405,class_7848
class_15406,class_7855
class_15407,class_7862
class_15408,class_7869
class_15409,class_7876
class_1541,class_10800
class_15410,class_7883
class_15411,class_7890
class_15412,class_7897
class_15413,class_7904
class_15414,class_7911
class_15415,class_7918
class_15416,class_7925
class_15417,class_7932
class_15418,class_7939
class_15419,class_7946
class_1542,class_10807
class_15420,class_7953
class_15421,class_7960
class_15422,class_7967
class_15423,class_7974
class_15424,class_7981
class_15425,class_7988
class_15426,class_7995
class_15427,class_8002
class_15428,class_8009
class_15429,class_8016
class_1543,class_10814
class_15430,class_8023
class_15431,class_8030
class_15432,class_8037
class_15433,class_8044
class_15434,class_8051
class_15435,class_8058
class_15436,class_8065
class_15437,class_8072
class_15438,class_8079
class_15439,class_8086
class_1544,class_10821
class_15440,class_8093
class_15441,class_8100
class_15442,class_8107
class_15443,class_8114
class_15444,class_8121
class_15445,class_8128
class_15446,class_8135
class_15447,class_8142
class_15448,class_8149
class_15449,class_8156
class_1545,class_10828
class_15450,class_8163
class_15451,class_8170
class_15452,class_8177
class_15453,class_8184
class_15454,class_8191
class_15455,class_8198
class_15456,class_8205
class_15457,class_8212
class_15458,class_8219
class_15459,class_8226
class_1546,class_10835
class_15460,class_8233
class_15461,class_8240
class_15462,class_8247
class_15463,class_8254
class_15464,class_8261
class_15465,class_8268
class_15466,class_8275
class_15467,class_8282
class_15468,class_8289
class_15469,class_8296
class_1547,class_10842
class_15470,class_8303
class_15471,class_8310
class_15472,class_8317
class_15473,class_8324
class_15474,class_8331
class_15475,class_8338
class_15476,class_8345
class_15477,class_8352
class_15478,class_8359
class_15479,class_8366
class_1548,class_10849
class_15480,class_8373
class_15481,class_8380
class_15482,class_8387
class_15483,class_8394
class_15484,class_8401
class_15485,class_8408
class_15486,class_8415
class_15487,class_8422
class_15488,class_8429
class_15489,class_8436
class_1549,class_10856
class_15490,class_8443
class_15491,class_8450
class_15492,class_8457
class_15493,class_8464
class_15494,class_8471
class_15495,class_8478
class_15496,class_8485
class_15497,class_8492
class_15498,class_8499
class_15499,class_8506
class_155,class_1098
class_1550,class_10863
class_15500,class_8513
class_15501,class_8520
class_15502,class_8527
class_15503,class_8534
class_15504,class_8541
class_15505,class_8548
class_15506,class_8555
class_15507,class_8562
class_15508,class_8569
class_15509,class_8576
class_1551,class_10870
class_15510,class_8583
class_15511,class_8590
class_15512,class_8597
class_15513,class_8604
class_15514,class_8611
class_15515,class_8618
class_15516,class_8625
class_15517,class_8632
class_15518,class_8639
class_15519,class_8646
class_1552,class_10877
class_15520,class_8653
class_15521,class_8660
class_15522,class_8667
class_15523,class_8674
class_15524,class_8681
class_15525,class_8688
class_15526,class_8695
class_15527,class_8702
class_15528,class_8709
class_15529,class_8716
class_1553,class_10884
class_15530,class_8723
class_15531,class_8730
class_15532,class_8737
class_15533,class_8744
class_15534,class_8751
class_15535,class_8758
class_15536,class_8765
class_15537,class_8772
class_15538,class_8779
class_15539,class_8786
class_1554,class_10891
class_15540,class_8793
class_15541,class_8800
class_15542,class_8807
class_15543,class_8814
class_15544,class_8821
class_15545,class_8828
class_15546,class_8835
class_15547,class_8842
class_15548,class_8849
class_15549,class_8856
class_1555,class_10898
class_15550,class_8863
class_15551,class_8870
class_15552,class_8877
class_15553,class_8884
class_15554,class_8891
class_15555,class_8898
class_15556,class_8905
class_15557,class_8912
class_15558,class_8919
class_15559,class_8926
class_1556,class_10905
class_15560,class_8933
class_15561,class_8940
class_15562,class_8947
class_15563,class_8954
class_15564,class_8961
class_15565,class_8968
class_15566,class_8975
class_15567,class_8982
class_15568,class_8989
class_15569,class_8996
class_1557,class_10912
class_15570,class_9003
class_15571,class_9010
class_15572,class_9017
class_15573,class_9024
class_15574,class_9031
class_15575,class_9038
class_15576,class_9045
class_15577,class_9052
class_15578,class_9059
class_15579,class_9066
class_1558,class_10919
class_15580,class_9073
class_15581,class_9080
class_15582,class_9087
class_15583,class_9094
class_15584,class_9101
class_15585,class_9108
class_15586,class_9115
class_15587,class_9122
class_15588,class_9129
class_15589,class_9136
class_1559,class_10926
class_15590,class_9143
class_15591,class_9150
class_15592,class_9157
class_15593,class_9164
class_15594,class_9171
class_15595,class_9178
class_15596,class_9185
class_15597,class_9192
class_15598,class_9199
class_15599,class_9206
class_156,class_1105
class_1560,class_10933
class_15600,class_9213
class_15601,class_9220
class_15602,class_9227
class_15603,class_9234
class_15604,class_9241
class_15605,class_9248
class_15606,class_9255
class_15607,class_9262
class_15608,class_9269
class_15609,class_9276
class_1561,class_10940
class_15610,class_9283
class_15611,class_9290
class_15612,class_9297
class_15613,class_9304
class_15614,class_9311
class_15615,class_9318
class_15616,class_9325
class_15617,class_9332
class_15618,class_9339
class_15619,class_9346
class_1562,class_10947
class_15620,class_9353
class_15621,class_9360
class_15622,class_9367
class_15623,class_9374
class_15624,class_9381
class_15625,class_9388
class_15626,class_9395
class_15627,class_9402
class_15628,class_9409
class_15629,class_9416
class_1563,class_10954
class_15630,class_9423
class_15631,class_9430
class_15632,class_9437
class_15633,class_9444
class_15634,class_9451
class_15635,class_9458
class_15636,class_9465
class_15637,class_9472
class_15638,class_9479
class_15639,class_9486
class_1564,class_10961
class_15640,class_9493
class_15641,class_9500
class_15642,class_9507
class_15643,class_9514
class_15644,class_9521
class_15645,class_9528
class_15646,class_9535
class_15647,class_9542
class_15648,class_9549
class_15649,class_9556
class_1565,class_10968
class_15650,class_9563
class_15651,class_9570
class_15652,class_9577
class_15653,class_9584
class_15654,class_9591
class_15655,class_9598
class_15656,class_9605
class_15657,class_9612
class_15658,class_9619
class_15659,class_9626
class_1566,class_10975
class_15660,class_9633
class_15661,class_9640
class_15662,class_9647
class_15663,class_9654
class_15664,class_9661
class_15665,class_9668
class_15666,class_9675
class_15667,class_9682
class_15668,class_9689
class_15669,class_9696
class_1567,class_10982
class_15670,class_9703
class_15671,class_9710
class_15672,class_9717
class_15673,class_9724
class_15674,class_9731
class_15675,class_9738
class_15676,class_9745
class_15677,class_9752
class_15678,class_9759
class_15679,class_9766
class_1568,class_10989
class_15680,class_9773
class_15681,class_9780
class_15682,class_9787
class_15683,class_9794
class_15684,class_9801
class_15685,class_9808
class_15686,class_9815
class_15687,class_9822
class_15688,class_9829
class_15689,class_9836
class_1569,class_10996
class_15690,class_9843
class_15691,class_9850
class_15692,class_9857
class_15693,class_9864
class_15694,class_9871
class_15695,class_9878
class_15696,class_9885
class_15697,class_9892
class_15698,class_9899
class_15699,class_9906
class_157,class_1112
class_1570,class_11003
class_15700,class_9913
class_15701,class_9920
class_15702,class_9927
class_15703,class_9934
class_15704,class_9941
class_15705,class_9948
class_15706,class_9955
class_15707,class_9962
class_15708,class_9969
class_15709,class_9976
class_1571,class_11010
class_15710,class_9983
class_15711,class_9990
class_15712,class_9997
class_15713,class_10004
class_15714,class_10011
class_15715,class_10018
class_15716,class_10025
class_15717,class_10032
class_15718,class_10039
class_15719,class_10046
class_1572,class_11017
class_15720,class_10053
class_15721,class_10060
class_15722,class_10067
class_15723,class_10074
class_15724,class_10081
class_15725,class_10088
class_15726,class_10095
class_15727,class_10102
class_15728,class_10109
class_15729,class_10116
class_1573,class_11024
class_15730,class_10123
class_15731,class_10130
class_15732,class_10137
class_15733,class_10144
class_15734,class_10151
class_15735,class_10158
class_15736,class_10165
class_15737,class_10172
class_15738,class_10179
class_15739,class_10186
class_1574,class_11031
class_15740,class_10193
class_15741,class_10200
class_15742,class_10207
class_15743,class_10214
class_15744,class_10221
class_15745,class_10228
class_15746,class_10235
class_15747,class_10242
class_15748,class_10249
class_15749,class_10256
class_1575,class_11038
class_15750,class_10263
class_15751,class_10270
class_15752,class_10277
class_15753,class_10284
class_15754,class_10291
class_15755,class_10298
class_15756,class_10305
class_15757,class_10312
class_15758,class_10319
class_15759,class_10326
class_1576,class_11045
class_15760,class_10333
class_15761,class_10340
class_15762,class_10347
class_15763,class_10354
class_15764,class_10361
class_15765,class_10368
class_15766,class_10375
class_15767,class_10382
class_15768,class_10389
class_15769,class_10396
class_1577,class_11052
class_15770,class_10403
class_15771,class_10410
class_15772,class_10417
class_15773,class_10424
class_15774,class_10431
class_15775,class_10438
class_15776,class_10445
class_15777,class_10452
class_15778,class_10459
class_15779,class_10466
class_1578,class_11059
class_15780,class_10473
class_15781,class_10480
class_15782,class_10487
class_15783,class_10494
class_15784,class_10501
class_15785,class_10508
class_15786,class_10515
class_15787,class_10522
class_15788,class_10529
class_15789,class_10536
class_1579,class_11066
class_15790,class_10543
class_15791,class_10550
class_15792,class_10557
class_15793,class_10564
class_15794,class_10571
class_15795,class_10578
class_15796,class_10585
class_15797,class_10592
class_15798,class_10599
class_15799,class_10606
class_158,class_1119
class_1580,class_11073
class_15800,class_10613
class_15801,class_10620
class_15802,class_10627
class_15803,class_10634
class_15804,class_10641
class_15805,class_10648
class_15806,class_10655
class_15807,class_10662
class_15808,class_10669
class_15809,class_10676
class_1581,class_11080
class_15810,class_10683
class_15811,class_10690
class_15812,class_10697
class_15813,class_10704
class_15814,class_10711
class_15815,class_10718
class_15816,class_10725
class_15817,class_10732
class_15818,class_10739
class_15819,class_10746
class_1582,class_11087
class_15820,class_10753
class_15821,class_10760
class_15822,class_10767
class_15823,class_10774
class_15824,class_10781
class_15825,class_10788
class_15826,class_10795
class_15827,class_10802
class_15828,class_10809
class_15829,class_10816
class_1583,class_11094
class_15830,class_10823
class_15831,class_10830
class_15832,class_10837
class_15833,class_10844
class_15834,class_10851
class_15835,class_10858
class_15836,class_10865
class_15837,class_10872
class_15838,class_10879
class_15839,class_10886
class_1584,class_11101
class_15840,class_10893
class_15841,class_10900
class_15842,class_10907
class_15843,class_10914
class_15844,class_10921
class_15845,class_10928
class_15846,class_10935
class_15847,class_10942
class_15848,class_10949
class_15849,class_10956
class_1585,class_11108
class_15850,class_10963
class_15851,class_10970
class_15852,class_10977
class_15853,class_10984
class_15854,class_10991
class_15855,class_10998
class_15856,class_11005
class_15857,class_11012
class_15858,class_11019
class_15859,class_11026
class_1586,class_11115
class_15860,class_11033
class_15861,class_11040
class_15862,class_11047
class_15863,class_11054
class_15864,class_11061
class_15865,class_11068
class_15866,class_11075
class_15867,class_11082
class_15868,class_11089
class_15869,class_11096
class_1587,class_11122
class_15870,class_11103
class_15871,class_11110
class_15872,class_11117
class_15873,class_11124
class_15874,class_11131
class_15875,class_11138
class_15876,class_11145
class_15877,class_11152
class_15878,class_11159
class_15879,class_11166
class_1588,class_11129
class_15880,class_11173
class_15881,class_11180
class_15882,class_11187
class_15883,class_11194
class_15884,class_11201
class_15885,class_11208
class_15886,class_11215
class_15887,class_11222
class_15888,class_11229
class_15889,class_11236
class_1589,class_11136
class_15890,class_11243
class_15891,class_11250
class_15892,class_11257
class_15893,class_11264
class_15894,class_11271
class_15895,class_11278
class_15896,class_11285
class_15897,class_11292
class_15898,class_11299
class_15899,class_11306
class_159,class_1126
class_1590,class_11143
class_15900,class_11313
class_15901,class_11320
class_15902,class_11327
class_15903,class_11334
class_15904,class_11341
class_15905,class_11348
class_15906,class_11355
class_15907,class_11362
class_15908,class_11369
class_15909,class_11376
class_1591,class_11150
class_15910,class_11383
class_15911,class_11390
class_15912,class_11397
class_15913,class_11404
class_15914,class_11411
class_15915,class_11418
class_15916,class_11425
class_15917,class_11432
class_15918,class_11439
class_15919,class_11446
class_1592,class_11157
class_15920,class_11453
class_15921,class_11460
class_15922,class_11467
class_15923,class_11474
class_15924,class_11481
class_15925,class_11488
class_15926,class_11495
class_15927,class_11502
class_15928,class_11509
class_15929,class_11516
class_1593,class_11164
class_15930,class_11523
class_15931,class_11530
class_15932,class_11537
class_15933,class_11544
class_15934,class_11551
class_15935,class_11558
class_15936,class_11565
class_15937,class_11572
class_15938,class_11579
class_15939,class_11586
class_1594,class_11171
class_15940,class_11593
class_15941,class_11600
class_15942,class_11607
class_15943,class_11614
class_15944,class_11621
class_15945,class_11628
class_15946,class_11635
class_15947,class_11642
class_15948,class_11649
class_15949,class_11656
class_1595,class_11178
class_15950,class_11663
class_15951,class_11670
class_15952,class_11677
class_15953,class_11684
class_15954,class_11691
class_15955,class_11698
class_15956,class_11705
class_15957,class_11712
class_15958,class_11719
class_15959,class_11726
class_1596,class_11185
class_15960,class_11733
class_15961,class_11740
class_15962,class_11747
class_15963,class_11754
class_15964,class_11761
class_15965,class_11768
class_15966,class_11775
class_15967,class_11782
class_15968,class_11789
class_15969,class_11796
class_1597,class_11192
class_15970,class_11803
class_15971,class_11810
class_15972,class_11817
class_15973,class_11824
class_15974,class_11831
class_15975,class_11838
class_15976,class_11845
class_15977,class_11852
class_15978,class_11859
class_15979,class_11866
class_1598,class_11199
class_15980,class_11873
class_15981,class_11880
class_15982,class_11887
class_15983,class_11894
class_15984,class_11901
class_15985,class_11908
class_15986,class_11915
class_15987,class_11922
class_15988,class_11929
class_15989,class_11936
class_1599,class_11206
class_15990,class_11943
class_15991,class_11950
class_15992,class_11957
class_15993,class_11964
class_15994,class_11971
class_15995,class_11978
class_15996,class_11985
class_15997,class_11992
class_15998,class_11999
class_15999,class_12006
class_16,class_125
class_160,class_1133
class_1600,class_11213
class_16000,class_12013
class_16001,class_12020
class_16002,class_12027
class_16003,class_12034
class_16004,class_12041
class_16005,class_12048
class_16006,class_12055
class_16007,class_12062
class_16008,class_12069
class_16009,class_12076
class_1601,class_11220
class_16010,class_12083
class_16011,class_12090
class_16012,class_12097
class_16013,class_12104
class_16014,class_12111
class_16015,class_12118
class_16016,class_12125
class_16017,class_12132
class_16018,class_12139
class_16019,class_12146
class_1602,class_11227
class_16020,class_12153
class_16021,class_12160
class_16022,class_12167
class_16023,class_12174
class_16024,class_12181
class_16025,class_12188
class_16026,class_12195
class_16027,class_12202
class_16028,class_12209
class_16029,class_12216
class_1603,class_11234
class_16030,class_12223
class_16031,class_12230
class_16032,class_12237
class_16033,class_12244
class_16034,class_12251
class_16035,class_12258
class_16036,class_12265
class_16037,class_12272
class_16038,class_12279
class_16039,class_12286
class_1604,class_11241
class_16040,class_12293
class_16041,class_12300
class_16042,class_12307
class_16043,class_12314
class_16044,class_12321
class_16045,class_12328
class_16046,class_12335
class_16047,class_12342
class_16048,class_12349
class_16049,class_12356
class_1605,class_11248
class_16050,class_12363
class_16051,class_12370
class_16052,class_12377
class_16053,class_12384
class_16054,class_12391
class_16055,class_12398
class_16056,class_12405
class_16057,class_12412
class_16058,class_12419
class_16059,class_12426
class_1606,class_11255
class_16060,class_12433
class_16061,class_12440
class_16062,class_12447
class_16063,class_12454
class_16064,class_12461
class_16065,class_12468
class_16066,class_12475
class_16067,class_12482
class_16068,class_12489
class_16069,class_12496
class_1607,class_11262
class_16070,class_12503
class_16071,class_12510
class_16072,class_12517
class_16073,class_12524
class_16074,class_12531
class_16075,class_12538
class_16076,class_12545
class_16077,class_12552
class_16078,class_12559
class_16079,class_12566
class_1608,class_11269
class_16080,class_12573
class_16081,class_12580
class_16082,class_12587
class_16083,class_12594
class_16084,class_12601
class_16085,class_12608
class_16086,class_12615
class_16087,class_12622
class_16088,class_12629
class_16089,class_12636
class_1609,class_11276
class_16090,class_12643
class_16091,class_12650
class_16092,class_12657
class_16093,class_12664
class_16094,class_12671
class_16095,class_12678
class_16096,class_12685
class_16097,class_12692
class_16098,class_12699
class_16099,class_12706
class_161,class_1140
class_1610,class_11283
class_16100,class_12713
class_16101,class_12720
class_16102,class_12727
class_16103,class_12734
class_16104,class_12741
class_16105,class_12748
class_16106,class_12755
class_16107,class_12762
class_16108,class_12769
class_16109,class_12776
class_1611,class_11290
class_16110,class_12783
class_16111,class_12790
class_16112,class_12797
class_16113,class_12804
class_16114,class_12811
class_16115,class_12818
class_16116,class_12825
class_16117,class_12832
class_16118,class_12839
class_16119,class_12846
class_1612,class_11297
class_16120,class_12853
class_16121,class_12860
class_16122,class_12867
class_16123,class_12874
class_16124,class_12881
class_16125,class_12888
class_16126,class_12895
class_16127,class_12902
class_16128,class_12909
class_16129,class_12916
class_1613,class_11304
class_16130,class_12923
class_16131,class_12930
class_16132,class_12937
class_16133,class_12944
class_16134,class_12951
class_16135,class_12958
class_16136,class_12965
class_16137,class_12972
class_16138,class_12979
class_16139,class_12986
class_1614,class_11311
class_16140,class_12993
class_16141,class_13000
class_16142,class_13007
class_16143,class_13014
class_16144,class_13021
class_16145,class_13028
class_16146,class_13035
class_16147,class_13042
class_16148,class_13049
class_16149,class_13056
class_1615,class_11318
class_16150,class_13063
class_16151,class_13070
class_16152,class_13077
class_16153,class_13084
class_16154,class_13091
class_16155,class_13098
class_16156,class_13105
class_16157,class_13112
class_16158,class_13119
class_16159,class_13126
class_1616,class_11325
class_16160,class_13133
class_16161,class_13140
class_16162,class_13147
class_16163,class_13154
class_16164,class_13161
class_16165,class_13168
class_16166,class_13175
class_16167,class_13182
class_16168,class_13189
class_16169,class_13196
class_1617,class_11332
class_16170,class_13203
class_16171,class_13210
class_16172,class_13217
class_16173,class_13224
class_16174,class_13231
class_16175,class_13238
class_16176,class_13245
class_16177,class_13252
class_16178,class_13259
class_16179,class_13266
class_1618,class_11339
class_16180,class_13273
class_16181,class_13280
class_16182,class_13287
class_16183,class_13294
class_16184,class_13301
class_16185,class_13308
class_16186,class_13315
class_16187,class_13322
class_16188,class_13329
class_16189,class_13336
class_1619,class_11346
class_16190,class_13343
class_16191,class_13350
class_16192,class_13357
class_16193,class_13364
class_16194,class_13371
class_16195,class_13378
class_16196,class_13385
class_16197,class_13392
class_16198,class_13399
class_16199,class_13406
class_162,class_1147
class_1620,class_11353
class_16200,class_13413
class_16201,class_13420
class_16202,class_13427
class_16203,class_13434
class_16204,class_13441
class_16205,class_13448
class_16206,class_13455
class_16207,class_13462
class_16208,class_13469
class_16209,class_13476
class_1621,class_11360
class_16210,class_13483
class_16211,class_13490
class_16212,class_13497
class_16213,class_13504
class_16214,class_13511
class_16215,class_13518
class_16216,class_13525
class_16217,class_13532
class_16218,class_13539
class_16219,class_13546
class_1622,class_11367
class_16220,class_13553
class_16221,class_13560
class_16222,class_13567
class_16223,class_13574
class_16224,class_13581
class_16225,class_13588
class_16226,class_13595
class_16227,class_13602
class_16228,class_13609
class_16229,class_13616
class_1623,class_11374
class_16230,class_13623
class_16231,class_13630
class_16232,class_13637
class_16233,class_13644
class_16234,class_13651
class_16235,class_13658
class_16236,class_13665
class_16237,class_13672
class_16238,class_13679
class_16239,class_13686
class_1624,class_11381
class_16240,class_13693
class_16241,class_13700
class_16242,class_13707
class_16243,class_13714
class_16244,class_13721
class_16245,class_13728
class_16246,class_13735
class_16247,class_13742
class_16248,class_13749
class_16249,class_13756
class_1625,class_11388
class_16250,class_13763
class_16251,class_13770
class_16252,class_13777
class_16253,class_13784
class_16254,class_13791
class_16255,class_13798
class_16256,class_13805
class_16257,class_13812
class_16258,class_13819
class_16259,class_13826
class_1626,class_11395
class_16260,class_13833
class_16261,class_13840
class_16262,class_13847
class_16263,class_13854
class_16264,class_13861
class_16265,class_13868
class_16266,class_13875
class_16267,class_13882
class_16268,class_13889
class_16269,class_13896
class_1627,class_11402
class_16270,class_13903
class_16271,class_13910
class_16272,class_13917
class_16273,class_13924
class_16274,class_13931
class_16275,class_13938
class_16276,class_13945
class_16277,class_13952
class_16278,class_13959
class_16279,class_13966
class_1628,class_11409
class_16280,class_13973
class_16281,class_13980
class_16282,class_13987
class_16283,class_13994
class_16284,class_14001
class_16285,class_14008
class_16286,class_14015
class_16287,class_14022
class_16288,class_14029
class_16289,class_14036
class_1629,class_11416
class_16290,class_14043
class_16291,class_14050
class_16292,class_14057
class_16293,class_14064
class_16294,class_14071
class_16295,class_14078
class_16296,class_14085
class_16297,class_14092
class_16298,class_14099
class_16299,class_14106
class_163,class_1154
class_1630,class_11423
class_16300,class_14113
class_16301,class_14120
class_16302,class_14127
class_16303,class_14134
class_16304,class_14141
class_16305,class_14148
class_16306,class_14155
class_16307,class_14162
class_16308,class_14169
class_16309,class_14176
class_1631,class_11430
class_16310,class_14183
class_16311,class_14190
class_16312,class_14197
class_16313,class_14204
class_16314,class_14211
class_16315,class_14218
class_16316,class_14225
class_16317,class_14232
class_16318,class_14239
class_16319,class_14246
class_1632,class_11437
class_16320,class_14253
class_16321,class_14260
class_16322,class_14267
class_16323,class_14274
class_16324,class_14281
class_16325,class_14288
class_16326,class_14295
class_16327,class_14302
class_16328,class_14309
class_16329,class_14316
class_1633,class_11444
class_16330,class_14323
class_16331,class_14330
class_16332,class_14337
class_16333,class_14344
class_16334,class_14351
class_16335,class_14358
class_16336,class_14365
class_16337,class_14372
class_16338,class_14379
class_16339,class_14386
class_1634,class_11451
class_16340,class_14393
class_16341,class_14400
class_16342,class_14407
class_16343,class_14414
class_16344,class_14421
class_16345,class_14428
class_16346,class_14435
class_16347,class_14442
class_16348,class_14449
class_16349,class_14456
class_1635,class_11458
class_16350,class_14463
class_16351,class_14470
class_16352,class_14477
class_16353,class_14484
class_16354,class_14491
class_16355,class_14498
class_16356,class_14505
class_16357,class_14512
class_16358,class_14519
class_16359,class_14526
class_1636,class_11465
class_16360,class_14533
class_16361,class_14540
class_16362,class_14547
class_16363,class_14554
class_16364,class_14561
class_16365,class_14568
class_16366,class_14575
class_16367,class_14582
class_16368,class_14589
class_16369,class_14596
class_1637,class_11472
class_16370,class_14603
class_16371,class_14610
class_16372,class_14617
class_16373,class_14624
class_16374,class_14631
class_16375,class_14638
class_16376,class_14645
class_16377,class_14652
class_16378,class_14659
class_16379,class_14666
class_1638,class_11479
class_16380,class_14673
class_16381,class_14680
class_16382,class_14687
class_16383,class_14694
class_16384,class_14701
class_16385,class_14708
class_16386,class_14715
class_16387,class_14722
class_16388,class_14729
class_16389,class_14736
class_1639,class_11486
class_16390,class_14743
class_16391,class_14750
class_16392,class_14757
class_16393,class_14764
class_16394,class_14771
class_16395,class_14778
class_16396,class_14785
class_16397,class_14792
class_16398,class_14799
class_16399,class_14806
class_164,class_1161
class_1640,class_11493
class_16400,class_14813
class_16401,class_14820
class_16402,class_14827
class_16403,class_14834
class_16404,class_14841
class_16405,class_14848
class_16406,class_14855
class_16407,class_14862
class_16408,class_14869
class_16409,class_14876
class_1641,class_11500
class_16410,class_14883
class_16411,class_14890
class_16412,class_14897
class_16413,class_14904
class_16414,class_14911
class_16415,class_14918
class_16416,class_14925
class_16417,class_14932
class_16418,class_14939
class_16419,class_14946
class_1642,class_11507
class_16420,class_14953
class_16421,class_14960
class_16422,class_14967
class_16423,class_14974
class_16424,class_14981
class_16425,class_14988
class_16426,class_14995
class_16427,class_15002
class_16428,class_15009
class_16429,class_15016
class_1643,class_11514
class_16430,class_15023
class_16431,class_15030
class_16432,class_15037
class_16433,class_15044
class_16434,class_15051
class_16435,class_15058
class_16436,class_15065
class_16437,class_15072
class_16438,class_15079
class_16439,class_15086
class_1644,class_11521
class_16440,class_15093
class_16441,class_15100
class_16442,class_15107
class_16443,class_15114
class_16444,class_15121
class_16445,class_15128
class_16446,class_15135
class_16447,class_15142
class_16448,class_15149
class_16449,class_15156
class_1645,class_11528
class_16450,class_15163
class_16451,class_15170
class_16452,class_15177
class_16453,class_15184
class_16454,class_15191
class_16455,class_15198
class_16456,class_15205
class_16457,class_15212
class_16458,class_15219
class_16459,class_15226
class_1646,class_11535
class_16460,class_15233
class_16461,class_15240
class_16462,class_15247
class_16463,class_15254
class_16464,class_15261
class_16465,class_15268
class_16466,class_15275
class_16467,class_15282
class_16468,class_15289
class_16469,class_15296
class_1647,class_11542
class_16470,class_15303
class_16471,class_15310
class_16472,class_15317
class_16473,class_15324
class_16474,class_15331
class_16475,class_15338
class_16476,class_15345
class_16477,class_15352
class_16478,class_15359
class_16479,class_15366
class_1648,class_11549
class_16480,class_15373
class_16481,class_15380
class_16482,class_15387
class_16483,class_15394
class_16484,class_15401
class_16485,class_15408
class_16486,class_15415
class_16487,class_15422
class_16488,class_15429
class_16489,class_15436
class_1649,class_11556
class_16490,class_15443
class_16491,class_15450
class_16492,class_15457
class_16493,class_15464
class_16494,class_15471
class_16495,class_15478
class_16496,class_15485
class_16497,class_15492
class_16498,class_15499
class_16499,class_15506
class_165,class_1168
class_1650,class_11563
class_16500,class_15513
class_16501,class_15520
class_16502,class_15527
class_16503,class_15534
class_16504,class_15541
class_16505,class_15548
class_16506,class_15555
class_16507,class_15562
class_16508,class_15569
class_16509,class_15576
class_1651,class_11570
class_16510,class_15583
class_16511,class_15590
class_16512,class_15597
class_16513,class_15604
class_16514,class_15611
class_16515,class_15618
class_16516,class_15625
class_16517,class_15632
class_16518,class_15639
class_16519,class_15646
class_1652,class_11577
class_16520,class_15653
class_16521,class_15660
class_16522,class_15667
class_16523,class_15674
class_16524,class_15681
class_16525,class_15688
class_16526,class_15695
class_16527,class_15702
class_16528,class_15709
class_16529,class_15716
class_1653,class_11584
class_16530,class_15723
class_16531,class_15730
class_16532,class_15737
class_16533,class_15744
class_16534,class_15751
class_16535,class_15758
class_16536,class_15765
class_16537,class_15772
class_16538,class_15779
class_16539,class_15786
class_1654,class_11591
class_16540,class_15793
class_16541,class_15800
class_16542,class_15807
class_16543,class_15814
class_16544,class_15821
class_16545,class_15828
class_16546,class_15835
class_16547,class_15842
class_16548,class_15849
class_16549,class_15856
class_1655,class_11598
class_16550,class_15863
class_16551,class_15870
class_16552,class_15877
class_16553,class_15884
class_16554,class_15891
class_16555,class_15898
class_16556,class_15905
class_16557,class_15912
class_16558,class_15919
class_16559,class_15926
class_1656,class_11605
class_16560,class_15933
class_16561,class_15940
class_16562,class_15947
class_16563,class_15954
class_16564,class_15961
class_16565,class_15968
class_16566,class_15975
class_16567,class_15982
class_16568,class_15989
class_16569,class_15996
class_1657,class_11612
class_16570,class_16003
class_16571,class_16010
class_16572,class_16017
class_16573,class_16024
class_16574,class_16031
class_16575,class_16038
class_16576,class_16045
class_16577,class_16052
class_16578,class_16059
class_16579,class_16066
class_1658,class_11619
class_16580,class_16073
class_16581,class_16080
class_16582,class_16087
class_16583,class_16094
class_16584,class_16101
class_16585,class_16108
class_16586,class_16115
class_16587,class_16122
class_16588,class_16129
class_16589,class_16136
class_1659,class_11626
class_16590,class_16143
class_16591,class_16150
class_16592,class_16157
class_16593,class_16164
class_16594,class_16171
class_16595,class_16178
class_16596,class_16185
class_16597,class_16192
class_16598,class_16199
class_16599,class_16206
class_166,class_1175
class_1660,class_11633
class_16600,class_16213
class_16601,class_16220
class_16602,class_16227
class_16603,class_16234
class_16604,class_16241
class_16605,class_16248
class_16606,class_16255
class_16607,class_16262
class_16608,class_16269
class_16609,class_16276
class_1661,class_11640
class_16610,class_16283
class_16611,class_16290
class_16612,class_16297
class_16613,class_16304
class_16614,class_16311
class_16615,class_16318
class_16616,class_16325
class_16617,class_16332
class_16618,class_16339
class_16619,class_16346
class_1662,class_11647
class_16620,class_16353
class_16621,class_16360
class_16622,class_16367
class_16623,class_16374
class_16624,class_16381
class_16625,class_16388
class_16626,class_16395
class_16627,class_16402
class_16628,class_16409
class_16629,class_16416
class_1663,class_11654
class_16630,class_16423
class_16631,class_16430
class_16632,class_16437
class_16633,class_16444
class_16634,class_16451
class_16635,class_16458
class_16636,class_16465
class_16637,class_16472
class_16638,class_16479
class_16639,class_16486
class_1664,class_11661
class_16640,class_16493
class_16641,class_16500
class_16642,class_16507
class_16643,class_16514
class_16644,class_16521
class_16645,class_16528
class_16646,class_16535
class_16647,class_16542
class_16648,class_16549
class_16649,class_16556
class_1665,class_11668
class_16650,class_16563
class_16651,class_16570
class_16652,class_16577
class_16653,class_16584
class_16654,class_16591
class_16655,class_16598
class_16656,class_16605
class_16657,class_16612
class_16658,class_16619
class_16659,class_16626
class_1666,class_11675
class_16660,class_16633
class_16661,class_16640
class_16662,class_16647
class_16663,class_16654
class_16664,class_16661
class_16665,class_16668
class_16666,class_16675
class_16667,class_16682
class_16668,class_16689
class_16669,class_16696
class_1667,class_11682
class_16670,class_16703
class_16671,class_16710
class_16672,class_16717
class_16673,class_16724
class_16674,class_16731
class_16675,class_16738
class_16676,class_16745
class_16677,class_16752
class_16678,class_16759
class_16679,class_16766
class_1668,class_11689
class_16680,class_16773
class_16681,class_16780
class_16682,class_16787
class_16683,class_16794
class_16684,class_16801
class_16685,class_16808
class_16686,class_16815
class_16687,class_16822
class_16688,class_16829
class_16689,class_16836
class_1669,class_11696
class_16690,class_16843
class_16691,class_16850
class_16692,class_16857
class_16693,class_16864
class_16694,class_16871
class_16695,class_16878
class_16696,class_16885
class_16697,class_16892
class_16698,class_16899
class_16699,class_16906
class_167,class_1182
class_1670,class_11703
class_16700,class_16913
class_16701,class_16920
class_16702,class_16927
class_16703,class_16934
class_16704,class_16941
class_16705,class_16948
class_16706,class_16955
class_16707,class_16962
class_16708,class_16969
class_16709,class_16976
class_1671,class_11710
class_16710,class_16983
class_16711,class_16990
class_16712,class_16997
class_16713,class_17004
class_16714,class_17011
class_16715,class_17018
class_16716,class_17025
class_16717,class_17032
class_16718,class_17039
class_16719,class_17046
class_1672,class_11717
class_16720,class_17053
class_16721,class_17060
class_16722,class_17067
class_16723,class_17074
class_16724,class_17081
class_16725,class_17088
class_16726,class_17095
class_16727,class_17102
class_16728,class_17109
class_16729,class_17116
class_1673,class_11724
class_16730,class_17123
class_16731,class_17130
class_16732,class_17137
class_16733,class_17144
class_16734,class_17151
class_16735,class_17158
class_16736,class_17165
class_16737,class_17172
class_16738,class_17179
class_16739,class_17186
class_1674,class_11731
class_16740,class_17193
class_16741,class_17200
class_16742,class_17207
class_16743,class_17214
class_16744,class_17221
class_16745,class_17228
class_16746,class_17235
class_16747,class_17242
class_16748,class_17249
class_16749,class_17256
class_1675,class_11738
class_16750,class_17263
class_16751,class_17270
class_16752,class_17277
class_16753,class_17284
class_16754,class_17291
class_16755,class_17298
class_16756,class_17305
class_16757,class_17312
class_16758,class_17319
class_16759,class_17326
class_1676,class_11745
class_16760,class_17333
class_16761,class_17340
class_16762,class_17347
class_16763,class_17354
class_16764,class_17361
class_16765,class_17368
class_16766,class_17375
class_16767,class_17382
class_16768,class_17389
class_16769,class_17396
class_1677,class_11752
class_16770,class_17403
class_16771,class_17410
class_16772,class_17417
class_16773,class_17424
class_16774,class_17431
class_16775,class_17438
class_16776,class_17445
class_16777,class_17452
class_16778,class_17459
class_16779,class_17466
class_1678,class_11759
class_16780,class_17473
class_16781,class_17480
class_16782,class_17487
class_16783,class_17494
class_16784,class_17501
class_16785,class_17508
class_16786,class_17515
class_16787,class_17522
class_16788,class_17529
class_16789,class_17536
class_1679,class_11766
class_16790,class_17543
class_16791,class_17550
class_16792,class_17557
class_16793,class_17564
class_16794,class_17571
class_16795,class_17578
class_16796,class_17585
class_16797,class_17592
class_16798,class_17599
class_16799,class_17606
class_168,class_1189
class_1680,class_11773
class_16800,class_17613
class_16801,class_17620
class_16802,class_17627
class_16803,class_17634
class_16804,class_17641
class_16805,class_17648
class_16806,class_17655
class_16807,class_17662
class_16808,class_17669
class_16809,class_17676
class_1681,class_11780
class_16810,class_17683
class_16811,class_17690
class_16812,class_17697
class_16813,class_17704
class_16814,class_17711
class_16815,class_17718
class_16816,class_17725
class_16817,class_17732
class_16818,class_17739
class_16819,class_17746
class_1682,class_11787
class_16820,class_17753
class_16821,class_17760
class_16822,class_17767
class_16823,class_17774
class_16824,class_17781
class_16825,class_17788
class_16826,class_17795
class_16827,class_17802
class_16828,class_17809
class_16829,class_17816
class_1683,class_11794
class_16830,class_17823
class_16831,class_17830
class_16832,class_17837
class_16833,class_17844
class_16834,class_17851
class_16835,class_17858
class_16836,class_17865
class_16837,class_17872
class_16838,class_17879
class_16839,class_17886
class_1684,class_11801
class_16840,class_17893
class_16841,class_17900
class_16842,class_17907
class_16843,class_17914
class_16844,class_17921
class_16845,class_17928
class_16846,class_17935
class_16847,class_17942
class_16848,class_17949
class_16849,class_17956
class_1685,class_11808
class_16850,class_17963
class_16851,class_17970
class_16852,class_17977
class_16853,class_17984
class_16854,class_17991
class_16855,class_17998
class_16856,class_18005
class_16857,class_18012
class_16858,class_18019
class_16859,class_18026
class_1686,class_11815
class_16860,class_18033
class_16861,class_18040
class_16862,class_18047
class_16863,class_18054
class_16864,class_18061
class_16865,class_18068
class_16866,class_18075
class_16867,class_18082
class_16868,class_18089
class_16869,class_18096
class_1687,class_11822
class_16870,class_18103
class_16871,class_18110
class_16872,class_18117
class_16873,class_18124
class_16874,class_18131
class_16875,class_18138
class_16876,class_18145
class_16877,class_18152
class_16878,class_18159
class_16879,class_18166
class_1688,class_11829
class_16880,class_18173
class_16881,class_18180
class_16882,class_18187
class_16883,class_18194
class_16884,class_18201
class_16885,class_18208
class_16886,class_18215
class_16887,class_18222
class_16888,class_18229
class_16889,class_18236
class_1689,class_11836
class_16890,class_18243
class_16891,class_18250
class_16892,class_18257
class_16893,class_18264
class_16894,class_18271
class_16895,class_18278
class_16896,class_18285
class_16897,class_18292
class_16898,class_18299
class_16899,class_18306
class_169,class_1196
class_1690,class_11843
class_16900,class_18313
class_16901,class_18320
class_16902,class_18327
class_16903,class_18334
class_16904,class_18341
class_16905,class_18348
class_16906,class_18355
class_16907,class_18362
class_16908,class_18369
class_16909,class_18376
class_1691,class_11850
class_16910,class_18383
class_16911,class_18390
class_16912,class_18397
class_16913,class_18404
class_16914,class_18411
class_16915,class_18418
class_16916,class_18425
class_16917,class_18432
class_16918,class_18439
class_16919,class_18446
class_1692,class_11857
class_16920,class_18453
class_16921,class_18460
class_16922,class_18467
class_16923,class_18474
class_16924,class_18481
class_16925,class_18488
class_16926,class_18495
class_16927,class_18502
class_16928,class_18509
class_16929,class_18516
class_1693,class_11864
class_16930,class_18523
class_16931,class_18530
class_16932,class_18537
class_16933,class_18544
class_16934,class_18551
class_16935,class_18558
class_16936,class_18565
class_16937,class_18572
class_16938,class_18579
class_16939,class_18586
class_1694,class_11871
class_16940,class_18593
class_16941,class_18600
class_16942,class_18607
class_16943,class_18614
class_16944,class_18621
class_16945,class_18628
class_16946,class_18635
class_16947,class_18642
class_16948,class_18649
class_16949,class_18656
class_1695,class_11878
class_16950,class_18663
class_16951,class_18670
class_16952,class_18677
class_16953,class_18684
class_16954,class_18691
class_16955,class_18698
class_16956,class_18705
class_16957,class_18712
class_16958,class_18719
class_16959,class_18726
class_1696,class_11885
class_16960,class_18733
class_16961,class_18740
class_16962,class_18747
class_16963,class_18754
class_16964,class_18761
class_16965,class_18768
class_16966,class_18775
class_16967,class_18782
class_16968,class_18789
class_16969,class_18796
class_1697,class_11892
class_16970,class_18803
class_16971,class_18810
class_16972,class_18817
class_16973,class_18824
class_16974,class_18831
class_16975,class_18838
class_16976,class_18845
class_16977,class_18852
class_16978,class_18859
class_16979,class_18866
class_1698,class_11899
class_16980,class_18873
class_16981,class_18880
class_16982,class_18887
class_16983,class_18894
class_16984,class_18901
class_16985,class_18908
class_16986,class_18915
class_16987,class_18922
class_16988,class_18929
class_16989,class_18936
class_1699,class_11906
class_16990,class_18943
class_16991,class_18950
class_16992,class_18957
class_16993,class_18964
class_16994,class_18971
class_16995,class_18978
class_16996,class_18985
class_16997,class_18992
class_16998,class_18999
class_16999,class_19006
class_17,class_132
class_170,class_1203
class_1700,class_11913
class_17000,class_19013
class_17001,class_19020
class_17002,class_19027
class_17003,class_19034
class_17004,class_19041
class_17005,class_19048
class_17006,class_19055
class_17007,class_19062
class_17008,class_19069
class_17009,class_19076
class_1701,class_11920
class_17010,class_19083
class_17011,class_19090
class_17012,class_19097
class_17013,class_19104
class_17014,class_19111
class_17015,class_19118
class_17016,class_19125
class_17017,class_19132
class_17018,class_19139
class_17019,class_19146
class_1702,class_11927
class_17020,class_19153
class_17021,class_19160
class_17022,class_19167
class_17023,class_19174
class_17024,class_19181
class_17025,class_19188
class_17026,class_19195
class_17027,class_19202
class_17028,class_19209
class_17029,class_19216
class_1703,class_11934
class_17030,class_19223
class_17031,class_19230
class_17032,class_19237
class_17033,class_19244
class_17034,class_19251
class_17035,class_19258
class_17036,class_19265
class_17037,class_19272
class_17038,class_19279
class_17039,class_19286
class_1704,class_11941
class_17040,class_19293
class_17041,class_19300
class_17042,class_19307
class_17043,class_19314
class_17044,class_19321
class_17045,class_19328
class_17046,class_19335
class_17047,class_19342
class_17048,class_19349
class_17049,class_19356
class_1705,class_11948
class_17050,class_19363
class_17051,class_19370
class_17052,class_19377
class_17053,class_19384
class_17054,class_19391
class_17055,class_19398
class_17056,class_19405
class_17057,class_19412
class_17058,class_19419
class_17059,class_19426
class_1706,class_11955
class_17060,class_19433
class_17061,class_19440
class_17062,class_19447
class_17063,class_19454
class_17064,class_19461
class_17065,class_19468
class_17066,class_19475
class_17067,class_19482
class_17068,class_19489
class_17069,class_19496
class_1707,class_11962
class_17070,class_19503
class_17071,class_19510
class_17072,class_19517
class_17073,class_19524
class_17074,class_19531
class_17075,class_19538
class_17076,class_19545
class_17077,class_19552
class_17078,class_19559
class_17079,class_19566
class_1708,class_11969
class_17080,class_19573
class_17081,class_19580
class_17082,class_19587
class_17083,class_19594
class_17084,class_19601
class_17085,class_19608
class_17086,class_19615
class_17087,class_19622
class_17088,class_19629
class_17089,class_19636
class_1709,class_11976
class_17090,class_19643
class_17091,class_19650
class_17092,class_19657
class_17093,class_19664
class_17094,class_19671
class_17095,class_19678
class_17096,class_19685
class_17097,class_19692
class_17098,class_19699
class_17099,class_19706
class_171,class_1210
class_1710,class_11983
class_17100,class_19713
class_17101,class_19720
class_17102,class_19727
class_17103,class_19734
class_17104,class_19741
class_17105,class_19748
class_17106,class_19755
class_17107,class_19762
class_17108,class_19769
class_17109,class_19776
class_1711,class_11990
class_17110,class_19783
class_17111,class_19790
class_17112,class_19797
class_17113,class_19804
class_17114,class_19811
class_17115,class_19818
class_17116,class_19825
class_17117,class_19832
class_17118,class_19839
class_17119,class_19846
class_1712,class_11997
class_17120,class_19853
class_17121,class_19860
class_17122,class_19867
class_17123,class_19874
class_17124,class_19881
class_17125,class_19888
class_17126,class_19895
class_17127,class_19902
class_17128,class_19909
class_17129,class_19916
class_1713,class_12004
class_17130,class_19923
class_17131,class_19930
class_17132,class_19937
class_17133,class_19944
class_17134,class_19951
class_17135,class_19958
class_17136,class_19965
class_17137,class_19972
class_17138,class_19979
class_17139,class_19986
class_1714,class_12011
class_17140,class_19993
class_17141,class_0
class_17142,class_7
class_17143,class_14
class_17144,class_21
class_17145,class_28
class_17146,class_35
class_17147,class_42
class_17148,class_49
class_17149,class_56
class_1715,class_12018
class_17150,class_63
class_17151,class_70
class_17152,class_77
class_17153,class_84
class_17154,class_91
class_17155,class_98
class_17156,class_105
class_17157,class_112
class_17158,class_119
class_17159,class_126
class_1716,class_12025
class_17160,class_133
class_17161,class_140
class_17162,class_147
class_17163,class_154
class_17164,class_161
class_17165,class_168
class_17166,class_175
class_17167,class_182
class_17168,class_189
class_17169,class_196
class_1717,class_12032
class_17170,class_203
class_17171,class_210
class_17172,class_217
class_17173,class_224
class_17174,class_231
class_17175,class_238
class_17176,class_245
class_17177,class_252
class_17178,class_259
class_17179,class_266
class_1718,class_12039
class_17180,class_273
class_17181,class_280
class_17182,class_287
class_17183,class_294
class_17184,class_301
class_17185,class_308
class_17186,class_315
class_17187,class_322
class_17188,class_329
class_17189,class_336
class_1719,class_12046
class_17190,class_343
class_17191,class_350
class_17192,class_357
class_17193,class_364
class_17194,class_371
class_17195,class_378
class_17196,class_385
class_17197,class_392
class_17198,class_399
class_17199,class_406
class_172,class_1217
class_1720,class_12053
class_17200,class_413
class_17201,class_420
class_17202,class_427
class_17203,class_434
class_17204,class_441
class_17205,class_448
class_17206,class_455
class_17207,class_462
class_17208,class_469
class_17209,class_476
class_1721,class_12060
class_17210,class_483
class_17211,class_490
class_17212,class_497
class_17213,class_504
class_17214,class_511
class_17215,class_518
class_17216,class_525
class_17217,class_532
class_17218,class_539
class_17219,class_546
class_1722,class_12067
class_17220,class_553
class_17221,class_560
class_17222,class_567
class_17223,class_574
class_17224,class_581
class_17225,class_588
class_17226,class_595
class_17227,class_602
class_17228,class_609
class_17229,class_616
class_1723,class_12074
class_17230,class_623
class_17231,class_630
class_17232,class_637
class_17233,class_644
class_17234,class_651
class_17235,class_658
class_17236,class_665
class_17237,class_672
class_17238,class_679
class_17239,class_686
class_1724,class_12081
class_17240,class_693
class_17241,class_700
class_17242,class_707
class_17243,class_714
class_17244,class_721
class_17245,class_728
class_17246,class_735
class_17247,class_742
class_17248,class_749
class_17249,class_756
class_1725,class_12088
class_17250,class_763
class_17251,class_770
class_17252,class_777
class_17253,class_784
class_17254,class_791
class_17255,class_798
class_17256,class_805
class_17257,class_812
class_17258,class_819
class_17259,class_826
class_1726,class_12095
class_17260,class_833
class_17261,class_840
class_17262,class_847
class_17263,class_854
class_17264,class_861
class_17265,class_868
class_17266,class_875
class_17267,class_882
class_17268,class_889
class_17269,class_896
class_1727,class_12102
class_17270,class_903
class_17271,class_910
class_17272,class_917
class_17273,class_924
class_17274,class_931
class_17275,class_938
class_17276,class_945
class_17277,class_952
class_17278,class_959
class_17279,class_966
class_1728,class_12109
class_17280,class_973
class_17281,class_980
class_17282,class_987
class_17283,class_994
class_17284,class_1001
class_17285,class_1008
class_17286,class_1015
class_17287,class_1022
class_17288,class_1029
class_17289,class_1036
class_1729,class_12116
class_17290,class_1043
class_17291,class_1050
class_17292,class_1057
class_17293,class_1064
class_17294,class_1071
class_17295,class_1078
class_17296,class_1085
class_17297,class_1092
class_17298,class_1099
class_17299,class_1106
class_173,class_1224
class_1730,class_12123
class_17300,class_1113
class_17301,class_1120
class_17302,class_1127
class_17303,class_1134
class_17304,class_1141
class_17305,class_1148
class_17306,class_1155
class_17307,class_1162
class_17308,class_1169
class_17309,class_1176
class_1731,class_12130
class_17310,class_1183
class_17311,class_1190
class_17312,class_1197
class_17313,class_1204
class_17314,class_1211
class_17315,class_1218
class_17316,class_1225
class_17317,class_1232
class_17318,class_1239
class_17319,class_1246
class_1732,class_12137
class_17320,class_1253
class_17321,class_1260
class_17322,class_1267
class_17323,class_1274
class_17324,class_1281
class_17325,class_1288
class_17326,class_1295
class_17327,class_1302
class_17328,class_1309
class_17329,class_1316
class_1733,class_12144
class_17330,class_1323
class_17331,class_1330
class_17332,class_1337
class_17333,class_1344
class_17334,class_1351
class_17335,class_1358
class_17336,class_1365
class_17337,class_1372
class_17338,class_1379
class_17339,class_1386
class_1734,class_12151
class_17340,class_1393
class_17341,class_1400
class_17342,class_1407
class_17343,class_1414
class_17344,class_1421
class_17345,class_1428
class_17346,class_1435
class_17347,class_1442
class_17348,class_1449
class_17349,class_1456
class_1735,class_12158
class_17350,class_1463
class_17351,class_1470
class_17352,class_1477
class_17353,class_1484
class_17354,class_1491
class_17355,class_1498
class_17356,class_1505
class_17357,class_1512
class_17358,class_1519
class_17359,class_1526
class_1736,class_12165
class_17360,class_1533
class_17361,class_1540
class_17362,class_1547
class_17363,class_1554
class_17364,class_1561
class_17365,class_1568
class_17366,class_1575
class_17367,class_1582
class_17368,class_1589
class_17369,class_1596
class_1737,class_12172
class_17370,class_1603
class_17371,class_1610
class_17372,class_1617
class_17373,class_1624
class_17374,class_1631
class_17375,class_1638
class_17376,class_1645
class_17377,class_1652
class_17378,class_1659
class_17379,class_1666
class_1738,class_12179
class_17380,class_1673
class_17381,class_1680
class_17382,class_1687
class_17383,class_1694
class_17384,class_1701
class_17385,class_1708
class_17386,class_1715
class_17387,class_1722
class_17388,class_1729
class_17389,class_1736
class_1739,class_12186
class_17390,class_1743
class_17391,class_1750
class_17392,class_1757
class_17393,class_1764
class_17394,class_1771
class_17395,class_1778
class_17396,class_1785
class_17397,class_1792
class_17398,class_1799
class_17399,class_1806
class_174,class_1231
class_1740,class_12193
class_17400,class_1813
class_17401,class_1820
class_17402,class_1827
class_17403,class_1834
class_17404,class_1841
class_17405,class_1848
class_17406,class_1855
class_17407,class_1862
class_17408,class_1869
class_17409,class_1876
class_1741,class_12200
class_17410,class_1883
class_17411,class_1890
class_17412,class_1897
class_17413,class_1904
class_17414,class_1911
class_17415,class_1918
class_17416,class_1925
class_17417,class_1932
class_17418,class_1939
class_17419,class_1946
class_1742,class_12207
class_17420,class_1953
class_17421,class_1960
class_17422,class_1967
class_17423,class_1974
class_17424,class_1981
class_17425,class_1988
class_17426,class_1995
class_17427,class_2002
class_17428,class_2009
class_17429,class_2016
class_1743,class_12214
class_17430,class_2023
class_17431,class_2030
class_17432,class_2037
class_17433,class_2044
class_17434,class_2051
class_17435,class_2058
class_17436,class_2065
class_17437,class_2072
class_17438,class_2079
class_17439,class_2086
class_1744,class_12221
class_17440,class_2093
class_17441,class_2100
class_17442,class_2107
class_17443,class_2114
class_17444,class_2121
class_17445,class_2128
class_17446,class_2135
class_17447,class_2142
class_17448,class_2149
class_17449,class_2156
class_1745,class_12228
class_17450,class_2163
class_17451,class_2170
class_17452,class_2177
class_17453,class_2184
class_17454,class_2191
class_17455,class_2198
class_17456,class_2205
class_17457,class_2212
class_17458,class_2219
class_17459,class_2226
class_1746,class_12235
class_17460,class_2233
class_17461,class_2240
class_17462,class_2247
class_17463,class_2254
class_17464,class_2261
class_17465,class_2268
class_17466,class_2275
class_17467,class_2282
class_17468,class_2289
class_17469,class_2296
class_1747,class_12242
class_17470,class_2303
class_17471,class_2310
class_17472,class_2317
class_17473,class_2324
class_17474,class_2331
class_17475,class_2338
class_17476,class_2345
class_17477,class_2352
class_17478,class_2359
class_17479,class_2366
class_1748,class_12249
class_17480,class_2373
class_17481,class_2380
class_17482,class_2387
class_17483,class_2394
class_17484,class_2401
class_17485,class_2408
class_17486,class_2415
class_17487,class_2422
class_17488,class_2429
class_17489,class_2436
class_1749,class_12256
class_17490,class_2443
class_17491,class_2450
class_17492,class_2457
class_17493,class_2464
class_17494,class_2471
class_17495,class_2478
class_17496,class_2485
class_17497,class_2492
class_17498,class_2499
class_17499,class_2506
class_175,class_1238
class_1750,class_12263
class_17500,class_2513
class_17501,class_2520
class_17502,class_2527
class_17503,class_2534
class_17504,class_2541
class_17505,class_2548
class_17506,class_2555
class_17507,class_2562
class_17508,class_2569
class_17509,class_2576
class_1751,class_12270
class_17510,class_2583
class_17511,class_2590
class_17512,class_2597
class_17513,class_2604
class_17514,class_2611
class_17515,class_2618
class_17516,class_2625
class_17517,class_2632
class_17518,class_2639
class_17519,class_2646
class_1752,class_12277
class_17520,class_2653
class_17521,class_2660
class_17522,class_2667
class_17523,class_2674
class_17524,class_2681
class_17525,class_2688
class_17526,class_2695
class_17527,class_2702
class_17528,class_2709
class_17529,class_2716
class_1753,class_12284
class_17530,class_2723
class_17531,class_2730
class_17532,class_2737
class_17533,class_2744
class_17534,class_2751
class_17535,class_2758
class_17536,class_2765
class_17537,class_2772
class_17538,class_2779
class_17539,class_2786
class_1754,class_12291
class_17540,class_2793
class_17541,class_2800
class_17542,class_2807
class_17543,class_2814
class_17544,class_2821
class_17545,class_2828
class_17546,class_2835
class_17547,class_2842
class_17548,class_2849
class_17549,class_2856
class_1755,class_12298
class_17550,class_2863
class_17551,class_2870
class_17552,class_2877
class_17553,class_2884
class_17554,class_2891
class_17555,class_2898
class_17556,class_2905
class_17557,class_2912
class_17558,class_2919
class_17559,class_2926
class_1756,class_12305
class_17560,class_2933
class_17561,class_2940
class_17562,class_2947
class_17563,class_2954
class_17564,class_2961
class_17565,class_2968
class_17566,class_2975
class_17567,class_2982
class_17568,class_2989
class_17569,class_2996
class_1757,class_12312
class_17570,class_3003
class_17571,class_3010
class_17572,class_3017
class_17573,class_3024
class_17574,class_3031
class_17575,class_3038
class_17576,class_3045
class_17577,class_3052
class_17578,class_3059
class_17579,class_3066
class_1758,class_12319
class_17580,class_3073
class_17581,class_3080
class_17582,class_3087
class_17583,class_3094
class_17584,class_3101
class_17585,class_3108
class_17586,class_3115
class_17587,class_3122
class_17588,class_3129
class_17589,class_3136
class_1759,class_12326
class_17590,class_3143
class_17591,class_3150
class_17592,class_3157
class_17593,class_3164
class_17594,class_3171
class_17595,class_3178
class_17596,class_3185
class_17597,class_3192
class_17598,class_3199
class_17599,class_3206
class_176,class_1245
class_1760,class_12333
class_17600,class_3213
class_17601,class_3220
class_17602,class_3227
class_17603,class_3234
class_17604,class_3241
class_17605,class_3248
class_17606,class_3255
class_17607,class_3262
class_17608,class_3269
class_17609,class_3276
class_1761,class_12340
class_17610,class_3283
class_17611,class_3290
class_17612,class_3297
class_17613,class_3304
class_17614,class_3311
class_17615,class_3318
class_17616,class_3325
class_17617,class_3332
class_17618,class_3339
class_17619,class_3346
class_1762,class_12347
class_17620,class_3353
class_17621,class_3360
class_17622,class_3367
class_17623,class_3374
class_17624,class_3381
class_17625,class_3388
class_17626,class_3395
class_17627,class_3402
class_17628,class_3409
class_17629,class_3416
class_1763,class_12354
class_17630,class_3423
class_17631,class_3430
class_17632,class_3437
class_17633,class_3444
class_17634,class_3451
class_17635,class_3458
class_17636,class_3465
class_17637,class_3472
class_17638,class_3479
class_17639,class_3486
class_1764,class_12361
class_17640,class_3493
class_17641,class_3500
class_17642,class_3507
class_17643,class_3514
class_17644,class_3521
class_17645,class_3528
class_17646,class_3535
class_17647,class_3542
class_17648,class_3549
class_17649,class_3556
class_1765,class_12368
class_17650,class_3563
class_17651,class_3570
class_17652,class_3577
class_17653,class_3584
class_17654,class_3591
class_17655,class_3598
class_17656,class_3605
class_17657,class_3612
class_17658,class_3619
class_17659,class_3626
class_1766,class_12375
class_17660,class_3633
class_17661,class_3640
class_17662,class_3647
class_17663,class_3654
class_17664,class_3661
class_17665,class_3668
class_17666,class_3675
class_17667,class_3682
class_17668,class_3689
class_17669,class_3696
class_1767,class_12382
class_17670,class_3703
class_17671,class_3710
class_17672,class_3717
class_17673,class_3724
class_17674,class_3731
class_17675,class_3738
class_17676,class_3745
class_17677,class_3752
class_17678,class_3759
class_17679,class_3766
class_1768,class_12389
class_17680,class_3773
class_17681,class_3780
class_17682,class_3787
class_17683,class_3794
class_17684,class_3801
class_17685,class_3808
class_17686,class_3815
class_17687,class_3822
class_17688,class_3829
class_17689,class_3836
class_1769,class_12396
class_17690,class_3843
class_17691,class_3850
class_17692,class_3857
class_17693,class_3864
class_17694,class_3871
class_17695,class_3878
class_17696,class_3885
class_17697,class_3892
class_17698,class_3899
class_17699,class_3906
class_177,class_1252
class_1770,class_12403
class_17700,class_3913
class_17701,class_3920
class_17702,class_3927
class_17703,class_3934
class_17704,class_3941
class_17705,class_3948
class_17706,class_3955
class_17707,class_3962
class_17708,class_3969
class_17709,class_3976
class_1771,class_12410
class_17710,class_3983
class_17711,class_3990
class_17712,class_3997
class_17713,class_4004
class_17714,class_4011
class_17715,class_4018
class_17716,class_4025
class_17717,class_4032
class_17718,class_4039
class_17719,class_4046
class_1772,class_12417
class_17720,class_4053
class_17721,class_4060
class_17722,class_4067
class_17723,class_4074
class_17724,class_4081
class_17725,class_4088
class_17726,class_4095
class_17727,class_4102
class_17728,class_4109
class_17729,class_4116
class_1773,class_12424
class_17730,class_4123
class_17731,class_4130
class_17732,class_4137
class_17733,class_4144
class_17734,class_4151
class_17735,class_4158
class_17736,class_4165
class_17737,class_4172
class_17738,class_4179
class_17739,class_4186
class_1774,class_12431
class_17740,class_4193
class_17741,class_4200
class_17742,class_4207
class_17743,class_4214
class_17744,class_4221
class_17745,class_4228
class_17746,class_4235
class_17747,class_4242
class_17748,class_4249
class_17749,class_4256
class_1775,class_12438
class_17750,class_4263
class_17751,class_4270
class_17752,class_4277
class_17753,class_4284
class_17754,class_4291
class_17755,class_4298
class_17756,class_4305
class_17757,class_4312
class_17758,class_4319
class_17759,class_4326
class_1776,class_12445
class_17760,class_4333
class_17761,class_4340
class_17762,class_4347
class_17763,class_4354
class_17764,class_4361
class_17765,class_4368
class_17766,class_4375
class_17767,class_4382
class_17768,class_4389
class_17769,class_4396
class_1777,class_12452
class_17770,class_4403
class_17771,class_4410
class_17772,class_4417
class_17773,class_4424
class_17774,class_4431
class_17775,class_4438
class_17776,class_4445
class_17777,class_4452
class_17778,class_4459
class_17779,class_4466
class_1778,class_12459
class_17780,class_4473
class_17781,class_4480
class_17782,class_4487
class_17783,class_4494
class_17784,class_4501
class_17785,class_4508
class_17786,class_4515
class_17787,class_4522
class_17788,class_4529
class_17789,class_4536
class_1779,class_12466
class_17790,class_4543
class_17791,class_4550
class_17792,class_4557
class_17793,class_4564
class_17794,class_4571
class_17795,class_4578
class_17796,class_4585
class_17797,class_4592
class_17798,class_4599
class_17799,class_4606
class_178,class_1259
class_1780,class_12473
class_17800,class_4613
class_17801,class_4620
class_17802,class_4627
class_17803,class_4634
class_17804,class_4641
class_17805,class_4648
class_17806,class_4655
class_17807,class_4662
class_17808,class_4669
class_17809,class_4676
class_1781,class_12480
class_17810,class_4683
class_17811,class_4690
class_17812,class_4697
class_17813,class_4704
class_17814,class_4711
class_17815,class_4718
class_17816,class_4725
class_17817,class_4732
class_17818,class_4739
class_17819,class_4746
class_1782,class_12487
class_17820,class_4753
class_17821,class_4760
class_17822,class_4767
class_17823,class_4774
class_17824,class_4781
class_17825,class_4788
class_17826,class_4795
class_17827,class_4802
class_17828,class_4809
class_17829,class_4816
class_1783,class_12494
class_17830,class_4823
class_17831,class_4830
class_17832,class_4837
class_17833,class_4844
class_17834,class_4851
class_17835,class_4858
class_17836,class_4865
class_17837,class_4872
class_17838,class_4879
class_17839,class_4886
class_1784,class_12501
class_17840,class_4893
class_17841,class_4900
class_17842,class_4907
class_17843,class_4914
class_17844,class_4921
class_17845,class_4928
class_17846,class_4935
class_17847,class_4942
class_17848,class_4949
class_17849,class_4956
class_1785,class_12508
class_17850,class_4963
class_17851,class_4970
class_17852,class_4977
class_17853,class_4984
class_17854,class_4991
class_17855,class_4998
class_17856,class_5005
class_17857,class_5012
class_17858,class_5019
class_17859,class_5026
class_1786,class_12515
class_17860,class_5033
class_17861,class_5040
class_17862,class_5047
class_17863,class_5054
class_17864,class_5061
class_17865,class_5068
class_17866,class_5075
class_17867,class_5082
class_17868,class_5089
class_17869,class_5096
class_1787,class_12522
class_17870,class_5103
class_17871,class_5110
class_17872,class_5117
class_17873,class_5124
class_17874,class_5131
class_17875,class_5138
class_17876,class_5145
class_17877,class_5152
class_17878,class_5159
class_17879,class_5166
class_1788,class_12529
class_17880,class_5173
class_17881,class_5180
class_17882,class_5187
class_17883,class_5194
class_17884,class_5201
class_17885,class_5208
class_17886,class_5215
class_17887,class_5222
class_17888,class_5229
class_17889,class_5236
class_1789,class_12536
class_17890,class_5243
class_17891,class_5250
class_17892,class_5257
class_17893,class_5264
class_17894,class_5271
class_17895,class_5278
class_17896,class_5285
class_17897,class_5292
class_17898,class_5299
class_17899,class_5306
class_179,class_1266
class_1790,class_12543
class_17900,class_5313
class_17901,class_5320
class_17902,class_5327
class_17903,class_5334
class_17904,class_5341
class_17905,class_5348
class_17906,class_5355
class_17907,class_5362
class_17908,class_5369
class_17909,class_5376
class_1791,class_12550
class_17910,class_5383
class_17911,class_5390
class_17912,class_5397
class_17913,class_5404
class_17914,class_5411
class_17915,class_5418
class_17916,class_5425
class_17917,class_5432
class_17918,class_5439
class_17919,class_5446
class_1792,class_12557
class_17920,class_5453
class_17921,class_5460
class_17922,class_5467
class_17923,class_5474
class_17924,class_5481
class_17925,class_5488
class_17926,class_5495
class_17927,class_5502
class_17928,class_5509
class_17929,class_5516
class_1793,class_12564
class_17930,class_5523
class_17931,class_5530
class_17932,class_5537
class_17933,class_5544
class_17934,class_5551
class_17935,class_5558
class_17936,class_5565
class_17937,class_5572
class_17938,class_5579
class_17939,class_5586
class_1794,class_12571
class_17940,class_5593
class_17941,class_5600
class_17942,class_5607
class_17943,class_5614
class_17944,class_5621
class_17945,class_5628
class_17946,class_5635
class_17947,class_5642
class_17948,class_5649
class_17949,class_5656
class_1795,class_12578
class_17950,class_5663
class_17951,class_5670
class_17952,class_5677
class_17953,class_5684
class_17954,class_5691
class_17955,class_5698
class_17956,class_5705
class_17957,class_5712
class_17958,class_5719
class_17959,class_5726
class_1796,class_12585
class_17960,class_5733
class_17961,class_5740
class_17962,class_5747
class_17963,class_5754
class_17964,class_5761
class_17965,class_5768
class_17966,class_5775
class_17967,class_5782
class_17968,class_5789
class_17969,class_5796
class_1797,class_12592
class_17970,class_5803
class_17971,class_5810
class_17972,class_5817
class_17973,class_5824
class_17974,class_5831
class_17975,class_5838
class_17976,class_5845
class_17977,class_5852
class_17978,class_5859
class_17979,class_5866
class_1798,class_12599
class_17980,class_5873
class_17981,class_5880
class_17982,class_5887
class_17983,class_5894
class_17984,class_5901
class_17985,class_5908
class_17986,class_5915
class_17987,class_5922
class_17988,class_5929
class_17989,class_5936
class_1799,class_12606
class_17990,class_5943
class_17991,class_5950
class_17992,class_5957
class_17993,class_5964
class_17994,class_5971
class_17995,class_5978
class_17996,class_5985
class_17997,class_5992
class_17998,class_5999
class_17999,class_6006
class_18,class_139
class_180,class_1273
class_1800,class_12613
class_18000,class_6013
class_18001,class_6020
class_18002,class_6027
class_18003,class_6034
class_18004,class_6041
class_18005,class_6048
class_18006,class_6055
class_18007,class_6062
class_18008,class_6069
class_18009,class_6076
class_1801,class_12620
class_18010,class_6083
class_18011,class_6090
class_18012,class_6097
class_18013,class_6104
class_18014,class_6111
class_18015,class_6118
class_18016,class_6125
class_18017,class_6132
class_18018,class_6139
class_18019,class_6146
class_1802,class_12627
class_18020,class_6153
class_18021,class_6160
class_18022,class_6167
class_18023,class_6174
class_18024,class_6181
class_18025,class_6188
class_18026,class_6195
class_18027,class_6202
class_18028,class_6209
class_18029,class_6216
class_1803,class_12634
class_18030,class_6223
class_18031,class_6230
class_18032,class_6237
class_18033,class_6244
class_18034,class_6251
class_18035,class_6258
class_18036,class_6265
class_18037,class_6272
class_18038,class_6279
class_18039,class_6286
class_1804,class_12641
class_18040,class_6293
class_18041,class_6300
class_18042,class_6307
class_18043,class_6314
class_18044,class_6321
class_18045,class_6328
class_18046,class_6335
class_18047,class_6342
class_18048,class_6349
class_18049,class_6356
class_1805,class_12648
class_18050,class_6363
class_18051,class_6370
class_18052,class_6377
class_18053,class_6384
class_18054,class_6391
class_18055,class_6398
class_18056,class_6405
class_18057,class_6412
class_18058,class_6419
class_18059,class_6426
class_1806,class_12655
class_18060,class_6433
class_18061,class_6440
class_18062,class_6447
class_18063,class_6454
class_18064,class_6461
class_18065,class_6468
class_18066,class_6475
class_18067,class_6482
class_18068,class_6489
class_18069,class_6496
class_1807,class_12662
class_18070,class_6503
class_18071,class_6510
class_18072,class_6517
class_18073,class_6524
class_18074,class_6531
class_18075,class_6538
class_18076,class_6545
class_18077,class_6552
class_18078,class_6559
class_18079,class_6566
class_1808,class_12669
class_18080,class_6573
class_18081,class_6580
class_18082,class_6587
class_18083,class_6594
class_18084,class_6601
class_18085,class_6608
class_18086,class_6615
class_18087,class_6622
class_18088,class_6629
class_18089,class_6636
class_1809,class_12676
class_18090,class_6643
class_18091,class_6650
class_18092,class_6657
class_18093,class_6664
class_18094,class_6671
class_18095,class_6678
class_18096,class_6685
class_18097,class_6692
class_18098,class_6699
class_18099,class_6706
class_181,class_1280
class_1810,class_12683
class_18100,class_6713
class_18101,class_6720
class_18102,class_6727
class_18103,class_6734
class_18104,class_6741
class_18105,class_6748
class_18106,class_6755
class_18107,class_6762
class_18108,class_6769
class_18109,class_6776
class_1811,class_12690
class_18110,class_6783
class_18111,class_6790
class_18112,class_6797
class_18113,class_6804
class_18114,class_6811
class_18115,class_6818
class_18116,class_6825
class_18117,class_6832
class_18118,class_6839
class_18119,class_6846
class_1812,class_12697
class_18120,class_6853
class_18121,class_6860
class_18122,class_6867
class_18123,class_6874
class_18124,class_6881
class_18125,class_6888
class_18126,class_6895
class_18127,class_6902
class_18128,class_6909
class_18129,class_6916
class_1813,class_12704
class_18130,class_6923
class_18131,class_6930
class_18132,class_6937
class_18133,class_6944
class_18134,class_6951
class_18135,class_6958
class_18136,class_6965
class_18137,class_6972
class_18138,class_6979
class_18139,class_6986
class_1814,class_12711
class_18140,class_6993
class_18141,class_7000
class_18142,class_7007
class_18143,class_7014
class_18144,class_7021
class_18145,class_7028
class_18146,class_7035
class_18147,class_7042
class_18148,class_7049
class_18149,class_7056
class_1815,class_12718
class_18150,class_7063
class_18151,class_7070
class_18152,class_7077
class_18153,class_7084
class_18154,class_7091
class_18155,class_7098
class_18156,class_7105
class_18157,class_7112
class_18158,class_7119
class_18159,class_7126
class_1816,class_12725
class_18160,class_7133
class_18161,class_7140
class_18162,class_7147
class_18163,class_7154
class_18164,class_7161
class_18165,class_7168
class_18166,class_7175
class_18167,class_7182
class_18168,class_7189
class_18169,class_7196
class_1817,class_12732
class_18170,class_7203
class_18171,class_7210
class_18172,class_7217
class_18173,class_7224
class_18174,class_7231
class_18175,class_7238
class_18176,class_7245
class_18177,class_7252
class_18178,class_7259
class_18179,class_7266
class_1818,class_12739
class_18180,class_7273
class_18181,class_7280
class_18182,class_7287
class_18183,class_7294
class_18184,class_7301
class_18185,class_7308
class_18186,class_7315
class_18187,class_7322
class_18188,class_7329
class_18189,class_7336
class_1819,class_12746
class_18190,class_7343
class_18191,class_7350
class_18192,class_7357
class_18193,class_7364
class_18194,class_7371
class_18195,class_7378
class_18196,class_7385
class_18197,class_7392
class_18198,class_7399
class_18199,class_7406
class_182,class_1287
class_1820,class_12753
class_18200,class_7413
class_18201,class_7420
class_18202,class_7427
class_18203,class_7434
class_18204,class_7441
class_18205,class_7448
class_18206,class_7455
class_18207,class_7462
class_18208,class_7469
class_18209,class_7476
class_1821,class_12760
class_18210,class_7483
class_18211,class_7490
class_18212,class_7497
class_18213,class_7504
class_18214,class_7511
class_18215,class_7518
class_18216,class_7525
class_18217,class_7532
class_18218,class_7539
class_18219,class_7546
class_1822,class_12767
class_18220,class_7553
class_18221,class_7560
class_18222,class_7567
class_18223,class_7574
class_18224,class_7581
class_18225,class_7588
class_18226,class_7595
class_18227,class_7602
class_18228,class_7609
class_18229,class_7616
class_1823,class_12774
class_18230,class_7623
class_18231,class_7630
class_18232,class_7637
class_18233,class_7644
class_18234,class_7651
class_18235,class_7658
class_18236,class_7665
class_18237,class_7672
class_18238,class_7679
class_18239,class_7686
class_1824,class_12781
class_18240,class_7693
class_18241,class_7700
class_18242,class_7707
class_18243,class_7714
class_18244,class_7721
class_18245,class_7728
class_18246,class_7735
class_18247,class_7742
class_18248,class_7749
class_18249,class_7756
class_1825,class_12788
class_18250,class_7763
class_18251,class_7770
class_18252,class_7777
class_18253,class_7784
class_18254,class_7791
class_18255,class_7798
class_18256,class_7805
class_18257,class_7812
class_18258,class_7819
class_18259,class_7826
class_1826,class_12795
class_18260,class_7833
class_18261,class_7840
class_18262,class_7847
class_18263,class_7854
class_18264,class_7861
class_18265,class_7868
class_18266,class_7875
class_18267,class_7882
class_18268,class_7889
class_18269,class_7896
class_1827,class_12802
class_18270,class_7903
class_18271,class_7910
class_18272,class_7917
class_18273,class_7924
class_18274,class_7931
class_18275,class_7938
class_18276,class_7945
class_18277,class_7952
class_18278,class_7959
class_18279,class_7966
class_1828,class_12809
class_18280,class_7973
class_18281,class_7980
class_18282,class_7987
class_18283,class_7994
class_18284,class_8001
class_18285,class_8008
class_18286,class_8015
class_18287,class_8022
class_18288,class_8029
class_18289,class_8036
class_1829,class_12816
class_18290,class_8043
class_18291,class_8050
class_18292,class_8057
class_18293,class_8064
class_18294,class_8071
class_18295,class_8078
class_18296,class_8085
class_18297,class_8092
class_18298,class_8099
class_18299,class_8106
class_183,class_1294
class_1830,class_12823
class_18300,class_8113
class_18301,class_8120
class_18302,class_8127
class_18303,class_8134
class_18304,class_8141
class_18305,class_8148
class_18306,class_8155
class_18307,class_8162
class_18308,class_8169
class_18309,class_8176
class_1831,class_12830
class_18310,class_8183
class_18311,class_8190
class_18312,class_8197
class_18313,class_8204
class_18314,class_8211
class_18315,class_8218
class_18316,class_8225
class_18317,class_8232
class_18318,class_8239
class_18319,class_8246
class_1832,class_12837
class_18320,class_8253
class_18321,class_8260
class_18322,class_8267
class_18323,class_8274
class_18324,class_8281
class_18325,class_8288
class_18326,class_8295
class_18327,class_8302
class_18328,class_8309
class_18329,class_8316
class_1833,class_12844
class_18330,class_8323
class_18331,class_8330
class_18332,class_8337
class_18333,class_8344
class_18334,class_8351
class_18335,class_8358
class_18336,class_8365
class_18337,class_8372
class_18338,class_8379
class_18339,class_8386
class_1834,class_12851
class_18340,class_8393
class_18341,class_8400
class_18342,class_8407
class_18343,class_8414
class_18344,class_8421
class_18345,class_8428
class_18346,class_8435
class_18347,class_8442
class_18348,class_8449
class_18349,class_8456
class_1835,class_12858
class_18350,class_8463
class_18351,class_8470
class_18352,class_8477
class_18353,class_8484
class_18354,class_8491
class_18355,class_8498
class_18356,class_8505
class_18357,class_8512
class_18358,class_8519
class_18359,class_8526
class_1836,class_12865
class_18360,class_8533
class_18361,class_8540
class_18362,class_8547
class_18363,class_8554
class_18364,class_8561
class_18365,class_8568
class_18366,class_8575
class_18367,class_8582
class_18368,class_8589
class_18369,class_8596
class_1837,class_12872
class_18370,class_8603
class_18371,class_8610
class_18372,class_8617
class_18373,class_8624
class_18374,class_8631
class_18375,class_8638
class_18376,class_8645
class_18377,class_8652
class_18378,class_8659
class_18379,class_8666
class_1838,class_12879
class_18380,class_8673
class_18381,class_8680
class_18382,class_8687
class_18383,class_8694
class_18384,class_8701
class_18385,class_8708
class_18386,class_8715
class_18387,class_8722
class_18388,class_8729
class_18389,class_8736
class_1839,class_12886
class_18390,class_8743
class_18391,class_8750
class_18392,class_8757
class_18393,class_8764
class_18394,class_8771
class_18395,class_8778
class_18396,class_8785
class_18397,class_8792
class_18398,class_8799
class_18399,class_8806
class_184,class_1301
class_1840,class_12893
class_18400,class_8813
class_18401,class_8820
class_18402,class_8827
class_18403,class_8834
class_18404,class_8841
class_18405,class_8848
class_18406,class_8855
class_18407,class_8862
class_18408,class_8869
class_18409,class_8876
class_1841,class_12900
class_18410,class_8883
class_18411,class_8890
class_18412,class_8897
class_18413,class_8904
class_18414,class_8911
class_18415,class_8918
class_18416,class_8925
class_18417,class_8932
class_18418,class_8939
class_18419,class_8946
class_1842,class_12907
class_18420,class_8953
class_18421,class_8960
class_18422,class_8967
class_18423,class_8974
class_18424,class_8981
class_18425,class_8988
class_18426,class_8995
class_18427,class_9002
class_18428,class_9009
class_18429,class_9016
class_1843,class_12914
class_18430,class_9023
class_18431,class_9030
class_18432,class_9037
class_18433,class_9044
class_18434,class_9051
class_18435,class_9058
class_18436,class_9065
class_18437,class_9072
class_18438,class_9079
class_18439,class_9086
class_1844,class_12921
class_18440,class_9093
class_18441,class_9100
class_18442,class_9107
class_18443,class_9114
class_18444,class_9121
class_18445,class_9128
class_18446,class_9135
class_18447,class_9142
class_18448,class_9149
class_18449,class_9156
class_1845,class_12928
class_18450,class_9163
class_18451,class_9170
class_18452,class_9177
class_18453,class_9184
class_18454,class_9191
class_18455,class_9198
class_18456,class_9205
class_18457,class_9212
class_18458,class_9219
class_18459,class_9226
class_1846,class_12935
class_18460,class_9233
class_18461,class_9240
class_18462,class_9247
class_18463,class_9254
class_18464,class_9261
class_18465,class_9268
class_18466,class_9275
class_18467,class_9282
class_18468,class_9289
class_18469,class_9296
class_1847,class_12942
class_18470,class_9303
class_18471,class_9310
class_18472,class_9317
class_18473,class_9324
class_18474,class_9331
class_18475,class_9338
class_18476,class_9345
class_18477,class_9352
class_18478,class_9359
class_18479,class_9366
class_1848,class_12949
class_18480,class_9373
class_18481,class_9380
class_18482,class_9387
class_18483,class_9394
class_18484,class_9401
class_18485,class_9408
class_18486,class_9415
class_18487,class_9422
class_18488,class_9429
class_18489,class_9436
class_1849,class_12956
class_18490,class_9443
class_18491,class_9450
class_18492,class_9457
class_18493,class_9464
class_18494,class_9471
class_18495,class_9478
class_18496,class_9485
class_18497,class_9492
class_18498,class_9499
class_18499,class_9506
class_185,class_1308
class_1850,class_12963
class_18500,class_9513
class_18501,class_9520
class_18502,class_9527
class_18503,class_9534
class_18504,class_9541
class_18505,class_9548
class_18506,class_9555
class_18507,class_9562
class_18508,class_9569
class_18509,class_9576
class_1851,class_12970
class_18510,class_9583
class_18511,class_9590
class_18512,class_9597
class_18513,class_9604
class_18514,class_9611
class_18515,class_9618
class_18516,class_9625
class_18517,class_9632
class_18518,class_9639
class_18519,class_9646
class_1852,class_12977
class_18520,class_9653
class_18521,class_9660
class_18522,class_9667
class_18523,class_9674
class_18524,class_9681
class_18525,class_9688
class_18526,class_9695
class_18527,class_9702
class_18528,class_9709
class_18529,class_9716
class_1853,class_12984
class_18530,class_9723
class_18531,class_9730
class_18532,class_9737
class_18533,class_9744
class_18534,class_9751
class_18535,class_9758
class_18536,class_9765
class_18537,class_9772
class_18538,class_9779
class_18539,class_9786
class_1854,class_12991
class_18540,class_9793
class_18541,class_9800
class_18542,class_9807
class_18543,class_9814
class_18544,class_9821
class_18545,class_9828
class_18546,class_9835
class_18547,class_9842
class_18548,class_9849
class_18549,class_9856
class_1855,class_12998
class_18550,class_9863
class_18551,class_9870
class_18552,class_9877
class_18553,class_9884
class_18554,class_9891
class_18555,class_9898
class_18556,class_9905
class_18557,class_9912
class_18558,class_9919
class_18559,class_9926
class_1856,class_13005
class_18560,class_9933
class_18561,class_9940
class_18562,class_9947
class_18563,class_9954
class_18564,class_9961
class_18565,class_9968
class_18566,class_9975
class_18567,class_9982
class_18568,class_9989
class_18569,class_9996
class_1857,class_13012
class_18570,class_10003
class_18571,class_10010
class_18572,class_10017
class_18573,class_10024
class_18574,class_10031
class_18575,class_10038
class_18576,class_10045
class_18577,class_10052
class_18578,class_10059
class_18579,class_10066
class_1858,class_13019
class_18580,class_10073
class_18581,class_10080
class_18582,class_10087
class_18583,class_10094
class_18584,class_10101
class_18585,class_10108
class_18586,class_10115
class_18587,class_10122
class_18588,class_10129
class_18589,class_10136
class_1859,class_13026
class_18590,class_10143
class_18591,class_10150
class_18592,class_10157
class_18593,class_10164
class_18594,class_10171
class_18595,class_10178
class_18596,class_10185
class_18597,class_10192
class_18598,class_10199
class_18599,class_10206
class_186,class_1315
class_1860,class_13033
class_18600,class_10213
class_18601,class_10220
class_18602,class_10227
class_18603,class_10234
class_18604,class_10241
class_18605,class_10248
class_18606,class_10255
class_18607,class_10262
class_18608,class_10269
class_18609,class_10276
class_1861,class_13040
class_18610,class_10283
class_18611,class_10290
class_18612,class_10297
class_18613,class_10304
class_18614,class_10311
class_18615,class_10318
class_18616,class_10325
class_18617,class_10332
class_18618,class_10339
class_18619,class_10346
class_1862,class_13047
class_18620,class_10353
class_18621,class_10360
class_18622,class_10367
class_18623,class_10374
class_18624,class_10381
class_18625,class_10388
class_18626,class_10395
class_18627,class_10402
class_18628,class_10409
class_18629,class_10416
class_1863,class_13054
class_18630,class_10423
class_18631,class_10430
class_18632,class_10437
class_18633,class_10444
class_18634,class_10451
class_18635,class_10458
class_18636,class_10465
class_18637,class_10472
class_18638,class_10479
class_18639,class_10486
class_1864,class_13061
class_18640,class_10493
class_18641,class_10500
class_18642,class_10507
class_18643,class_10514
class_18644,class_10521
class_18645,class_10528
class_18646,class_10535
class_18647,class_10542
class_18648,class_10549
class_18649,class_10556
class_1865,class_13068
class_18650,class_10563
class_18651,class_10570
class_18652,class_10577
class_18653,class_10584
class_18654,class_10591
class_18655,class_10598
class_18656,class_10605
class_18657,class_10612
class_18658,class_10619
class_18659,class_10626
class_1866,class_13075
class_18660,class_10633
class_18661,class_10640
class_18662,class_10647
class_18663,class_10654
class_18664,class_10661
class_18665,class_10668
class_18666,class_10675
class_18667,class_10682
class_18668,class_10689
class_18669,class_10696
class_1867,class_13082
class_18670,class_10703
class_18671,class_10710
class_18672,class_10717
class_18673,class_10724
class_18674,class_10731
class_18675,class_10738
class_18676,class_10745
class_18677,class_10752
class_18678,class_10759
class_18679,class_10766
class_1868,class_13089
class_18680,class_10773
class_18681,class_10780
class_18682,class_10787
class_18683,class_10794
class_18684,class_10801
class_18685,class_10808
class_18686,class_10815
class_18687,class_10822
class_18688,class_10829
class_18689,class_10836
class_1869,class_13096
class_18690,class_10843
class_18691,class_10850
class_18692,class_10857
class_18693,class_10864
class_18694,class_10871
class_18695,class_10878
class_18696,class_10885
class_18697,class_10892
class_18698,class_10899
class_18699,class_10906
class_187,class_1322
class_1870,class_13103
class_18700,class_10913
class_18701,class_10920
class_18702,class_10927
class_18703,class_10934
class_18704,class_10941
class_18705,class_10948
class_18706,class_10955
class_18707,class_10962
class_18708,class_10969
class_18709,class_10976
class_1871,class_13110
class_18710,class_10983
class_18711,class_10990
class_18712,class_10997
class_18713,class_11004
class_18714,class_11011
class_18715,class_11018
class_18716,class_11025
class_18717,class_11032
class_18718,class_11039
class_18719,class_11046
class_1872,class_13117
class_18720,class_11053
class_18721,class_11060
class_18722,class_11067
class_18723,class_11074
class_18724,class_11081
class_18725,class_11088
class_18726,class_11095
class_18727,class_11102
class_18728,class_11109
class_18729,class_11116
class_1873,class_13124
class_18730,class_11123
class_18731,class_11130
class_18732,class_11137
class_18733,class_11144
class_18734,class_11151
class_18735,class_11158
class_18736,class_11165
class_18737,class_11172
class_18738,class_11179
class_18739,class_11186
class_1874,class_13131
class_18740,class_11193
class_18741,class_11200
class_18742,class_11207
class_18743,class_11214
class_18744,class_11221
class_18745,class_11228
class_18746,class_11235
class_18747,class_11242
class_18748,class_11249
class_18749,class_11256
class_1875,class_13138
class_18750,class_11263
class_18751,class_11270
class_18752,class_11277
class_18753,class_11284
class_18754,class_11291
class_18755,class_11298
class_18756,class_11305
class_18757,class_11312
class_18758,class_11319
class_18759,class_11326
class_1876,class_13145
class_18760,class_11333
class_18761,class_11340
class_18762,class_11347
class_18763,class_11354
class_18764,class_11361
class_18765,class_11368
class_18766,class_11375
class_18767,class_11382
class_18768,class_11389
class_18769,class_11396
class_1877,class_13152
class_18770,class_11403
class_18771,class_11410
class_18772,class_11417
class_18773,class_11424
class_18774,class_11431
class_18775,class_11438
class_18776,class_11445
class_18777,class_11452
class_18778,class_11459
class_18779,class_11466
class_1878,class_13159
class_18780,class_11473
class_18781,class_11480
class_18782,class_11487
class_18783,class_11494
class_18784,class_11501
class_18785,class_11508
class_18786,class_11515
class_18787,class_11522
class_18788,class_11529
class_18789,class_11536
class_1879,class_13166
class_18790,class_11543
class_18791,class_11550
class_18792,class_11557
class_18793,class_11564
class_18794,class_11571
class_18795,class_11578
class_18796,class_11585
class_18797,class_11592
class_18798,class_11599
class_18799,class_11606
class_188,class_1329
class_1880,class_13173
class_18800,class_11613
class_18801,class_11620
class_18802,class_11627
class_18803,class_11634
class_18804,class_11641
class_18805,class_11648
class_18806,class_11655
class_18807,class_11662
class_18808,class_11669
class_18809,class_11676
class_1881,class_13180
class_18810,class_11683
class_18811,class_11690
class_18812,class_11697
class_18813,class_11704
class_18814,class_11711
class_18815,class_11718
class_18816,class_11725
class_18817,class_11732
class_18818,class_11739
class_18819,class_11746
class_1882,class_13187
class_18820,class_11753
class_18821,class_11760
class_18822,class_11767
class_18823,class_11774
class_18824,class_11781
class_18825,class_11788
class_18826,class_11795
class_18827,class_11802
class_18828,class_11809
class_18829,class_11816
class_1883,class_13194
class_18830,class_11823
class_18831,class_11830
class_18832,class_11837
class_18833,class_11844
class_18834,class_11851
class_18835,class_11858
class_18836,class_11865
class_18837,class_11872
class_18838,class_11879
class_18839,class_11886
class_1884,class_13201
class_18840,class_11893
class_18841,class_11900
class_18842,class_11907
class_18843,class_11914
class_18844,class_11921
class_18845,class_11928
class_18846,class_11935
class_18847,class_11942
class_18848,class_11949
class_18849,class_11956
class_1885,class_13208
class_18850,class_11963
class_18851,class_11970
class_18852,class_11977
class_18853,class_11984
class_18854,class_11991
class_18855,class_11998
class_18856,class_12005
class_18857,class_12012
class_18858,class_12019
class_18859,class_12026
class_1886,class_13215
class_18860,class_12033
class_18861,class_12040
class_18862,class_12047
class_18863,class_12054
class_18864,class_12061
class_18865,class_12068
class_18866,class_12075
class_18867,class_12082
class_18868,class_12089
class_18869,class_12096
class_1887,class_13222
class_18870,class_12103
class_18871,class_12110
class_18872,class_12117
class_18873,class_12124
class_18874,class_12131
class_18875,class_12138
class_18876,class_12145
class_18877,class_12152
class_18878,class_12159
class_18879,class_12166
class_1888,class_13229
class_18880,class_12173
class_18881,class_12180
class_18882,class_12187
class_18883,class_12194
class_18884,class_12201
class_18885,class_12208
class_18886,class_12215
class_18887,class_12222
class_18888,class_12229
class_18889,class_12236
class_1889,class_13236
class_18890,class_12243
class_18891,class_12250
class_18892,class_12257
class_18893,class_12264
class_18894,class_12271
class_18895,class_12278
class_18896,class_12285
class_18897,class_12292
class_18898,class_12299
class_18899,class_12306
class_189,class_1336
class_1890,class_13243
class_18900,class_12313
class_18901,class_12320
class_18902,class_12327
class_18903,class_12334
class_18904,class_12341
class_18905,class_12348
class_18906,class_12355
class_18907,class_12362
class_18908,class_12369
class_18909,class_12376
class_1891,class_13250
class_18910,class_12383
class_18911,class_12390
class_18912,class_12397
class_18913,class_12404
class_18914,class_12411
class_18915,class_12418
class_18916,class_12425
class_18917,class_12432
class_18918,class_12439
class_18919,class_12446
class_1892,class_13257
class_18920,class_12453
class_18921,class_12460
class_18922,class_12467
class_18923,class_12474
class_18924,class_12481
class_18925,class_12488
class_18926,class_12495
class_18927,class_12502
class_18928,class_12509
class_18929,class_12516
class_1893,class_13264
class_18930,class_12523
class_18931,class_12530
class_18932,class_12537
class_18933,class_12544
class_18934,class_12551
class_18935,class_12558
class_18936,class_12565
class_18937,class_12572
class_18938,class_12579
class_18939,class_12586
class_1894,class_13271
class_18940,class_12593
class_18941,class_12600
class_18942,class_12607
class_18943,class_12614
class_18944,class_12621
class_18945,class_12628
class_18946,class_12635
class_18947,class_12642
class_18948,class_12649
class_18949,class_12656
class_1895,class_13278
class_18950,class_12663
class_18951,class_12670
class_18952,class_12677
class_18953,class_12684
class_18954,class_12691
class_18955,class_12698
class_18956,class_12705
class_18957,class_12712
class_18958,class_12719
class_18959,class_12726
class_1896,class_13285
class_18960,class_12733
class_18961,class_12740
class_18962,class_12747
class_18963,class_12754
class_18964,class_12761
class_18965,class_12768
class_18966,class_12775
class_18967,class_12782
class_18968,class_12789
class_18969,class_12796
class_1897,class_13292
class_18970,class_12803
class_18971,class_12810
class_18972,class_12817
class_18973,class_12824
class_18974,class_12831
class_18975,class_12838
class_18976,class_12845
class_18977,class_12852
class_18978,class_12859
class_18979,class_12866
class_1898,class_13299
class_18980,class_12873
class_18981,class_12880
class_18982,class_12887
class_18983,class_12894
class_18984,class_12901
class_18985,class_12908
class_18986,class_12915
class_18987,class_12922
class_18988,class_12929
class_18989,class_12936
class_1899,class_13306
class_18990,class_12943
class_18991,class_12950
class_18992,class_12957
class_18993,class_12964
class_18994,class_12971
class_18995,class_12978
class_18996,class_12985
class_18997,class_12992
class_18998,class_12999
class_18999,class_13006
class_19,class_146
class_190,class_1343
class_1900,class_13313
class_19000,class_13013
class_19001,class_13020
class_19002,class_13027
class_19003,class_13034
class_19004,class_13041
class_19005,class_13048
class_19006,class_13055
class_19007,class_13062
class_19008,class_13069
class_19009,class_13076
class_1901,class_13320
class_19010,class_13083
class_19011,class_13090
class_19012,class_13097
class_19013,class_13104
class_19014,class_13111
class_19015,class_13118
class_19016,class_13125
class_19017,class_13132
class_19018,class_13139
class_19019,class_13146
class_1902,class_13327
class_19020,class_13153
class_19021,class_13160
class_19022,class_13167
class_19023,class_13174
class_19024,class_13181
class_19025,class_13188
class_19026,class_13195
class_19027,class_13202
class_19028,class_13209
class_19029,class_13216
class_1903,class_13334
class_19030,class_13223
class_19031,class_13230
class_19032,class_13237
class_19033,class_13244
class_19034,class_13251
class_19035,class_13258
class_19036,class_13265
class_19037,class_13272
class_19038,class_13279
class_19039,class_13286
class_1904,class_13341
class_19040,class_13293
class_19041,class_13300
class_19042,class_13307
class_19043,class_13314
class_19044,class_13321
class_19045,class_13328
class_19046,class_13335
class_19047,class_13342
class_19048,class_13349
class_19049,class_13356
class_1905,class_13348
class_19050,class_13363
class_19051,class_13370
class_19052,class_13377
class_19053,class_13384
class_19054,class_13391
class_19055,class_13398
class_19056,class_13405
class_19057,class_13412
class_19058,class_13419
class_19059,class_13426
class_1906,class_13355
class_19060,class_13433
class_19061,class_13440
class_19062,class_13447
class_19063,class_13454
class_19064,class_13461
class_19065,class_13468
class_19066,class_13475
class_19067,class_13482
class_19068,class_13489
class_19069,class_13496
class_1907,class_13362
class_19070,class_13503
class_19071,class_13510
class_19072,class_13517
class_19073,class_13524
class_19074,class_13531
class_19075,class_13538
class_19076,class_13545
class_19077,class_13552
class_19078,class_13559
class_19079,class_13566
class_1908,class_13369
class_19080,class_13573
class_19081,class_13580
class_19082,class_13587
class_19083,class_13594
class_19084,class_13601
class_19085,class_13608
class_19086,class_13615
class_19087,class_13622
class_19088,class_13629
class_19089,class_13636
class_1909,class_13376
class_19090,class_13643
class_19091,class_13650
class_19092,class_13657
class_19093,class_13664
class_19094,class_13671
class_19095,class_13678
class_19096,class_13685
class_19097,class_13692
class_19098,class_13699
class_19099,class_13706
class_191,class_1350
class_1910,class_13383
class_19100,class_13713
class_19101,class_13720
class_19102,class_13727
class_19103,class_13734
class_19104,class_13741
class_19105,class_13748
class_19106,class_13755
class_19107,class_13762
class_19108,class_13769
class_19109,class_13776
class_1911,class_13390
class_19110,class_13783
class_19111,class_13790
class_19112,class_13797
class_19113,class_13804
class_19114,class_13811
class_19115,class_13818
class_19116,class_13825
class_19117,class_13832
class_19118,class_13839
class_19119,class_13846
class_1912,class_13397
class_19120,class_13853
class_19121,class_13860
class_19122,class_13867
class_19123,class_13874
class_19124,class_13881
class_19125,class_13888
class_19126,class_13895
class_19127,class_13902
class_19128,class_13909
class_19129,class_13916
class_1913,class_13404
class_19130,class_13923
class_19131,class_13930
class_19132,class_13937
class_19133,class_13944
class_19134,class_13951
class_19135,class_13958
class_19136,class_13965
class_19137,class_13972
class_19138,class_13979
class_19139,class_13986
class_1914,class_13411
class_19140,class_13993
class_19141,class_14000
class_19142,class_14007
class_19143,class_14014
class_19144,class_14021
class_19145,class_14028
class_19146,class_14035
class_19147,class_14042
class_19148,class_14049
class_19149,class_14056
class_1915,class_13418
class_19150,class_14063
class_19151,class_14070
class_19152,class_14077
class_19153,class_14084
class_19154,class_14091
class_19155,class_14098
class_19156,class_14105
class_19157,class_14112
class_19158,class_14119
class_19159,class_14126
class_1916,class_13425
class_19160,class_14133
class_19161,class_14140
class_19162,class_14147
class_19163,class_14154
class_19164,class_14161
class_19165,class_14168
class_19166,class_14175
class_19167,class_14182
class_19168,class_14189
class_19169,class_14196
class_1917,class_13432
class_19170,class_14203
class_19171,class_14210
class_19172,class_14217
class_19173,class_14224
class_19174,class_14231
class_19175,class_14238
class_19176,class_14245
class_19177,class_14252
class_19178,class_14259
class_19179,class_14266
class_1918,class_13439
class_19180,class_14273
class_19181,class_14280
class_19182,class_14287
class_19183,class_14294
class_19184,class_14301
class_19185,class_14308
class_19186,class_14315
class_19187,class_14322
class_19188,class_14329
class_19189,class_14336
class_1919,class_13446
class_19190,class_14343
class_19191,class_14350
class_19192,class_14357
class_19193,class_14364
class_19194,class_14371
class_19195,class_14378
class_19196,class_14385
class_19197,class_14392
class_19198,class_14399
class_19199,class_14406
class_192,class_1357
class_1920,class_13453
class_19200,class_14413
class_19201,class_14420
class_19202,class_14427
class_19203,class_14434
class_19204,class_14441
class_19205,class_14448
class_19206,class_14455
class_19207,class_14462
class_19208,class_14469
class_19209,class_14476
class_1921,class_13460
class_19210,class_14483
class_19211,class_14490
class_19212,class_14497
class_19213,class_14504
class_19214,class_14511
class_19215,class_14518
class_19216,class_14525
class_19217,class_14532
class_19218,class_14539
class_19219,class_14546
class_1922,class_13467
class_19220,class_14553
class_19221,class_14560
class_19222,class_14567
class_19223,class_14574
class_19224,class_14581
class_19225,class_14588
class_19226,class_14595
class_19227,class_14602
class_19228,class_14609
class_19229,class_14616
class_1923,class_13474
class_19230,class_14623
class_19231,class_14630
class_19232,class_14637
class_19233,class_14644
class_19234,class_14651
class_19235,class_14658
class_19236,class_14665
class_19237,class_14672
class_19238,class_14679
class_19239,class_14686
class_1924,class_13481
class_19240,class_14693
class_19241,class_14700
class_19242,class_14707
class_19243,class_14714
class_19244,class_14721
class_19245,class_14728
class_19246,class_14735
class_19247,class_14742
class_19248,class_14749
class_19249,class_14756
class_1925,class_13488
class_19250,class_14763
class_19251,class_14770
class_19252,class_14777
class_19253,class_14784
class_19254,class_14791
class_19255,class_14798
class_19256,class_14805
class_19257,class_14812
class_19258,class_14819
class_19259,class_14826
class_1926,class_13495
class_19260,class_14833
class_19261,class_14840
class_19262,class_14847
class_19263,class_14854
class_19264,class_14861
class_19265,class_14868
class_19266,class_14875
class_19267,class_14882
class_19268,class_14889
class_19269,class_14896
class_1927,class_13502
class_19270,class_14903
class_19271,class_14910
class_19272,class_14917
class_19273,class_14924
class_19274,class_14931
class_19275,class_14938
class_19276,class_14945
class_19277,class_14952
class_19278,class_14959
class_19279,class_14966
class_1928,class_13509
class_19280,class_14973
class_19281,class_14980
class_19282,class_14987
class_19283,class_14994
class_19284,class_15001
class_19285,class_15008
class_19286,class_15015
class_19287,class_15022
class_19288,class_15029
class_19289,class_15036
class_1929,class_13516
class_19290,class_15043
class_19291,class_15050
class_19292,class_15057
class_19293,class_15064
class_19294,class_15071
class_19295,class_15078
class_19296,class_15085
class_19297,class_15092
class_19298,class_15099
class_19299,class_15106
class_193,class_1364
class_1930,class_13523
class_19300,class_15113
class_19301,class_15120
class_19302,class_15127
class_19303,class_15134
class_19304,class_15141
class_19305,class_15148
class_19306,class_15155
class_19307,class_15162
class_19308,class_15169
class_19309,class_15176
class_1931,class_13530
class_19310,class_15183
class_19311,class_15190
class_19312,class_15197
class_19313,class_15204
class_19314,class_15211
class_19315,class_15218
class_19316,class_15225
class_19317,class_15232
class_19318,class_15239
class_19319,class_15246
class_1932,class_13537
class_19320,class_15253
class_19321,class_15260
class_19322,class_15267
class_19323,class_15274
class_19324,class_15281
class_19325,class_15288
class_19326,class_15295
class_19327,class_15302
class_19328,class_15309
class_19329,class_15316
class_1933,class_13544
class_19330,class_15323
class_19331,class_15330
class_19332,class_15337
class_19333,class_15344
class_19334,class_15351
class_19335,class_15358
class_19336,class_15365
class_19337,class_15372
class_19338,class_15379
class_19339,class_15386
class_1934,class_13551
class_19340,class_15393
class_19341,class_15400
class_19342,class_15407
class_19343,class_15414
class_19344,class_15421
class_19345,class_15428
class_19346,class_15435
class_19347,class_15442
class_19348,class_15449
class_19349,class_15456
class_1935,class_13558
class_19350,class_15463
class_19351,class_15470
class_19352,class_15477
class_19353,class_15484
class_19354,class_15491
class_19355,class_15498
class_19356,class_15505
class_19357,class_15512
class_19358,class_15519
class_19359,class_15526
class_1936,class_13565
class_19360,class_15533
class_19361,class_15540
class_19362,class_15547
class_19363,class_15554
class_19364,class_15561
class_19365,class_15568
class_19366,class_15575
class_19367,class_15582
class_19368,class_15589
class_19369,class_15596
class_1937,class_13572
class_19370,class_15603
class_19371,class_15610
class_19372,class_15617
class_19373,class_15624
class_19374,class_15631
class_19375,class_15638
class_19376,class_15645
class_19377,class_15652
class_19378,class_15659
class_19379,class_15666
class_1938,class_13579
class_19380,class_15673
class_19381,class_15680
class_19382,class_15687
class_19383,class_15694
class_19384,class_15701
class_19385,class_15708
class_19386,class_15715
class_19387,class_15722
class_19388,class_15729
class_19389,class_15736
class_1939,class_13586
class_19390,class_15743
class_19391,class_15750
class_19392,class_15757
class_19393,class_15764
class_19394,class_15771
class_19395,class_15778
class_19396,class_15785
class_19397,class_15792
class_19398,class_15799
class_19399,class_15806
class_194,class_1371
class_1940,class_13593
class_19400,class_15813
class_19401,class_15820
class_19402,class_15827
class_19403,class_15834
class_19404,class_15841
class_19405,class_15848
class_19406,class_15855
class_19407,class_15862
class_19408,class_15869
class_19409,class_15876
class_1941,class_13600
class_19410,class_15883
class_19411,class_15890
class_19412,class_15897
class_19413,class_15904
class_19414,class_15911
class_19415,class_15918
class_19416,class_15925
class_19417,class_15932
class_19418,class_15939
class_19419,class_15946
class_1942,class_13607
class_19420,class_15953
class_19421,class_15960
class_19422,class_15967
class_19423,class_15974
class_19424,class_15981
class_19425,class_15988
class_19426,class_15995
class_19427,class_16002
class_19428,class_16009
class_19429,class_16016
class_1943,class_13614
class_19430,class_16023
class_19431,class_16030
class_19432,class_16037
class_19433,class_16044
class_19434,class_16051
class_19435,class_16058
class_19436,class_16065
class_19437,class_16072
class_19438,class_16079
class_19439,class_16086
class_1944,class_13621
class_19440,class_16093
class_19441,class_16100
class_19442,class_16107
class_19443,class_16114
class_19444,class_16121
class_19445,class_16128
class_19446,class_16135
class_19447,class_16142
class_19448,class_16149
class_19449,class_16156
class_1945,class_13628
class_19450,class_16163
class_19451,class_16170
class_19452,class_16177
class_19453,class_16184
class_19454,class_16191
class_19455,class_16198
class_19456,class_16205
class_19457,class_16212
class_19458,class_16219
class_19459,class_16226
class_1946,class_13635
class_19460,class_16233
class_19461,class_16240
class_19462,class_16247
class_19463,class_16254
class_19464,class_16261
class_19465,class_16268
class_19466,class_16275
class_19467,class_16282
class_19468,class_16289
class_19469,class_16296
class_1947,class_13642
class_19470,class_16303
class_19471,class_16310
class_19472,class_16317
class_19473,class_16324
class_19474,class_16331
class_19475,class_16338
class_19476,class_16345
class_19477,class_16352
class_19478,class_16359
class_19479,class_16366
class_1948,class_13649
class_19480,class_16373
class_19481,class_16380
class_19482,class_16387
class_19483,class_16394
class_19484,class_16401
class_19485,class_16408
class_19486,class_16415
class_19487,class_16422
class_19488,class_16429
class_19489,class_16436
class_1949,class_13656
class_19490,class_16443
class_19491,class_16450
class_19492,class_16457
class_19493,class_16464
class_19494,class_16471
class_19495,class_16478
class_19496,class_16485
class_19497,class_16492
class_19498,class_16499
class_19499,class_16506
class_195,class_1378
class_1950,class_13663
class_19500,class_16513
class_19501,class_16520
class_19502,class_16527
class_19503,class_16534
class_19504,class_16541
class_19505,class_16548
class_19506,class_16555
class_19507,class_16562
class_19508,class_16569
class_19509,class_16576
class_1951,class_13670
class_19510,class_16583
class_19511,class_16590
class_19512,class_16597
class_19513,class_16604
class_19514,class_16611
class_19515,class_16618
class_19516,class_16625
class_19517,class_16632
class_19518,class_16639
class_19519,class_16646
class_1952,class_13677
class_19520,class_16653
class_19521,class_16660
class_19522,class_16667
class_19523,class_16674
class_19524,class_16681
class_19525,class_16688
class_19526,class_16695
class_19527,class_16702
class_19528,class_16709
class_19529,class_16716
class_1953,class_13684
class_19530,class_16723
class_19531,class_16730
class_19532,class_16737
class_19533,class_16744
class_19534,class_16751
class_19535,class_16758
class_19536,class_16765
class_19537,class_16772
class_19538,class_16779
class_19539,class_16786
class_1954,class_13691
class_19540,class_16793
class_19541,class_16800
class_19542,class_16807
class_19543,class_16814
class_19544,class_16821
class_19545,class_16828
class_19546,class_16835
class_19547,class_16842
class_19548,class_16849
class_19549,class_16856
class_1955,class_13698
class_19550,class_16863
class_19551,class_16870
class_19552,class_16877
class_19553,class_16884
class_19554,class_16891
class_19555,class_16898
class_19556,class_16905
class_19557,class_16912
class_19558,class_16919
class_19559,class_16926
class_1956,class_13705
class_19560,class_16933
class_19561,class_16940
class_19562,class_16947
class_19563,class_16954
class_19564,class_16961
class_19565,class_16968
class_19566,class_16975
class_19567,class_16982
class_19568,class_16989
class_19569,class_16996
class_1957,class_13712
class_19570,class_17003
class_19571,class_17010
class_19572,class_17017
class_19573,class_17024
class_19574,class_17031
class_19575,class_17038
class_19576,class_17045
class_19577,class_17052
class_19578,class_17059
class_19579,class_17066
class_1958,class_13719
class_19580,class_17073
class_19581,class_17080
class_19582,class_17087
class_19583,class_17094
class_19584,class_17101
class_19585,class_17108
class_19586,class_17115
class_19587,class_17122
class_19588,class_17129
class_19589,class_17136
class_1959,class_13726
class_19590,class_17143
class_19591,class_17150
class_19592,class_17157
class_19593,class_17164
class_19594,class_17171
class_19595,class_17178
class_19596,class_17185
class_19597,class_17192
class_19598,class_17199
class_19599,class_17206
class_196,class_1385
class_1960,class_13733
class_19600,class_17213
class_19601,class_17220
class_19602,class_17227
class_19603,class_17234
class_19604,class_17241
class_19605,class_17248
class_19606,class_17255
class_19607,class_17262
class_19608,class_17269
class_19609,class_17276
class_1961,class_13740
class_19610,class_17283
class_19611,class_17290
class_19612,class_17297
class_19613,class_17304
class_19614,class_17311
class_19615,class_17318
class_19616,class_17325
class_19617,class_17332
class_19618,class_17339
class_19619,class_17346
class_1962,class_13747
class_19620,class_17353
class_19621,class_17360
class_19622,class_17367
class_19623,class_17374
class_19624,class_17381
class_19625,class_17388
class_19626,class_17395
class_19627,class_17402
class_19628,class_17409
class_19629,class_17416
class_1963,class_13754
class_19630,class_17423
class_19631,class_17430
class_19632,class_17437
class_19633,class_17444
class_19634,class_17451
class_19635,class_17458
class_19636,class_17465
class_19637,class_17472
class_19638,class_17479
class_19639,class_17486
class_1964,class_13761
class_19640,class_17493
class_19641,class_17500
class_19642,class_17507
class_19643,class_17514
class_19644,class_17521
class_19645,class_17528
class_19646,class_17535
class_19647,class_17542
class_19648,class_17549
class_19649,class_17556
class_1965,class_13768
class_19650,class_17563
class_19651,class_17570
class_19652,class_17577
class_19653,class_17584
class_19654,class_17591
class_19655,class_17598
class_19656,class_17605
class_19657,class_17612
class_19658,class_17619
class_19659,class_17626
class_1966,class_13775
class_19660,class_17633
class_19661,class_17640
class_19662,class_17647
class_19663,class_17654
class_19664,class_17661
class_19665,class_17668
class_19666,class_17675
class_19667,class_17682
class_19668,class_17689
class_19669,class_17696
class_1967,class_13782
class_19670,class_17703
class_19671,class_17710
class_19672,class_17717
class_19673,class_17724
class_19674,class_17731
class_19675,class_17738
class_19676,class_17745
class_19677,class_17752
class_19678,class_17759
class_19679,class_17766
class_1968,class_13789
class_19680,class_17773
class_19681,class_17780
class_19682,class_17787
class_19683,class_17794
class_19684,class_17801
class_19685,class_17808
class_19686,class_17815
class_19687,class_17822
class_19688,class_17829
class_19689,class_17836
class_1969,class_13796
class_19690,class_17843
class_19691,class_17850
class_19692,class_17857
class_19693,class_17864
class_19694,class_17871
class_19695,class_17878
class_19696,class_17885
class_19697,class_17892
class_19698,class_17899
class_19699,class_17906
class_197,class_1392
class_1970,class_13803
class_19700,class_17913
class_19701,class_17920
class_19702,class_17927
class_19703,class_17934
class_19704,class_17941
class_19705,class_17948
class_19706,class_17955
class_19707,class_17962
class_19708,class_17969
class_19709,class_17976
class_1971,class_13810
class_19710,class_17983
class_19711,class_17990
class_19712,class_17997
class_19713,class_18004
class_19714,class_18011
class_19715,class_18018
class_19716,class_18025
class_19717,class_18032
class_19718,class_18039
class_19719,class_18046
class_1972,class_13817
class_19720,class_18053
class_19721,class_18060
class_19722,class_18067
class_19723,class_18074
class_19724,class_18081
class_19725,class_18088
class_19726,class_18095
class_19727,class_18102
class_19728,class_18109
class_19729,class_18116
class_1973,class_13824
class_19730,class_18123
class_19731,class_18130
class_19732,class_18137
class_19733,class_18144
class_19734,class_18151
class_19735,class_18158
class_19736,class_18165
class_19737,class_18172
class_19738,class_18179
class_19739,class_18186
class_1974,class_13831
class_19740,class_18193
class_19741,class_18200
class_19742,class_18207
class_19743,class_18214
class_19744,class_18221
class_19745,class_18228
class_19746,class_18235
class_19747,class_18242
class_19748,class_18249
class_19749,class_18256
class_1975,class_13838
class_19750,class_18263
class_19751,class_18270
class_19752,class_18277
class_19753,class_18284
class_19754,class_18291
class_19755,class_18298
class_19756,class_18305
class_19757,class_18312
class_19758,class_18319
class_19759,class_18326
class_1976,class_13845
class_19760,class_18333
class_19761,class_18340
class_19762,class_18347
class_19763,class_18354
class_19764,class_18361
class_19765,class_18368
class_19766,class_18375
class_19767,class_18382
class_19768,class_18389
class_19769,class_18396
class_1977,class_13852
class_19770,class_18403
class_19771,class_18410
class_19772,class_18417
class_19773,class_18424
class_19774,class_18431
class_19775,class_18438
class_19776,class_18445
class_19777,class_18452
class_19778,class_18459
class_19779,class_18466
class_1978,class_13859
class_19780,class_18473
class_19781,class_18480
class_19782,class_18487
class_19783,class_18494
class_19784,class_18501
class_19785,class_18508
class_19786,class_18515
class_19787,class_18522
class_19788,class_18529
class_19789,class_18536
class_1979,class_13866
class_19790,class_18543
class_19791,class_18550
class_19792,class_18557
class_19793,class_18564
class_19794,class_18571
class_19795,class_18578
class_19796,class_18585
class_19797,class_18592
class_19798,class_18599
class_19799,class_18606
class_198,class_1399
class_1980,class_13873
class_19800,class_18613
class_19801,class_18620
class_19802,class_18627
class_19803,class_18634
class_19804,class_18641
class_19805,class_18648
class_19806,class_18655
class_19807,class_18662
class_19808,class_18669
class_19809,class_18676
class_1981,class_13880
class_19810,class_18683
class_19811,class_18690
class_19812,class_18697
class_19813,class_18704
class_19814,class_18711
class_19815,class_18718
class_19816,class_18725
class_19817,class_18732
class_19818,class_18739
class_19819,class_18746
class_1982,class_13887
class_19820,class_18753
class_19821,class_18760
class_19822,class_18767
class_19823,class_18774
class_19824,class_18781
class_19825,class_18788
class_19826,class_18795
class_19827,class_18802
class_19828,class_18809
class_19829,class_18816
class_1983,class_13894
class_19830,class_18823
class_19831,class_18830
class_19832,class_18837
class_19833,class_18844
class_19834,class_18851
class_19835,class_18858
class_19836,class_18865
class_19837,class_18872
class_19838,class_18879
class_19839,class_18886
class_1984,class_13901
class_19840,class_18893
class_19841,class_18900
class_19842,class_18907
class_19843,class_18914
class_19844,class_18921
class_19845,class_18928
class_19846,class_18935
class_19847,class_18942
class_19848,class_18949
class_19849,class_18956
class_1985,class_13908
class_19850,class_18963
class_19851,class_18970
class_19852,class_18977
class_19853,class_18984
class_19854,class_18991
class_19855,class_18998
class_19856,class_19005
class_19857,class_19012
class_19858,class_19019
class_19859,class_19026
class_1986,class_13915
class_19860,class_19033
class_19861,class_19040
class_19862,class_19047
class_19863,class_19054
class_19864,class_19061
class_19865,class_19068
class_19866,class_19075
class_19867,class_19082
class_19868,class_19089
class_19869,class_19096
class_1987,class_13922
class_19870,class_19103
class_19871,class_19110
class_19872,class_19117
class_19873,class_19124
class_19874,class_19131
class_19875,class_19138
class_19876,class_19145
class_19877,class_19152
class_19878,class_19159
class_19879,class_19166
class_1988,class_13929
class_19880,class_19173
class_19881,class_19180
class_19882,class_19187
class_19883,class_19194
class_19884,class_19201
class_19885,class_19208
class_19886,class_19215
class_19887,class_19222
class_19888,class_19229
class_19889,class_19236
class_1989,class_13936
class_19890,class_19243
class_19891,class_19250
class_19892,class_19257
class_19893,class_19264
class_19894,class_19271
class_19895,class_19278
class_19896,class_19285
class_19897,class_19292
class_19898,class_19299
class_19899,class_19306
class_199,class_1406
class_1990,class_13943
class_19900,class_19313
class_19901,class_19320
class_19902,class_19327
class_19903,class_19334
class_19904,class_19341
class_19905,class_19348
class_19906,class_19355
class_19907,class_19362
class_19908,class_19369
class_19909,class_19376
class_1991,class_13950
class_19910,class_19383
class_19911,class_19390
class_19912,class_19397
class_19913,class_19404
class_19914,class_19411
class_19915,class_19418
class_19916,class_19425
class_19917,class_19432
class_19918,class_19439
class_19919,class_19446
class_1992,class_13957
class_19920,class_19453
class_19921,class_19460
class_19922,class_19467
class_19923,class_19474
class_19924,class_19481
class_19925,class_19488
class_19926,class_19495
class_19927,class_19502
class_19928,class_19509
class_19929,class_19516
class_1993,class_13964
class_19930,class_19523
class_19931,class_19530
class_19932,class_19537
class_19933,class_19544
class_19934,class_19551
class_19935,class_19558
class_19936,class_19565
class_19937,class_19572
class_19938,class_19579
class_19939,class_19586
class_1994,class_13971
class_19940,class_19593
class_19941,class_19600
class_19942,class_19607
class_19943,class_19614
class_19944,class_19621
class_19945,class_19628
class_19946,class_19635
class_19947,class_19642
class_19948,class_19649
class_19949,class_19656
class_1995,class_13978
class_19950,class_19663
class_19951,class_19670
class_19952,class_19677
class_19953,class_19684
class_19954,class_19691
class_19955,class_19698
class_19956,class_19705
class_19957,class_19712
class_19958,class_19719
class_19959,class_19726
class_1996,class_13985
class_19960,class_19733
class_19961,class_19740
class_19962,class_19747
class_19963,class_19754
class_19964,class_19761
class_19965,class_19768
class_19966,class_19775
class_19967,class_19782
class_19968,class_19789
class_19969,class_19796
class_1997,class_13992
class_19970,class_19803
class_19971,class_19810
class_19972,class_19817
class_19973,class_19824
class_19974,class_19831
class_19975,class_19838
class_19976,class_19845
class_19977,class_19852
class_19978,class_19859
class_19979,class_19866
class_1998,class_13999
class_19980,class_19873
class_19981,class_19880
class_19982,class_19887
class_19983,class_19894
class_19984,class_19901
class_19985,class_19908
class_19986,class_19915
class_19987,class_19922
class_19988,class_19929
class_19989,class_19936
class_1999,class_14006
class_19990,class_19943
class_19991,class_19950
class_19992,class_19957
class_19993,class_19964
class_19994,class_19971
class_19995,class_19978
class_19996,class_19985
class_19997,class_19992
class_19998,class_19999
class_19999,class_6
class_2,class_27
class_20,class_153
class_200,class_1413
class_2000,class_14013
class_2001,class_14020
class_2002,class_14027
class_2003,class_14034
class_2004,class_14041
class_2005,class_14048
class_2006,class_14055
class_2007,class_14062
class_2008,class_14069
class_2009,class_14076
class_201,class_1420
class_2010,class_14083
class_2011,class_14090
class_2012,class_14097
class_2013,class_14104
class_2014,class_14111
class_2015,class_14118
class_2016,class_14125
class_2017,class_14132
class_2018,class_14139
class_2019,class_14146
class_202,class_1427
class_2020,class_14153
class_2021,class_14160
class_2022,class_14167
class_2023,class_14174
class_2024,class_14181
class_2025,class_14188
class_2026,class_14195
class_2027,class_14202
class_2028,class_14209
class_2029,class_14216
class_203,class_1434
class_2030,class_14223
class_2031,class_14230
class_2032,class_14237
class_2033,class_14244
class_2034,class_14251
class_2035,class_14258
class_2036,class_14265
class_2037,class_14272
class_2038,class_14279
class_2039,class_14286
class_204,class_1441
class_2040,class_14293
class_2041,class_14300
class_2042,class_14307
class_2043,class_14314
class_2044,class_14321
class_2045,class_14328
class_2046,class_14335
class_2047,class_14342
class_2048,class_14349
class_2049,class_14356
class_205,class_1448
class_2050,class_14363
class_2051,class_14370
class_2052,class_14377
class_2053,class_14384
class_2054,class_14391
class_2055,class_14398
class_2056,class_14405
class_2057,class_14412
class_2058,class_14419
class_2059,class_14426
class_206,class_1455
class_2060,class_14433
class_2061,class_14440
class_2062,class_14447
class_2063,class_14454
class_2064,class_14461
class_2065,class_14468
class_2066,class_14475
class_2067,class_14482
class_2068,class_14489
class_2069,class_14496
class_207,class_1462
class_2070,class_14503
class_2071,class_14510
class_2072,class_14517
class_2073,class_14524
class_2074,class_14531
class_2075,class_14538
class_2076,class_14545
class_2077,class_14552
class_2078,class_14559
class_2079,class_14566
class_208,class_1469
class_2080,class_14573
class_2081,class_14580
class_2082,class_14587
class_2083,class_14594
class_2084,class_14601
class_2085,class_14608
class_2086,class_14615
class_2087,class_14622
class_2088,class_14629
class_2089,class_14636
class_209,class_1476
class_2090,class_14643
class_2091,class_14650
class_2092,class_14657
class_2093,class_14664
class_2094,class_14671
class_2095,class_14678
class_2096,class_14685
class_2097,class_14692
class_2098,class_14699
class_2099,class_14706
class_21,class_160
class_210,class_1483
class_2100,class_14713
class_2101,class_14720
class_2102,class_14727
class_2103,class_14734
class_2104,class_14741
class_2105,class_14748
class_2106,class_14755
class_2107,class_14762
class_2108,class_14769
class_2109,class_14776
class_211,class_1490
class_2110,class_14783
class_2111,class_14790
class_2112,class_14797
class_2113,class_14804
class_2114,class_14811
class_2115,class_14818
class_2116,class_14825
class_2117,class_14832
class_2118,class_14839
class_2119,class_14846
class_212,class_1497
class_2120,class_14853
class_2121,class_14860
class_2122,class_14867
class_2123,class_14874
class_2124,class_14881
class_2125,class_14888
class_2126,class_14895
class_2127,class_14902
class_2128,class_14909
class_2129,class_14916
class_213,class_1504
class_2130,class_14923
class_2131,class_14930
class_2132,class_14937
class_2133,class_14944
class_2134,class_14951
class_2135,class_14958
class_2136,class_14965
class_2137,class_14972
class_2138,class_14979
class_2139,class_14986
class_214,class_1511
class_2140,class_14993
class_2141,class_15000
class_2142,class_15007
class_2143,class_15014
class_2144,class_15021
class_2145,class_15028
class_2146,class_15035
class_2147,class_15042
class_2148,class_15049
class_2149,class_15056
class_215,class_1518
class_2150,class_15063
class_2151,class_15070
class_2152,class_15077
class_2153,class_15084
class_2154,class_15091
class_2155,class_15098
class_2156,class_15105
class_2157,class_15112
class_2158,class_15119
class_2159,class_15126
class_216,class_1525
class_2160,class_15133
class_2161,class_15140
class_2162,class_15147
class_2163,class_15154
class_2164,class_15161
class_2165,class_15168
class_2166,class_15175
class_2167,class_15182
class_2168,class_15189
class_2169,class_15196
class_217,class_1532
class_2170,class_15203
class_2171,class_15210
class_2172,class_15217
class_2173,class_15224
class_2174,class_15231
class_2175,class_15238
class_2176,class_15245
class_2177,class_15252
class_2178,class_15259
class_2179,class_15266
class_218,class_1539
class_2180,class_15273
class_2181,class_15280
class_2182,class_15287
class_2183,class_15294
class_2184,class_15301
class_2185,class_15308
class_2186,class_15315
class_2187,class_15322
class_2188,class_15329
class_2189,class_15336
class_219,class_1546
class_2190,class_15343
class_2191,class_15350
class_2192,class_15357
class_2193,class_15364
class_2194,class_15371
class_2195,class_15378
class_2196,class_15385
class_2197,class_15392
class_2198,class_15399
class_2199,class_15406
class_22,class_167
class_220,class_1553
class_2200,class_15413
class_2201,class_15420
class_2202,class_15427
class_2203,class_15434
class_2204,class_15441
class_2205,class_15448
class_2206,class_15455
class_2207,class_15462
class_2208,class_15469
class_2209,class_15476
class_221,class_1560
class_2210,class_15483
class_2211,class_15490
class_2212,class_15497
class_2213,class_15504
class_2214,class_15511
class_2215,class_15518
class_2216,class_15525
class_2217,class_15532
class_2218,class_15539
class_2219,class_15546
class_222,class_1567
class_2220,class_15553
class_2221,class_15560
class_2222,class_15567
class_2223,class_15574
class_2224,class_15581
class_2225,class_15588
class_2226,class_15595
class_2227,class_15602
class_2228,class_15609
class_2229,class_15616
class_223,class_1574
class_2230,class_15623
class_2231,class_15630
class_2232,class_15637
class_2233,class_15644
class_2234,class_15651
class_2235,class_15658
class_2236,class_15665
class_2237,class_15672
class_2238,class_15679
class_2239,class_15686
class_224,class_1581
class_2240,class_15693
class_2241,class_15700
class_2242,class_15707
class_2243,class_15714
class_2244,class_15721
class_2245,class_15728
class_2246,class_15735
class_2247,class_15742
class_2248,class_15749
class_2249,class_15756
class_225,class_1588
class_2250,class_15763
class_2251,class_15770
class_2252,class_15777
class_2253,class_15784
class_2254,class_15791
class_2255,class_15798
class_2256,class_15805
class_2257,class_15812
class_2258,class_15819
class_2259,class_15826
class_226,class_1595
class_2260,class_15833
class_2261,class_15840
class_2262,class_15847
class_2263,class_15854
class_2264,class_15861
class_2265,class_15868
class_2266,class_15875
class_2267,class_15882
class_2268,class_15889
class_2269,class_15896
class_227,class_1602
class_2270,class_15903
class_2271,class_15910
class_2272,class_15917
class_2273,class_15924
class_2274,class_15931
class_2275,class_15938
class_2276,class_15945
class_2277,class_15952
class_2278,class_15959
class_2279,class_15966
class_228,class_1609
class_2280,class_15973
class_2281,class_15980
class_2282,class_15987
class_2283,class_15994
class_2284,class_16001
class_2285,class_16008
class_2286,class_16015
class_2287,class_16022
class_2288,class_16029
class_2289,class_16036
class_229,class_1616
class_2290,class_16043
class_2291,class_16050
class_2292,class_16057
class_2293,class_16064
class_2294,class_16071
class_2295,class_16078
class_2296,class_16085
class_2297,class_16092
class_2298,class_16099
class_2299,class_16106
class_23,class_174
class_230,class_1623
class_2300,class_16113
class_2301,class_16120
class_2302,class_16127
class_2303,class_16134
class_2304,class_16141
class_2305,class_16148
class_2306,class_16155
class_2307,class_16162
class_2308,class_16169
class_2309,class_16176
class_231,class_1630
class_2310,class_16183
class_2311,class_16190
class_2312,class_16197
class_2313,class_16204
class_2314,class_16211
class_2315,class_16218
class_2316,class_16225
class_2317,class_16232
class_2318,class_16239
class_2319,class_16246
class_232,class_1637
class_2320,class_16253
class_2321,class_16260
class_2322,class_16267
class_2323,class_16274
class_2324,class_16281
class_2325,class_16288
class_2326,class_16295
class_2327,class_16302
class_2328,class_16309
class_2329,class_16316
class_233,class_1644
class_2330,class_16323
class_2331,class_16330
class_2332,class_16337
class_2333,class_16344
class_2334,class_16351
class_2335,class_16358
class_2336,class_16365
class_2337,class_16372
class_2338,class_16379
class_2339,class_16386
class_234,class_1651
class_2340,class_16393
class_2341,class_16400
class_2342,class_16407
class_2343,class_16414
class_2344,class_16421
class_2345,class_16428
class_2346,class_16435
class_2347,class_16442
class_2348,class_16449
class_2349,class_16456
class_235,class_1658
class_2350,class_16463
class_2351,class_16470
class_2352,class_16477
class_2353,class_16484
class_2354,class_16491
class_2355,class_16498
class_2356,class_16505
class_2357,class_16512
class_2358,class_16519
class_2359,class_16526
class_236,class_1665
class_2360,class_16533
class_2361,class_16540
class_2362,class_16547
class_2363,class_16554
class_2364,class_16561
class_2365,class_16568
class_2366,class_16575
class_2367,class_16582
class_2368,class_16589
class_2369,class_16596
class_237,class_1672
class_2370,class_16603
class_2371,class_16610
class_2372,class_16617
class_2373,class_16624
class_2374,class_16631
class_2375,class_16638
class_2376,class_16645
class_2377,class_16652
class_2378,class_16659
class_2379,class_16666
class_238,class_1679
class_2380,class_16673
class_2381,class_16680
class_2382,class_16687
class_2383,class_16694
class_2384,class_16701
class_2385,class_16708
class_2386,class_16715
class_2387,class_16722
class_2388,class_16729
class_2389,class_16736
class_239,class_1686
class_2390,class_16743
class_2391,class_16750
class_2392,class_16757
class_2393,class_16764
class_2394,class_16771
class_2395,class_16778
class_2396,class_16785
class_2397,class_16792
class_2398,class_16799
class_2399,class_16806
class_24,class_181
class_240,class_1693
class_2400,class_16813
class_2401,class_16820
class_2402,class_16827
class_2403,class_16834
class_2404,class_16841
class_2405,class_16848
class_2406,class_16855
class_2407,class_16862
class_2408,class_16869
class_2409,class_16876
class_241,class_1700
class_2410,class_16883
class_2411,class_16890
class_2412,class_16897
class_2413,class_16904
class_2414,class_16911
class_2415,class_16918
class_2416,class_16925
class_2417,class_16932
class_2418,class_16939
class_2419,class_16946
class_242,class_1707
class_2420,class_16953
class_2421,class_16960
class_2422,class_16967
class_2423,class_16974
class_2424,class_16981
class_2425,class_16988
class_2426,class_16995
class_2427,class_17002
class_2428,class_17009
class_2429,class_17016
class_243,class_1714
class_2430,class_17023
class_2431,class_17030
class_2432,class_17037
class_2433,class_17044
class_2434,class_17051
class_2435,class_17058
class_2436,class_17065
class_2437,class_17072
class_2438,class_17079
class_2439,class_17086
class_244,class_1721
class_2440,class_17093
class_2441,class_17100
class_2442,class_17107
class_2443,class_17114
class_2444,class_17121
class_2445,class_17128
class_2446,class_17135
class_2447,class_17142
class_2448,class_17149
class_2449,class_17156
class_245,class_1728
class_2450,class_17163
class_2451,class_17170
class_2452,class_17177
class_2453,class_17184
class_2454,class_17191
class_2455,class_17198
class_2456,class_17205
class_2457,class_17212
class_2458,class_17219
class_2459,class_17226
class_246,class_1735
class_2460,class_17233
class_2461,class_17240
class_2462,class_17247
class_2463,class_17254
class_2464,class_17261
class_2465,class_17268
class_2466,class_17275
class_2467,class_17282
class_2468,class_17289
class_2469,class_17296
class_247,class_1742
class_2470,class_17303
class_2471,class_17310
class_2472,class_17317
class_2473,class_17324
class_2474,class_17331
class_2475,class_17338
class_2476,class_17345
class_2477,class_17352
class_2478,class_17359
class_2479,class_17366
class_248,class_1749
class_2480,class_17373
class_2481,class_17380
class_2482,class_17387
class_2483,class_17394
class_2484,class_17401
class_2485,class_17408
class_2486,class_17415
class_2487,class_17422
class_2488,class_17429
class_2489,class_17436
class_249,class_1756
class_2490,class_17443
class_2491,class_17450
class_2492,class_17457
class_2493,class_17464
class_2494,class_17471
class_2495,class_17478
class_2496,class_17485
class_2497,class_17492
class_2498,class_17499
class_2499,class_17506
class_25,class_188
class_250,class_1763
class_2500,class_17513
class_2501,class_17520
class_2502,class_17527
class_2503,class_17534
class_2504,class_17541
class_2505,class_17548
class_2506,class_17555
class_2507,class_17562
class_2508,class_17569
class_2509,class_17576
class_251,class_1770
class_2510,class_17583
class_2511,class_17590
class_2512,class_17597
class_2513,class_17604
class_2514,class_17611
class_2515,class_17618
class_2516,class_17625
class_2517,class_17632
class_2518,class_17639
class_2519,class_17646
class_252,class_1777
class_2520,class_17653
class_2521,class_17660
class_2522,class_17667
class_2523,class_17674
class_2524,class_17681
class_2525,class_17688
class_2526,class_17695
class_2527,class_17702
class_2528,class_17709
class_2529,class_17716
class_253,class_1784
class_2530,class_17723
class_2531,class_17730
class_2532,class_17737
class_2533,class_17744
class_2534,class_17751
class_2535,class_17758
class_2536,class_17765
class_2537,class_17772
class_2538,class_17779
class_2539,class_17786
class_254,class_1791
class_2540,class_17793
class_2541,class_17800
class_2542,class_17807
class_2543,class_17814
class_2544,class_17821
class_2545,class_17828
class_2546,class_17835
class_2547,class_17842
class_2548,class_17849
class_2549,class_17856
class_255,class_1798
class_2550,class_17863
class_2551,class_17870
class_2552,class_17877
class_2553,class_17884
class_2554,class_17891
class_2555,class_17898
class_2556,class_17905
class_2557,class_17912
class_2558,class_17919
class_2559,class_17926
class_256,class_1805
class_2560,class_17933
class_2561,class_17940
class_2562,class_17947
class_2563,class_17954
class_2564,class_17961
class_2565,class_17968
class_2566,class_17975
class_2567,class_17982
class_2568,class_17989
class_2569,class_17996
class_257,class_1812
class_2570,class_18003
class_2571,class_18010
class_2572,class_18017
class_2573,class_18024
class_2574,class_18031
class_2575,class_18038
class_2576,class_18045
class_2577,class_18052
class_2578,class_18059
class_2579,class_18066
class_258,class_1819
class_2580,class_18073
class_2581,class_18080
class_2582,class_18087
class_2583,class_18094
class_2584,class_18101
class_2585,class_18108
class_2586,class_18115
class_2587,class_18122
class_2588,class_18129
class_2589,class_18136
class_259,class_1826
class_2590,class_18143
class_2591,class_18150
class_2592,class_18157
class_2593,class_18164
class_2594,class_18171
class_2595,class_18178
class_2596,class_18185
class_2597,class_18192
class_2598,class_18199
class_2599,class_18206
class_26,class_195
class_260,class_1833
class_2600,class_18213
class_2601,class_18220
class_2602,class_18227
class_2603,class_18234
class_2604,class_18241
class_2605,class_18248
class_2606,class_18255
class_2607,class_18262
class_2608,class_18269
class_2609,class_18276
class_261,class_1840
class_2610,class_18283
class_2611,class_18290
class_2612,class_18297
class_2613,class_18304
class_2614,class_18311
class_2615,class_18318
class_2616,class_18325
class_2617,class_18332
class_2618,class_18339
class_2619,class_18346
class_262,class_1847
class_2620,class_18353
class_2621,class_18360
class_2622,class_18367
class_2623,class_18374
class_2624,class_18381
class_2625,class_18388
class_2626,class_18395
class_2627,class_18402
class_2628,class_18409
class_2629,class_18416
class_263,class_1854
class_2630,class_18423
class_2631,class_18430
class_2632,class_18437
class_2633,class_18444
class_2634,class_18451
class_2635,class_18458
class_2636,class_18465
class_2637,class_18472
class_2638,class_18479
class_2639,class_18486
class_264,class_1861
class_2640,class_18493
class_2641,class_18500
class_2642,class_18507
class_2643,class_18514
class_2644,class_18521
class_2645,class_18528
class_2646,class_18535
class_2647,class_18542
class_2648,class_18549
class_2649,class_18556
class_265,class_1868
class_2650,class_18563
class_2651,class_18570
class_2652,class_18577
class_2653,class_18584
class_2654,class_18591
class_2655,class_18598
class_2656,class_18605
class_2657,class_18612
class_2658,class_18619
class_2659,class_18626
class_266,class_1875
class_2660,class_18633
class_2661,class_18640
class_2662,class_18647
class_2663,class_18654
class_2664,class_18661
class_2665,class_18668
class_2666,class_18675
class_2667,class_18682
class_2668,class_18689
class_2669,class_18696
class_267,class_1882
class_2670,class_18703
class_2671,class_18710
class_2672,class_18717
class_2673,class_18724
class_2674,class_18731
class_2675,class_18738
class_2676,class_18745
class_2677,class_18752
class_2678,class_18759
class_2679,class_18766
class_268,class_1889
class_2680,class_18773
class_2681,class_18780
class_2682,class_18787
class_2683,class_18794
class_2684,class_18801
class_2685,class_18808
class_2686,class_18815
class_2687,class_18822
class_2688,class_18829
class_2689,class_18836
class_269,class_1896
class_2690,class_18843
class_2691,class_18850
class_2692,class_18857
class_2693,class_18864
class_2694,class_18871
class_2695,class_18878
class_2696,class_18885
class_2697,class_18892
class_2698,class_18899
class_2699,class_18906
class_27,class_202
class_270,class_1903
class_2700,class_18913
class_2701,class_18920
class_2702,class_18927
class_2703,class_18934
class_2704,class_18941
class_2705,class_18948
class_2706,class_18955
class_2707,class_18962
class_2708,class_18969
class_2709,class_18976
class_271,class_1910
class_2710,class_18983
class_2711,class_18990
class_2712,class_18997
class_2713,class_19004
class_2714,class_19011
class_2715,class_19018
class_2716,class_19025
class_2717,class_19032
class_2718,class_19039
class_2719,class_19046
class_272,class_1917
class_2720,class_19053
class_2721,class_19060
class_2722,class_19067
class_2723,class_19074
class_2724,class_19081
class_2725,class_19088
class_2726,class_19095
class_2727,class_19102
class_2728,class_19109
class_2729,class_19116
class_273,class_1924
class_2730,class_19123
class_2731,class_19130
class_2732,class_19137
class_2733,class_19144
class_2734,class_19151
class_2735,class_19158
class_2736,class_19165
class_2737,class_19172
class_2738,class_19179
class_2739,class_19186
class_274,class_1931
class_2740,class_19193
class_2741,class_19200
class_2742,class_19207
class_2743,class_19214
class_2744,class_19221
class_2745,class_19228
class_2746,class_19235
class_2747,class_19242
class_2748,class_19249
class_2749,class_19256
class_275,class_1938
class_2750,class_19263
class_2751,class_19270
class_2752,class_19277
class_2753,class_19284
class_2754,class_19291
class_2755,class_19298
class_2756,class_19305
class_2757,class_19312
class_2758,class_19319
class_2759,class_19326
class_276,class_1945
class_2760,class_19333
class_2761,class_19340
class_2762,class_19347
class_2763,class_19354
class_2764,class_19361
class_2765,class_19368
class_2766,class_19375
class_2767,class_19382
class_2768,class_19389
class_2769,class_19396
class_277,class_1952
class_2770,class_19403
class_2771,class_19410
class_2772,class_19417
class_2773,class_19424
class_2774,class_19431
class_2775,class_19438
class_2776,class_19445
class_2777,class_19452
class_2778,class_19459
class_2779,class_19466
class_278,class_1959
class_2780,class_19473
class_2781,class_19480
class_2782,class_19487
class_2783,class_19494
class_2784,class_19501
class_2785,class_19508
class_2786,class_19515
class_2787,class_19522
class_2788,class_19529
class_2789,class_19536
class_279,class_1966
class_2790,class_19543
class_2791,class_19550
class_2792,class_19557
class_2793,class_19564
class_2794,class_19571
class_2795,class_19578
class_2796,class_19585
class_2797,class_19592
class_2798,class_19599
class_2799,class_19606
class_28,class_209
class_280,class_1973
class_2800,class_19613
class_2801,class_19620
class_2802,class_19627
class_2803,class_19634
class_2804,class_19641
class_2805,class_19648
class_2806,class_19655
class_2807,class_19662
class_2808,class_19669
class_2809,class_19676
class_281,class_1980
class_2810,class_19683
class_2811,class_19690
class_2812,class_19697
class_2813,class_19704
class_2814,class_19711
class_2815,class_19718
class_2816,class_19725
class_2817,class_19732
class_2818,class_19739
class_2819,class_19746
class_282,class_1987
class_2820,class_19753
class_2821,class_19760
class_2822,class_19767
class_2823,class_19774
class_2824,class_19781
class_2825,class_19788
class_2826,class_19795
class_2827,class_19802
class_2828,class_19809
class_2829,class_19816
class_283,class_1994
class_2830,class_19823
class_2831,class_19830
class_2832,class_19837
class_2833,class_19844
class_2834,class_19851
class_2835,class_19858
class_2836,class_19865
class_2837,class_19872
class_2838,class_19879
class_2839,class_19886
class_284,class_2001
class_2840,class_19893
class_2841,class_19900
class_2842,class_19907
class_2843,class_19914
class_2844,class_19921
class_2845,class_19928
class_2846,class_19935
class_2847,class_19942
class_2848,class_19949
class_2849,class_19956
class_285,class_2008
class_2850,class_19963
class_2851,class_19970
class_2852,class_19977
class_2853,class_19984
class_2854,class_19991
class_2855,class_19998
class_2856,class_5
class_2857,class_12
class_2858,class_19
class_2859,class_26
class_286,class_2015
class_2860,class_33
class_2861,class_40
class_2862,class_47
class_2863,class_54
class_2864,class_61
class_2865,class_68
class_2866,class_75
class_2867,class_82
class_2868,class_89
class_2869,class_96
class_287,class_2022
class_2870,class_103
class_2871,class_110
class_2872,class_117
class_2873,class_124
class_2874,class_131
class_2875,class_138
class_2876,class_145
class_2877,class_152
class_2878,class_159
class_2879,class_166
class_288,class_2029
class_2880,class_173
class_2881,class_180
class_2882,class_187
class_2883,class_194
class_2884,class_201
class_2885,class_208
class_2886,class_215
class_2887,class_222
class_2888,class_229
class_2889,class_236
class_289,class_2036
class_2890,class_243
class_2891,class_250
class_2892,class_257
class_2893,class_264
class_2894,class_271
class_2895,class_278
class_2896,class_285
class_2897,class_292
class_2898,class_299
class_2899,class_306
class_29,class_216
class_290,class_2043
class_2900,class_313
class_2901,class_320
class_2902,class_327
class_2903,class_334
class_2904,class_341
class_2905,class_348
class_2906,class_355
class_2907,class_362
class_2908,class_369
class_2909,class_376
class_291,class_2050
class_2910,class_383
class_2911,class_390
class_2912,class_397
class_2913,class_404
class_2914,class_411
class_2915,class_418
class_2916,class_425
class_2917,class_432
class_2918,class_439
class_2919,class_446
class_292,class_2057
class_2920,class_453
class_2921,class_460
class_2922,class_467
class_2923,class_474
class_2924,class_481
class_2925,class_488
class_2926,class_495
class_2927,class_502
class_2928,class_509
class_2929,class_516
class_293,class_2064
class_2930,class_523
class_2931,class_530
class_2932,class_537
class_2933,class_544
class_2934,class_551
class_2935,class_558
class_2936,class_565
class_2937,class_572
class_2938,class_579
class_2939,class_586
class_294,class_2071
class_2940,class_593
class_2941,class_600
class_2942,class_607
class_2943,class_614
class_2944,class_621
class_2945,class_628
class_2946,class_635
class_2947,class_642
class_2948,class_649
class_2949,class_656
class_295,class_2078
class_2950,class_663
class_2951,class_670
class_2952,class_677
class_2953,class_684
class_2954,class_691
class_2955,class_698
class_2956,class_705
class_2957,class_712
class_2958,class_719
class_2959,class_726
class_296,class_2085
class_2960,class_733
class_2961,class_740
class_2962,class_747
class_2963,class_754
class_2964,class_761
class_2965,class_768
class_2966,class_775
class_2967,class_782
class_2968,class_789
class_2969,class_796
class_297,class_2092
class_2970,class_803
class_2971,class_810
class_2972,class_817
class_2973,class_824
class_2974,class_831
class_2975,class_838
class_2976,class_845
class_2977,class_852
class_2978,class_859
class_2979,class_866
class_298,class_2099
class_2980,class_873
class_2981,class_880
class_2982,class_887
class_2983,class_894
class_2984,class_901
class_2985,class_908
class_2986,class_915
class_2987,class_922
class_2988,class_929
class_2989,class_936
class_299,class_2106
class_2990,class_943
class_2991,class_950
class_2992,class_957
class_2993,class_964
class_2994,class_971
class_2995,class_978
class_2996,class_985
class_2997,class_992
class_2998,class_999
class_2999,class_1006
class_3,class_34
class_30,class_223
class_300,class_2113
class_3000,class_1013
class_3001,class_1020
class_3002,class_1027
class_3003,class_1034
class_3004,class_1041
class_3005,class_1048
class_3006,class_1055
class_3007,class_1062
class_3008,class_1069
class_3009,class_1076
class_301,class_2120
class_3010,class_1083
class_3011,class_1090
class_3012,class_1097
class_3013,class_1104
class_3014,class_1111
class_3015,class_1118
class_3016,class_1125
class_3017,class_1132
class_3018,class_1139
class_3019,class_1146
class_302,class_2127
class_3020,class_1153
class_3021,class_1160
class_3022,class_1167
class_3023,class_1174
class_3024,class_1181
class_3025,class_1188
class_3026,class_1195
class_3027,class_1202
class_3028,class_1209
class_3029,class_1216
class_303,class_2134
class_3030,class_1223
class_3031,class_1230
class_3032,class_1237
class_3033,class_1244
class_3034,class_1251
class_3035,class_1258
class_3036,class_1265
class_3037,class_1272
class_3038,class_1279
class_3039,class_1286
class_304,class_2141
class_3040,class_1293
class_3041,class_1300
class_3042,class_1307
class_3043,class_1314
class_3044,class_1321
class_3045,class_1328
class_3046,class_1335
class_3047,class_1342
class_3048,class_1349
class_3049,class_1356
class_305,class_2148
class_3050,class_1363
class_3051,class_1370
class_3052,class_1377
class_3053,class_1384
class_3054,class_1391
class_3055,class_1398
class_3056,class_1405
class_3057,class_1412
class_3058,class_1419
class_3059,class_1426
class_306,class_2155
class_3060,class_1433
class_3061,class_1440
class_3062,class_1447
class_3063,class_1454
class_3064,class_1461
class_3065,class_1468
class_3066,class_1475
class_3067,class_1482
class_3068,class_1489
class_3069,class_1496
class_307,class_2162
class_3070,class_1503
class_3071,class_1510
class_3072,class_1517
class_3073,class_1524
class_3074,class_1531
class_3075,class_1538
class_3076,class_1545
class_3077,class_1552
class_3078,class_1559
class_3079,class_1566
class_308,class_2169
class_3080,class_1573
class_3081,class_1580
class_3082,class_1587
class_3083,class_1594
class_3084,class_1601
class_3085,class_1608
class_3086,class_1615
class_3087,class_1622
class_3088,class_1629
class_3089,class_1636
class_309,class_2176
class_3090,class_1643
class_3091,class_1650
class_3092,class_1657
class_3093,class_1664
class_3094,class_1671
class_3095,class_1678
class_3096,class_1685
class_3097,class_1692
class_3098,class_1699
class_3099,class_1706
class_31,class_230
class_310,class_2183
class_3100,class_1713
class_3101,class_1720
class_3102,class_1727
class_3103,class_1734
class_3104,class_1741
class_3105,class_1748
class_3106,class_1755
class_3107,class_1762
class_3108,class_1769
class_3109,class_1776
class_311,class_2190
class_3110,class_1783
class_3111,class_1790
class_3112,class_1797
class_3113,class_1804
class_3114,class_1811
class_3115,class_1818
class_3116,class_1825
class_3117,class_1832
class_3118,class_1839
class_3119,class_1846
class_312,class_2197
class_3120,class_1853
class_3121,class_1860
class_3122,class_1867
class_3123,class_1874
class_3124,class_1881
class_3125,class_1888
class_3126,class_1895
class_3127,class_1902
class_3128,class_1909
class_3129,class_1916
class_313,class_2204
class_3130,class_1923
class_3131,class_1930
class_3132,class_1937
class_3133,class_1944
class_3134,class_1951
class_3135,class_1958
class_3136,class_1965
class_3137,class_1972
class_3138,class_1979
class_3139,class_1986
class_314,class_2211
class_3140,class_1993
class_3141,class_2000
class_3142,class_2007
class_3143,class_2014
class_3144,class_2021
class_3145,class_2028
class_3146,class_2035
class_3147,class_2042
class_3148,class_2049
class_3149,class_2056
class_315,class_2218
class_3150,class_2063
class_3151,class_2070
class_3152,class_2077
class_3153,class_2084
class_3154,class_2091
class_3155,class_2098
class_3156,class_2105
class_3157,class_2112
class_3158,class_2119
class_3159,class_2126
class_316,class_2225
class_3160,class_2133
class_3161,class_2140
class_3162,class_2147
class_3163,class_2154
class_3164,class_2161
class_3165,class_2168
class_3166,class_2175
class_3167,class_2182
class_3168,class_2189
class_3169,class_2196
class_317,class_2232
class_3170,class_2203
class_3171,class_2210
class_3172,class_2217
class_3173,class_2224
class_3174,class_2231
class_3175,class_2238
class_3176,class_2245
class_3177,class_2252
class_3178,class_2259
class_3179,class_2266
class_318,class_2239
class_3180,class_2273
class_3181,class_2280
class_3182,class_2287
class_3183,class_2294
class_3184,class_2301
class_3185,class_2308
class_3186,class_2315
class_3187,class_2322
class_3188,class_2329
class_3189,class_2336
class_319,class_2246
class_3190,class_2343
class_3191,class_2350
class_3192,class_2357
class_3193,class_2364
class_3194,class_2371
class_3195,class_2378
class_3196,class_2385
class_3197,class_2392
class_3198,class_2399
class_3199,class_2406
class_32,class_237
class_320,class_2253
class_3200,class_2413
class_3201,class_2420
class_3202,class_2427
class_3203,class_2434
class_3204,class_2441
class_3205,class_2448
class_3206,class_2455
class_3207,class_2462
class_3208,class_2469
class_3209,class_2476
class_321,class_2260
class_3210,class_2483
class_3211,class_2490
class_3212,class_2497
class_3213,class_2504
class_3214,class_2511
class_3215,class_2518
class_3216,class_2525
class_3217,class_2532
class_3218,class_2539
class_3219,class_2546
class_322,class_2267
class_3220,class_2553
class_3221,class_2560
class_3222,class_2567
class_3223,class_2574
class_3224,class_2581
class_3225,class_2588
class_3226,class_2595
class_3227,class_2602
class_3228,class_2609
class_3229,class_2616
class_323,class_2274
class_3230,class_2623
class_3231,class_2630
class_3232,class_2637
class_3233,class_2644
class_3234,class_2651
class_3235,class_2658
class_3236,class_2665
class_3237,class_2672
class_3238,class_2679
class_3239,class_2686
class_324,class_2281
class_3240,class_2693
class_3241,class_2700
class_3242,class_2707
class_3243,class_2714
class_3244,class_2721
class_3245,class_2728
class_3246,class_2735
class_3247,class_2742
class_3248,class_2749
class_3249,class_2756
class_325,class_2288
class_3250,class_2763
class_3251,class_2770
class_3252,class_2777
class_3253,class_2784
class_3254,class_2791
class_3255,class_2798
class_3256,class_2805
class_3257,class_2812
class_3258,class_2819
class_3259,class_2826
class_326,class_2295
class_3260,class_2833
class_3261,class_2840
class_3262,class_2847
class_3263,class_2854
class_3264,class_2861
class_3265,class_2868
class_3266,class_2875
class_3267,class_2882
class_3268,class_2889
class_3269,class_2896
class_327,class_2302
class_3270,class_2903
class_3271,class_2910
class_3272,class_2917
class_3273,class_2924
class_3274,class_2931
class_3275,class_2938
class_3276,class_2945
class_3277,class_2952
class_3278,class_2959
class_3279,class_2966
class_328,class_2309
class_3280,class_2973
class_3281,class_2980
class_3282,class_2987
class_3283,class_2994
class_3284,class_3001
class_3285,class_3008
class_3286,class_3015
class_3287,class_3022
class_3288,class_3029
class_3289,class_3036
class_329,class_2316
class_3290,class_3043
class_3291,class_3050
class_3292,class_3057
class_3293,class_3064
class_3294,class_3071
class_3295,class_3078
class_3296,class_3085
class_3297,class_3092
class_3298,class_3099
class_3299,class_3106
class_33,class_244
class_330,class_2323
class_3300,class_3113
class_3301,class_3120
class_3302,class_3127
class_3303,class_3134
class_3304,class_3141
class_3305,class_3148
class_3306,class_3155
class_3307,class_3162
class_3308,class_3169
class_3309,class_3176
class_331,class_2330
class_3310,class_3183
class_3311,class_3190
class_3312,class_3197
class_3313,class_3204
class_3314,class_3211
class_3315,class_3218
class_3316,class_3225
class_3317,class_3232
class_3318,class_3239
class_3319,class_3246
class_332,class_2337
class_3320,class_3253
class_3321,class_3260
class_3322,class_3267
class_3323,class_3274
class_3324,class_3281
class_3325,class_3288
class_3326,class_3295
class_3327,class_3302
class_3328,class_3309
class_3329,class_3316
class_333,class_2344
class_3330,class_3323
class_3331,class_3330
class_3332,class_3337
class_3333,class_3344
class_3334,class_3351
class_3335,class_3358
class_3336,class_3365
class_3337,class_3372
class_3338,class_3379
class_3339,class_3386
class_334,class_2351
class_3340,class_3393
class_3341,class_3400
class_3342,class_3407
class_3343,class_3414
class_3344,class_3421
class_3345,class_3428
class_3346,class_3435
class_3347,class_3442
class_3348,class_3449
class_3349,class_3456
class_335,class_2358
class_3350,class_3463
class_3351,class_3470
class_3352,class_3477
class_3353,class_3484
class_3354,class_3491
class_3355,class_3498
class_3356,class_3505
class_3357,class_3512
class_3358,class_3519
class_3359,class_3526
class_336,class_2365
class_3360,class_3533
class_3361,class_3540
class_3362,class_3547
class_3363,class_3554
class_3364,class_3561
class_3365,class_3568
class_3366,class_3575
class_3367,class_3582
class_3368,class_3589
class_3369,class_3596
class_337,class_2372
class_3370,class_3603
class_3371,class_3610
class_3372,class_3617
class_3373,class_3624
class_3374,class_3631
class_3375,class_3638
class_3376,class_3645
class_3377,class_3652
class_3378,class_3659
class_3379,class_3666
class_338,class_2379
class_3380,class_3673
class_3381,class_3680
class_3382,class_3687
class_3383,class_3694
class_3384,class_3701
class_3385,class_3708
class_3386,class_3715
class_3387,class_3722
class_3388,class_3729
class_3389,class_3736
class_339,class_2386
class_3390,class_3743
class_3391,class_3750
class_3392,class_3757
class_3393,class_3764
class_3394,class_3771
class_3395,class_3778
class_3396,class_3785
class_3397,class_3792
class_3398,class_3799
class_3399,class_3806
class_34,class_251
class_340,class_2393
class_3400,class_3813
class_3401,class_3820
class_3402,class_3827
class_3403,class_3834
class_3404,class_3841
class_3405,class_3848
class_3406,class_3855
class_3407,class_3862
class_3408,class_3869
class_3409,class_3876
class_341,class_2400
class_3410,class_3883
class_3411,class_3890
class_3412,class_3897
class_3413,class_3904
class_3414,class_3911
class_3415,class_3918
class_3416,class_3925
class_3417,class_3932
class_3418,class_3939
class_3419,class_3946
class_342,class_2407
class_3420,class_3953
class_3421,class_3960
class_3422,class_3967
class_3423,class_3974
class_3424,class_3981
class_3425,class_3988
class_3426,class_3995
class_3427,class_4002
class_3428,class_4009
class_3429,class_4016
class_343,class_2414
class_3430,class_4023
class_3431,class_4030
class_3432,class_4037
class_3433,class_4044
class_3434,class_4051
class_3435,class_4058
class_3436,class_4065
class_3437,class_4072
class_3438,class_4079
class_3439,class_4086
class_344,class_2421
class_3440,class_4093
class_3441,class_4100
class_3442,class_4107
class_3443,class_4114
class_3444,class_4121
class_3445,class_4128
class_3446,class_4135
class_3447,class_4142
class_3448,class_4149
class_3449,class_4156
class_345,class_2428
class_3450,class_4163
class_3451,class_4170
class_3452,class_4177
class_3453,class_4184
class_3454,class_4191
class_3455,class_4198
class_3456,class_4205
class_3457,class_4212
class_3458,class_4219
class_3459,class_4226
class_346,class_2435
class_3460,class_4233
class_3461,class_4240
class_3462,class_4247
class_3463,class_4254
class_3464,class_4261
class_3465,class_4268
class_3466,class_4275
class_3467,class_4282
class_3468,class_4289
class_3469,class_4296
class_347,class_2442
class_3470,class_4303
class_3471,class_4310
class_3472,class_4317
class_3473,class_4324
class_3474,class_4331
class_3475,class_4338
class_3476,class_4345
class_3477,class_4352
class_3478,class_4359
class_3479,class_4366
class_348,class_2449
class_3480,class_4373
class_3481,class_4380
class_3482,class_4387
class_3483,class_4394
class_3484,class_4401
class_3485,class_4408
class_3486,class_4415
class_3487,class_4422
class_3488,class_4429
class_3489,class_4436
class_349,class_2456
class_3490,class_4443
class_3491,class_4450
class_3492,class_4457
class_3493,class_4464
class_3494,class_4471
class_3495,class_4478
class_3496,class_4485
class_3497,class_4492
class_3498,class_4499
class_3499,class_4506
class_35,class_258
class_350,class_2463
class_3500,class_4513
class_3501,class_4520
class_3502,class_4527
class_3503,class_4534
class_3504,class_4541
class_3505,class_4548
class_3506,class_4555
class_3507,class_4562
class_3508,class_4569
class_3509,class_4576
class_351,class_2470
class_3510,class_4583
class_3511,class_4590
class_3512,class_4597
class_3513,class_4604
class_3514,class_4611
class_3515,class_4618
class_3516,class_4625
class_3517,class_4632
class_3518,class_4639
class_3519,class_4646
class_352,class_2477
class_3520,class_4653
class_3521,class_4660
class_3522,class_4667
class_3523,class_4674
class_3524,class_4681
class_3525,class_4688
class_3526,class_4695
class_3527,class_4702
class_3528,class_4709
class_3529,class_4716
class_353,class_2484
class_3530,class_4723
class_3531,class_4730
class_3532,class_4737
class_3533,class_4744
class_3534,class_4751
class_3535,class_4758
class_3536,class_4765
class_3537,class_4772
class_3538,class_4779
class_3539,class_4786
class_354,class_2491
class_3540,class_4793
class_3541,class_4800
class_3542,class_4807
class_3543,class_4814
class_3544,class_4821
class_3545,class_4828
class_3546,class_4835
class_3547,class_4842
class_3548,class_4849
class_3549,class_4856
class_355,class_2498
class_3550,class_4863
class_3551,class_4870
class_3552,class_4877
class_3553,class_4884
class_3554,class_4891
class_3555,class_4898
class_3556,class_4905
class_3557,class_4912
class_3558,class_4919
class_3559,class_4926
class_356,class_2505
class_3560,class_4933
class_3561,class_4940
class_3562,class_4947
class_3563,class_4954
class_3564,class_4961
class_3565,class_4968
class_3566,class_4975
class_3567,class_4982
class_3568,class_4989
class_3569,class_4996
class_357,class_2512
class_3570,class_5003
class_3571,class_5010
class_3572,class_5017
class_3573,class_5024
class_3574,class_5031
class_3575,class_5038
class_3576,class_5045
class_3577,class_5052
class_3578,class_5059
class_3579,class_5066
class_358,class_2519
class_3580,class_5073
class_3581,class_5080
class_3582,class_5087
class_3583,class_5094
class_3584,class_5101
class_3585,class_5108
class_3586,class_5115
class_3587,class_5122
class_3588,class_5129
class_3589,class_5136
class_359,class_2526
class_3590,class_5143
class_3591,class_5150
class_3592,class_5157
class_3593,class_5164
class_3594,class_5171
class_3595,class_5178
class_3596,class_5185
class_3597,class_5192
class_3598,class_5199
class_3599,class_5206
class_36,class_265
class_360,class_2533
class_3600,class_5213
class_3601,class_5220
class_3602,class_5227
class_3603,class_5234
class_3604,class_5241
class_3605,class_5248
class_3606,class_5255
class_3607,class_5262
class_3608,class_5269
class_3609,class_5276
class_361,class_2540
class_3610,class_5283
class_3611,class_5290
class_3612,class_5297
class_3613,class_5304
class_3614,class_5311
class_3615,class_5318
class_3616,class_5325
class_3617,class_5332
class_3618,class_5339
class_3619,class_5346
class_362,class_2547
class_3620,class_5353
class_3621,class_5360
class_3622,class_5367
class_3623,class_5374
class_3624,class_5381
class_3625,class_5388
class_3626,class_5395
class_3627,class_5402
class_3628,class_5409
class_3629,class_5416
class_363,class_2554
class_3630,class_5423
class_3631,class_5430
class_3632,class_5437
class_3633,class_5444
class_3634,class_5451
class_3635,class_5458
class_3636,class_5465
class_3637,class_5472
class_3638,class_5479
class_3639,class_5486
class_364,class_2561
class_3640,class_5493
class_3641,class_5500
class_3642,class_5507
class_3643,class_5514
class_3644,class_5521
class_3645,class_5528
class_3646,class_5535
class_3647,class_5542
class_3648,class_5549
class_3649,class_5556
class_365,class_2568
class_3650,class_5563
class_3651,class_5570
class_3652,class_5577
class_3653,class_5584
class_3654,class_5591
class_3655,class_5598
class_3656,class_5605
class_3657,class_5612
class_3658,class_5619
class_3659,class_5626
class_366,class_2575
class_3660,class_5633
class_3661,class_5640
class_3662,class_5647
class_3663,class_5654
class_3664,class_5661
class_3665,class_5668
class_3666,class_5675
class_3667,class_5682
class_3668,class_5689
class_3669,class_5696
class_367,class_2582
class_3670,class_5703
class_3671,class_5710
class_3672,class_5717
class_3673,class_5724
class_3674,class_5731
class_3675,class_5738
class_3676,class_5745
class_3677,class_5752
class_3678,class_5759
class_3679,class_5766
class_368,class_2589
class_3680,class_5773
class_3681,class_5780
class_3682,class_5787
class_3683,class_5794
class_3684,class_5801
class_3685,class_5808
class_3686,class_5815
class_3687,class_5822
class_3688,class_5829
class_3689,class_5836
class_369,class_2596
class_3690,class_5843
class_3691,class_5850
class_3692,class_5857
class_3693,class_5864
class_3694,class_5871
class_3695,class_5878
class_3696,class_5885
class_3697,class_5892
class_3698,class_5899
class_3699,class_5906
class_37,class_272
class_370,class_2603
class_3700,class_5913
class_3701,class_5920
class_3702,class_5927
class_3703,class_5934
class_3704,class_5941
class_3705,class_5948
class_3706,class_5955
class_3707,class_5962
class_3708,class_5969
class_3709,class_5976
class_371,class_2610
class_3710,class_5983
class_3711,class_5990
class_3712,class_5997
class_3713,class_6004
class_3714,class_6011
class_3715,class_6018
class_3716,class_6025
class_3717,class_6032
class_3718,class_6039
class_3719,class_6046
class_372,class_2617
class_3720,class_6053
class_3721,class_6060
class_3722,class_6067
class_3723,class_6074
class_3724,class_6081
class_3725,class_6088
class_3726,class_6095
class_3727,class_6102
class_3728,class_6109
class_3729,class_6116
class_373,class_2624
class_3730,class_6123
class_3731,class_6130
class_3732,class_6137
class_3733,class_6144
class_3734,class_6151
class_3735,class_6158
class_3736,class_6165
class_3737,class_6172
class_3738,class_6179
class_3739,class_6186
class_374,class_2631
class_3740,class_6193
class_3741,class_6200
class_3742,class_6207
class_3743,class_6214
class_3744,class_6221
class_3745,class_6228
class_3746,class_6235
class_3747,class_6242
class_3748,class_6249
class_3749,class_6256
class_375,class_2638
class_3750,class_6263
class_3751,class_6270
class_3752,class_6277
class_3753,class_6284
class_3754,class_6291
class_3755,class_6298
class_3756,class_6305
class_3757,class_6312
class_3758,class_6319
class_3759,class_6326
class_376,class_2645
class_3760,class_6333
class_3761,class_6340
class_3762,class_6347
class_3763,class_6354
class_3764,class_6361
class_3765,class_6368
class_3766,class_6375
class_3767,class_6382
class_3768,class_6389
class_3769,class_6396
class_377,class_2652
class_3770,class_6403
class_3771,class_6410
class_3772,class_6417
class_3773,class_6424
class_3774,class_6431
class_3775,class_6438
class_3776,class_6445
class_3777,class_6452
class_3778,class_6459
class_3779,class_6466
class_378,class_2659
class_3780,class_6473
class_3781,class_6480
class_3782,class_6487
class_3783,class_6494
class_3784,class_6501
class_3785,class_6508
class_3786,class_6515
class_3787,class_6522
class_3788,class_6529
class_3789,class_6536
class_379,class_2666
class_3790,class_6543
class_3791,class_6550
class_3792,class_6557
class_3793,class_6564
class_3794,class_6571
class_3795,class_6578
class_3796,class_6585
class_3797,class_6592
class_3798,class_6599
class_3799,class_6606
class_38,class_279
class_380,class_2673
class_3800,class_6613
class_3801,class_6620
class_3802,class_6627
class_3803,class_6634
class_3804,class_6641
class_3805,class_6648
class_3806,class_6655
class_3807,class_6662
class_3808,class_6669
class_3809,class_6676
class_381,class_2680
class_3810,class_6683
class_3811,class_6690
class_3812,class_6697
class_3813,class_6704
class_3814,class_6711
class_3815,class_6718
class_3816,class_6725
class_3817,class_6732
class_3818,class_6739
class_3819,class_6746
class_382,class_2687
class_3820,class_6753
class_3821,class_6760
class_3822,class_6767
class_3823,class_6774
class_3824,class_6781
class_3825,class_6788
class_3826,class_6795
class_3827,class_6802
class_3828,class_6809
class_3829,class_6816
class_383,class_2694
class_3830,class_6823
class_3831,class_6830
class_3832,class_6837
class_3833,class_6844
class_3834,class_6851
class_3835,class_6858
class_3836,class_6865
class_3837,class_6872
class_3838,class_6879
class_3839,class_6886
class_384,class_2701
class_3840,class_6893
class_3841,class_6900
class_3842,class_6907
class_3843,class_6914
class_3844,class_6921
class_3845,class_6928
class_3846,class_6935
class_3847,class_6942
class_3848,class_6949
class_3849,class_6956
class_385,class_2708
class_3850,class_6963
class_3851,class_6970
class_3852,class_6977
class_3853,class_6984
class_3854,class_6991
class_3855,class_6998
class_3856,class_7005
class_3857,class_7012
class_3858,class_7019
class_3859,class_7026
class_386,class_2715
class_3860,class_7033
class_3861,class_7040
class_3862,class_7047
class_3863,class_7054
class_3864,class_7061
class_3865,class_7068
class_3866,class_7075
class_3867,class_7082
class_3868,class_7089
class_3869,class_7096
class_387,class_2722
class_3870,class_7103
class_3871,class_7110
class_3872,class_7117
class_3873,class_7124
class_3874,class_7131
class_3875,class_7138
class_3876,class_7145
class_3877,class_7152
class_3878,class_7159
class_3879,class_7166
class_388,class_2729
class_3880,class_7173
class_3881,class_7180
class_3882,class_7187
class_3883,class_7194
class_3884,class_7201
class_3885,class_7208
class_3886,class_7215
class_3887,class_7222
class_3888,class_7229
class_3889,class_7236
class_389,class_2736
class_3890,class_7243
class_3891,class_7250
class_3892,class_7257
class_3893,class_7264
class_3894,class_7271
class_3895,class_7278
class_3896,class_7285
class_3897,class_7292
class_3898,class_7299
class_3899,class_7306
class_39,class_286
class_390,class_2743
class_3900,class_7313
class_3901,class_7320
class_3902,class_7327
class_3903,class_7334
class_3904,class_7341
class_3905,class_7348
class_3906,class_7355
class_3907,class_7362
class_3908,class_7369
class_3909,class_7376
class_391,class_2750
class_3910,class_7383
class_3911,class_7390
class_3912,class_7397
class_3913,class_7404
class_3914,class_7411
class_3915,class_7418
class_3916,class_7425
class_3917,class_7432
class_3918,class_7439
class_3919,class_7446
class_392,class_2757
class_3920,class_7453
class_3921,class_7460
class_3922,class_7467
class_3923,class_7474
class_3924,class_7481
class_3925,class_7488
class_3926,class_7495
class_3927,class_7502
class_3928,class_7509
class_3929,class_7516
class_393,class_2764
class_3930,class_7523
class_3931,class_7530
class_3932,class_7537
class_3933,class_7544
class_3934,class_7551
class_3935,class_7558
class_3936,class_7565
class_3937,class_7572
class_3938,class_7579
class_3939,class_7586
class_394,class_2771
class_3940,class_7593
class_3941,class_7600
class_3942,class_7607
class_3943,class_7614
class_3944,class_7621
class_3945,class_7628
class_3946,class_7635
class_3947,class_7642
class_3948,class_7649
class_3949,class_7656
class_395,class_2778
class_3950,class_7663
class_3951,class_7670
class_3952,class_7677
class_3953,class_7684
class_3954,class_7691
class_3955,class_7698
class_3956,class_7705
class_3957,class_7712
class_3958,class_7719
class_3959,class_7726
class_396,class_2785
class_3960,class_7733
class_3961,class_7740
class_3962,class_7747
class_3963,class_7754
class_3964,class_7761
class_3965,class_7768
class_3966,class_7775
class_3967,class_7782
class_3968,class_7789
class_3969,class_7796
class_397,class_2792
class_3970,class_7803
class_3971,class_7810
class_3972,class_7817
class_3973,class_7824
class_3974,class_7831
class_3975,class_7838
class_3976,class_7845
class_3977,class_7852
class_3978,class_7859
class_3979,class_7866
class_398,class_2799
class_3980,class_7873
class_3981,class_7880
class_3982,class_7887
class_3983,class_7894
class_3984,class_7901
class_3985,class_7908
class_3986,class_7915
class_3987,class_7922
class_3988,class_7929
class_3989,class_7936
class_399,class_2806
class_3990,class_7943
class_3991,class_7950
class_3992,class_7957
class_3993,class_7964
class_3994,class_7971
class_3995,class_7978
class_3996,class_7985
class_3997,class_7992
class_3998,class_7999
class_3999,class_8006
class_4,class_41
class_40,class_293
class_400,class_2813
class_4000,class_8013
class_4001,class_8020
class_4002,class_8027
class_4003,class_8034
class_4004,class_8041
class_4005,class_8048
class_4006,class_8055
class_4007,class_8062
class_4008,class_8069
class_4009,class_8076
class_401,class_2820
class_4010,class_8083
class_4011,class_8090
class_4012,class_8097
class_4013,class_8104
class_4014,class_8111
class_4015,class_8118
class_4016,class_8125
class_4017,class_8132
class_4018,class_8139
class_4019,class_8146
class_402,class_2827
class_4020,class_8153
class_4021,class_8160
class_4022,class_8167
class_4023,class_8174
class_4024,class_8181
class_4025,class_8188
class_4026,class_8195
class_4027,class_8202
class_4028,class_8209
class_4029,class_8216
class_403,class_2834
class_4030,class_8223
class_4031,class_8230
class_4032,class_8237
class_4033,class_8244
class_4034,class_8251
class_4035,class_8258
class_4036,class_8265
class_4037,class_8272
class_4038,class_8279
class_4039,class_8286
class_404,class_2841
class_4040,class_8293
class_4041,class_8300
class_4042,class_8307
class_4043,class_8314
class_4044,class_8321
class_4045,class_8328
class_4046,class_8335
class_4047,class_8342
class_4048,class_8349
class_4049,class_8356
class_405,class_2848
class_4050,class_8363
class_4051,class_8370
class_4052,class_8377
class_4053,class_8384
class_4054,class_8391
class_4055,class_8398
class_4056,class_8405
class_4057,class_8412
class_4058,class_8419
class_4059,class_8426
class_406,class_2855
class_4060,class_8433
class_4061,class_8440
class_4062,class_8447
class_4063,class_8454
class_4064,class_8461
class_4065,class_8468
class_4066,class_8475
class_4067,class_8482
class_4068,class_8489
class_4069,class_8496
class_407,class_2862
class_4070,class_8503
class_4071,class_8510
class_4072,class_8517
class_4073,class_8524
class_4074,class_8531
class_4075,class_8538
class_4076,class_8545
class_4077,class_8552
class_4078,class_8559
class_4079,class_8566
class_408,class_2869
class_4080,class_8573
class_4081,class_8580
class_4082,class_8587
class_4083,class_8594
class_4084,class_8601
class_4085,class_8608
class_4086,class_8615
class_4087,class_8622
class_4088,class_8629
class_4089,class_8636
class_409,class_2876
class_4090,class_8643
class_4091,class_8650
class_4092,class_8657
class_4093,class_8664
class_4094,class_8671
class_4095,class_8678
class_4096,class_8685
class_4097,class_8692
class_4098,class_8699
class_4099,class_8706
class_41,class_300
class_410,class_2883
class_4100,class_8713
class_4101,class_8720
class_4102,class_8727
class_4103,class_8734
class_4104,class_8741
class_4105,class_8748
class_4106,class_8755
class_4107,class_8762
class_4108,class_8769
class_4109,class_8776
class_411,class_2890
class_4110,class_8783
class_4111,class_8790
class_4112,class_8797
class_4113,class_8804
class_4114,class_8811
class_4115,class_8818
class_4116,class_8825
class_4117,class_8832
class_4118,class_8839
class_4119,class_8846
class_412,class_2897
class_4120,class_8853
class_4121,class_8860
class_4122,class_8867
class_4123,class_8874
class_4124,class_8881
class_4125,class_8888
class_4126,class_8895
class_4127,class_8902
class_4128,class_8909
class_4129,class_8916
class_413,class_2904
class_4130,class_8923
class_4131,class_8930
class_4132,class_8937
class_4133,class_8944
class_4134,class_8951
class_4135,class_8958
class_4136,class_8965
class_4137,class_8972
class_4138,class_8979
class_4139,class_8986
class_414,class_2911
class_4140,class_8993
class_4141,class_9000
class_4142,class_9007
class_4143,class_9014
class_4144,class_9021
class_4145,class_9028
class_4146,class_9035
class_4147,class_9042
class_4148,class_9049
class_4149,class_9056
class_415,class_2918
class_4150,class_9063
class_4151,class_9070
class_4152,class_9077
class_4153,class_9084
class_4154,class_9091
class_4155,class_9098
class_4156,class_9105
class_4157,class_9112
class_4158,class_9119
class_4159,class_9126
class_416,class_2925
class_4160,class_9133
class_4161,class_9140
class_4162,class_9147
class_4163,class_9154
class_4164,class_9161
class_4165,class_9168
class_4166,class_9175
class_4167,class_9182
class_4168,class_9189
class_4169,class_9196
class_417,class_2932
class_4170,class_9203
class_4171,class_9210
class_4172,class_9217
class_4173,class_9224
class_4174,class_9231
class_4175,class_9238
class_4176,class_9245
class_4177,class_9252
class_4178,class_9259
class_4179,class_9266
class_418,class_2939
class_4180,class_9273
class_4181,class_9280
class_4182,class_9287
class_4183,class_9294
class_4184,class_9301
class_4185,class_9308
class_4186,class_9315
class_4187,class_9322
class_4188,class_9329
class_4189,class_9336
class_419,class_2946
class_4190,class_9343
class_4191,class_9350
class_4192,class_9357
class_4193,class_9364
class_4194,class_9371
class_4195,class_9378
class_4196,class_9385
class_4197,class_9392
class_4198,class_9399
class_4199,class_9406
class_42,class_307
class_420,class_2953
class_4200,class_9413
class_4201,class_9420
class_4202,class_9427
class_4203,class_9434
class_4204,class_9441
class_4205,class_9448
class_4206,class_9455
class_4207,class_9462
class_4208,class_9469
class_4209,class_9476
class_421,class_2960
class_4210,class_9483
class_4211,class_9490
class_4212,class_9497
class_4213,class_9504
class_4214,class_9511
class_4215,class_9518
class_4216,class_9525
class_4217,class_9532
class_4218,class_9539
class_4219,class_9546
class_422,class_2967
class_4220,class_9553
class_4221,class_9560
class_4222,class_9567
class_4223,class_9574
class_4224,class_9581
class_4225,class_9588
class_4226,class_9595
class_4227,class_9602
class_4228,class_9609
class_4229,class_9616
class_423,class_2974
class_4230,class_9623
class_4231,class_9630
class_4232,class_9637
class_4233,class_9644
class_4234,class_9651
class_4235,class_9658
class_4236,class_9665
class_4237,class_9672
class_4238,class_9679
class_4239,class_9686
class_424,class_2981
class_4240,class_9693
class_4241,class_9700
class_4242,class_9707
class_4243,class_9714
class_4244,class_9721
class_4245,class_9728
class_4246,class_9735
class_4247,class_9742
class_4248,class_9749
class_4249,class_9756
class_425,class_2988
class_4250,class_9763
class_4251,class_9770
class_4252,class_9777
class_4253,class_9784
class_4254,class_9791
class_4255,class_9798
class_4256,class_9805
class_4257,class_9812
class_4258,class_9819
class_4259,class_9826
class_426,class_2995
class_4260,class_9833
class_4261,class_9840
class_4262,class_9847
class_4263,class_9854
class_4264,class_9861
class_4265,class_9868
class_4266,class_9875
class_4267,class_9882
class_4268,class_9889
class_4269,class_9896
class_427,class_3002
class_4270,class_9903
class_4271,class_9910
class_4272,class_9917
class_4273,class_9924
class_4274,class_9931
class_4275,class_9938
class_4276,class_9945
class_4277,class_9952
class_4278,class_9959
class_4279,class_9966
class_428,class_3009
class_4280,class_9973
class_4281,class_9980
class_4282,class_9987
class_4283,class_9994
class_4284,class_10001
class_4285,class_10008
class_4286,class_10015
class_4287,class_10022
class_4288,class_10029
class_4289,class_10036
class_429,class_3016
class_4290,class_10043
class_4291,class_10050
class_4292,class_10057
class_4293,class_10064
class_4294,class_10071
class_4295,class_10078
class_4296,class_10085
class_4297,class_10092
class_4298,class_10099
class_4299,class_10106
class_43,class_314
class_430,class_3023
class_4300,class_10113
class_4301,class_10120
class_4302,class_10127
class_4303,class_10134
class_4304,class_10141
class_4305,class_10148
class_4306,class_10155
class_4307,class_10162
class_4308,class_10169
class_4309,class_10176
class_431,class_3030
class_4310,class_10183
class_4311,class_10190
class_4312,class_10197
class_4313,class_10204
class_4314,class_10211
class_4315,class_10218
class_4316,class_10225
class_4317,class_10232
class_4318,class_10239
class_4319,class_10246
class_432,class_3037
class_4320,class_10253
class_4321,class_10260
class_4322,class_10267
class_4323,class_10274
class_4324,class_10281
class_4325,class_10288
class_4326,class_10295
class_4327,class_10302
class_4328,class_10309
class_4329,class_10316
class_433,class_3044
class_4330,class_10323
class_4331,class_10330
class_4332,class_10337
class_4333,class_10344
class_4334,class_10351
class_4335,class_10358
class_4336,class_10365
class_4337,class_10372
class_4338,class_10379
class_4339,class_10386
class_434,class_3051
class_4340,class_10393
class_4341,class_10400
class_4342,class_10407
class_4343,class_10414
class_4344,class_10421
class_4345,class_10428
class_4346,class_10435
class_4347,class_10442
class_4348,class_10449
class_4349,class_10456
class_435,class_3058
class_4350,class_10463
class_4351,class_10470
class_4352,class_10477
class_4353,class_10484
class_4354,class_10491
class_4355,class_10498
class_4356,class_10505
class_4357,class_10512
class_4358,class_10519
class_4359,class_10526
class_436,class_3065
class_4360,class_10533
class_4361,class_10540
class_4362,class_10547
class_4363,class_10554
class_4364,class_10561
class_4365,class_10568
class_4366,class_10575
class_4367,class_10582
class_4368,class_10589
class_4369,class_10596
class_437,class_3072
class_4370,class_10603
class_4371,class_10610
class_4372,class_10617
class_4373,class_10624
class_4374,class_10631
class_4375,class_10638
class_4376,class_10645
class_4377,class_10652
class_4378,class_10659
class_4379,class_10666
class_438,class_3079
class_4380,class_10673
class_4381,class_10680
class_4382,class_10687
class_4383,class_10694
class_4384,class_10701
class_4385,class_10708
class_4386,class_10715
class_4387,class_10722
class_4388,class_10729
class_4389,class_10736
class_439,class_3086
class_4390,class_10743
class_4391,class_10750
class_4392,class_10757
class_4393,class_10764
class_4394,class_10771
class_4395,class_10778
class_4396,class_10785
class_4397,class_10792
class_4398,class_10799
class_4399,class_10806
class_44,class_321
class_440,class_3093
class_4400,class_10813
class_4401,class_10820
class_4402,class_10827
class_4403,class_10834
class_4404,class_10841
class_4405,class_10848
class_4406,class_10855
class_4407,class_10862
class_4408,class_10869
class_4409,class_10876
class_441,class_3100
class_4410,class_10883
class_4411,class_10890
class_4412,class_10897
class_4413,class_10904
class_4414,class_10911
class_4415,class_10918
class_4416,class_10925
class_4417,class_10932
class_4418,class_10939
class_4419,class_10946
class_442,class_3107
class_4420,class_10953
class_4421,class_10960
class_4422,class_10967
class_4423,class_10974
class_4424,class_10981
class_4425,class_10988
class_4426,class_10995
class_4427,class_11002
class_4428,class_11009
class_4429,class_11016
class_443,class_3114
class_4430,class_11023
class_4431,class_11030
class_4432,class_11037
class_4433,class_11044
class_4434,class_11051
class_4435,class_11058
class_4436,class_11065
class_4437,class_11072
class_4438,class_11079
class_4439,class_11086
class_444,class_3121
class_4440,class_11093
class_4441,class_11100
class_4442,class_11107
class_4443,class_11114
class_4444,class_11121
class_4445,class_11128
class_4446,class_11135
class_4447,class_11142
class_4448,class_11149
class_4449,class_11156
class_445,class_3128
class_4450,class_11163
class_4451,class_11170
class_4452,class_11177
class_4453,class_11184
class_4454,class_11191
class_4455,class_11198
class_4456,class_11205
class_4457,class_11212
class_4458,class_11219
class_4459,class_11226
class_446,class_3135
class_4460,class_11233
class_4461,class_11240
class_4462,class_11247
class_4463,class_11254
class_4464,class_11261
class_4465,class_11268
class_4466,class_11275
class_4467,class_11282
class_4468,class_11289
class_4469,class_11296
class_447,class_3142
class_4470,class_11303
class_4471,class_11310
class_4472,class_11317
class_4473,class_11324
class_4474,class_11331
class_4475,class_11338
class_4476,class_11345
class_4477,class_11352
class_4478,class_11359
class_4479,class_11366
class_448,class_3149
class_4480,class_11373
class_4481,class_11380
class_4482,class_11387
class_4483,class_11394
class_4484,class_11401
class_4485,class_11408
class_4486,class_11415
class_4487,class_11422
class_4488,class_11429
class_4489,class_11436
class_449,class_3156
class_4490,class_11443
class_4491,class_11450
class_4492,class_11457
class_4493,class_11464
class_4494,class_11471
class_4495,class_11478
class_4496,class_11485
class_4497,class_11492
class_4498,class_11499
class_4499,class_11506
class_45,class_328
class_450,class_3163
class_4500,class_11513
class_4501,class_11520
class_4502,class_11527
class_4503,class_11534
class_4504,class_11541
class_4505,class_11548
class_4506,class_11555
class_4507,class_11562
class_4508,class_11569
class_4509,class_11576
class_451,class_3170
class_4510,class_11583
class_4511,class_11590
class_4512,class_11597
class_4513,class_11604
class_4514,class_11611
class_4515,class_11618
class_4516,class_11625
class_4517,class_11632
class_4518,class_11639
class_4519,class_11646
class_452,class_3177
class_4520,class_11653
class_4521,class_11660
class_4522,class_11667
class_4523,class_11674
class_4524,class_11681
class_4525,class_11688
class_4526,class_11695
class_4527,class_11702
class_4528,class_11709
class_4529,class_11716
class_453,class_3184
class_4530,class_11723
class_4531,class_11730
class_4532,class_11737
class_4533,class_11744
class_4534,class_11751
class_4535,class_11758
class_4536,class_11765
class_4537,class_11772
class_4538,class_11779
class_4539,class_11786
class_454,class_3191
class_4540,class_11793
class_4541,class_11800
class_4542,class_11807
class_4543,class_11814
class_4544,class_11821
class_4545,class_11828
class_4546,class_11835
class_4547,class_11842
class_4548,class_11849
class_4549,class_11856
class_455,class_3198
class_4550,class_11863
class_4551,class_11870
class_4552,class_11877
class_4553,class_11884
class_4554,class_11891
class_4555,class_11898
class_4556,class_11905
class_4557,class_11912
class_4558,class_11919
class_4559,class_11926
class_456,class_3205
class_4560,class_11933
class_4561,class_11940
class_4562,class_11947
class_4563,class_11954
class_4564,class_11961
class_4565,class_11968
class_4566,class_11975
class_4567,class_11982
class_4568,class_11989
class_4569,class_11996
class_457,class_3212
class_4570,class_12003
class_4571,class_12010
class_4572,class_12017
class_4573,class_12024
class_4574,class_12031
class_4575,class_12038
class_4576,class_12045
class_4577,class_12052
class_4578,class_12059
class_4579,class_12066
class_458,class_3219
class_4580,class_12073
class_4581,class_12080
class_4582,class_12087
class_4583,class_12094
class_4584,class_12101
class_4585,class_12108
class_4586,class_12115
class_4587,class_12122
class_4588,class_12129
class_4589,class_12136
class_459,class_3226
class_4590,class_12143
class_4591,class_12150
class_4592,class_12157
class_4593,class_12164
class_4594,class_12171
class_4595,class_12178
class_4596,class_12185
class_4597,class_12192
class_4598,class_12199
class_4599,class_12206
class_46,class_335
class_460,class_3233
class_4600,class_12213
class_4601,class_12220
class_4602,class_12227
class_4603,class_12234
class_4604,class_12241
class_4605,class_12248
class_4606,class_12255
class_4607,class_12262
class_4608,class_12269
class_4609,class_12276
class_461,class_3240
class_4610,class_12283
class_4611,class_12290
class_4612,class_12297
class_4613,class_12304
class_4614,class_12311
class_4615,class_12318
class_4616,class_12325
class_4617,class_12332
class_4618,class_12339
class_4619,class_12346
class_462,class_3247
class_4620,class_12353
class_4621,class_12360
class_4622,class_12367
class_4623,class_12374
class_4624,class_12381
class_4625,class_12388
class_4626,class_12395
class_4627,class_12402
class_4628,class_12409
class_4629,class_12416
class_463,class_3254
class_4630,class_12423
class_4631,class_12430
class_4632,class_12437
class_4633,class_12444
class_4634,class_12451
class_4635,class_12458
class_4636,class_12465
class_4637,class_12472
class_4638,class_12479
class_4639,class_12486
class_464,class_3261
class_4640,class_12493
class_4641,class_12500
class_4642,class_12507
class_4643,class_12514
class_4644,class_12521
class_4645,class_12528
class_4646,class_12535
class_4647,class_12542
class_4648,class_12549
class_4649,class_12556
class_465,class_3268
class_4650,class_12563
class_4651,class_12570
class_4652,class_12577
class_4653,class_12584
class_4654,class_12591
class_4655,class_12598
class_4656,class_12605
class_4657,class_12612
class_4658,class_12619
class_4659,class_12626
class_466,class_3275
class_4660,class_12633
class_4661,class_12640
class_4662,class_12647
class_4663,class_12654
class_4664,class_12661
class_4665,class_12668
class_4666,class_12675
class_4667,class_12682
class_4668,class_12689
class_4669,class_12696
class_467,class_3282
class_4670,class_12703
class_4671,class_12710
class_4672,class_12717
class_4673,class_12724
class_4674,class_12731
class_4675,class_12738
class_4676,class_12745
class_4677,class_12752
class_4678,class_12759
class_4679,class_12766
class_468,class_3289
class_4680,class_12773
class_4681,class_12780
class_4682,class_12787
class_4683,class_12794
class_4684,class_12801
class_4685,class_12808
class_4686,class_12815
class_4687,class_12822
class_4688,class_12829
class_4689,class_12836
class_469,class_3296
class_4690,class_12843
class_4691,class_12850
class_4692,class_12857
class_4693,class_12864
class_4694,class_12871
class_4695,class_12878
class_4696,class_12885
class_4697,class_12892
class_4698,class_12899
class_4699,class_12906
class_47,class_342
class_470,class_3303
class_4700,class_12913
class_4701,class_12920
class_4702,class_12927
class_4703,class_12934
class_4704,class_12941
class_4705,class_12948
class_4706,class_12955
class_4707,class_12962
class_4708,class_12969
class_4709,class_12976
class_471,class_3310
class_4710,class_12983
class_4711,class_12990
class_4712,class_12997
class_4713,class_13004
class_4714,class_13011
class_4715,class_13018
class_4716,class_13025
class_4717,class_13032
class_4718,class_13039
class_4719,class_13046
class_472,class_3317
class_4720,class_13053
class_4721,class_13060
class_4722,class_13067
class_4723,class_13074
class_4724,class_13081
class_4725,class_13088
class_4726,class_13095
class_4727,class_13102
class_4728,class_13109
class_4729,class_13116
class_473,class_3324
class_4730,class_13123
class_4731,class_13130
class_4732,class_13137
class_4733,class_13144
class_4734,class_13151
class_4735,class_13158
class_4736,class_13165
class_4737,class_13172
class_4738,class_13179
class_4739,class_13186
class_474,class_3331
class_4740,class_13193
class_4741,class_13200
class_4742,class_13207
class_4743,class_13214
class_4744,class_13221
class_4745,class_13228
class_4746,class_13235
class_4747,class_13242
class_4748,class_13249
class_4749,class_13256
class_475,class_3338
class_4750,class_13263
class_4751,class_13270
class_4752,class_13277
class_4753,class_13284
class_4754,class_13291
class_4755,class_13298
class_4756,class_13305
class_4757,class_13312
class_4758,class_13319
class_4759,class_13326
class_476,class_3345
class_4760,class_13333
class_4761,class_13340
class_4762,class_13347
class_4763,class_13354
class_4764,class_13361
class_4765,class_13368
class_4766,class_13375
class_4767,class_13382
class_4768,class_13389
class_4769,class_13396
class_477,class_3352
class_4770,class_13403
class_4771,class_13410
class_4772,class_13417
class_4773,class_13424
class_4774,class_13431
class_4775,class_13438
class_4776,class_13445
class_4777,class_13452
class_4778,class_13459
class_4779,class_13466
class_478,class_3359
class_4780,class_13473
class_4781,class_13480
class_4782,class_13487
class_4783,class_13494
class_4784,class_13501
class_4785,class_13508
class_4786,class_13515
class_4787,class_13522
class_4788,class_13529
class_4789,class_13536
class_479,class_3366
class_4790,class_13543
class_4791,class_13550
class_4792,class_13557
class_4793,class_13564
class_4794,class_13571
class_4795,class_13578
class_4796,class_13585
class_4797,class_13592
class_4798,class_13599
class_4799,class_13606
class_48,class_349
class_480,class_3373
class_4800,class_13613
class_4801,class_13620
class_4802,class_13627
class_4803,class_13634
class_4804,class_13641
class_4805,class_13648
class_4806,class_13655
class_4807,class_13662
class_4808,class_13669
class_4809,class_13676
class_481,class_3380
class_4810,class_13683
class_4811,class_13690
class_4812,class_13697
class_4813,class_13704
class_4814,class_13711
class_4815,class_13718
class_4816,class_13725
class_4817,class_13732
class_4818,class_13739
class_4819,class_13746
class_482,class_3387
class_4820,class_13753
class_4821,class_13760
class_4822,class_13767
class_4823,class_13774
class_4824,class_13781
class_4825,class_13788
class_4826,class_13795
class_4827,class_13802
class_4828,class_13809
class_4829,class_13816
class_483,class_3394
class_4830,class_13823
class_4831,class_13830
class_4832,class_13837
class_4833,class_13844
class_4834,class_13851
class_4835,class_13858
class_4836,class_13865
class_4837,class_13872
class_4838,class_13879
class_4839,class_13886
class_484,class_3401
class_4840,class_13893
class_4841,class_13900
class_4842,class_13907
class_4843,class_13914
class_4844,class_13921
class_4845,class_13928
class_4846,class_13935
class_4847,class_13942
class_4848,class_13949
class_4849,class_13956
class_485,class_3408
class_4850,class_13963
class_4851,class_13970
class_4852,class_13977
class_4853,class_13984
class_4854,class_13991
class_4855,class_13998
class_4856,class_14005
class_4857,class_14012
class_4858,class_14019
class_4859,class_14026
class_486,class_3415
class_4860,class_14033
class_4861,class_14040
class_4862,class_14047
class_4863,class_14054
class_4864,class_14061
class_4865,class_14068
class_4866,class_14075
class_4867,class_14082
class_4868,class_14089
class_4869,class_14096
class_487,class_3422
class_4870,class_14103
class_4871,class_14110
class_4872,class_14117
class_4873,class_14124
class_4874,class_14131
class_4875,class_14138
class_4876,class_14145
class_4877,class_14152
class_4878,class_14159
class_4879,class_14166
class_488,class_3429
class_4880,class_14173
class_4881,class_14180
class_4882,class_14187
class_4883,class_14194
class_4884,class_14201
class_4885,class_14208
class_4886,class_14215
class_4887,class_14222
class_4888,class_14229
class_4889,class_14236
class_489,class_3436
class_4890,class_14243
class_4891,class_14250
class_4892,class_14257
class_4893,class_14264
class_4894,class_14271
class_4895,class_14278
class_4896,class_14285
class_4897,class_14292
class_4898,class_14299
class_4899,class_14306
class_49,class_356
class_490,class_3443
class_4900,class_14313
class_4901,class_14320
class_4902,class_14327
class_4903,class_14334
class_4904,class_14341
class_4905,class_14348
class_4906,class_14355
class_4907,class_14362
class_4908,class_14369
class_4909,class_14376
class_491,class_3450
class_4910,class_14383
class_4911,class_14390
class_4912,class_14397
class_4913,class_14404
class_4914,class_14411
class_4915,class_14418
class_4916,class_14425
class_4917,class_14432
class_4918,class_14439
class_4919,class_14446
class_492,class_3457
class_4920,class_14453
class_4921,class_14460
class_4922,class_14467
class_4923,class_14474
class_4924,class_14481
class_4925,class_14488
class_4926,class_14495
class_4927,class_14502
class_4928,class_14509
class_4929,class_14516
class_493,class_3464
class_4930,class_14523
class_4931,class_14530
class_4932,class_14537
class_4933,class_14544
class_4934,class_14551
class_4935,class_14558
class_4936,class_14565
class_4937,class_14572
class_4938,class_14579
class_4939,class_14586
class_494,class_3471
class_4940,class_14593
class_4941,class_14600
class_4942,class_14607
class_4943,class_14614
class_4944,class_14621
class_4945,class_14628
class_4946,class_14635
class_4947,class_14642
class_4948,class_14649
class_4949,class_14656
class_495,class_3478
class_4950,class_14663
class_4951,class_14670
class_4952,class_14677
class_4953,class_14684
class_4954,class_14691
class_4955,class_14698
class_4956,class_14705
class_4957,class_14712
class_4958,class_14719
class_4959,class_14726
class_496,class_3485
class_4960,class_14733
class_4961,class_14740
class_4962,class_14747
class_4963,class_14754
class_4964,class_14761
class_4965,class_14768
class_4966,class_14775
class_4967,class_14782
class_4968,class_14789
class_4969,class_14796
class_497,class_3492
class_4970,class_14803
class_4971,class_14810
class_4972,class_14817
class_4973,class_14824
class_4974,class_14831
class_4975,class_14838
class_4976,class_14845
class_4977,class_14852
class_4978,class_14859
class_4979,class_14866
class_498,class_3499
class_4980,class_14873
class_4981,class_14880
class_4982,class_14887
class_4983,class_14894
class_4984,class_14901
class_4985,class_14908
class_4986,class_14915
class_4987,class_14922
class_4988,class_14929
class_4989,class_14936
class_499,class_3506
class_4990,class_14943
class_4991,class_14950
class_4992,class_14957
class_4993,class_14964
class_4994,class_14971
class_4995,class_14978
class_4996,class_14985
class_4997,class_14992
class_4998,class_14999
class_4999,class_15006
class_5,class_48
class_50,class_363
class_500,class_3513
class_5000,class_15013
class_5001,class_15020
class_5002,class_15027
class_5003,class_15034
class_5004,class_15041
class_5005,class_15048
class_5006,class_15055
class_5007,class_15062
class_5008,class_15069
class_5009,class_15076
class_501,class_3520
class_5010,class_15083
class_5011,class_15090
class_5012,class_15097
class_5013,class_15104
class_5014,class_15111
class_5015,class_15118
class_5016,class_15125
class_5017,class_15132
class_5018,class_15139
class_5019,class_15146
class_502,class_3527
class_5020,class_15153
class_5021,class_15160
class_5022,class_15167
class_5023,class_15174
class_5024,class_15181
class_5025,class_15188
class_5026,class_15195
class_5027,class_15202
class_5028,class_15209
class_5029,class_15216
class_503,class_3534
class_5030,class_15223
class_5031,class_15230
class_5032,class_15237
class_5033,class_15244
class_5034,class_15251
class_5035,class_15258
class_5036,class_15265
class_5037,class_15272
class_5038,class_15279
class_5039,class_15286
class_504,class_3541
class_5040,class_15293
class_5041,class_15300
class_5042,class_15307
class_5043,class_15314
class_5044,class_15321
class_5045,class_15328
class_5046,class_15335
class_5047,class_15342
class_5048,class_15349
class_5049,class_15356
class_505,class_3548
class_5050,class_15363
class_5051,class_15370
class_5052,class_15377
class_5053,class_15384
class_5054,class_15391
class_5055,class_15398
class_5056,class_15405
class_5057,class_15412
class_5058,class_15419
class_5059,class_15426
class_506,class_3555
class_5060,class_15433
class_5061,class_15440
class_5062,class_15447
class_5063,class_15454
class_5064,class_15461
class_5065,class_15468
class_5066,class_15475
class_5067,class_15482
class_5068,class_15489
class_5069,class_15496
class_507,class_3562
class_5070,class_15503
class_5071,class_15510
class_5072,class_15517
class_5073,class_15524
class_5074,class_15531
class_5075,class_15538
class_5076,class_15545
class_5077,class_15552
class_5078,class_15559
class_5079,class_15566
class_508,class_3569
class_5080,class_15573
class_5081,class_15580
class_5082,class_15587
class_5083,class_15594
class_5084,class_15601
class_5085,class_15608
class_5086,class_15615
class_5087,class_15622
class_5088,class_15629
class_5089,class_15636
class_509,class_3576
class_5090,class_15643
class_5091,class_15650
class_5092,class_15657
class_5093,class_15664
class_5094,class_15671
class_5095,class_15678
class_5096,class_15685
class_5097,class_15692
class_5098,class_15699
class_5099,class_15706
class_51,class_370
class_510,class_3583
class_5100,class_15713
class_5101,class_15720
class_5102,class_15727
class_5103,class_15734
class_5104,class_15741
class_5105,class_15748
class_5106,class_15755
class_5107,class_15762
class_5108,class_15769
class_5109,class_15776
class_511,class_3590
class_5110,class_15783
class_5111,class_15790
class_5112,class_15797
class_5113,class_15804
class_5114,class_15811
class_5115,class_15818
class_5116,class_15825
class_5117,class_15832
class_5118,class_15839
class_5119,class_15846
class_512,class_3597
class_5120,class_15853
class_5121,class_15860
class_5122,class_15867
class_5123,class_15874
class_5124,class_15881
class_5125,class_15888
class_5126,class_15895
class_5127,class_15902
class_5128,class_15909
class_5129,class_15916
class_513,class_3604
class_5130,class_15923
class_5131,class_15930
class_5132,class_15937
class_5133,class_15944
class_5134,class_15951
class_5135,class_15958
class_5136,class_15965
class_5137,class_15972
class_5138,class_15979
class_5139,class_15986
class_514,class_3611
class_5140,class_15993
class_5141,class_16000
class_5142,class_16007
class_5143,class_16014
class_5144,class_16021
class_5145,class_16028
class_5146,class_16035
class_5147,class_16042
class_5148,class_16049
class_5149,class_16056
class_515,class_3618
class_5150,class_16063
class_5151,class_16070
class_5152,class_16077
class_5153,class_16084
class_5154,class_16091
class_5155,class_16098
class_5156,class_16105
class_5157,class_16112
class_5158,class_16119
class_5159,class_16126
class_516,class_3625
class_5160,class_16133
class_5161,class_16140
class_5162,class_16147
class_5163,class_16154
class_5164,class_16161
class_5165,class_16168
class_5166,class_16175
class_5167,class_16182
class_5168,class_16189
class_5169,class_16196
class_517,class_3632
class_5170,class_16203
class_5171,class_16210
class_5172,class_16217
class_5173,class_16224
class_5174,class_16231
class_5175,class_16238
class_5176,class_16245
class_5177,class_16252
class_5178,class_16259
class_5179,class_16266
class_518,class_3639
class_5180,class_16273
class_5181,class_16280
class_5182,class_16287
class_5183,class_16294
class_5184,class_16301
class_5185,class_16308
class_5186,class_16315
class_5187,class_16322
class_5188,class_16329
class_5189,class_16336
class_519,class_3646
class_5190,class_16343
class_5191,class_16350
class_5192,class_16357
class_5193,class_16364
class_5194,class_16371
class_5195,class_16378
class_5196,class_16385
class_5197,class_16392
class_5198,class_16399
class_5199,class_16406
class_52,class_377
class_520,class_3653
class_5200,class_16413
class_5201,class_16420
class_5202,class_16427
class_5203,class_16434
class_5204,class_16441
class_5205,class_16448
class_5206,class_16455
class_5207,class_16462
class_5208,class_16469
class_5209,class_16476
class_521,class_3660
class_5210,class_16483
class_5211,class_16490
class_5212,class_16497
class_5213,class_16504
class_5214,class_16511
class_5215,class_16518
class_5216,class_16525
class_5217,class_16532
class_5218,class_16539
class_5219,class_16546
class_522,class_3667
class_5220,class_16553
class_5221,class_16560
class_5222,class_16567
class_5223,class_16574
class_5224,class_16581
class_5225,class_16588
class_5226,class_16595
class_5227,class_16602
class_5228,class_16609
class_5229,class_16616
class_523,class_3674
class_5230,class_16623
class_5231,class_16630
class_5232,class_16637
class_5233,class_16644
class_5234,class_16651
class_5235,class_16658
class_5236,class_16665
class_5237,class_16672
class_5238,class_16679
class_5239,class_16686
class_524,class_3681
class_5240,class_16693
class_5241,class_16700
class_5242,class_16707
class_5243,class_16714
class_5244,class_16721
class_5245,class_16728
class_5246,class_16735
class_5247,class_16742
class_5248,class_16749
class_5249,class_16756
class_525,class_3688
class_5250,class_16763
class_5251,class_16770
class_5252,class_16777
class_5253,class_16784
class_5254,class_16791
class_5255,class_16798
class_5256,class_16805
class_5257,class_16812
class_5258,class_16819
class_5259,class_16826
class_526,class_3695
class_5260,class_16833
class_5261,class_16840
class_5262,class_16847
class_5263,class_16854
class_5264,class_16861
class_5265,class_16868
class_5266,class_16875
class_5267,class_16882
class_5268,class_16889
class_5269,class_16896
class_527,class_3702
class_5270,class_16903
class_5271,class_16910
class_5272,class_16917
class_5273,class_16924
class_5274,class_16931
class_5275,class_16938
class_5276,class_16945
class_5277,class_16952
class_5278,class_16959
class_5279,class_16966
class_528,class_3709
class_5280,class_16973
class_5281,class_16980
class_5282,class_16987
class_5283,class_16994
class_5284,class_17001
class_5285,class_17008
class_5286,class_17015
class_5287,class_17022
class_5288,class_17029
class_5289,class_17036
class_529,class_3716
class_5290,class_17043
class_5291,class_17050
class_5292,class_17057
class_5293,class_17064
class_5294,class_17071
class_5295,class_17078
class_5296,class_17085
class_5297,class_17092
class_5298,class_17099
class_5299,class_17106
class_53,class_384
class_530,class_3723
class_5300,class_17113
class_5301,class_17120
class_5302,class_17127
class_5303,class_17134
class_5304,class_17141
class_5305,class_17148
class_5306,class_17155
class_5307,class_17162
class_5308,class_17169
class_5309,class_17176
class_531,class_3730
class_5310,class_17183
class_5311,class_17190
class_5312,class_17197
class_5313,class_17204
class_5314,class_17211
class_5315,class_17218
class_5316,class_17225
class_5317,class_17232
class_5318,class_17239
class_5319,class_17246
class_532,class_3737
class_5320,class_17253
class_5321,class_17260
class_5322,class_17267
class_5323,class_17274
class_5324,class_17281
class_5325,class_17288
class_5326,class_17295
class_5327,class_17302
class_5328,class_17309
class_5329,class_17316
class_533,class_3744
class_5330,class_17323
class_5331,class_17330
class_5332,class_17337
class_5333,class_17344
class_5334,class_17351
class_5335,class_17358
class_5336,class_17365
class_5337,class_17372
class_5338,class_17379
class_5339,class_17386
class_534,class_3751
class_5340,class_17393
class_5341,class_17400
class_5342,class_17407
class_5343,class_17414
class_5344,class_17421
class_5345,class_17428
class_5346,class_17435
class_5347,class_17442
class_5348,class_17449
class_5349,class_17456
class_535,class_3758
class_5350,class_17463
class_5351,class_17470
class_5352,class_17477
class_5353,class_17484
class_5354,class_17491
class_5355,class_17498
class_5356,class_17505
class_5357,class_17512
class_5358,class_17519
class_5359,class_17526
class_536,class_3765
class_5360,class_17533
class_5361,class_17540
class_5362,class_17547
class_5363,class_17554
class_5364,class_17561
class_5365,class_17568
class_5366,class_17575
class_5367,class_17582
class_5368,class_17589
class_5369,class_17596
class_537,class_3772
class_5370,class_17603
class_5371,class_17610
class_5372,class_17617
class_5373,class_17624
class_5374,class_17631
class_5375,class_17638
class_5376,class_17645
class_5377,class_17652
class_5378,class_17659
class_5379,class_17666
class_538,class_3779
class_5380,class_17673
class_5381,class_17680
class_5382,class_17687
class_5383,class_17694
class_5384,class_17701
class_5385,class_17708
class_5386,class_17715
class_5387,class_17722
class_5388,class_17729
class_5389,class_17736
class_539,class_3786
class_5390,class_17743
class_5391,class_17750
class_5392,class_17757
class_5393,class_17764
class_5394,class_17771
class_5395,class_17778
class_5396,class_17785
class_5397,class_17792
class_5398,class_17799
class_5399,class_17806
class_54,class_391
class_540,class_3793
class_5400,class_17813
class_5401,class_17820
class_5402,class_17827
class_5403,class_17834
class_5404,class_17841
class_5405,class_17848
class_5406,class_17855
class_5407,class_17862
class_5408,class_17869
class_5409,class_17876
class_541,class_3800
class_5410,class_17883
class_5411,class_17890
class_5412,class_17897
class_5413,class_17904
class_5414,class_17911
class_5415,class_17918
class_5416,class_17925
class_5417,class_17932
class_5418,class_17939
class_5419,class_17946
class_542,class_3807
class_5420,class_17953
class_5421,class_17960
class_5422,class_17967
class_5423,class_17974
class_5424,class_17981
class_5425,class_17988
class_5426,class_17995
class_5427,class_18002
class_5428,class_18009
class_5429,class_18016
class_543,class_3814
class_5430,class_18023
class_5431,class_18030
class_5432,class_18037
class_5433,class_18044
class_5434,class_18051
class_5435,class_18058
class_5436,class_18065
class_5437,class_18072
class_5438,class_18079
class_5439,class_18086
class_544,class_3821
class_5440,class_18093
class_5441,class_18100
class_5442,class_18107
class_5443,class_18114
class_5444,class_18121
class_5445,class_18128
class_5446,class_18135
class_5447,class_18142
class_5448,class_18149
class_5449,class_18156
class_545,class_3828
class_5450,class_18163
class_5451,class_18170
class_5452,class_18177
class_5453,class_18184
class_5454,class_18191
class_5455,class_18198
class_5456,class_18205
class_5457,class_18212
class_5458,class_18219
class_5459,class_18226
class_546,class_3835
class_5460,class_18233
class_5461,class_18240
class_5462,class_18247
class_5463,class_18254
class_5464,class_18261
class_5465,class_18268
class_5466,class_18275
class_5467,class_18282
class_5468,class_18289
class_5469,class_18296
class_547,class_3842
class_5470,class_18303
class_5471,class_18310
class_5472,class_18317
class_5473,class_18324
class_5474,class_18331
class_5475,class_18338
class_5476,class_18345
class_5477,class_18352
class_5478,class_18359
class_5479,class_18366
class_548,class_3849
class_5480,class_18373
class_5481,class_18380
class_5482,class_18387
class_5483,class_18394
class_5484,class_18401
class_5485,class_18408
class_5486,class_18415
class_5487,class_18422
class_5488,class_18429
class_5489,class_18436
class_549,class_3856
class_5490,class_18443
class_5491,class_18450
class_5492,class_18457
class_5493,class_18464
class_5494,class_18471
class_5495,class_18478
class_5496,class_18485
class_5497,class_18492
class_5498,class_18499
class_5499,class_18506
class_55,class_398
class_550,class_3863
class_5500,class_18513
class_5501,class_18520
class_5502,class_18527
class_5503,class_18534
class_5504,class_18541
class_5505,class_18548
class_5506,class_18555
class_5507,class_18562
class_5508,class_18569
class_5509,class_18576
class_551,class_3870
class_5510,class_18583
class_5511,class_18590
class_5512,class_18597
class_5513,class_18604
class_5514,class_18611
class_5515,class_18618
class_5516,class_18625
class_5517,class_18632
class_5518,class_18639
class_5519,class_18646
class_552,class_3877
class_5520,class_18653
class_5521,class_18660
class_5522,class_18667
class_5523,class_18674
class_5524,class_18681
class_5525,class_18688
class_5526,class_18695
class_5527,class_18702
class_5528,class_18709
class_5529,class_18716
class_553,class_3884
class_5530,class_18723
class_5531,class_18730
class_5532,class_18737
class_5533,class_18744
class_5534,class_18751
class_5535,class_18758
class_5536,class_18765
class_5537,class_18772
class_5538,class_18779
class_5539,class_18786
class_554,class_3891
class_5540,class_18793
class_5541,class_18800
class_5542,class_18807
class_5543,class_18814
class_5544,class_18821
class_5545,class_18828
class_5546,class_18835
class_5547,class_18842
class_5548,class_18849
class_5549,class_18856
class_555,class_3898
class_5550,class_18863
class_5551,class_18870
class_5552,class_18877
class_5553,class_18884
class_5554,class_18891
class_5555,class_18898
class_5556,class_18905
class_5557,class_18912
class_5558,class_18919
class_5559,class_18926
class_556,class_3905
class_5560,class_18933
class_5561,class_18940
class_5562,class_18947
class_5563,class_18954
class_5564,class_18961
class_5565,class_18968
class_5566,class_18975
class_5567,class_18982
class_5568,class_18989
class_5569,class_18996
class_557,class_3912
class_5570,class_19003
class_5571,class_19010
class_5572,class_19017
class_5573,class_19024
class_5574,class_19031
class_5575,class_19038
class_5576,class_19045
class_5577,class_19052
class_5578,class_19059
class_5579,class_19066
class_558,class_3919
class_5580,class_19073
class_5581,class_19080
class_5582,class_19087
class_5583,class_19094
class_5584,class_19101
class_5585,class_19108
class_5586,class_19115
class_5587,class_19122
class_5588,class_19129
class_5589,class_19136
class_559,class_3926
class_5590,class_19143
class_5591,class_19150
class_5592,class_19157
class_5593,class_19164
class_5594,class_19171
class_5595,class_19178
class_5596,class_19185
class_5597,class_19192
class_5598,class_19199
class_5599,class_19206
class_56,class_405
class_560,class_3933
class_5600,class_19213
class_5601,class_19220
class_5602,class_19227
class_5603,class_19234
class_5604,class_19241
class_5605,class_19248
class_5606,class_19255
class_5607,class_19262
class_5608,class_19269
class_5609,class_19276
class_561,class_3940
class_5610,class_19283
class_5611,class_19290
class_5612,class_19297
class_5613,class_19304
class_5614,class_19311
class_5615,class_19318
class_5616,class_19325
class_5617,class_19332
class_5618,class_19339
class_5619,class_19346
class_562,class_3947
class_5620,class_19353
class_5621,class_19360
class_5622,class_19367
class_5623,class_19374
class_5624,class_19381
class_5625,class_19388
class_5626,class_19395
class_5627,class_19402
class_5628,class_19409
class_5629,class_19416
class_563,class_3954
class_5630,class_19423
class_5631,class_19430
class_5632,class_19437
class_5633,class_19444
class_5634,class_19451
class_5635,class_19458
class_5636,class_19465
class_5637,class_19472
class_5638,class_19479
class_5639,class_19486
class_564,class_3961
class_5640,class_19493
class_5641,class_19500
class_5642,class_19507
class_5643,class_19514
class_5644,class_19521
class_5645,class_19528
class_5646,class_19535
class_5647,class_19542
class_5648,class_19549
class_5649,class_19556
class_565,class_3968
class_5650,class_19563
class_5651,class_19570
class_5652,class_19577
class_5653,class_19584
class_5654,class_19591
class_5655,class_19598
class_5656,class_19605
class_5657,class_19612
class_5658,class_19619
class_5659,class_19626
class_566,class_3975
class_5660,class_19633
class_5661,class_19640
class_5662,class_19647
class_5663,class_19654
class_5664,class_19661
class_5665,class_19668
class_5666,class_19675
class_5667,class_19682
class_5668,class_19689
class_5669,class_19696
class_567,class_3982
class_5670,class_19703
class_5671,class_19710
class_5672,class_19717
class_5673,class_19724
class_5674,class_19731
class_5675,class_19738
class_5676,class_19745
class_5677,class_19752
class_5678,class_19759
class_5679,class_19766
class_568,class_3989
class_5680,class_19773
class_5681,class_19780
class_5682,class_19787
class_5683,class_19794
class_5684,class_19801
class_5685,class_19808
class_5686,class_19815
class_5687,class_19822
class_5688,class_19829
class_5689,class_19836
class_569,class_3996
class_5690,class_19843
class_5691,class_19850
class_5692,class_19857
class_5693,class_19864
class_5694,class_19871
class_5695,class_19878
class_5696,class_19885
class_5697,class_19892
class_5698,class_19899
class_5699,class_19906
class_57,class_412
class_570,class_4003
class_5700,class_19913
class_5701,class_19920
class_5702,class_19927
class_5703,class_19934
class_5704,class_19941
class_5705,class_19948
class_5706,class_19955
class_5707,class_19962
class_5708,class_19969
class_5709,class_19976
class_571,class_4010
class_5710,class_19983
class_5711,class_19990
class_5712,class_19997
class_5713,class_4
class_5714,class_11
class_5715,class_18
class_5716,class_25
class_5717,class_32
class_5718,class_39
class_5719,class_46
class_572,class_4017
class_5720,class_53
class_5721,class_60
class_5722,class_67
class_5723,class_74
class_5724,class_81
class_5725,class_88
class_5726,class_95
class_5727,class_102
class_5728,class_109
class_5729,class_116
class_573,class_4024
class_5730,class_123
class_5731,class_130
class_5732,class_137
class_5733,class_144
class_5734,class_151
class_5735,class_158
class_5736,class_165
class_5737,class_172
class_5738,class_179
class_5739,class_186
class_574,class_4031
class_5740,class_193
class_5741,class_200
class_5742,class_207
class_5743,class_214
class_5744,class_221
class_5745,class_228
class_5746,class_235
class_5747,class_242
class_5748,class_249
class_5749,class_256
class_575,class_4038
class_5750,class_263
class_5751,class_270
class_5752,class_277
class_5753,class_284
class_5754,class_291
class_5755,class_298
class_5756,class_305
class_5757,class_312
class_5758,class_319
class_5759,class_326
class_576,class_4045
class_5760,class_333
class_5761,class_340
class_5762,class_347
class_5763,class_354
class_5764,class_361
class_5765,class_368
class_5766,class_375
class_5767,class_382
class_5768,class_389
class_5769,class_396
class_577,class_4052
class_5770,class_403
class_5771,class_410
class_5772,class_417
class_5773,class_424
class_5774,class_431
class_5775,class_438
class_5776,class_445
class_5777,class_452
class_5778,class_459
class_5779,class_466
class_578,class_4059
class_5780,class_473
class_5781,class_480
class_5782,class_487
class_5783,class_494
class_5784,class_501
class_5785,class_508
class_5786,class_515
class_5787,class_522
class_5788,class_529
class_5789,class_536
class_579,class_4066
class_5790,class_543
class_5791,class_550
class_5792,class_557
class_5793,class_564
class_5794,class_571
class_5795,class_578
class_5796,class_585
class_5797,class_592
class_5798,class_599
class_5799,class_606
class_58,class_419
class_580,class_4073
class_5800,class_613
class_5801,class_620
class_5802,class_627
class_5803,class_634
class_5804,class_641
class_5805,class_648
class_5806,class_655
class_5807,class_662
class_5808,class_669
class_5809,class_676
class_581,class_4080
class_5810,class_683
class_5811,class_690
class_5812,class_697
class_5813,class_704
class_5814,class_711
class_5815,class_718
class_5816,class_725
class_5817,class_732
class_5818,class_739
class_5819,class_746
class_582,class_4087
class_5820,class_753
class_5821,class_760
class_5822,class_767
class_5823,class_774
class_5824,class_781
class_5825,class_788
class_5826,class_795
class_5827,class_802
class_5828,class_809
class_5829,class_816
class_583,class_4094
class_5830,class_823
class_5831,class_830
class_5832,class_837
class_5833,class_844
class_5834,class_851
class_5835,class_858
class_5836,class_865
class_5837,class_872
class_5838,class_879
class_5839,class_886
class_584,class_4101
class_5840,class_893
class_5841,class_900
class_5842,class_907
class_5843,class_914
class_5844,class_921
class_5845,class_928
class_5846,class_935
class_5847,class_942
class_5848,class_949
class_5849,class_956
class_585,class_4108
class_5850,class_963
class_5851,class_970
class_5852,class_977
class_5853,class_984
class_5854,class_991
class_5855,class_998
class_5856,class_1005
class_5857,class_1012
class_5858,class_1019
class_5859,class_1026
class_586,class_4115
class_5860,class_1033
class_5861,class_1040
class_5862,class_1047
class_5863,class_1054
class_5864,class_1061
class_5865,class_1068
class_5866,class_1075
class_5867,class_1082
class_5868,class_1089
class_5869,class_1096
class_587,class_4122
class_5870,class_1103
class_5871,class_1110
class_5872,class_1117
class_5873,class_1124
class_5874,class_1131
class_5875,class_1138
class_5876,class_1145
class_5877,class_1152
class_5878,class_1159
class_5879,class_1166
class_588,class_4129
class_5880,class_1173
class_5881,class_1180
class_5882,class_1187
class_5883,class_1194
class_5884,class_1201
class_5885,class_1208
class_5886,class_1215
class_5887,class_1222
class_5888,class_1229
class_5889,class_1236
class_589,class_4136
class_5890,class_1243
class_5891,class_1250
class_5892,class_1257
class_5893,class_1264
class_5894,class_1271
class_5895,class_1278
class_5896,class_1285
class_5897,class_1292
class_5898,class_1299
class_5899,class_1306
class_59,class_426
class_590,class_4143
class_5900,class_1313
class_5901,class_1320
class_5902,class_1327
class_5903,class_1334
class_5904,class_1341
class_5905,class_1348
class_5906,class_1355
class_5907,class_1362
class_5908,class_1369
class_5909,class_1376
class_591,class_4150
class_5910,class_1383
class_5911,class_1390
class_5912,class_1397
class_5913,class_1404
class_5914,class_1411
class_5915,class_1418
class_5916,class_1425
class_5917,class_1432
class_5918,class_1439
class_5919,class_1446
class_592,class_4157
class_5920,class_1453
class_5921,class_1460
class_5922,class_1467
class_5923,class_1474
class_5924,class_1481
class_5925,class_1488
class_5926,class_1495
class_5927,class_1502
class_5928,class_1509
class_5929,class_1516
class_593,class_4164
class_5930,class_1523
class_5931,class_1530
class_5932,class_1537
class_5933,class_1544
class_5934,class_1551
class_5935,class_1558
class_5936,class_1565
class_5937,class_1572
class_5938,class_1579
class_5939,class_1586
class_594,class_4171
class_5940,class_1593
class_5941,class_1600
class_5942,class_1607
class_5943,class_1614
class_5944,class_1621
class_5945,class_1628
class_5946,class_1635
class_5947,class_1642
class_5948,class_1649
class_5949,class_1656
class_595,class_4178
class_5950,class_1663
class_5951,class_1670
class_5952,class_1677
class_5953,class_1684
class_5954,class_1691
class_5955,class_1698
class_5956,class_1705
class_5957,class_1712
class_5958,class_1719
class_5959,class_1726
class_596,class_4185
class_5960,class_1733
class_5961,class_1740
class_5962,class_1747
class_5963,class_1754
class_5964,class_1761
class_5965,class_1768
class_5966,class_1775
class_5967,class_1782
class_5968,class_1789
class_5969,class_1796
class_597,class_4192
class_5970,class_1803
class_5971,class_1810
class_5972,class_1817
class_5973,class_1824
class_5974,class_1831
class_5975,class_1838
class_5976,class_1845
class_5977,class_1852
class_5978,class_1859
class_5979,class_1866
class_598,class_4199
class_5980,class_1873
class_5981,class_1880
class_5982,class_1887
class_5983,class_1894
class_5984,class_1901
class_5985,class_1908
class_5986,class_1915
class_5987,class_1922
class_5988,class_1929
class_5989,class_1936
class_599,class_4206
class_5990,class_1943
class_5991,class_1950
class_5992,class_1957
class_5993,class_1964
class_5994,class_1971
class_5995,class_1978
class_5996,class_1985
class_5997,class_1992
class_5998,class_1999
class_5999,class_2006
class_6,class_55
class_60,class_433
class_600,class_4213
class_6000,class_2013
class_6001,class_2020
class_6002,class_2027
class_6003,class_2034
class_6004,class_2041
class_6005,class_2048
class_6006,class_2055
class_6007,class_2062
class_6008,class_2069
class_6009,class_2076
class_601,class_4220
class_6010,class_2083
class_6011,class_2090
class_6012,class_2097
class_6013,class_2104
class_6014,class_2111
class_6015,class_2118
class_6016,class_2125
class_6017,class_2132
class_6018,class_2139
class_6019,class_2146
class_602,class_4227
class_6020,class_2153
class_6021,class_2160
class_6022,class_2167
class_6023,class_2174
class_6024,class_2181
class_6025,class_2188
class_6026,class_2195
class_6027,class_2202
class_6028,class_2209
class_6029,class_2216
class_603,class_4234
class_6030,class_2223
class_6031,class_2230
class_6032,class_2237
class_6033,class_2244
class_6034,class_2251
class_6035,class_2258
class_6036,class_2265
class_6037,class_2272
class_6038,class_2279
class_6039,class_2286
class_604,class_4241
class_6040,class_2293
class_6041,class_2300
class_6042,class_2307
class_6043,class_2314
class_6044,class_2321
class_6045,class_2328
class_6046,class_2335
class_6047,class_2342
class_6048,class_2349
class_6049,class_2356
class_605,class_4248
class_6050,class_2363
class_6051,class_2370
class_6052,class_2377
class_6053,class_2384
class_6054,class_2391
class_6055,class_2398
class_6056,class_2405
class_6057,class_2412
class_6058,class_2419
class_6059,class_2426
class_606,class_4255
class_6060,class_2433
class_6061,class_2440
class_6062,class_2447
class_6063,class_2454
class_6064,class_2461
class_6065,class_2468
class_6066,class_2475
class_6067,class_2482
class_6068,class_2489
class_6069,class_2496
class_607,class_4262
class_6070,class_2503
class_6071,class_2510
class_6072,class_2517
class_6073,class_2524
class_6074,class_2531
class_6075,class_2538
class_6076,class_2545
class_6077,class_2552
class_6078,class_2559
class_6079,class_2566
class_608,class_4269
class_6080,class_2573
class_6081,class_2580
class_6082,class_2587
class_6083,class_2594
class_6084,class_2601
class_6085,class_2608
class_6086,class_2615
class_6087,class_2622
class_6088,class_2629
class_6089,class_2636
class_609,class_4276
class_6090,class_2643
class_6091,class_2650
class_6092,class_2657
class_6093,class_2664
class_6094,class_2671
class_6095,class_2678
class_6096,class_2685
class_6097,class_2692
class_6098,class_2699
class_6099,class_2706
class_61,class_440
class_610,class_4283
class_6100,class_2713
class_6101,class_2720
class_6102,class_2727
class_6103,class_2734
class_6104,class_2741
class_6105,class_2748
class_6106,class_2755
class_6107,class_2762
class_6108,class_2769
class_6109,class_2776
class_611,class_4290
class_6110,class_2783
class_6111,class_2790
class_6112,class_2797
class_6113,class_2804
class_6114,class_2811
class_6115,class_2818
class_6116,class_2825
class_6117,class_2832
class_6118,class_2839
class_6119,class_2846
class_612,class_4297
class_6120,class_2853
class_6121,class_2860
class_6122,class_2867
class_6123,class_2874
class_6124,class_2881
class_6125,class_2888
class_6126,class_2895
class_6127,class_2902
class_6128,class_2909
class_6129,class_2916
class_613,class_4304
class_6130,class_2923
class_6131,class_2930
class_6132,class_2937
class_6133,class_2944
class_6134,class_2951
class_6135,class_2958
class_6136,class_2965
class_6137,class_2972
class_6138,class_2979
class_6139,class_2986
class_614,class_4311
class_6140,class_2993
class_6141,class_3000
class_6142,class_3007
class_6143,class_3014
class_6144,class_3021
class_6145,class_3028
class_6146,class_3035
class_6147,class_3042
class_6148,class_3049
class_6149,class_3056
class_615,class_4318
class_6150,class_3063
class_6151,class_3070
class_6152,class_3077
class_6153,class_3084
class_6154,class_3091
class_6155,class_3098
class_6156,class_3105
class_6157,class_3112
class_6158,class_3119
class_6159,class_3126
class_616,class_4325
class_6160,class_3133
class_6161,class_3140
class_6162,class_3147
class_6163,class_3154
class_6164,class_3161
class_6165,class_3168
class_6166,class_3175
class_6167,class_3182
class_6168,class_3189
class_6169,class_3196
class_617,class_4332
class_6170,class_3203
class_6171,class_3210
class_6172,class_3217
class_6173,class_3224
class_6174,class_3231
class_6175,class_3238
class_6176,class_3245
class_6177,class_3252
class_6178,class_3259
class_6179,class_3266
class_618,class_4339
class_6180,class_3273
class_6181,class_3280
class_6182,class_3287
class_6183,class_3294
class_6184,class_3301
class_6185,class_3308
class_6186,class_3315
class_6187,class_3322
class_6188,class_3329
class_6189,class_3336
class_619,class_4346
class_6190,class_3343
class_6191,class_3350
class_6192,class_3357
class_6193,class_3364
class_6194,class_3371
class_6195,class_3378
class_6196,class_3385
class_6197,class_3392
class_6198,class_3399
class_6199,class_3406
class_62,class_447
class_620,class_4353
class_6200,class_3413
class_6201,class_3420
class_6202,class_3427
class_6203,class_3434
class_6204,class_3441
class_6205,class_3448
class_6206,class_3455
class_6207,class_3462
class_6208,class_3469
class_6209,class_3476
class_621,class_4360
class_6210,class_3483
class_6211,class_3490
class_6212,class_3497
class_6213,class_3504
class_6214,class_3511
class_6215,class_3518
class_6216,class_3525
class_6217,class_3532
class_6218,class_3539
class_6219,class_3546
class_622,class_4367
class_6220,class_3553
class_6221,class_3560
class_6222,class_3567
class_6223,class_3574
class_6224,class_3581
class_6225,class_3588
class_6226,class_3595
class_6227,class_3602
class_6228,class_3609
class_6229,class_3616
class_623,class_4374
class_6230,class_3623
class_6231,class_3630
class_6232,class_3637
class_6233,class_3644
class_6234,class_3651
class_6235,class_3658
class_6236,class_3665
class_6237,class_3672
class_6238,class_3679
class_6239,class_3686
class_624,class_4381
class_6240,class_3693
class_6241,class_3700
class_6242,class_3707
class_6243,class_3714
class_6244,class_3721
class_6245,class_3728
class_6246,class_3735
class_6247,class_3742
class_6248,class_3749
class_6249,class_3756
class_625,class_4388
class_6250,class_3763
class_6251,class_3770
class_6252,class_3777
class_6253,class_3784
class_6254,class_3791
class_6255,class_3798
class_6256,class_3805
class_6257,class_3812
class_6258,class_3819
class_6259,class_3826
class_626,class_4395
class_6260,class_3833
class_6261,class_3840
class_6262,class_3847
class_6263,class_3854
class_6264,class_3861
class_6265,class_3868
class_6266,class_3875
class_6267,class_3882
class_6268,class_3889
class_6269,class_3896
class_627,class_4402
class_6270,class_3903
class_6271,class_3910
class_6272,class_3917
class_6273,class_3924
class_6274,class_3931
class_6275,class_3938
class_6276,class_3945
class_6277,class_3952
class_6278,class_3959
class_6279,class_3966
class_628,class_4409
class_6280,class_3973
class_6281,class_3980
class_6282,class_3987
class_6283,class_3994
class_6284,class_4001
class_6285,class_4008
class_6286,class_4015
class_6287,class_4022
class_6288,class_4029
class_6289,class_4036
class_629,class_4416
class_6290,class_4043
class_6291,class_4050
class_6292,class_4057
class_6293,class_4064
class_6294,class_4071
class_6295,class_4078
class_6296,class_4085
class_6297,class_4092
class_6298,class_4099
class_6299,class_4106
class_63,class_454
class_630,class_4423
class_6300,class_4113
class_6301,class_4120
class_6302,class_4127
class_6303,class_4134
class_6304,class_4141
class_6305,class_4148
class_6306,class_4155
class_6307,class_4162
class_6308,class_4169
class_6309,class_4176
class_631,class_4430
class_6310,class_4183
class_6311,class_4190
class_6312,class_4197
class_6313,class_4204
class_6314,class_4211
class_6315,class_4218
class_6316,class_4225
class_6317,class_4232
class_6318,class_4239
class_6319,class_4246
class_632,class_4437
class_6320,class_4253
class_6321,class_4260
class_6322,class_4267
class_6323,class_4274
class_6324,class_4281
class_6325,class_4288
class_6326,class_4295
class_6327,class_4302
class_6328,class_4309
class_6329,class_4316
class_633,class_4444
class_6330,class_4323
class_6331,class_4330
class_6332,class_4337
class_6333,class_4344
class_6334,class_4351
class_6335,class_4358
class_6336,class_4365
class_6337,class_4372
class_6338,class_4379
class_6339,class_4386
class_634,class_4451
class_6340,class_4393
class_6341,class_4400
class_6342,class_4407
class_6343,class_4414
class_6344,class_4421
class_6345,class_4428
class_6346,class_4435
class_6347,class_4442
class_6348,class_4449
class_6349,class_4456
class_635,class_4458
class_6350,class_4463
class_6351,class_4470
class_6352,class_4477
class_6353,class_4484
class_6354,class_4491
class_6355,class_4498
class_6356,class_4505
class_6357,class_4512
class_6358,class_4519
class_6359,class_4526
class_636,class_4465
class_6360,class_4533
class_6361,class_4540
class_6362,class_4547
class_6363,class_4554
class_6364,class_4561
class_6365,class_4568
class_6366,class_4575
class_6367,class_4582
class_6368,class_4589
class_6369,class_4596
class_637,class_4472
class_6370,class_4603
class_6371,class_4610
class_6372,class_4617
class_6373,class_4624
class_6374,class_4631
class_6375,class_4638
class_6376,class_4645
class_6377,class_4652
class_6378,class_4659
class_6379,class_4666
class_638,class_4479
class_6380,class_4673
class_6381,class_4680
class_6382,class_4687
class_6383,class_4694
class_6384,class_4701
class_6385,class_4708
class_6386,class_4715
class_6387,class_4722
class_6388,class_4729
class_6389,class_4736
class_639,class_4486
class_6390,class_4743
class_6391,class_4750
class_6392,class_4757
class_6393,class_4764
class_6394,class_4771
class_6395,class_4778
class_6396,class_4785
class_6397,class_4792
class_6398,class_4799
class_6399,class_4806
class_64,class_461
class_640,class_4493
class_6400,class_4813
class_6401,class_4820
class_6402,class_4827
class_6403,class_4834
class_6404,class_4841
class_6405,class_4848
class_6406,class_4855
class_6407,class_4862
class_6408,class_4869
class_6409,class_4876
class_641,class_4500
class_6410,class_4883
class_6411,class_4890
class_6412,class_4897
class_6413,class_4904
class_6414,class_4911
class_6415,class_4918
class_6416,class_4925
class_6417,class_4932
class_6418,class_4939
class_6419,class_4946
class_642,class_4507
class_6420,class_4953
class_6421,class_4960
class_6422,class_4967
class_6423,class_4974
class_6424,class_4981
class_6425,class_4988
class_6426,class_4995
class_6427,class_5002
class_6428,class_5009
class_6429,class_5016
class_643,class_4514
class_6430,class_5023
class_6431,class_5030
class_6432,class_5037
class_6433,class_5044
class_6434,class_5051
class_6435,class_5058
class_6436,class_5065
class_6437,class_5072
class_6438,class_5079
class_6439,class_5086
class_644,class_4521
class_6440,class_5093
class_6441,class_5100
class_6442,class_5107
class_6443,class_5114
class_6444,class_5121
class_6445,class_5128
class_6446,class_5135
class_6447,class_5142
class_6448,class_5149
class_6449,class_5156
class_645,class_4528
class_6450,class_5163
class_6451,class_5170
class_6452,class_5177
class_6453,class_5184
class_6454,class_5191
class_6455,class_5198
class_6456,class_5205
class_6457,class_5212
class_6458,class_5219
class_6459,class_5226
class_646,class_4535
class_6460,class_5233
class_6461,class_5240
class_6462,class_5247
class_6463,class_5254
class_6464,class_5261
class_6465,class_5268
class_6466,class_5275
class_6467,class_5282
class_6468,class_5289
class_6469,class_5296
class_647,class_4542
class_6470,class_5303
class_6471,class_5310
class_6472,class_5317
class_6473,class_5324
class_6474,class_5331
class_6475,class_5338
class_6476,class_5345
class_6477,class_5352
class_6478,class_5359
class_6479,class_5366
class_648,class_4549
class_6480,class_5373
class_6481,class_5380
class_6482,class_5387
class_6483,class_5394
class_6484,class_5401
class_6485,class_5408
class_6486,class_5415
class_6487,class_5422
class_6488,class_5429
class_6489,class_5436
class_649,class_4556
class_6490,class_5443
class_6491,class_5450
class_6492,class_5457
class_6493,class_5464
class_6494,class_5471
class_6495,class_5478
class_6496,class_5485
class_6497,class_5492
class_6498,class_5499
class_6499,class_5506
class_65,class_468
class_650,class_4563
class_6500,class_5513
class_6501,class_5520
class_6502,class_5527
class_6503,class_5534
class_6504,class_5541
class_6505,class_5548
class_6506,class_5555
class_6507,class_5562
class_6508,class_5569
class_6509,class_5576
class_651,class_4570
class_6510,class_5583
class_6511,class_5590
class_6512,class_5597
class_6513,class_5604
class_6514,class_5611
class_6515,class_5618
class_6516,class_5625
class_6517,class_5632
class_6518,class_5639
class_6519,class_5646
class_652,class_4577
class_6520,class_5653
class_6521,class_5660
class_6522,class_5667
class_6523,class_5674
class_6524,class_5681
class_6525,class_5688
class_6526,class_5695
class_6527,class_5702
class_6528,class_5709
class_6529,class_5716
class_653,class_4584
class_6530,class_5723
class_6531,class_5730
class_6532,class_5737
class_6533,class_5744
class_6534,class_5751
class_6535,class_5758
class_6536,class_5765
class_6537,class_5772
class_6538,class_5779
class_6539,class_5786
class_654,class_4591
class_6540,class_5793
class_6541,class_5800
class_6542,class_5807
class_6543,class_5814
class_6544,class_5821
class_6545,class_5828
class_6546,class_5835
class_6547,class_5842
class_6548,class_5849
class_6549,class_5856
class_655,class_4598
class_6550,class_5863
class_6551,class_5870
class_6552,class_5877
class_6553,class_5884
class_6554,class_5891
class_6555,class_5898
class_6556,class_5905
class_6557,class_5912
class_6558,class_5919
class_6559,class_5926
class_656,class_4605
class_6560,class_5933
class_6561,class_5940
class_6562,class_5947
class_6563,class_5954
class_6564,class_5961
class_6565,class_5968
class_6566,class_5975
class_6567,class_5982
class_6568,class_5989
class_6569,class_5996
class_657,class_4612
class_6570,class_6003
class_6571,class_6010
class_6572,class_6017
class_6573,class_6024
class_6574,class_6031
class_6575,class_6038
class_6576,class_6045
class_6577,class_6052
class_6578,class_6059
class_6579,class_6066
class_658,class_4619
class_6580,class_6073
class_6581,class_6080
class_6582,class_6087
class_6583,class_6094
class_6584,class_6101
class_6585,class_6108
class_6586,class_6115
class_6587,class_6122
class_6588,class_6129
class_6589,class_6136
class_659,class_4626
class_6590,class_6143
class_6591,class_6150
class_6592,class_6157
class_6593,class_6164
class_6594,class_6171
class_6595,class_6178
class_6596,class_6185
class_6597,class_6192
class_6598,class_6199
class_6599,class_6206
class_66,class_475
class_660,class_4633
class_6600,class_6213
class_6601,class_6220
class_6602,class_6227
class_6603,class_6234
class_6604,class_6241
class_6605,class_6248
class_6606,class_6255
class_6607,class_6262
class_6608,class_6269
class_6609,class_6276
class_661,class_4640
class_6610,class_6283
class_6611,class_6290
class_6612,class_6297
class_6613,class_6304
class_6614,class_6311
class_6615,class_6318
class_6616,class_6325
class_6617,class_6332
class_6618,class_6339
class_6619,class_6346
class_662,class_4647
class_6620,class_6353
class_6621,class_6360
class_6622,class_6367
class_6623,class_6374
class_6624,class_6381
class_6625,class_6388
class_6626,class_6395
class_6627,class_6402
class_6628,class_6409
class_6629,class_6416
class_663,class_4654
class_6630,class_6423
class_6631,class_6430
class_6632,class_6437
class_6633,class_6444
class_6634,class_6451
class_6635,class_6458
class_6636,class_6465
class_6637,class_6472
class_6638,class_6479
class_6639,class_6486
class_664,class_4661
class_6640,class_6493
class_6641,class_6500
class_6642,class_6507
class_6643,class_6514
class_6644,class_6521
class_6645,class_6528
class_6646,class_6535
class_6647,class_6542
class_6648,class_6549
class_6649,class_6556
class_665,class_4668
class_6650,class_6563
class_6651,class_6570
class_6652,class_6577
class_6653,class_6584
class_6654,class_6591
class_6655,class_6598
class_6656,class_6605
class_6657,class_6612
class_6658,class_6619
class_6659,class_6626
class_666,class_4675
class_6660,class_6633
class_6661,class_6640
class_6662,class_6647
class_6663,class_6654
class_6664,class_6661
class_6665,class_6668
class_6666,class_6675
class_6667,class_6682
class_6668,class_6689
class_6669,class_6696
class_667,class_4682
class_6670,class_6703
class_6671,class_6710
class_6672,class_6717
class_6673,class_6724
class_6674,class_6731
class_6675,class_6738
class_6676,class_6745
class_6677,class_6752
class_6678,class_6759
class_6679,class_6766
class_668,class_4689
class_6680,class_6773
class_6681,class_6780
class_6682,class_6787
class_6683,class_6794
class_6684,class_6801
class_6685,class_6808
class_6686,class_6815
class_6687,class_6822
class_6688,class_6829
class_6689,class_6836
class_669,class_4696
class_6690,class_6843
class_6691,class_6850
class_6692,class_6857
class_6693,class_6864
class_6694,class_6871
class_6695,class_6878
class_6696,class_6885
class_6697,class_6892
class_6698,class_6899
class_6699,class_6906
class_67,class_482
class_670,class_4703
class_6700,class_6913
class_6701,class_6920
class_6702,class_6927
class_6703,class_6934
class_6704,class_6941
class_6705,class_6948
class_6706,class_6955
class_6707,class_6962
class_6708,class_6969
class_6709,class_6976
class_671,class_4710
class_6710,class_6983
class_6711,class_6990
class_6712,class_6997
class_6713,class_7004
class_6714,class_7011
class_6715,class_7018
class_6716,class_7025
class_6717,class_7032
class_6718,class_7039
class_6719,class_7046
class_672,class_4717
class_6720,class_7053
class_6721,class_7060
class_6722,class_7067
class_6723,class_7074
class_6724,class_7081
class_6725,class_7088
class_6726,class_7095
class_6727,class_7102
class_6728,class_7109
class_6729,class_7116
class_673,class_4724
class_6730,class_7123
class_6731,class_7130
class_6732,class_7137
class_6733,class_7144
class_6734,class_7151
class_6735,class_7158
class_6736,class_7165
class_6737,class_7172
class_6738,class_7179
class_6739,class_7186
class_674,class_4731
class_6740,class_7193
class_6741,class_7200
class_6742,class_7207
class_6743,class_7214
class_6744,class_7221
class_6745,class_7228
class_6746,class_7235
class_6747,class_7242
class_6748,class_7249
class_6749,class_7256
class_675,class_4738
class_6750,class_7263
class_6751,class_7270
class_6752,class_7277
class_6753,class_7284
class_6754,class_7291
class_6755,class_7298
class_6756,class_7305
class_6757,class_7312
class_6758,class_7319
class_6759,class_7326
class_676,class_4745
class_6760,class_7333
class_6761,class_7340
class_6762,class_7347
class_6763,class_7354
class_6764,class_7361
class_6765,class_7368
class_6766,class_7375
class_6767,class_7382
class_6768,class_7389
class_6769,class_7396
class_677,class_4752
class_6770,class_7403
class_6771,class_7410
class_6772,class_7417
class_6773,class_7424
class_6774,class_7431
class_6775,class_7438
class_6776,class_7445
class_6777,class_7452
class_6778,class_7459
class_6779,class_7466
class_678,class_4759
class_6780,class_7473
class_6781,class_7480
class_6782,class_7487
class_6783,class_7494
class_6784,class_7501
class_6785,class_7508
class_6786,class_7515
class_6787,class_7522
class_6788,class_7529
class_6789,class_7536
class_679,class_4766
class_6790,class_7543
class_6791,class_7550
class_6792,class_7557
class_6793,class_7564
class_6794,class_7571
class_6795,class_7578
class_6796,class_7585
class_6797,class_7592
class_6798,class_7599
class_6799,class_7606
class_68,class_489
class_680,class_4773
class_6800,class_7613
class_6801,class_7620
class_6802,class_7627
class_6803,class_7634
class_6804,class_7641
class_6805,class_7648
class_6806,class_7655
class_6807,class_7662
class_6808,class_7669
class_6809,class_7676
class_681,class_4780
class_6810,class_7683
class_6811,class_7690
class_6812,class_7697
class_6813,class_7704
class_6814,class_7711
class_6815,class_7718
class_6816,class_7725
class_6817,class_7732
class_6818,class_7739
class_6819,class_7746
class_682,class_4787
class_6820,class_7753
class_6821,class_7760
class_6822,class_7767
class_6823,class_7774
class_6824,class_7781
class_6825,class_7788
class_6826,class_7795
class_6827,class_7802
class_6828,class_7809
class_6829,class_7816
class_683,class_4794
class_6830,class_7823
class_6831,class_7830
class_6832,class_7837
class_6833,class_7844
class_6834,class_7851
class_6835,class_7858
class_6836,class_7865
class_6837,class_7872
class_6838,class_7879
class_6839,class_7886
class_684,class_4801
class_6840,class_7893
class_6841,class_7900
class_6842,class_7907
class_6843,class_7914
class_6844,class_7921
class_6845,class_7928
class_6846,class_7935
class_6847,class_7942
class_6848,class_7949
class_6849,class_7956
class_685,class_4808
class_6850,class_7963
class_6851,class_7970
class_6852,class_7977
class_6853,class_7984
class_6854,class_7991
class_6855,class_7998
class_6856,class_8005
class_6857,class_8012
class_6858,class_8019
class_6859,class_8026
class_686,class_4815
class_6860,class_8033
class_6861,class_8040
class_6862,class_8047
class_6863,class_8054
class_6864,class_8061
class_6865,class_8068
class_6866,class_8075
class_6867,class_8082
class_6868,class_8089
class_6869,class_8096
class_687,class_4822
class_6870,class_8103
class_6871,class_8110
class_6872,class_8117
class_6873,class_8124
class_6874,class_8131
class_6875,class_8138
class_6876,class_8145
class_6877,class_8152
class_6878,class_8159
class_6879,class_8166
class_688,class_4829
class_6880,class_8173
class_6881,class_8180
class_6882,class_8187
class_6883,class_8194
class_6884,class_8201
class_6885,class_8208
class_6886,class_8215
class_6887,class_8222
class_6888,class_8229
class_6889,class_8236
class_689,class_4836
class_6890,class_8243
class_6891,class_8250
class_6892,class_8257
class_6893,class_8264
class_6894,class_8271
class_6895,class_8278
class_6896,class_8285
class_6897,class_8292
class_6898,class_8299
class_6899,class_8306
class_69,class_496
class_690,class_4843
class_6900,class_8313
class_6901,class_8320
class_6902,class_8327
class_6903,class_8334
class_6904,class_8341
class_6905,class_8348
class_6906,class_8355
class_6907,class_8362
class_6908,class_8369
class_6909,class_8376
class_691,class_4850
class_6910,class_8383
class_6911,class_8390
class_6912,class_8397
class_6913,class_8404
class_6914,class_8411
class_6915,class_8418
class_6916,class_8425
class_6917,class_8432
class_6918,class_8439
class_6919,class_8446
class_692,class_4857
class_6920,class_8453
class_6921,class_8460
class_6922,class_8467
class_6923,class_8474
class_6924,class_8481
class_6925,class_8488
class_6926,class_8495
class_6927,class_8502
class_6928,class_8509
class_6929,class_8516
class_693,class_4864
class_6930,class_8523
class_6931,class_8530
class_6932,class_8537
class_6933,class_8544
class_6934,class_8551
class_6935,class_8558
class_6936,class_8565
class_6937,class_8572
class_6938,class_8579
class_6939,class_8586
class_694,class_4871
class_6940,class_8593
class_6941,class_8600
class_6942,class_8607
class_6943,class_8614
class_6944,class_8621
class_6945,class_8628
class_6946,class_8635
class_6947,class_8642
class_6948,class_8649
class_6949,class_8656
class_695,class_4878
class_6950,class_8663
class_6951,class_8670
class_6952,class_8677
class_6953,class_8684
class_6954,class_8691
class_6955,class_8698
class_6956,class_8705
class_6957,class_8712
class_6958,class_8719
class_6959,class_8726
class_696,class_4885
class_6960,class_8733
class_6961,class_8740
class_6962,class_8747
class_6963,class_8754
class_6964,class_8761
class_6965,class_8768
class_6966,class_8775
class_6967,class_8782
class_6968,class_8789
class_6969,class_8796
class_697,class_4892
class_6970,class_8803
class_6971,class_8810
class_6972,class_8817
class_6973,class_8824
class_6974,class_8831
class_6975,class_8838
class_6976,class_8845
class_6977,class_8852
class_6978,class_8859
class_6979,class_8866
class_698,class_4899
class_6980,class_8873
class_6981,class_8880
class_6982,class_8887
class_6983,class_8894
class_6984,class_8901
class_6985,class_8908
class_6986,class_8915
class_6987,class_8922
class_6988,class_8929
class_6989,class_8936
class_699,class_4906
class_6990,class_8943
class_6991,class_8950
class_6992,class_8957
class_6993,class_8964
class_6994,class_8971
class_6995,class_8978
class_6996,class_8985
class_6997,class_8992
class_6998,class_8999
class_6999,class_9006
class_7,class_62
class_70,class_503
class_700,class_4913
class_7000,class_9013
class_7001,class_9020
class_7002,class_9027
class_7003,class_9034
class_7004,class_9041
class_7005,class_9048
class_7006,class_9055
class_7007,class_9062
class_7008,class_9069
class_7009,class_9076
class_701,class_4920
class_7010,class_9083
class_7011,class_9090
class_7012,class_9097
class_7013,class_9104
class_7014,class_9111
class_7015,class_9118
class_7016,class_9125
class_7017,class_9132
class_7018,class_9139
class_7019,class_9146
class_702,class_4927
class_7020,class_9153
class_7021,class_9160
class_7022,class_9167
class_7023,class_9174
class_7024,class_9181
class_7025,class_9188
class_7026,class_9195
class_7027,class_9202
class_7028,class_9209
class_7029,class_9216
class_703,class_4934
class_7030,class_9223
class_7031,class_9230
class_7032,class_9237
class_7033,class_9244
class_7034,class_9251
class_7035,class_9258
class_7036,class_9265
class_7037,class_9272
class_7038,class_9279
class_7039,class_9286
class_704,class_4941
class_7040,class_9293
class_7041,class_9300
class_7042,class_9307
class_7043,class_9314
class_7044,class_9321
class_7045,class_9328
class_7046,class_9335
class_7047,class_9342
class_7048,class_9349
class_7049,class_9356
class_705,class_4948
class_7050,class_9363
class_7051,class_9370
class_7052,class_9377
class_7053,class_9384
class_7054,class_9391
class_7055,class_9398
class_7056,class_9405
class_7057,class_9412
class_7058,class_9419
class_7059,class_9426
class_706,class_4955
class_7060,class_9433
class_7061,class_9440
class_7062,class_9447
class_7063,class_9454
class_7064,class_9461
class_7065,class_9468
class_7066,class_9475
class_7067,class_9482
class_7068,class_9489
class_7069,class_9496
class_707,class_4962
class_7070,class_9503
class_7071,class_9510
class_7072,class_9517
class_7073,class_9524
class_7074,class_9531
class_7075,class_9538
class_7076,class_9545
class_7077,class_9552
class_7078,class_9559
class_7079,class_9566
class_708,class_4969
class_7080,class_9573
class_7081,class_9580
class_7082,class_9587
class_7083,class_9594
class_7084,class_9601
class_7085,class_9608
class_7086,class_9615
class_7087,class_9622
class_7088,class_9629
class_7089,class_9636
class_709,class_4976
class_7090,class_9643
class_7091,class_9650
class_7092,class_9657
class_7093,class_9664
class_7094,class_9671
class_7095,class_9678
class_7096,class_9685
class_7097,class_9692
class_7098,class_9699
class_7099,class_9706
class_71,class_510
class_710,class_4983
class_7100,class_9713
class_7101,class_9720
class_7102,class_9727
class_7103,class_9734
class_7104,class_9741
class_7105,class_9748
class_7106,class_9755
class_7107,class_9762
class_7108,class_9769
class_7109,class_9776
class_711,class_4990
class_7110,class_9783
class_7111,class_9790
class_7112,class_9797
class_7113,class_9804
class_7114,class_9811
class_7115,class_9818
class_7116,class_9825
class_7117,class_9832
class_7118,class_9839
class_7119,class_9846
class_712,class_4997
class_7120,class_9853
class_7121,class_9860
class_7122,class_9867
class_7123,class_9874
class_7124,class_9881
class_7125,class_9888
class_7126,class_9895
class_7127,class_9902
class_7128,class_9909
class_7129,class_9916
class_713,class_5004
class_7130,class_9923
class_7131,class_9930
class_7132,class_9937
class_7133,class_9944
class_7134,class_9951
class_7135,class_9958
class_7136,class_9965
class_7137,class_9972
class_7138,class_9979
class_7139,class_9986
class_714,class_5011
class_7140,class_9993
class_7141,class_10000
class_7142,class_10007
class_7143,class_10014
class_7144,class_10021
class_7145,class_10028
class_7146,class_10035
class_7147,class_10042
class_7148,class_10049
class_7149,class_10056
class_715,class_5018
class_7150,class_10063
class_7151,class_10070
class_7152,class_10077
class_7153,class_10084
class_7154,class_10091
class_7155,class_10098
class_7156,class_10105
class_7157,class_10112
class_7158,class_10119
class_7159,class_10126
class_716,class_5025
class_7160,class_10133
class_7161,class_10140
class_7162,class_10147
class_7163,class_10154
class_7164,class_10161
class_7165,class_10168
class_7166,class_10175
class_7167,class_10182
class_7168,class_10189
class_7169,class_10196
class_717,class_5032
class_7170,class_10203
class_7171,class_10210
class_7172,class_10217
class_7173,class_10224
class_7174,class_10231
class_7175,class_10238
class_7176,class_10245
class_7177,class_10252
class_7178,class_10259
class_7179,class_10266
class_718,class_5039
class_7180,class_10273
class_7181,class_10280
class_7182,class_10287
class_7183,class_10294
class_7184,class_10301
class_7185,class_10308
class_7186,class_10315
class_7187,class_10322
class_7188,class_10329
class_7189,class_10336
class_719,class_5046
class_7190,class_10343
class_7191,class_10350
class_7192,class_10357
class_7193,class_10364
class_7194,class_10371
class_7195,class_10378
class_7196,class_10385
class_7197,class_10392
class_7198,class_10399
class_7199,class_10406
class_72,class_517
class_720,class_5053
class_7200,class_10413
class_7201,class_10420
class_7202,class_10427
class_7203,class_10434
class_7204,class_10441
class_7205,class_10448
class_7206,class_10455
class_7207,class_10462
class_7208,class_10469
class_7209,class_10476
class_721,class_5060
class_7210,class_10483
class_7211,class_10490
class_7212,class_10497
class_7213,class_10504
class_7214,class_10511
class_7215,class_10518
class_7216,class_10525
class_7217,class_10532
class_7218,class_10539
class_7219,class_10546
class_722,class_5067
class_7220,class_10553
class_7221,class_10560
class_7222,class_10567
class_7223,class_10574
class_7224,class_10581
class_7225,class_10588
class_7226,class_10595
class_7227,class_10602
class_7228,class_10609
class_7229,class_10616
class_723,class_5074
class_7230,class_10623
class_7231,class_10630
class_7232,class_10637
class_7233,class_10644
class_7234,class_10651
class_7235,class_10658
class_7236,class_10665
class_7237,class_10672
class_7238,class_10679
class_7239,class_10686
class_724,class_5081
class_7240,class_10693
class_7241,class_10700
class_7242,class_10707
class_7243,class_10714
class_7244,class_10721
class_7245,class_10728
class_7246,class_10735
class_7247,class_10742
class_7248,class_10749
class_7249,class_10756
class_725,class_5088
class_7250,class_10763
class_7251,class_10770
class_7252,class_10777
class_7253,class_10784
class_7254,class_10791
class_7255,class_10798
class_7256,class_10805
class_7257,class_10812
class_7258,class_10819
class_7259,class_10826
class_726,class_5095
class_7260,class_10833
class_7261,class_10840
class_7262,class_10847
class_7263,class_10854
class_7264,class_10861
class_7265,class_10868
class_7266,class_10875
class_7267,class_10882
class_7268,class_10889
class_7269,class_10896
class_727,class_5102
class_7270,class_10903
class_7271,class_10910
class_7272,class_10917
class_7273,class_10924
class_7274,class_10931
class_7275,class_10938
class_7276,class_10945
class_7277,class_10952
class_7278,class_10959
class_7279,class_10966
class_728,class_5109
class_7280,class_10973
class_7281,class_10980
class_7282,class_10987
class_7283,class_10994
class_7284,class_11001
class_7285,class_11008
class_7286,class_11015
class_7287,class_11022
class_7288,class_11029
class_7289,class_11036
class_729,class_5116
class_7290,class_11043
class_7291,class_11050
class_7292,class_11057
class_7293,class_11064
class_7294,class_11071
class_7295,class_11078
class_7296,class_11085
class_7297,class_11092
class_7298,class_11099
class_7299,class_11106
class_73,class_524
class_730,class_5123
class_7300,class_11113
class_7301,class_11120
class_7302,class_11127
class_7303,class_11134
class_7304,class_11141
class_7305,class_11148
class_7306,class_11155
class_7307,class_11162
class_7308,class_11169
class_7309,class_11176
class_731,class_5130
class_7310,class_11183
class_7311,class_11190
class_7312,class_11197
class_7313,class_11204
class_7314,class_11211
class_7315,class_11218
class_7316,class_11225
class_7317,class_11232
class_7318,class_11239
class_7319,class_11246
class_732,class_5137
class_7320,class_11253
class_7321,class_11260
class_7322,class_11267
class_7323,class_11274
class_7324,class_11281
class_7325,class_11288
class_7326,class_11295
class_7327,class_11302
class_7328,class_11309
class_7329,class_11316
class_733,class_5144
class_7330,class_11323
class_7331,class_11330
class_7332,class_11337
class_7333,class_11344
class_7334,class_11351
class_7335,class_11358
class_7336,class_11365
class_7337,class_11372
class_7338,class_11379
class_7339,class_11386
class_734,class_5151
class_7340,class_11393
class_7341,class_11400
class_7342,class_11407
class_7343,class_11414
class_7344,class_11421
class_7345,class_11428
class_7346,class_11435
class_7347,class_11442
class_7348,class_11449
class_7349,class_11456
class_735,class_5158
class_7350,class_11463
class_7351,class_11470
class_7352,class_11477
class_7353,class_11484
class_7354,class_11491
class_7355,class_11498
class_7356,class_11505
class_7357,class_11512
class_7358,class_11519
class_7359,class_11526
class_736,class_5165
class_7360,class_11533
class_7361,class_11540
class_7362,class_11547
class_7363,class_11554
class_7364,class_11561
class_7365,class_11568
class_7366,class_11575
class_7367,class_11582
class_7368,class_11589
class_7369,class_11596
class_737,class_5172
class_7370,class_11603
class_7371,class_11610
class_7372,class_11617
class_7373,class_11624
class_7374,class_11631
class_7375,class_11638
class_7376,class_11645
class_7377,class_11652
class_7378,class_11659
class_7379,class_11666
class_738,class_5179
class_7380,class_11673
class_7381,class_11680
class_7382,class_11687
class_7383,class_11694
class_7384,class_11701
class_7385,class_11708
class_7386,class_11715
class_7387,class_11722
class_7388,class_11729
class_7389,class_11736
class_739,class_5186
class_7390,class_11743
class_7391,class_11750
class_7392,class_11757
class_7393,class_11764
class_7394,class_11771
class_7395,class_11778
class_7396,class_11785
class_7397,class_11792
class_7398,class_11799
class_7399,class_11806
class_74,class_531
class_740,class_5193
class_7400,class_11813
class_7401,class_11820
class_7402,class_11827
class_7403,class_11834
class_7404,class_11841
class_7405,class_11848
class_7406,class_11855
class_7407,class_11862
class_7408,class_11869
class_7409,class_11876
class_741,class_5200
class_7410,class_11883
class_7411,class_11890
class_7412,class_11897
class_7413,class_11904
class_7414,class_11911
class_7415,class_11918
class_7416,class_11925
class_7417,class_11932
class_7418,class_11939
class_7419,class_11946
class_742,class_5207
class_7420,class_11953
class_7421,class_11960
class_7422,class_11967
class_7423,class_11974
class_7424,class_11981
class_7425,class_11988
class_7426,class_11995
class_7427,class_12002
class_7428,class_12009
class_7429,class_12016
class_743,class_5214
class_7430,class_12023
class_7431,class_12030
class_7432,class_12037
class_7433,class_12044
class_7434,class_12051
class_7435,class_12058
class_7436,class_12065
class_7437,class_12072
class_7438,class_12079
class_7439,class_12086
class_744,class_5221
class_7440,class_12093
class_7441,class_12100
class_7442,class_12107
class_7443,class_12114
class_7444,class_12121
class_7445,class_12128
class_7446,class_12135
class_7447,class_12142
class_7448,class_12149
class_7449,class_12156
class_745,class_5228
class_7450,class_12163
class_7451,class_12170
class_7452,class_12177
class_7453,class_12184
class_7454,class_12191
class_7455,class_12198
class_7456,class_12205
class_7457,class_12212
class_7458,class_12219
class_7459,class_12226
class_746,class_5235
class_7460,class_12233
class_7461,class_12240
class_7462,class_12247
class_7463,class_12254
class_7464,class_12261
class_7465,class_12268
class_7466,class_12275
class_7467,class_12282
class_7468,class_12289
class_7469,class_12296
class_747,class_5242
class_7470,class_12303
class_7471,class_12310
class_7472,class_12317
class_7473,class_12324
class_7474,class_12331
class_7475,class_12338
class_7476,class_12345
class_7477,class_12352
class_7478,class_12359
class_7479,class_12366
class_748,class_5249
class_7480,class_12373
class_7481,class_12380
class_7482,class_12387
class_7483,class_12394
class_7484,class_12401
class_7485,class_12408
class_7486,class_12415
class_7487,class_12422
class_7488,class_12429
class_7489,class_12436
class_749,class_5256
class_7490,class_12443
class_7491,class_12450
class_7492,class_12457
class_7493,class_12464
class_7494,class_12471
class_7495,class_12478
class_7496,class_12485
class_7497,class_12492
class_7498,class_12499
class_7499,class_12506
class_75,class_538
class_750,class_5263
class_7500,class_12513
class_7501,class_12520
class_7502,class_12527
class_7503,class_12534
class_7504,class_12541
class_7505,class_12548
class_7506,class_12555
class_7507,class_12562
class_7508,class_12569
class_7509,class_12576
class_751,class_5270
class_7510,class_12583
class_7511,class_12590
class_7512,class_12597
class_7513,class_12604
class_7514,class_12611
class_7515,class_12618
class_7516,class_12625
class_7517,class_12632
class_7518,class_12639
class_7519,class_12646
class_752,class_5277
class_7520,class_12653
class_7521,class_12660
class_7522,class_12667
class_7523,class_12674
class_7524,class_12681
class_7525,class_12688
class_7526,class_12695
class_7527,class_12702
class_7528,class_12709
class_7529,class_12716
class_753,class_5284
class_7530,class_12723
class_7531,class_12730
class_7532,class_12737
class_7533,class_12744
class_7534,class_12751
class_7535,class_12758
class_7536,class_12765
class_7537,class_12772
class_7538,class_12779
class_7539,class_12786
class_754,class_5291
class_7540,class_12793
class_7541,class_12800
class_7542,class_12807
class_7543,class_12814
class_7544,class_12821
class_7545,class_12828
class_7546,class_12835
class_7547,class_12842
class_7548,class_12849
class_7549,class_12856
class_755,class_5298
class_7550,class_12863
class_7551,class_12870
class_7552,class_12877
class_7553,class_12884
class_7554,class_12891
class_7555,class_12898
class_7556,class_12905
class_7557,class_12912
class_7558,class_12919
class_7559,class_12926
class_756,class_5305
class_7560,class_12933
class_7561,class_12940
class_7562,class_12947
class_7563,class_12954
class_7564,class_12961
class_7565,class_12968
class_7566,class_12975
class_7567,class_12982
class_7568,class_12989
class_7569,class_12996
class_757,class_5312
class_7570,class_13003
class_7571,class_13010
class_7572,class_13017
class_7573,class_13024
class_7574,class_13031
class_7575,class_13038
class_7576,class_13045
class_7577,class_13052
class_7578,class_13059
class_7579,class_13066
class_758,class_5319
class_7580,class_13073
class_7581,class_13080
class_7582,class_13087
class_7583,class_13094
class_7584,class_13101
class_7585,class_13108
class_7586,class_13115
class_7587,class_13122
class_7588,class_13129
class_7589,class_13136
class_759,class_5326
class_7590,class_13143
class_7591,class_13150
class_7592,class_13157
class_7593,class_13164
class_7594,class_13171
class_7595,class_13178
class_7596,class_13185
class_7597,class_13192
class_7598,class_13199
class_7599,class_13206
class_76,class_545
class_760,class_5333
class_7600,class_13213
class_7601,class_13220
class_7602,class_13227
class_7603,class_13234
class_7604,class_13241
class_7605,class_13248
class_7606,class_13255
class_7607,class_13262
class_7608,class_13269
class_7609,class_13276
class_761,class_5340
class_7610,class_13283
class_7611,class_13290
class_7612,class_13297
class_7613,class_13304
class_7614,class_13311
class_7615,class_13318
class_7616,class_13325
class_7617,class_13332
class_7618,class_13339
class_7619,class_13346
class_762,class_5347
class_7620,class_13353
class_7621,class_13360
class_7622,class_13367
class_7623,class_13374
class_7624,class_13381
class_7625,class_13388
class_7626,class_13395
class_7627,class_13402
class_7628,class_13409
class_7629,class_13416
class_763,class_5354
class_7630,class_13423
class_7631,class_13430
class_7632,class_13437
class_7633,class_13444
class_7634,class_13451
class_7635,class_13458
class_7636,class_13465
class_7637,class_13472
class_7638,class_13479
class_7639,class_13486
class_764,class_5361
class_7640,class_13493
class_7641,class_13500
class_7642,class_13507
class_7643,class_13514
class_7644,class_13521
class_7645,class_13528
class_7646,class_13535
class_7647,class_13542
class_7648,class_13549
class_7649,class_13556
class_765,class_5368
class_7650,class_13563
class_7651,class_13570
class_7652,class_13577
class_7653,class_13584
class_7654,class_13591
class_7655,class_13598
class_7656,class_13605
class_7657,class_13612
class_7658,class_13619
class_7659,class_13626
class_766,class_5375
class_7660,class_13633
class_7661,class_13640
class_7662,class_13647
class_7663,class_13654
class_7664,class_13661
class_7665,class_13668
class_7666,class_13675
class_7667,class_13682
class_7668,class_13689
class_7669,class_13696
class_767,class_5382
class_7670,class_13703
class_7671,class_13710
class_7672,class_13717
class_7673,class_13724
class_7674,class_13731
class_7675,class_13738
class_7676,class_13745
class_7677,class_13752
class_7678,class_13759
class_7679,class_13766
class_768,class_5389
class_7680,class_13773
class_7681,class_13780
class_7682,class_13787
class_7683,class_13794
class_7684,class_13801
class_7685,class_13808
class_7686,class_13815
class_7687,class_13822
class_7688,class_13829
class_7689,class_13836
class_769,class_5396
class_7690,class_13843
class_7691,class_13850
class_7692,class_13857
class_7693,class_13864
class_7694,class_13871
class_7695,class_13878
class_7696,class_13885
class_7697,class_13892
class_7698,class_13899
class_7699,class_13906
class_77,class_552
class_770,class_5403
class_7700,class_13913
class_7701,class_13920
class_7702,class_13927
class_7703,class_13934
class_7704,class_13941
class_7705,class_13948
class_7706,class_13955
class_7707,class_13962
class_7708,class_13969
class_7709,class_13976
class_771,class_5410
class_7710,class_13983
class_7711,class_13990
class_7712,class_13997
class_7713,class_14004
class_7714,class_14011
class_7715,class_14018
class_7716,class_14025
class_7717,class_14032
class_7718,class_14039
class_7719,class_14046
class_772,class_5417
class_7720,class_14053
class_7721,class_14060
class_7722,class_14067
class_7723,class_14074
class_7724,class_14081
class_7725,class_14088
class_7726,class_14095
class_7727,class_14102
class_7728,class_14109
class_7729,class_14116
class_773,class_5424
class_7730,class_14123
class_7731,class_14130
class_7732,class_14137
class_7733,class_14144
class_7734,class_14151
class_7735,class_14158
class_7736,class_14165
class_7737,class_14172
class_7738,class_14179
class_7739,class_14186
class_774,class_5431
class_7740,class_14193
class_7741,class_14200
class_7742,class_14207
class_7743,class_14214
class_7744,class_14221
class_7745,class_14228
class_7746,class_14235
class_7747,class_14242
class_7748,class_14249
class_7749,class_14256
class_775,class_5438
class_7750,class_14263
class_7751,class_14270
class_7752,class_14277
class_7753,class_14284
class_7754,class_14291
class_7755,class_14298
class_7756,class_14305
class_7757,class_14312
class_7758,class_14319
class_7759,class_14326
class_776,class_5445
class_7760,class_14333
class_7761,class_14340
class_7762,class_14347
class_7763,class_14354
class_7764,class_14361
class_7765,class_14368
class_7766,class_14375
class_7767,class_14382
class_7768,class_14389
class_7769,class_14396
class_777,class_5452
class_7770,class_14403
class_7771,class_14410
class_7772,class_14417
class_7773,class_14424
class_7774,class_14431
class_7775,class_14438
class_7776,class_14445
class_7777,class_14452
class_7778,class_14459
class_7779,class_14466
class_778,class_5459
class_7780,class_14473
class_7781,class_14480
class_7782,class_14487
class_7783,class_14494
class_7784,class_14501
class_7785,class_14508
class_7786,class_14515
class_7787,class_14522
class_7788,class_14529
class_7789,class_14536
class_779,class_5466
class_7790,class_14543
class_7791,class_14550
class_7792,class_14557
class_7793,class_14564
class_7794,class_14571
class_7795,class_14578
class_7796,class_14585
class_7797,class_14592
class_7798,class_14599
class_7799,class_14606
class_78,class_559
class_780,class_5473
class_7800,class_14613
class_7801,class_14620
class_7802,class_14627
class_7803,class_14634
class_7804,class_14641
class_7805,class_14648
class_7806,class_14655
class_7807,class_14662
class_7808,class_14669
class_7809,class_14676
class_781,class_5480
class_7810,class_14683
class_7811,class_14690
class_7812,class_14697
class_7813,class_14704
class_7814,class_14711
class_7815,class_14718
class_7816,class_14725
class_7817,class_14732
class_7818,class_14739
class_7819,class_14746
class_782,class_5487
class_7820,class_14753
class_7821,class_14760
class_7822,class_14767
class_7823,class_14774
class_7824,class_14781
class_7825,class_14788
class_7826,class_14795
class_7827,class_14802
class_7828,class_14809
class_7829,class_14816
class_783,class_5494
class_7830,class_14823
class_7831,class_14830
class_7832,class_14837
class_7833,class_14844
class_7834,class_14851
class_7835,class_14858
class_7836,class_14865
class_7837,class_14872
class_7838,class_14879
class_7839,class_14886
class_784,class_5501
class_7840,class_14893
class_7841,class_14900
class_7842,class_14907
class_7843,class_14914
class_7844,class_14921
class_7845,class_14928
class_7846,class_14935
class_7847,class_14942
class_7848,class_14949
class_7849,class_14956
class_785,class_5508
class_7850,class_14963
class_7851,class_14970
class_7852,class_14977
class_7853,class_14984
class_7854,class_14991
class_7855,class_14998
class_7856,class_15005
class_7857,class_15012
class_7858,class_15019
class_7859,class_15026
class_786,class_5515
class_7860,class_15033
class_7861,class_15040
class_7862,class_15047
class_7863,class_15054
class_7864,class_15061
class_7865,class_15068
class_7866,class_15075
class_7867,class_15082
class_7868,class_15089
class_7869,class_15096
class_787,class_5522
class_7870,class_15103
class_7871,class_15110
class_7872,class_15117
class_7873,class_15124
class_7874,class_15131
class_7875,class_15138
class_7876,class_15145
class_7877,class_15152
class_7878,class_15159
class_7879,class_15166
class_788,class_5529
class_7880,class_15173
class_7881,class_15180
class_7882,class_15187
class_7883,class_15194
class_7884,class_15201
class_7885,class_15208
class_7886,class_15215
class_7887,class_15222
class_7888,class_15229
class_7889,class_15236
class_789,class_5536
class_7890,class_15243
class_7891,class_15250
class_7892,class_15257
class_7893,class_15264
class_7894,class_15271
class_7895,class_15278
class_7896,class_15285
class_7897,class_15292
class_7898,class_15299
class_7899,class_15306
class_79,class_566
class_790,class_5543
class_7900,class_15313
class_7901,class_15320
class_7902,class_15327
class_7903,class_15334
class_7904,class_15341
class_7905,class_15348
class_7906,class_15355
class_7907,class_15362
class_7908,class_15369
class_7909,class_15376
class_791,class_5550
class_7910,class_15383
class_7911,class_15390
class_7912,class_15397
class_7913,class_15404
class_7914,class_15411
class_7915,class_15418
class_7916,class_15425
class_7917,class_15432
class_7918,class_15439
class_7919,class_15446
class_792,class_5557
class_7920,class_15453
class_7921,class_15460
class_7922,class_15467
class_7923,class_15474
class_7924,class_15481
class_7925,class_15488
class_7926,class_15495
class_7927,class_15502
class_7928,class_15509
class_7929,class_15516
class_793,class_5564
class_7930,class_15523
class_7931,class_15530
class_7932,class_15537
class_7933,class_15544
class_7934,class_15551
class_7935,class_15558
class_7936,class_15565
class_7937,class_15572
class_7938,class_15579
class_7939,class_15586
class_794,class_5571
class_7940,class_15593
class_7941,class_15600
class_7942,class_15607
class_7943,class_15614
class_7944,class_15621
class_7945,class_15628
class_7946,class_15635
class_7947,class_15642
class_7948,class_15649
class_7949,class_15656
class_795,class_5578
class_7950,class_15663
class_7951,class_15670
class_7952,class_15677
class_7953,class_15684
class_7954,class_15691
class_7955,class_15698
class_7956,class_15705
class_7957,class_15712
class_7958,class_15719
class_7959,class_15726
class_796,class_5585
class_7960,class_15733
class_7961,class_15740
class_7962,class_15747
class_7963,class_15754
class_7964,class_15761
class_7965,class_15768
class_7966,class_15775
class_7967,class_15782
class_7968,class_15789
class_7969,class_15796
class_797,class_5592
class_7970,class_15803
class_7971,class_15810
class_7972,class_15817
class_7973,class_15824
class_7974,class_15831
class_7975,class_15838
class_7976,class_15845
class_7977,class_15852
class_7978,class_15859
class_7979,class_15866
class_798,class_5599
class_7980,class_15873
class_7981,class_15880
class_7982,class_15887
class_7983,class_15894
class_7984,class_15901
class_7985,class_15908
class_7986,class_15915
class_7987,class_15922
class_7988,class_15929
class_7989,class_15936
class_799,class_5606
class_7990,class_15943
class_7991,class_15950
class_7992,class_15957
class_7993,class_15964
class_7994,class_15971
class_7995,class_15978
class_7996,class_15985
class_7997,class_15992
class_7998,class_15999
class_7999,class_16006
class_8,class_69
class_80,class_573
class_800,class_5613
class_8000,class_16013
class_8001,class_16020
class_8002,class_16027
class_8003,class_16034
class_8004,class_16041
class_8005,class_16048
class_8006,class_16055
class_8007,class_16062
class_8008,class_16069
class_8009,class_16076
class_801,class_5620
class_8010,class_16083
class_8011,class_16090
class_8012,class_16097
class_8013,class_16104
class_8014,class_16111
class_8015,class_16118
class_8016,class_16125
class_8017,class_16132
class_8018,class_16139
class_8019,class_16146
class_802,class_5627
class_8020,class_16153
class_8021,class_16160
class_8022,class_16167
class_8023,class_16174
class_8024,class_16181
class_8025,class_16188
class_8026,class_16195
class_8027,class_16202
class_8028,class_16209
class_8029,class_16216
class_803,class_5634
class_8030,class_16223
class_8031,class_16230
class_8032,class_16237
class_8033,class_16244
class_8034,class_16251
class_8035,class_16258
class_8036,class_16265
class_8037,class_16272
class_8038,class_16279
class_8039,class_16286
class_804,class_5641
class_8040,class_16293
class_8041,class_16300
class_8042,class_16307
class_8043,class_16314
class_8044,class_16321
class_8045,class_16328
class_8046,class_16335
class_8047,class_16342
class_8048,class_16349
class_8049,class_16356
class_805,class_5648
class_8050,class_16363
class_8051,class_16370
class_8052,class_16377
class_8053,class_16384
class_8054,class_16391
class_8055,class_16398
class_8056,class_16405
class_8057,class_16412
class_8058,class_16419
class_8059,class_16426
class_806,class_5655
class_8060,class_16433
class_8061,class_16440
class_8062,class_16447
class_8063,class_16454
class_8064,class_16461
class_8065,class_16468
class_8066,class_16475
class_8067,class_16482
class_8068,class_16489
class_8069,class_16496
class_807,class_5662
class_8070,class_16503
class_8071,class_16510
class_8072,class_16517
class_8073,class_16524
class_8074,class_16531
class_8075,class_16538
class_8076,class_16545
class_8077,class_16552
class_8078,class_16559
class_8079,class_16566
class_808,class_5669
class_8080,class_16573
class_8081,class_16580
class_8082,class_16587
class_8083,class_16594
class_8084,class_16601
class_8085,class_16608
class_8086,class_16615
class_8087,class_16622
class_8088,class_16629
class_8089,class_16636
class_809,class_5676
class_8090,class_16643
class_8091,class_16650
class_8092,class_16657
class_8093,class_16664
class_8094,class_16671
class_8095,class_16678
class_8096,class_16685
class_8097,class_16692
class_8098,class_16699
class_8099,class_16706
class_81,class_580
class_810,class_5683
class_8100,class_16713
class_8101,class_16720
class_8102,class_16727
class_8103,class_16734
class_8104,class_16741
class_8105,class_16748
class_8106,class_16755
class_8107,class_16762
class_8108,class_16769
class_8109,class_16776
class_811,class_5690
class_8110,class_16783
class_8111,class_16790
class_8112,class_16797
class_8113,class_16804
class_8114,class_16811
class_8115,class_16818
class_8116,class_16825
class_8117,class_16832
class_8118,class_16839
class_8119,class_16846
class_812,class_5697
class_8120,class_16853
class_8121,class_16860
class_8122,class_16867
class_8123,class_16874
class_8124,class_16881
class_8125,class_16888
class_8126,class_16895
class_8127,class_16902
class_8128,class_16909
class_8129,class_16916
class_813,class_5704
class_8130,class_16923
class_8131,class_16930
class_8132,class_16937
class_8133,class_16944
class_8134,class_16951
class_8135,class_16958
class_8136,class_16965
class_8137,class_16972
class_8138,class_16979
class_8139,class_16986
class_814,class_5711
class_8140,class_16993
class_8141,class_17000
class_8142,class_17007
class_8143,class_17014
class_8144,class_17021
class_8145,class_17028
class_8146,class_17035
class_8147,class_17042
class_8148,class_17049
class_8149,class_17056
class_815,class_5718
class_8150,class_17063
class_8151,class_17070
class_8152,class_17077
class_8153,class_17084
class_8154,class_17091
class_8155,class_17098
class_8156,class_17105
class_8157,class_17112
class_8158,class_17119
class_8159,class_17126
class_816,class_5725
class_8160,class_17133
class_8161,class_17140
class_8162,class_17147
class_8163,class_17154
class_8164,class_17161
class_8165,class_17168
class_8166,class_17175
class_8167,class_17182
class_8168,class_17189
class_8169,class_17196
class_817,class_5732
class_8170,class_17203
class_8171,class_17210
class_8172,class_17217
class_8173,class_17224
class_8174,class_17231
class_8175,class_17238
class_8176,class_17245
class_8177,class_17252
class_8178,class_17259
class_8179,class_17266
class_818,class_5739
class_8180,class_17273
class_8181,class_17280
class_8182,class_17287
class_8183,class_17294
class_8184,class_17301
class_8185,class_17308
class_8186,class_17315
class_8187,class_17322
class_8188,class_17329
class_8189,class_17336
class_819,class_5746
class_8190,class_17343
class_8191,class_17350
class_8192,class_17357
class_8193,class_17364
class_8194,class_17371
class_8195,class_17378
class_8196,class_17385
class_8197,class_17392
class_8198,class_17399
class_8199,class_17406
class_82,class_587
class_820,class_5753
class_8200,class_17413
class_8201,class_17420
class_8202,class_17427
class_8203,class_17434
class_8204,class_17441
class_8205,class_17448
class_8206,class_17455
class_8207,class_17462
class_8208,class_17469
class_8209,class_17476
class_821,class_5760
class_8210,class_17483
class_8211,class_17490
class_8212,class_17497
class_8213,class_17504
class_8214,class_17511
class_8215,class_17518
class_8216,class_17525
class_8217,class_17532
class_8218,class_17539
class_8219,class_17546
class_822,class_5767
class_8220,class_17553
class_8221,class_17560
class_8222,class_17567
class_8223,class_17574
class_8224,class_17581
class_8225,class_17588
class_8226,class_17595
class_8227,class_17602
class_8228,class_17609
class_8229,class_17616
class_823,class_5774
class_8230,class_17623
class_8231,class_17630
class_8232,class_17637
class_8233,class_17644
class_8234,class_17651
class_8235,class_17658
class_8236,class_17665
class_8237,class_17672
class_8238,class_17679
class_8239,class_17686
class_824,class_5781
class_8240,class_17693
class_8241,class_17700
class_8242,class_17707
class_8243,class_17714
class_8244,class_17721
class_8245,class_17728
class_8246,class_17735
class_8247,class_17742
class_8248,class_17749
class_8249,class_17756
class_825,class_5788
class_8250,class_17763
class_8251,class_17770
class_8252,class_17777
class_8253,class_17784
class_8254,class_17791
class_8255,class_17798
class_8256,class_17805
class_8257,class_17812
class_8258,class_17819
class_8259,class_17826
class_826,class_5795
class_8260,class_17833
class_8261,class_17840
class_8262,class_17847
class_8263,class_17854
class_8264,class_17861
class_8265,class_17868
class_8266,class_17875
class_8267,class_17882
class_8268,class_17889
class_8269,class_17896
class_827,class_5802
class_8270,class_17903
class_8271,class_17910
class_8272,class_17917
class_8273,class_17924
class_8274,class_17931
class_8275,class_17938
class_8276,class_17945
class_8277,class_17952
class_8278,class_17959
class_8279,class_17966
class_828,class_5809
class_8280,class_17973
class_8281,class_17980
class_8282,class_17987
class_8283,class_17994
class_8284,class_18001
class_8285,class_18008
class_8286,class_18015
class_8287,class_18022
class_8288,class_18029
class_8289,class_18036
class_829,class_5816
class_8290,class_18043
class_8291,class_18050
class_8292,class_18057
class_8293,class_18064
class_8294,class_18071
class_8295,class_18078
class_8296,class_18085
class_8297,class_18092
class_8298,class_18099
class_8299,class_18106
class_83,class_594
class_830,class_5823
class_8300,class_18113
class_8301,class_18120
class_8302,class_18127
class_8303,class_18134
class_8304,class_18141
class_8305,class_18148
class_8306,class_18155
class_8307,class_18162
class_8308,class_18169
class_8309,class_18176
class_831,class_5830
class_8310,class_18183
class_8311,class_18190
class_8312,class_18197
class_8313,class_18204
class_8314,class_18211
class_8315,class_18218
class_8316,class_18225
class_8317,class_18232
class_8318,class_18239
class_8319,class_18246
class_832,class_5837
class_8320,class_18253
class_8321,class_18260
class_8322,class_18267
class_8323,class_18274
class_8324,class_18281
class_8325,class_18288
class_8326,class_18295
class_8327,class_18302
class_8328,class_18309
class_8329,class_18316
class_833,class_5844
class_8330,class_18323
class_8331,class_18330
class_8332,class_18337
class_8333,class_18344
class_8334,class_18351
class_8335,class_18358
class_8336,class_18365
class_8337,class_18372
class_8338,class_18379
class_8339,class_18386
class_834,class_5851
class_8340,class_18393
class_8341,class_18400
class_8342,class_18407
class_8343,class_18414
class_8344,class_18421
class_8345,class_18428
class_8346,class_18435
class_8347,class_18442
class_8348,class_18449
class_8349,class_18456
class_835,class_5858
class_8350,class_18463
class_8351,class_18470
class_8352,class_18477
class_8353,class_18484
class_8354,class_18491
class_8355,class_18498
class_8356,class_18505
class_8357,class_18512
class_8358,class_18519
class_8359,class_18526
class_836,class_5865
class_8360,class_18533
class_8361,class_18540
class_8362,class_18547
class_8363,class_18554
class_8364,class_18561
class_8365,class_18568
class_8366,class_18575
class_8367,class_18582
class_8368,class_18589
class_8369,class_18596
class_837,class_5872
class_8370,class_18603
class_8371,class_18610
class_8372,class_18617
class_8373,class_18624
class_8374,class_18631
class_8375,class_18638
class_8376,class_18645
class_8377,class_18652
class_8378,class_18659
class_8379,class_18666
class_838,class_5879
class_8380,class_18673
class_8381,class_18680
class_8382,class_18687
class_8383,class_18694
class_8384,class_18701
class_8385,class_18708
class_8386,class_18715
class_8387,class_18722
class_8388,class_18729
class_8389,class_18736
class_839,class_5886
class_8390,class_18743
class_8391,class_18750
class_8392,class_18757
class_8393,class_18764
class_8394,class_18771
class_8395,class_18778
class_8396,class_18785
class_8397,class_18792
class_8398,class_18799
class_8399,class_18806
class_84,class_601
class_840,class_5893
class_8400,class_18813
class_8401,class_18820
class_8402,class_18827
class_8403,class_18834
class_8404,class_18841
class_8405,class_18848
class_8406,class_18855
class_8407,class_18862
class_8408,class_18869
class_8409,class_18876
class_841,class_5900
class_8410,class_18883
class_8411,class_18890
class_8412,class_18897
class_8413,class_18904
class_8414,class_18911
class_8415,class_18918
class_8416,class_18925
class_8417,class_18932
class_8418,class_18939
class_8419,class_18946
class_842,class_5907
class_8420,class_18953
class_8421,class_18960
class_8422,class_18967
class_8423,class_18974
class_8424,class_18981
class_8425,class_18988
class_8426,class_18995
class_8427,class_19002
class_8428,class_19009
class_8429,class_19016
class_843,class_5914
class_8430,class_19023
class_8431,class_19030
class_8432,class_19037
class_8433,class_19044
class_8434,class_19051
class_8435,class_19058
class_8436,class_19065
class_8437,class_19072
class_8438,class_19079
class_8439,class_19086
class_844,class_5921
class_8440,class_19093
class_8441,class_19100
class_8442,class_19107
class_8443,class_19114
class_8444,class_19121
class_8445,class_19128
class_8446,class_19135
class_8447,class_19142
class_8448,class_19149
class_8449,class_19156
class_845,class_5928
class_8450,class_19163
class_8451,class_19170
class_8452,class_19177
class_8453,class_19184
class_8454,class_19191
class_8455,class_19198
class_8456,class_19205
class_8457,class_19212
class_8458,class_19219
class_8459,class_19226
class_846,class_5935
class_8460,class_19233
class_8461,class_19240
class_8462,class_19247
class_8463,class_19254
class_8464,class_19261
class_8465,class_19268
class_8466,class_19275
class_8467,class_19282
class_8468,class_19289
class_8469,class_19296
class_847,class_5942
class_8470,class_19303
class_8471,class_19310
class_8472,class_19317
class_8473,class_19324
class_8474,class_19331
class_8475,class_19338
class_8476,class_19345
class_8477,class_19352
class_8478,class_19359
class_8479,class_19366
class_848,class_5949
class_8480,class_19373
class_8481,class_19380
class_8482,class_19387
class_8483,class_19394
class_8484,class_19401
class_8485,class_19408
class_8486,class_19415
class_8487,class_19422
class_8488,class_19429
class_8489,class_19436
class_849,class_5956
class_8490,class_19443
class_8491,class_19450
class_8492,class_19457
class_8493,class_19464
class_8494,class_19471
class_8495,class_19478
class_8496,class_19485
class_8497,class_19492
class_8498,class_19499
class_8499,class_19506
class_85,class_608
class_850,class_5963
class_8500,class_19513
class_8501,class_19520
class_8502,class_19527
class_8503,class_19534
class_8504,class_19541
class_8505,class_19548
class_8506,class_19555
class_8507,class_19562
class_8508,class_19569
class_8509,class_19576
class_851,class_5970
class_8510,class_19583
class_8511,class_19590
class_8512,class_19597
class_8513,class_19604
class_8514,class_19611
class_8515,class_19618
class_8516,class_19625
class_8517,class_19632
class_8518,class_19639
class_8519,class_19646
class_852,class_5977
class_8520,class_19653
class_8521,class_19660
class_8522,class_19667
class_8523,class_19674
class_8524,class_19681
class_8525,class_19688
class_8526,class_19695
class_8527,class_19702
class_8528,class_19709
class_8529,class_19716
class_853,class_5984
class_8530,class_19723
class_8531,class_19730
class_8532,class_19737
class_8533,class_19744
class_8534,class_19751
class_8535,class_19758
class_8536,class_19765
class_8537,class_19772
class_8538,class_19779
class_8539,class_19786
class_854,class_5991
class_8540,class_19793
class_8541,class_19800
class_8542,class_19807
class_8543,class_19814
class_8544,class_19821
class_8545,class_19828
class_8546,class_19835
class_8547,class_19842
class_8548,class_19849
class_8549,class_19856
class_855,class_5998
class_8550,class_19863
class_8551,class_19870
class_8552,class_19877
class_8553,class_19884
class_8554,class_19891
class_8555,class_19898
class_8556,class_19905
class_8557,class_19912
class_8558,class_19919
class_8559,class_19926
class_856,class_6005
class_8560,class_19933
class_8561,class_19940
class_8562,class_19947
class_8563,class_19954
class_8564,class_19961
class_8565,class_19968
class_8566,class_19975
class_8567,class_19982
class_8568,class_19989
class_8569,class_19996
class_857,class_6012
class_8570,class_3
class_8571,class_10
class_8572,class_17
class_8573,class_24
class_8574,class_31
class_8575,class_38
class_8576,class_45
class_8577,class_52
class_8578,class_59
class_8579,class_66
class_858,class_6019
class_8580,class_73
class_8581,class_80
class_8582,class_87
class_8583,class_94
class_8584,class_101
class_8585,class_108
class_8586,class_115
class_8587,class_122
class_8588,class_129
class_8589,class_136
class_859,class_6026
class_8590,class_143
class_8591,class_150
class_8592,class_157
class_8593,class_164
class_8594,class_171
class_8595,class_178
class_8596,class_185
class_8597,class_192
class_8598,class_199
class_8599,class_206
class_86,class_615
class_860,class_6033
class_8600,class_213
class_8601,class_220
class_8602,class_227
class_8603,class_234
class_8604,class_241
class_8605,class_248
class_8606,class_255
class_8607,class_262
class_8608,class_269
class_8609,class_276
class_861,class_6040
class_8610,class_283
class_8611,class_290
class_8612,class_297
class_8613,class_304
class_8614,class_311
class_8615,class_318
class_8616,class_325
class_8617,class_332
class_8618,class_339
class_8619,class_346
class_862,class_6047
class_8620,class_353
class_8621,class_360
class_8622,class_367
class_8623,class_374
class_8624,class_381
class_8625,class_388
class_8626,class_395
class_8627,class_402
class_8628,class_409
class_8629,class_416
class_863,class_6054
class_8630,class_423
class_8631,class_430
class_8632,class_437
class_8633,class_444
class_8634,class_451
class_8635,class_458
class_8636,class_465
class_8637,class_472
class_8638,class_479
class_8639,class_486
class_864,class_6061
class_8640,class_493
class_8641,class_500
class_8642,class_507
class_8643,class_514
class_8644,class_521
class_8645,class_528
class_8646,class_535
class_8647,class_542
class_8648,class_549
class_8649,class_556
class_865,class_6068
class_8650,class_563
class_8651,class_570
class_8652,class_577
class_8653,class_584
class_8654,class_591
class_8655,class_598
class_8656,class_605
class_8657,class_612
class_8658,class_619
class_8659,class_626
class_866,class_6075
class_8660,class_633
class_8661,class_640
class_8662,class_647
class_8663,class_654
class_8664,class_661
class_8665,class_668
class_8666,class_675
class_8667,class_682
class_8668,class_689
class_8669,class_696
class_867,class_6082
class_8670,class_703
class_8671,class_710
class_8672,class_717
class_8673,class_724
class_8674,class_731
class_8675,class_738
class_8676,class_745
class_8677,class_752
class_8678,class_759
class_8679,class_766
class_868,class_6089
class_8680,class_773
class_8681,class_780
class_8682,class_787
class_8683,class_794
class_8684,class_801
class_8685,class_808
class_8686,class_815
class_8687,class_822
class_8688,class_829
class_8689,class_836
class_869,class_6096
class_8690,class_843
class_8691,class_850
class_8692,class_857
class_8693,class_864
class_8694,class_871
class_8695,class_878
class_8696,class_885
class_8697,class_892
class_8698,class_899
class_8699,class_906
class_87,class_622
class_870,class_6103
class_8700,class_913
class_8701,class_920
class_8702,class_927
class_8703,class_934
class_8704,class_941
class_8705,class_948
class_8706,class_955
class_8707,class_962
class_8708,class_969
class_8709,class_976
class_871,class_6110
class_8710,class_983
class_8711,class_990
class_8712,class_997
class_8713,class_1004
class_8714,class_1011
class_8715,class_1018
class_8716,class_1025
class_8717,class_1032
class_8718,class_1039
class_8719,class_1046
class_872,class_6117
class_8720,class_1053
class_8721,class_1060
class_8722,class_1067
class_8723,class_1074
class_8724,class_1081
class_8725,class_1088
class_8726,class_1095
class_8727,class_1102
class_8728,class_1109
class_8729,class_1116
class_873,class_6124
class_8730,class_1123
class_8731,class_1130
class_8732,class_1137
class_8733,class_1144
class_8734,class_1151
class_8735,class_1158
class_8736,class_1165
class_8737,class_1172
class_8738,class_1179
class_8739,class_1186
class_874,class_6131
class_8740,class_1193
class_8741,class_1200
class_8742,class_1207
class_8743,class_1214
class_8744,class_1221
class_8745,class_1228
class_8746,class_1235
class_8747,class_1242
class_8748,class_1249
class_8749,class_1256
class_875,class_6138
class_8750,class_1263
class_8751,class_1270
class_8752,class_1277
class_8753,class_1284
class_8754,class_1291
class_8755,class_1298
class_8756,class_1305
class_8757,class_1312
class_8758,class_1319
class_8759,class_1326
class_876,class_6145
class_8760,class_1333
class_8761,class_1340
class_8762,class_1347
class_8763,class_1354
class_8764,class_1361
class_8765,class_1368
class_8766,class_1375
class_8767,class_1382
class_8768,class_1389
class_8769,class_1396
class_877,class_6152
class_8770,class_1403
class_8771,class_1410
class_8772,class_1417
class_8773,class_1424
class_8774,class_1431
class_8775,class_1438
class_8776,class_1445
class_8777,class_1452
class_8778,class_1459
class_8779,class_1466
class_878,class_6159
class_8780,class_1473
class_8781,class_1480
class_8782,class_1487
class_8783,class_1494
class_8784,class_1501
class_8785,class_1508
class_8786,class_1515
class_8787,class_1522
class_8788,class_1529
class_8789,class_1536
class_879,class_6166
class_8790,class_1543
class_8791,class_1550
class_8792,class_1557
class_8793,class_1564
class_8794,class_1571
class_8795,class_1578
class_8796,class_1585
class_8797,class_1592
class_8798,class_1599
class_8799,class_1606
class_88,class_629
class_880,class_6173
class_8800,class_1613
class_8801,class_1620
class_8802,class_1627
class_8803,class_1634
class_8804,class_1641
class_8805,class_1648
class_8806,class_1655
class_8807,class_1662
class_8808,class_1669
class_8809,class_1676
class_881,class_6180
class_8810,class_1683
class_8811,class_1690
class_8812,class_1697
class_8813,class_1704
class_8814,class_1711
class_8815,class_1718
class_8816,class_1725
class_8817,class_1732
class_8818,class_1739
class_8819,class_1746
class_882,class_6187
class_8820,class_1753
class_8821,class_1760
class_8822,class_1767
class_8823,class_1774
class_8824,class_1781
class_8825,class_1788
class_8826,class_1795
class_8827,class_1802
class_8828,class_1809
class_8829,class_1816
class_883,class_6194
class_8830,class_1823
class_8831,class_1830
class_8832,class_1837
class_8833,class_1844
class_8834,class_1851
class_8835,class_1858
class_8836,class_1865
class_8837,class_1872
class_8838,class_1879
class_8839,class_1886
class_884,class_6201
class_8840,class_1893
class_8841,class_1900
class_8842,class_1907
class_8843,class_1914
class_8844,class_1921
class_8845,class_1928
class_8846,class_1935
class_8847,class_1942
class_8848,class_1949
class_8849,class_1956
class_885,class_6208
class_8850,class_1963
class_8851,class_1970
class_8852,class_1977
class_8853,class_1984
class_8854,class_1991
class_8855,class_1998
class_8856,class_2005
class_8857,class_2012
class_8858,class_2019
class_8859,class_2026
class_886,class_6215
class_8860,class_2033
class_8861,class_2040
class_8862,class_2047
class_8863,class_2054
class_8864,class_2061
class_8865,class_2068
class_8866,class_2075
class_8867,class_2082
class_8868,class_2089
class_8869,class_2096
class_887,class_6222
class_8870,class_2103
class_8871,class_2110
class_8872,class_2117
class_8873,class_2124
class_8874,class_2131
class_8875,class_2138
class_8876,class_2145
class_8877,class_2152
class_8878,class_2159
class_8879,class_2166
class_888,class_6229
class_8880,class_2173
class_8881,class_2180
class_8882,class_2187
class_8883,class_2194
class_8884,class_2201
class_8885,class_2208
class_8886,class_2215
class_8887,class_2222
class_8888,class_2229
class_8889,class_2236
class_889,class_6236
class_8890,class_2243
class_8891,class_2250
class_8892,class_2257
class_8893,class_2264
class_8894,class_2271
class_8895,class_2278
class_8896,class_2285
class_8897,class_2292
class_8898,class_2299
class_8899,class_2306
class_89,class_636
class_890,class_6243
class_8900,class_2313
class_8901,class_2320
class_8902,class_2327
class_8903,class_2334
class_8904,class_2341
class_8905,class_2348
class_8906,class_2355
class_8907,class_2362
class_8908,class_2369
class_8909,class_2376
class_891,class_6250
class_8910,class_2383
class_8911,class_2390
class_8912,class_2397
class_8913,class_2404
class_8914,class_2411
class_8915,class_2418
class_8916,class_2425
class_8917,class_2432
class_8918,class_2439
class_8919,class_2446
class_892,class_6257
class_8920,class_2453
class_8921,class_2460
class_8922,class_2467
class_8923,class_2474
class_8924,class_2481
class_8925,class_2488
class_8926,class_2495
class_8927,class_2502
class_8928,class_2509
class_8929,class_2516
class_893,class_6264
class_8930,class_2523
class_8931,class_2530
class_8932,class_2537
class_8933,class_2544
class_8934,class_2551
class_8935,class_2558
class_8936,class_2565
class_8937,class_2572
class_8938,class_2579
class_8939,class_2586
class_894,class_6271
class_8940,class_2593
class_8941,class_2600
class_8942,class_2607
class_8943,class_2614
class_8944,class_2621
class_8945,class_2628
class_8946,class_2635
class_8947,class_2642
class_8948,class_2649
class_8949,class_2656
class_895,class_6278
class_8950,class_2663
class_8951,class_2670
class_8952,class_2677
class_8953,class_2684
class_8954,class_2691
class_8955,class_2698
class_8956,class_2705
class_8957,class_2712
class_8958,class_2719
class_8959,class_2726
class_896,class_6285
class_8960,class_2733
class_8961,class_2740
class_8962,class_2747
class_8963,class_2754
class_8964,class_2761
class_8965,class_2768
class_8966,class_2775
class_8967,class_2782
class_8968,class_2789
class_8969,class_2796
class_897,class_6292
class_8970,class_2803
class_8971,class_2810
class_8972,class_2817
class_8973,class_2824
class_8974,class_2831
class_8975,class_2838
class_8976,class_2845
class_8977,class_2852
class_8978,class_2859
class_8979,class_2866
class_898,class_6299
class_8980,class_2873
class_8981,class_2880
class_8982,class_2887
class_8983,class_2894
class_8984,class_2901
class_8985,class_2908
class_8986,class_2915
class_8987,class_2922
class_8988,class_2929
class_8989,class_2936
class_899,class_6306
class_8990,class_2943
class_8991,class_2950
class_8992,class_2957
class_8993,class_2964
class_8994,class_2971
class_8995,class_2978
class_8996,class_2985
class_8997,class_2992
class_8998,class_2999
class_8999,class_3006
class_9,class_76
class_90,class_643
class_900,class_6313
class_9000,class_3013
class_9001,class_3020
class_9002,class_3027
class_9003,class_3034
class_9004,class_3041
class_9005,class_3048
class_9006,class_3055
class_9007,class_3062
class_9008,class_3069
class_9009,class_3076
class_901,class_6320
class_9010,class_3083
class_9011,class_3090
class_9012,class_3097
class_9013,class_3104
class_9014,class_3111
class_9015,class_3118
class_9016,class_3125
class_9017,class_3132
class_9018,class_3139
class_9019,class_3146
class_902,class_6327
class_9020,class_3153
class_9021,class_3160
class_9022,class_3167
class_9023,class_3174
class_9024,class_3181
class_9025,class_3188
class_9026,class_3195
class_9027,class_3202
class_9028,class_3209
class_9029,class_3216
class_903,class_6334
class_9030,class_3223
class_9031,class_3230
class_9032,class_3237
class_9033,class_3244
class_9034,class_3251
class_9035,class_3258
class_9036,class_3265
class_9037,class_3272
class_9038,class_3279
class_9039,class_3286
class_904,class_6341
class_9040,class_3293
class_9041,class_3300
class_9042,class_3307
class_9043,class_3314
class_9044,class_3321
class_9045,class_3328
class_9046,class_3335
class_9047,class_3342
class_9048,class_3349
class_9049,class_3356
class_905,class_6348
class_9050,class_3363
class_9051,class_3370
class_9052,class_3377
class_9053,class_3384
class_9054,class_3391
class_9055,class_3398
class_9056,class_3405
class_9057,class_3412
class_9058,class_3419
class_9059,class_3426
class_906,class_6355
class_9060,class_3433
class_9061,class_3440
class_9062,class_3447
class_9063,class_3454
class_9064,class_3461
class_9065,class_3468
class_9066,class_3475
class_9067,class_3482
class_9068,class_3489
class_9069,class_3496
class_907,class_6362
class_9070,class_3503
class_9071,class_3510
class_9072,class_3517
class_9073,class_3524
class_9074,class_3531
class_9075,class_3538
class_9076,class_3545
class_9077,class_3552
class_9078,class_3559
class_9079,class_3566
class_908,class_6369
class_9080,class_3573
class_9081,class_3580
class_9082,class_3587
class_9083,class_3594
class_9084,class_3601
class_9085,class_3608
class_9086,class_3615
class_9087,class_3622
class_9088,class_3629
class_9089,class_3636
class_909,class_6376
class_9090,class_3643
class_9091,class_3650
class_9092,class_3657
class_9093,class_3664
class_9094,class_3671
class_9095,class_3678
class_9096,class_3685
class_9097,class_3692
class_9098,class_3699
class_9099,class_3706
class_91,class_650
class_910,class_6383
class_9100,class_3713
class_9101,class_3720
class_9102,class_3727
class_9103,class_3734
class_9104,class_3741
class_9105,class_3748
class_9106,class_3755
class_9107,class_3762
class_9108,class_3769
class_9109,class_3776
class_911,class_6390
class_9110,class_3783
class_9111,class_3790
class_9112,class_3797
class_9113,class_3804
class_9114,class_3811
class_9115,class_3818
class_9116,class_3825
class_9117,class_3832
class_9118,class_3839
class_9119,class_3846
class_912,class_6397
class_9120,class_3853
class_9121,class_3860
class_9122,class_3867
class_9123,class_3874
class_9124,class_3881
class_9125,class_3888
class_9126,class_3895
class_9127,class_3902
class_9128,class_3909
class_9129,class_3916
class_913,class_6404
class_9130,class_3923
class_9131,class_3930
class_9132,class_3937
class_9133,class_3944
class_9134,class_3951
class_9135,class_3958
class_9136,class_3965
class_9137,class_3972
class_9138,class_3979
class_9139,class_3986
class_914,class_6411
class_9140,class_3993
class_9141,class_4000
class_9142,class_4007
class_9143,class_4014
class_9144,class_4021
class_9145,class_4028
class_9146,class_4035
class_9147,class_4042
class_9148,class_4049
class_9149,class_4056
class_915,class_6418
class_9150,class_4063
class_9151,class_4070
class_9152,class_4077
class_9153,class_4084
class_9154,class_4091
class_9155,class_4098
class_9156,class_4105
class_9157,class_4112
class_9158,class_4119
class_9159,class_4126
class_916,class_6425
class_9160,class_4133
class_9161,class_4140
class_9162,class_4147
class_9163,class_4154
class_9164,class_4161
class_9165,class_4168
class_9166,class_4175
class_9167,class_4182
class_9168,class_4189
class_9169,class_4196
class_917,class_6432
class_9170,class_4203
class_9171,class_4210
class_9172,class_4217
class_9173,class_4224
class_9174,class_4231
class_9175,class_4238
class_9176,class_4245
class_9177,class_4252
class_9178,class_4259
class_9179,class_4266
class_918,class_6439
class_9180,class_4273
class_9181,class_4280
class_9182,class_4287
class_9183,class_4294
class_9184,class_4301
class_9185,class_4308
class_9186,class_4315
class_9187,class_4322
class_9188,class_4329
class_9189,class_4336
class_919,class_6446
class_9190,class_4343
class_9191,class_4350
class_9192,class_4357
class_9193,class_4364
class_9194,class_4371
class_9195,class_4378
class_9196,class_4385
class_9197,class_4392
class_9198,class_4399
class_9199,class_4406
class_92,class_657
class_920,class_6453
class_9200,class_4413
class_9201,class_4420
class_9202,class_4427
class_9203,class_4434
class_9204,class_4441
class_9205,class_4448
class_9206,class_4455
class_9207,class_4462
class_9208,class_4469
class_9209,class_4476
class_921,class_6460
class_9210,class_4483
class_9211,class_4490
class_9212,class_4497
class_9213,class_4504
class_9214,class_4511
class_9215,class_4518
class_9216,class_4525
class_9217,class_4532
class_9218,class_4539
class_9219,class_4546
class_922,class_6467
class_9220,class_4553
class_9221,class_4560
class_9222,class_4567
class_9223,class_4574
class_9224,class_4581
class_9225,class_4588
class_9226,class_4595
class_9227,class_4602
class_9228,class_4609
class_9229,class_4616
class_923,class_6474
class_9230,class_4623
class_9231,class_4630
class_9232,class_4637
class_9233,class_4644
class_9234,class_4651
class_9235,class_4658
class_9236,class_4665
class_9237,class_4672
class_9238,class_4679
class_9239,class_4686
class_924,class_6481
class_9240,class_4693
class_9241,class_4700
class_9242,class_4707
class_9243,class_4714
class_9244,class_4721
class_9245,class_4728
class_9246,class_4735
class_9247,class_4742
class_9248,class_4749
class_9249,class_4756
class_925,class_6488
class_9250,class_4763
class_9251,class_4770
class_9252,class_4777
class_9253,class_4784
class_9254,class_4791
class_9255,class_4798
class_9256,class_4805
class_9257,class_4812
class_9258,class_4819
class_9259,class_4826
class_926,class_6495
class_9260,class_4833
class_9261,class_4840
class_9262,class_4847
class_9263,class_4854
class_9264,class_4861
class_9265,class_4868
class_9266,class_4875
class_9267,class_4882
class_9268,class_4889
class_9269,class_4896
class_927,class_6502
class_9270,class_4903
class_9271,class_4910
class_9272,class_4917
class_9273,class_4924
class_9274,class_4931
class_9275,class_4938
class_9276,class_4945
class_9277,class_4952
class_9278,class_4959
class_9279,class_4966
class_928,class_6509
class_9280,class_4973
class_9281,class_4980
class_9282,class_4987
class_9283,class_4994
class_9284,class_5001
class_9285,class_5008
class_9286,class_5015
class_9287,class_5022
class_9288,class_5029
class_9289,class_5036
class_929,class_6516
class_9290,class_5043
class_9291,class_5050
class_9292,class_5057
class_9293,class_5064
class_9294,class_5071
class_9295,class_5078
class_9296,class_5085
class_9297,class_5092
class_9298,class_5099
class_9299,class_5106
class_93,class_664
class_930,class_6523
class_9300,class_5113
class_9301,class_5120
class_9302,class_5127
class_9303,class_5134
class_9304,class_5141
class_9305,class_5148
class_9306,class_5155
class_9307,class_5162
class_9308,class_5169
class_9309,class_5176
class_931,class_6530
class_9310,class_5183
class_9311,class_5190
class_9312,class_5197
class_9313,class_5204
class_9314,class_5211
class_9315,class_5218
class_9316,class_5225
class_9317,class_5232
class_9318,class_5239
class_9319,class_5246
class_932,class_6537
class_9320,class_5253
class_9321,class_5260
class_9322,class_5267
class_9323,class_5274
class_9324,class_5281
class_9325,class_5288
class_9326,class_5295
class_9327,class_5302
class_9328,class_5309
class_9329,class_5316
class_933,class_6544
class_9330,class_5323
class_9331,class_5330
class_9332,class_5337
class_9333,class_5344
class_9334,class_5351
class_9335,class_5358
class_9336,class_5365
class_9337,class_5372
class_9338,class_5379
class_9339,class_5386
class_934,class_6551
class_9340,class_5393
class_9341,class_5400
class_9342,class_5407
class_9343,class_5414
class_9344,class_5421
class_9345,class_5428
class_9346,class_5435
class_9347,class_5442
class_9348,class_5449
class_9349,class_5456
class_935,class_6558
class_9350,class_5463
class_9351,class_5470
class_9352,class_5477
class_9353,class_5484
class_9354,class_5491
class_9355,class_5498
class_9356,class_5505
class_9357,class_5512
class_9358,class_5519
class_9359,class_5526
class_936,class_6565
class_9360,class_5533
class_9361,class_5540
class_9362,class_5547
class_9363,class_5554
class_9364,class_5561
class_9365,class_5568
class_9366,class_5575
class_9367,class_5582
class_9368,class_5589
class_9369,class_5596
class_937,class_6572
class_9370,class_5603
class_9371,class_5610
class_9372,class_5617
class_9373,class_5624
class_9374,class_5631
class_9375,class_5638
class_9376,class_5645
class_9377,class_5652
class_9378,class_5659
class_9379,class_5666
class_938,class_6579
class_9380,class_5673
class_9381,class_5680
class_9382,class_5687
class_9383,class_5694
class_9384,class_5701
class_9385,class_5708
class_9386,class_5715
class_9387,class_5722
class_9388,class_5729
class_9389,class_5736
class_939,class_6586
class_9390,class_5743
class_9391,class_5750
class_9392,class_5757
class_9393,class_5764
class_9394,class_5771
class_9395,class_5778
class_9396,class_5785
class_9397,class_5792
class_9398,class_5799
class_9399,class_5806
class_94,class_671
class_940,class_6593
class_9400,class_5813
class_9401,class_5820
class_9402,class_5827
class_9403,class_5834
class_9404,class_5841
class_9405,class_5848
class_9406,class_5855
class_9407,class_5862
class_9408,class_5869
class_9409,class_5876
class_941,class_6600
class_9410,class_5883
class_9411,class_5890
class_9412,class_5897
class_9413,class_5904
class_9414,class_5911
class_9415,class_5918
class_9416,class_5925
class_9417,class_5932
class_9418,class_5939
class_9419,class_5946
class_942,class_6607
class_9420,class_5953
class_9421,class_5960
class_9422,class_5967
class_9423,class_5974
class_9424,class_5981
class_9425,class_5988
class_9426,class_5995
class_9427,class_6002
class_9428,class_6009
class_9429,class_6016
class_943,class_6614
class_9430,class_6023
class_9431,class_6030
class_9432,class_6037
class_9433,class_6044
class_9434,class_6051
class_9435,class_6058
class_9436,class_6065
class_9437,class_6072
class_9438,class_6079
class_9439,class_6086
class_944,class_6621
class_9440,class_6093
class_9441,class_6100
class_9442,class_6107
class_9443,class_6114
class_9444,class_6121
class_9445,class_6128
class_9446,class_6135
class_9447,class_6142
class_9448,class_6149
class_9449,class_6156
class_945,class_6628
class_9450,class_6163
class_9451,class_6170
class_9452,class_6177
class_9453,class_6184
class_9454,class_6191
class_9455,class_6198
class_9456,class_6205
class_9457,class_6212
class_9458,class_6219
class_9459,class_6226
class_946,class_6635
class_9460,class_6233
class_9461,class_6240
class_9462,class_6247
class_9463,class_6254
class_9464,class_6261
class_9465,class_6268
class_9466,class_6275
class_9467,class_6282
class_9468,class_6289
class_9469,class_6296
class_947,class_6642
class_9470,class_6303
class_9471,class_6310
class_9472,class_6317
class_9473,class_6324
class_9474,class_6331
class_9475,class_6338
class_9476,class_6345
class_9477,class_6352
class_9478,class_6359
class_9479,class_6366
class_948,class_6649
class_9480,class_6373
class_9481,class_6380
class_9482,class_6387
class_9483,class_6394
class_9484,class_6401
class_9485,class_6408
class_9486,class_6415
class_9487,class_6422
class_9488,class_6429
class_9489,class_6436
class_949,class_6656
class_9490,class_6443
class_9491,class_6450
class_9492,class_6457
class_9493,class_6464
class_9494,class_6471
class_9495,class_6478
class_9496,class_6485
class_9497,class_6492
class_9498,class_6499
class_9499,class_6506
class_95,class_678
class_950,class_6663
class_9500,class_6513
class_9501,class_6520
class_9502,class_6527
class_9503,class_6534
class_9504,class_6541
class_9505,class_6548
class_9506,class_6555
class_9507,class_6562
class_9508,class_6569
class_9509,class_6576
class_951,class_6670
class_9510,class_6583
class_9511,class_6590
class_9512,class_6597
class_9513,class_6604
class_9514,class_6611
class_9515,class_6618
class_9516,class_6625
class_9517,class_6632
class_9518,class_6639
class_9519,class_6646
class_952,class_6677
class_9520,class_6653
class_9521,class_6660
class_9522,class_6667
class_9523,class_6674
class_9524,class_6681
class_9525,class_6688
class_9526,class_6695
class_9527,class_6702
class_9528,class_6709
class_9529,class_6716
class_953,class_6684
class_9530,class_6723
class_9531,class_6730
class_9532,class_6737
class_9533,class_6744
class_9534,class_6751
class_9535,class_6758
class_9536,class_6765
class_9537,class_6772
class_9538,class_6779
class_9539,class_6786
class_954,class_6691
class_9540,class_6793
class_9541,class_6800
class_9542,class_6807
class_9543,class_6814
class_9544,class_6821
class_9545,class_6828
class_9546,class_6835
class_9547,class_6842
class_9548,class_6849
class_9549,class_6856
class_955,class_6698
class_9550,class_6863
class_9551,class_6870
class_9552,class_6877
class_9553,class_6884
class_9554,class_6891
class_9555,class_6898
class_9556,class_6905
class_9557,class_6912
class_9558,class_6919
class_9559,class_6926
class_956,class_6705
class_9560,class_6933
class_9561,class_6940
class_9562,class_6947
class_9563,class_6954
class_9564,class_6961
class_9565,class_6968
class_9566,class_6975
class_9567,class_6982
class_9568,class_6989
class_9569,class_6996
class_957,class_6712
class_9570,class_7003
class_9571,class_7010
class_9572,class_7017
class_9573,class_7024
class_9574,class_7031
class_9575,class_7038
class_9576,class_7045
class_9577,class_7052
class_9578,class_7059
class_9579,class_7066
class_958,class_6719
class_9580,class_7073
class_9581,class_7080
class_9582,class_7087
class_9583,class_7094
class_9584,class_7101
class_9585,class_7108
class_9586,class_7115
class_9587,class_7122
class_9588,class_7129
class_9589,class_7136
class_959,class_6726
class_9590,class_7143
class_9591,class_7150
class_9592,class_7157
class_9593,class_7164
class_9594,class_7171
class_9595,class_7178
class_9596,class_7185
class_9597,class_7192
class_9598,class_7199
class_9599,class_7206
class_96,class_685
class_960,class_6733
class_9600,class_7213
class_9601,class_7220
class_9602,class_7227
class_9603,class_7234
class_9604,class_7241
class_9605,class_7248
class_9606,class_7255
class_9607,class_7262
class_9608,class_7269
class_9609,class_7276
class_961,class_6740
class_9610,class_7283
class_9611,class_7290
class_9612,class_7297
class_9613,class_7304
class_9614,class_7311
class_9615,class_7318
class_9616,class_7325
class_9617,class_7332
class_9618,class_7339
class_9619,class_7346
class_962,class_6747
class_9620,class_7353
class_9621,class_7360
class_9622,class_7367
class_9623,class_7374
class_9624,class_7381
class_9625,class_7388
class_9626,class_7395
class_9627,class_7402
class_9628,class_7409
class_9629,class_7416
class_963,class_6754
class_9630,class_7423
class_9631,class_7430
class_9632,class_7437
class_9633,class_7444
class_9634,class_7451
class_9635,class_7458
class_9636,class_7465
class_9637,class_7472
class_9638,class_7479
class_9639,class_7486
class_964,class_6761
class_9640,class_7493
class_9641,class_7500
class_9642,class_7507
class_9643,class_7514
class_9644,class_7521
class_9645,class_7528
class_9646,class_7535
class_9647,class_7542
class_9648,class_7549
class_9649,class_7556
class_965,class_6768
class_9650,class_7563
class_9651,class_7570
class_9652,class_7577
class_9653,class_7584
class_9654,class_7591
class_9655,class_7598
class_9656,class_7605
class_9657,class_7612
class_9658,class_7619
class_9659,class_7626
class_966,class_6775
class_9660,class_7633
class_9661,class_7640
class_9662,class_7647
class_9663,class_7654
class_9664,class_7661
class_9665,class_7668
class_9666,class_7675
class_9667,class_7682
class_9668,class_7689
class_9669,class_7696
class_967,class_6782
class_9670,class_7703
class_9671,class_7710
class_9672,class_7717
class_9673,class_7724
class_9674,class_7731
class_9675,class_7738
class_9676,class_7745
class_9677,class_7752
class_9678,class_7759
class_9679,class_7766
class_968,class_6789
class_9680,class_7773
class_9681,class_7780
class_9682,class_7787
class_9683,class_7794
class_9684,class_7801
class_9685,class_7808
class_9686,class_7815
class_9687,class_7822
class_9688,class_7829
class_9689,class_7836
class_969,class_6796
class_9690,class_7843
class_9691,class_7850
class_9692,class_7857
class_9693,class_7864
class_9694,class_7871
class_9695,class_7878
class_9696,class_7885
class_9697,class_7892
class_9698,class_7899
class_9699,class_7906
class_97,class_692
class_970,class_6803
class_9700,class_7913
class_9701,class_7920
class_9702,class_7927
class_9703,class_7934
class_9704,class_7941
class_9705,class_7948
class_9706,class_7955
class_9707,class_7962
class_9708,class_7969
class_9709,class_7976
class_971,class_6810
class_9710,class_7983
class_9711,class_7990
class_9712,class_7997
class_9713,class_8004
class_9714,class_8011
class_9715,class_8018
class_9716,class_8025
class_9717,class_8032
class_9718,class_8039
class_9719,class_8046
class_972,class_6817
class_9720,class_8053
class_9721,class_8060
class_9722,class_8067
class_9723,class_8074
class_9724,class_8081
class_9725,class_8088
class_9726,class_8095
class_9727,class_8102
class_9728,class_8109
class_9729,class_8116
class_973,class_6824
class_9730,class_8123
class_9731,class_8130
class_9732,class_8137
class_9733,class_8144
class_9734,class_8151
class_9735,class_8158
class_9736,class_8165
class_9737,class_8172
class_9738,class_8179
class_9739,class_8186
class_974,class_6831
class_9740,class_8193
class_9741,class_8200
class_9742,class_8207
class_9743,class_8214
class_9744,class_8221
class_9745,class_8228
class_9746,class_8235
class_9747,class_8242
class_9748,class_8249
class_9749,class_8256
class_975,class_6838
class_9750,class_8263
class_9751,class_8270
class_9752,class_8277
class_9753,class_8284
class_9754,class_8291
class_9755,class_8298
class_9756,class_8305
class_9757,class_8312
class_9758,class_8319
class_9759,class_8326
class_976,class_6845
class_9760,class_8333
class_9761,class_8340
class_9762,class_8347
class_9763,class_8354
class_9764,class_8361
class_9765,class_8368
class_9766,class_8375
class_9767,class_8382
class_9768,class_8389
class_9769,class_8396
class_977,class_6852
class_9770,class_8403
class_9771,class_8410
class_9772,class_8417
class_9773,class_8424
class_9774,class_8431
class_9775,class_8438
class_9776,class_8445
class_9777,class_8452
class_9778,class_8459
class_9779,class_8466
class_978,class_6859
class_9780,class_8473
class_9781,class_8480
class_9782,class_8487
class_9783,class_8494
class_9784,class_8501
class_9785,class_8508
class_9786,class_8515
class_9787,class_8522
class_9788,class_8529
class_9789,class_8536
class_979,class_6866
class_9790,class_8543
class_9791,class_8550
class_9792,class_8557
class_9793,class_8564
class_9794,class_8571
class_9795,class_8578
class_9796,class_8585
class_9797,class_8592
class_9798,class_8599
class_9799,class_8606
class_98,class_699
class_980,class_6873
class_9800,class_8613
class_9801,class_8620
class_9802,class_8627
class_9803,class_8634
class_9804,class_8641
class_9805,class_8648
class_9806,class_8655
class_9807,class_8662
class_9808,class_8669
class_9809,class_8676
class_981,class_6880
class_9810,class_8683
class_9811,class_8690
class_9812,class_8697
class_9813,class_8704
class_9814,class_8711
class_9815,class_8718
class_9816,class_8725
class_9817,class_8732
class_9818,class_8739
class_9819,class_8746
class_982,class_6887
class_9820,class_8753
class_9821,class_8760
class_9822,class_8767
class_9823,class_8774
class_9824,class_8781
class_9825,class_8788
class_9826,class_8795
class_9827,class_8802
class_9828,class_8809
class_9829,class_8816
class_983,class_6894
class_9830,class_8823
class_9831,class_8830
class_9832,class_8837
class_9833,class_8844
class_9834,class_8851
class_9835,class_8858
class_9836,class_8865
class_9837,class_8872
class_9838,class_8879
class_9839,class_8886
class_984,class_6901
class_9840,class_8893
class_9841,class_8900
class_9842,class_8907
class_9843,class_8914
class_9844,class_8921
class_9845,class_8928
class_9846,class_8935
class_9847,class_8942
class_9848,class_8949
class_9849,class_8956
class_985,class_6908
class_9850,class_8963
class_9851,class_8970
class_9852,class_8977
class_9853,class_8984
class_9854,class_8991
class_9855,class_8998
class_9856,class_9005
class_9857,class_9012
class_9858,class_9019
class_9859,class_9026
class_986,class_6915
class_9860,class_9033
class_9861,class_9040
class_9862,class_9047
class_9863,class_9054
class_9864,class_9061
class_9865,class_9068
class_9866,class_9075
class_9867,class_9082
class_9868,class_9089
class_9869,class_9096
class_987,class_6922
class_9870,class_9103
class_9871,class_9110
class_9872,class_9117
class_9873,class_9124
class_9874,class_9131
class_9875,class_9138
class_9876,class_9145
class_9877,class_9152
class_9878,class_9159
class_9879,class_9166
class_988,class_6929
class_9880,class_9173
class_9881,class_9180
class_9882,class_9187
class_9883,class_9194
class_9884,class_9201
class_9885,class_9208
class_9886,class_9215
class_9887,class_9222
class_9888,class_9229
class_9889,class_9236
class_989,class_6936
class_9890,class_9243
class_9891,class_9250
class_9892,class_9257
class_9893,class_9264
class_9894,class_9271
class_9895,class_9278
class_9896,class_9285
class_9897,class_9292
class_9898,class_9299
class_9899,class_9306
class_99,class_706
class_990,class_6943
class_9900,class_9313
class_9901,class_9320
class_9902,class_9327
class_9903,class_9334
class_9904,class_9341
class_9905,class_9348
class_9906,class_9355
class_9907,class_9362
class_9908,class_9369
class_9909,class_9376
class_991,class_6950
class_9910,class_9383
class_9911,class_9390
class_9912,class_9397
class_9913,class_9404
class_9914,class_9411
class_9915,class_9418
class_9916,class_9425
class_9917,class_9432
class_9918,class_9439
class_9919,class_9446
class_992,class_6957
class_9920,class_9453
class_9921,class_9460
class_9922,class_9467
class_9923,class_9474
class_9924,class_9481
class_9925,class_9488
class_9926,class_9495
class_9927,class_9502
class_9928,class_9509
class_9929,class_9516
class_993,class_6964
class_9930,class_9523
class_9931,class_9530
class_9932,class_9537
class_9933,class_9544
class_9934,class_9551
class_9935,class_9558
class_9936,class_9565
class_9937,class_9572
class_9938,class_9579
class_9939,class_9586
class_994,class_6971
class_9940,class_9593
class_9941,class_9600
class_9942,class_9607
class_9943,class_9614
class_9944,class_9621
class_9945,class_9628
class_9946,class_9635
class_9947,class_9642
class_9948,class_9649
class_9949,class_9656
class_995,class_6978
class_9950,class_9663
class_9951,class_9670
class_9952,class_9677
class_9953,class_9684
class_9954,class_9691
class_9955,class_9698
class_9956,class_9705
class_9957,class_9712
class_9958,class_9719
class_9959,class_9726
class_996,class_6985
class_9960,class_9733
class_9961,class_9740
class_9962,class_9747
class_9963,class_9754
class_9964,class_9761
class_9965,class_9768
class_9966,class_9775
class_9967,class_9782
class_9968,class_9789
class_9969,class_9796
class_997,class_6992
class_9970,class_9803
class_9971,class_9810
class_9972,class_9817
class_9973,class_9824
class_9974,class_9831
class_9975,class_9838
class_9976,class_9845
class_9977,class_9852
class_9978,class_9859
class_9979,class_9866
class_998,class_6999
class_9980,class_9873
class_9981,class_9880
class_9982,class_9887
class_9983,class_9894
class_9984,class_9901
class_9985,class_9908
class_9986,class_9915
class_9987,class_9922
class_9988,class_9929
class_9989,class_9936
class_999,class_7006
class_9990,class_9943
class_9991,class_9950
class_9992,class_9957
class_9993,class_9964
class_9994,class_9971
class_9995,class_9978
class_9996,class_9985
class_9997,class_9992
class_9998,class_9999
class_9999,class_10006
